/*
SQLyog Ultimate v9.63 
MySQL - 5.6.16 : Database - horses
*********************************************************************
*/

/*!40101 SET NAMES utf8 */;

/*!40101 SET SQL_MODE=''*/;

/*!40014 SET @OLD_UNIQUE_CHECKS=@@UNIQUE_CHECKS, UNIQUE_CHECKS=0 */;
/*!40014 SET @OLD_FOREIGN_KEY_CHECKS=@@FOREIGN_KEY_CHECKS, FOREIGN_KEY_CHECKS=0 */;
/*!40101 SET @OLD_SQL_MODE=@@SQL_MODE, SQL_MODE='NO_AUTO_VALUE_ON_ZERO' */;
/*!40111 SET @OLD_SQL_NOTES=@@SQL_NOTES, SQL_NOTES=0 */;
/*Table structure for table `categories` */

DROP TABLE IF EXISTS `categories`;

CREATE TABLE `categories` (
  `id` int(11) NOT NULL AUTO_INCREMENT,
  `description` varchar(200) NOT NULL,
  `type` enum('selection','wselection') NOT NULL DEFAULT 'selection',
  `status` enum('inactive','active','in_progress','final','deleted') NOT NULL DEFAULT 'inactive',
  `actual_stage` enum('assistance','selection','classify_1','classify_2') DEFAULT NULL,
  `num_begin` int(11) NOT NULL DEFAULT '1',
  `order` smallint(6) DEFAULT '1',
  `count_competitors` int(11) NOT NULL DEFAULT '0',
  `tournament_id` int(11) NOT NULL,
  PRIMARY KEY (`id`),
  KEY `fk_categories_tournament1_idx` (`tournament_id`),
  CONSTRAINT `fk_categories_tournament1` FOREIGN KEY (`tournament_id`) REFERENCES `tournaments` (`id`) ON DELETE CASCADE ON UPDATE NO ACTION
) ENGINE=InnoDB AUTO_INCREMENT=65 DEFAULT CHARSET=utf8;

/*Data for the table `categories` */

insert  into `categories`(`id`,`description`,`type`,`status`,`actual_stage`,`num_begin`,`order`,`count_competitors`,`tournament_id`) values (1,'MULARES','selection','final','classify_2',1,1,3,1),(2,'CATEGORIA DE POTRANCAS AL CABESTRO DE 1 A 1 1/2 AÑOS','selection','deleted','assistance',1,1,8,1),(3,'CATEGORIA DE POTRANCAS AL CABESTRO DE 1 1/2 A 2 AÑOS','selection','final','classify_2',1,4,10,1),(4,'CATEGORIA DE POTRANCAS AL CABESTRO DE 2 A 2 1/2 AÑOS','selection','deleted',NULL,1,1,7,1),(5,'CATEGORIA DE POTRANCAS AL CABESTRO DE 2 1/2 A 3 AÑOS','selection','final','classify_2',1,6,6,1),(6,'PREMIO A LA MEJOR POTRANCA PRESENTADA AL CABESTRO','selection','final','classify_2',1,7,4,1),(7,'CATEGORIA DE POTRANCAS DE BOZAL DE 3 A 4 AÑOS','selection','final','classify_2',1,8,16,1),(8,'CAMPEONA DE BOZAL HEMBRA','selection','inactive',NULL,1,9,0,1),(9,'CATEGORIA DE YEGUAS DE FRENO Y ESPUELAS DE 4 A 6 AÑOS - GRUPO 1','selection','final','classify_2',1,10,13,1),(10,'CATEGORIA DE YEGUAS DE FRENO Y ESPUELAS DE 4 A 6 AÑOS - GRUPO 2','selection','final','classify_2',1,11,13,1),(11,'CATEGORIA DE YEGUAS DE FRENO Y ESPUELAS DE 6 A 8 AÑOS','selection','final','classify_2',1,12,16,1),(12,'CATEGORIA DE YEGUAS DE FRENO Y ESPUELAS DE MAS DE 8 AÑOS','selection','final','classify_2',1,13,17,1),(13,'PREMIO PISOS PARA YEGUAS','selection','final','classify_2',1,14,9,1),(14,'PREMIO MADRE E HIJA','selection','inactive',NULL,1,15,0,1),(15,'PREMIO PROGENIE DE MADRE','selection','final','classify_2',1,16,3,1),(16,'PREMIO CONJUNTO DE YEGUAS','selection','final','classify_2',1,17,3,1),(17,'PREMIO MERITO ZOOTECNICO HEMBRA','selection','final','classify_2',1,18,9,1),(18,'CATEGORIA DE CAPONES DE BOZAL DE 3 A 4 AÑOS','selection','deleted','assistance',1,19,2,1),(19,'CAMPEON DE BOZAL CAPON','selection','inactive',NULL,1,20,0,1),(20,'CATEGORIA DE CAPONES DE FRENO Y ESPUELAS DE 4 A 6 AÑOS','selection','final','classify_2',1,21,18,1),(21,'CATEGORIA DE CAPONES DE FRENO Y ESPUELAS DE 6 A 8 AÑOS','selection','final','classify_2',1,22,9,1),(22,'CATEGORIA DE CAPONES DE FRENO Y ESPUELAS DE 8 A 12 AÑOS','selection','final','classify_2',1,23,8,1),(23,'CATEGORIA DE CAPONES DE FRENO Y ESPUELAS DE MAS DE 12 AÑOS','selection','final','classify_2',1,24,2,1),(24,'PREMIO PISOS PARA CAPONES','selection','deleted','selection',1,25,9,1),(25,'PREMIO CONJUNTO DE CAPONES','selection','inactive',NULL,1,26,2,1),(26,'CATEGORIA DE POTRILLOS AL CABESTRO DE 1 A 2 AÑOS','selection','final','classify_2',1,27,13,1),(27,'CATEGORIA DE POTRILLOS AL CABESTRO DE 2 A 3 AÑOS','selection','final','classify_2',1,28,9,1),(28,'PREMIO AL MEJOR POTRILLO PRESENTADO AL CABESTRO','selection','final','classify_2',1,29,2,1),(29,'CATEGORIA DE POTRILLOS DE BOZAL DE 3 A 4 AÑOS','selection','final','classify_2',1,30,10,1),(30,'CAMPEON DE BOZAL MACHO','selection','inactive',NULL,1,31,0,1),(31,'CATEGORIA DE POTROS DE FRENO Y ESPUELAS DE 4 A 6 AÑOS','selection','final','classify_2',1,32,11,1),(32,'CATEGORIA DE POTROS DE FRENO Y ESPUELAS DE 6 A 8 AÑOS','selection','final','classify_2',1,33,7,1),(33,'CATEGORIA DE POTROS DE FRENO Y ESPUELAS DE MAS DE 8 AÑOS','selection','final','classify_2',1,34,9,1),(34,'PREMIO PROGENIE DE PADRE','selection','final','classify_2',1,35,2,1),(35,'PREMIO PISOS PARA POTROS','selection','final','classify_2',1,36,6,1),(36,'PREMIO CONJUNTO DE POTROS','selection','inactive',NULL,1,37,0,1),(37,'PREMIO MERITO ZOOTECNICO MACHO','selection','final','classify_2',1,38,6,1),(38,'PRUEBA DE MENORES DE 6 A 9 AÑOS (NIÑOS Y NIÑAS)','selection','deleted','classify_2',1,39,1,1),(39,'PRUEBA DE MENORES DE 10 A 12 AÑOS (NIÑOS Y NIÑAS)','selection','deleted','assistance',1,40,2,1),(40,'PRUEBA DE ENFRENADURA','selection','inactive',NULL,1,43,0,1),(41,'CAMPEON Y RESERVA DE CAMPEON DEL AÑO CAPON','selection','final','classify_2',1,44,8,1),(42,'CAMPEONA Y RESERVA DE CAMPEONA DEL AÑO HEMBRA','selection','deleted','classify_2',1,43,8,1),(43,'CAMPEON Y RESERVA DE CAMPEON DEL AÑO MACHO','selection','final','classify_2',1,46,6,1),(44,'PREMIO AFICION','selection','final','classify_2',1,47,1,1),(45,'CAMPEON DE CAMPEONES CAPON','selection','final','classify_2',1,48,3,1),(46,'CAMPEONA DE CAMPEONAS HEMBRA','selection','final','classify_2',1,49,2,1),(47,'CAMPEON DE CAMPEONES MACHO','selection','final','classify_2',1,50,3,1),(48,'BURROS','wselection','deleted',NULL,1,1,1,1),(49,'POTROS MULETEROS','selection','final','classify_2',1,2,1,1),(50,'CATEGORIA DE POTRANCAS AL CABESTRO DE 1 A 1 1/2 AÑOS','selection','deleted','selection',1,1,8,1),(51,'CATEGORIA DE POTRANCAS AL CABESTRO DE 2 A 2 1/2 AÑOS','selection','final','classify_2',1,5,7,1),(52,'CATEGORIA DE POTRANCAS AL CABESTRO DE 1 A 1 1/2 AÑOS','selection','final','classify_2',1,3,8,1),(53,'CATEGORIA DE CAPONES DE BOZAL DE 3 A 4 AÑOS','selection','final','classify_2',1,19,2,1),(54,'PREMIO PISOS PARA CAPONES','selection','deleted','classify_1',1,25,9,1),(55,'PREMIO PISOS PARA CAPONES','selection','final','classify_2',1,25,9,1),(56,'CAMPEONA Y RESERVA DE CAMPEONA DEL AÑO HEMBRA','selection','deleted','assistance',1,1,8,1),(57,'PRUEBA DE MENORES DE 6 A 9 AÑOS (NIÑOS)','selection','inactive',NULL,1,39,0,1),(58,'PRUEBA DE MENORES DE 6 A 9 AÑOS (NIÑAS)','selection','final','classify_2',1,40,1,1),(59,'PRUEBA DE MENORES DE 10 A 12 AÑOS (NIÑOS)','selection','final','classify_2',1,41,1,1),(60,'PRUEBA DE MENORES DE 10 A 12 AÑOS (NIÑAS)','selection','final','classify_2',1,42,1,1),(61,'CAMPEONA Y RESERVA DE CAMPEONA DEL AÑO HEMBRA','selection','deleted','classify_2',1,45,8,1),(62,'CONJUNTO DE MULARES','selection','inactive',NULL,1,1,0,1),(63,'CAMPEONA Y RESERVA DE CAMPEONA DEL AÑO HEMBRA','selection','deleted','assistance',1,45,8,1),(64,'CAMPEONA Y RESERVA DE CAMPEONA DEL AÑO HEMBRA','selection','final','classify_2',1,45,8,1);

/*Table structure for table `category_users` */

DROP TABLE IF EXISTS `category_users`;

CREATE TABLE `category_users` (
  `id` bigint(20) NOT NULL AUTO_INCREMENT,
  `dirimente` tinyint(1) NOT NULL DEFAULT '0',
  `actual_stage` enum('assistance','selection','classify_1','classify_2') DEFAULT NULL,
  `user_id` int(11) NOT NULL,
  `category_id` int(11) NOT NULL,
  PRIMARY KEY (`id`),
  KEY `fk_categoria_jurado_user1_idx` (`user_id`),
  KEY `fk_category_users_categories1_idx` (`category_id`),
  CONSTRAINT `fk_categoria_jurado_user1` FOREIGN KEY (`user_id`) REFERENCES `users` (`id`) ON DELETE CASCADE ON UPDATE NO ACTION,
  CONSTRAINT `fk_category_users_categories1` FOREIGN KEY (`category_id`) REFERENCES `categories` (`id`) ON DELETE CASCADE ON UPDATE NO ACTION
) ENGINE=InnoDB AUTO_INCREMENT=238 DEFAULT CHARSET=utf8;

/*Data for the table `category_users` */

insert  into `category_users`(`id`,`dirimente`,`actual_stage`,`user_id`,`category_id`) values (7,0,NULL,3,48),(8,0,NULL,4,48),(9,1,NULL,5,48),(10,0,'classify_2',3,1),(11,1,'classify_2',4,1),(12,0,'classify_2',5,1),(13,0,'classify_2',3,49),(14,0,'classify_2',4,49),(15,1,'classify_2',5,49),(16,1,'assistance',3,2),(17,0,'assistance',4,2),(18,0,'assistance',5,2),(19,0,'classify_1',3,50),(20,0,'selection',4,50),(21,1,'selection',5,50),(22,0,NULL,3,4),(23,1,NULL,4,4),(24,0,NULL,5,4),(28,0,'classify_2',3,3),(29,1,'classify_2',4,3),(30,0,'classify_2',5,3),(31,0,'classify_2',3,51),(32,1,'classify_2',4,51),(33,0,'classify_2',5,51),(34,0,'classify_2',3,5),(35,0,'classify_2',4,5),(36,1,'classify_2',5,5),(40,0,'classify_2',3,6),(41,1,'classify_2',4,6),(42,0,'classify_2',5,6),(46,1,'classify_2',3,7),(47,0,'classify_2',4,7),(48,0,'classify_2',5,7),(55,0,'classify_2',3,9),(56,0,'classify_2',4,9),(57,1,'classify_2',5,9),(58,0,'classify_2',3,10),(59,1,'classify_2',4,10),(60,0,'classify_2',5,10),(61,1,'classify_2',3,11),(62,0,'classify_2',4,11),(63,0,'classify_2',5,11),(64,0,'classify_2',3,12),(65,0,'classify_2',4,12),(66,1,'classify_2',5,12),(70,0,'classify_2',3,13),(71,1,'classify_2',4,13),(72,0,'classify_2',5,13),(73,1,'classify_2',3,15),(74,0,'classify_2',4,15),(75,0,'classify_2',5,15),(82,0,'classify_2',3,16),(83,0,'classify_2',4,16),(84,1,'classify_2',5,16),(91,0,'classify_2',3,17),(92,1,'classify_2',4,17),(93,0,'classify_2',5,17),(94,0,'classify_2',3,52),(95,0,'classify_2',4,52),(96,1,'classify_2',5,52),(97,1,'assistance',3,18),(98,0,'selection',4,18),(99,0,'selection',5,18),(100,0,'classify_2',3,53),(101,1,'classify_2',4,53),(102,0,'classify_2',5,53),(103,1,'classify_2',3,20),(104,0,'classify_2',4,20),(105,0,'classify_2',5,20),(106,0,'classify_2',3,21),(107,0,'classify_2',4,21),(108,1,'classify_2',5,21),(109,0,'classify_2',3,22),(110,1,'classify_2',4,22),(111,0,'classify_2',5,22),(112,1,'classify_2',3,23),(113,0,'classify_2',4,23),(114,0,'classify_2',5,23),(115,0,'selection',3,24),(116,0,'selection',4,24),(117,1,'classify_1',5,24),(118,0,'classify_1',3,54),(119,0,'classify_1',4,54),(120,1,'classify_1',5,54),(121,0,NULL,3,25),(122,1,NULL,4,25),(123,0,NULL,5,25),(130,0,'classify_2',3,26),(131,1,'classify_2',4,26),(132,0,'classify_2',5,26),(133,1,'classify_2',3,27),(134,0,'classify_2',4,27),(135,0,'classify_2',5,27),(136,0,'classify_2',3,28),(137,0,'classify_2',4,28),(138,1,'classify_2',5,28),(139,0,'classify_2',3,29),(140,1,'classify_2',4,29),(141,0,'classify_2',5,29),(142,1,'classify_2',3,31),(143,0,'classify_2',4,31),(144,0,'classify_2',5,31),(145,0,'classify_2',3,32),(146,0,'classify_2',4,32),(147,1,'classify_2',5,32),(148,0,'classify_2',3,33),(149,1,'classify_2',4,33),(150,0,'classify_2',5,33),(151,1,'classify_2',3,34),(152,0,'classify_2',4,34),(153,0,'classify_2',5,34),(154,0,'classify_2',3,35),(155,0,'classify_2',4,35),(156,1,'classify_2',5,35),(157,0,'classify_2',3,37),(158,1,'classify_2',4,37),(159,0,'classify_2',5,37),(163,1,'classify_2',3,38),(164,0,'classify_2',4,38),(165,0,'classify_2',5,38),(175,0,'assistance',3,39),(176,1,'selection',4,39),(177,0,'selection',5,39),(184,0,'classify_2',3,41),(185,1,'classify_2',4,41),(186,0,'classify_2',5,41),(187,1,'classify_2',3,42),(188,0,'classify_2',4,42),(189,0,'classify_2',5,42),(190,0,'classify_2',3,43),(191,0,'classify_2',4,43),(192,1,'classify_2',5,43),(199,1,'assistance',3,56),(200,0,'assistance',4,56),(201,0,'assistance',5,56),(202,0,'classify_2',3,44),(203,1,'classify_2',4,44),(204,0,'classify_2',5,44),(208,1,'classify_2',3,45),(209,0,'classify_2',4,45),(210,0,'classify_2',5,45),(211,0,'classify_2',3,46),(212,0,'classify_2',4,46),(213,1,'classify_2',5,46),(214,0,'classify_2',3,47),(215,1,'classify_2',4,47),(216,0,'classify_2',5,47),(217,0,'classify_2',3,60),(218,0,'classify_2',4,60),(219,1,'classify_2',5,60),(220,1,'classify_2',3,59),(221,0,'classify_2',4,59),(222,0,'classify_2',5,59),(223,0,'classify_2',3,58),(224,1,'classify_2',4,58),(225,0,'classify_2',5,58),(226,0,'classify_2',3,55),(227,0,'classify_2',4,55),(228,1,'classify_2',5,55),(229,1,'classify_2',3,61),(230,0,'classify_2',4,61),(231,0,'classify_2',5,61),(232,1,'assistance',3,63),(233,0,'assistance',4,63),(234,0,'assistance',5,63),(235,1,'classify_2',3,64),(236,0,'classify_2',4,64),(237,0,'classify_2',5,64);

/*Table structure for table `competitors` */

DROP TABLE IF EXISTS `competitors`;

CREATE TABLE `competitors` (
  `id` int(11) NOT NULL AUTO_INCREMENT,
  `number` tinyint(3) unsigned NOT NULL,
  `position` tinyint(3) unsigned DEFAULT NULL,
  `points` smallint(5) unsigned DEFAULT NULL,
  `catalog` varchar(45) DEFAULT NULL,
  `category_id` int(11) NOT NULL,
  PRIMARY KEY (`id`),
  KEY `fk_competitor_categories1_idx` (`category_id`),
  CONSTRAINT `fk_competitor_categories1` FOREIGN KEY (`category_id`) REFERENCES `categories` (`id`) ON DELETE CASCADE ON UPDATE NO ACTION
) ENGINE=InnoDB AUTO_INCREMENT=344 DEFAULT CHARSET=utf8;

/*Data for the table `competitors` */

insert  into `competitors`(`id`,`number`,`position`,`points`,`catalog`,`category_id`) values (1,1,3,9,'210',1),(2,2,1,3,'211',1),(3,3,2,6,'212',1),(4,1,1,3,NULL,49),(5,1,NULL,NULL,NULL,49),(6,1,NULL,NULL,NULL,2),(7,2,NULL,NULL,NULL,2),(8,3,NULL,NULL,NULL,2),(9,4,NULL,NULL,NULL,2),(10,5,NULL,NULL,NULL,2),(11,6,NULL,NULL,NULL,2),(12,7,NULL,NULL,NULL,2),(13,8,NULL,NULL,NULL,2),(14,1,0,NULL,NULL,50),(15,2,0,NULL,NULL,50),(16,3,0,NULL,NULL,50),(17,4,0,NULL,NULL,50),(18,5,0,NULL,NULL,50),(19,6,0,NULL,NULL,50),(20,7,0,NULL,NULL,50),(21,8,0,NULL,NULL,50),(22,1,9,26,'9',3),(23,2,7,23,'10',3),(24,3,8,24,'11',3),(25,4,10,27,'12',3),(26,5,6,16,'13',3),(27,6,4,13,'14',3),(28,7,2,7,'15',3),(29,8,1,3,'16',3),(30,9,3,9,'17',3),(31,10,5,15,'18',3),(32,1,7,19,'19',51),(33,2,1,3,'20',51),(34,3,3,8,'21',51),(35,4,5,15,'22',51),(36,5,4,12,'23',51),(37,6,6,18,'24',51),(38,7,2,7,'25',51),(39,1,5,15,'26',5),(40,2,6,17,'27',5),(41,3,4,13,'28',5),(42,4,1,4,'29',5),(43,5,2,7,'30',5),(44,6,3,7,'31',5),(45,1,4,11,NULL,6),(46,2,2,6,NULL,6),(47,3,1,3,NULL,6),(48,4,3,10,NULL,6),(49,1,NULL,NULL,'32',7),(50,2,9,26,'33',7),(51,3,10,29,'34',7),(52,4,4,11,'35',7),(53,5,5,14,'36',7),(54,6,3,9,'37',7),(55,7,NULL,NULL,'38',7),(56,8,NULL,NULL,'39',7),(57,9,1,4,'40',7),(58,10,6,17,'41',7),(59,11,8,22,'42',7),(60,12,NULL,NULL,'43',7),(61,13,11,33,'44',7),(62,14,2,8,'45',7),(63,15,NULL,NULL,'46',7),(64,16,7,21,'47',7),(65,1,7,18,'48',9),(66,2,4,14,'49',9),(67,3,3,7,'50',9),(68,4,9,25,'51',9),(69,5,NULL,NULL,'52',9),(70,6,10,28,'53',9),(71,7,2,7,'54',9),(72,8,6,17,'55',9),(73,9,5,14,'56',9),(74,10,1,4,'57',9),(75,11,NULL,NULL,'58',9),(76,12,NULL,NULL,'59',9),(77,13,8,19,'60',9),(78,1,2,6,'61',10),(79,2,NULL,NULL,'62',10),(80,3,4,12,'63',10),(81,4,7,23,'64',10),(82,5,5,14,'65',10),(83,6,6,18,'66',10),(84,7,9,26,'67',10),(85,8,NULL,NULL,'68',10),(86,9,NULL,NULL,'69',10),(87,10,10,27,'70',10),(88,11,1,3,'71',10),(89,12,3,10,'72',10),(90,13,8,25,'73',10),(91,1,10,26,'74',11),(92,2,NULL,NULL,'75',11),(93,3,NULL,NULL,'76',11),(94,4,11,27,'77',11),(95,5,2,6,'78',11),(96,7,5,15,'80',11),(97,8,7,22,'81',11),(98,9,1,3,'82',11),(99,11,3,10,'84',11),(100,12,9,24,'85',11),(101,13,NULL,NULL,'86',11),(102,14,4,13,'87',11),(103,15,8,22,'88',11),(104,16,6,16,'89',11),(105,1,3,10,'90',12),(106,2,4,11,'91',12),(107,3,NULL,NULL,'92',12),(108,4,1,3,'93',12),(109,5,8,22,'94',12),(110,6,NULL,NULL,'95',12),(111,7,5,14,'96',12),(112,8,NULL,NULL,'97',12),(113,10,6,17,'99',12),(114,11,7,21,'100',12),(115,12,9,26,'101',12),(116,13,NULL,NULL,'102',12),(117,14,2,8,'103',12),(118,15,NULL,NULL,'104',12),(119,16,NULL,NULL,'105',12),(120,17,NULL,NULL,'106',12),(121,1,1,7,'57',13),(122,2,2,8,'54',13),(123,3,5,11,'71',13),(124,4,NULL,NULL,'61',13),(125,5,3,9,'82',13),(126,6,NULL,NULL,'78',13),(127,7,4,10,'93',13),(128,8,NULL,NULL,'103',13),(129,9,NULL,NULL,'90',13),(130,1,1,3,'40,78',15),(131,2,2,7,'50,205',15),(132,3,3,8,'204,47',15),(133,1,2,6,'50,61,205',16),(134,2,1,3,'46,47,54,56,81',16),(135,3,3,9,'51,90,101',16),(136,1,1,7,'57',17),(137,2,NULL,NULL,'54',17),(138,3,3,9,'71',17),(139,4,2,7,'61',17),(140,5,4,11,'82',17),(141,6,NULL,NULL,'78',17),(142,7,5,11,'93',17),(143,8,NULL,NULL,'103',17),(144,9,NULL,NULL,'56',17),(145,1,6,17,'1',52),(146,2,3,9,'2',52),(147,3,5,16,'3',52),(148,4,7,19,'4',52),(149,5,4,11,'5',52),(150,6,2,7,'6',52),(151,7,1,3,'7',52),(152,8,8,24,'8',52),(153,1,NULL,NULL,NULL,18),(154,2,NULL,NULL,NULL,18),(155,1,1,3,'166',53),(156,2,2,6,'214',53),(157,1,NULL,NULL,NULL,53),(158,2,NULL,NULL,NULL,53),(159,2,2,7,'168',20),(160,3,NULL,NULL,'169',20),(161,4,1,3,'170',20),(162,5,3,10,'171',20),(163,6,NULL,NULL,'172',20),(164,7,4,13,'173',20),(165,8,NULL,NULL,'174',20),(166,9,6,16,'175',20),(167,10,NULL,NULL,'176',20),(168,11,NULL,NULL,'177',20),(169,12,7,18,'178',20),(170,13,8,21,'179',20),(171,14,NULL,NULL,'180',20),(172,15,9,21,'181',20),(173,16,NULL,NULL,'182',20),(174,17,5,14,'183',20),(175,1,5,15,'185',21),(176,2,NULL,NULL,'186',21),(177,3,2,7,'187',21),(178,4,NULL,NULL,'188',21),(179,5,6,16,'189',21),(180,6,3,8,'190',21),(181,7,7,20,'191',21),(182,8,4,14,'192',21),(183,9,1,3,'193',21),(184,1,NULL,NULL,'194',22),(185,2,6,18,'196(CL)',22),(186,3,1,3,'197',22),(187,4,3,9,'198',22),(188,5,2,8,'199',22),(189,6,4,10,'200',22),(190,8,5,15,'213',22),(191,1,2,6,'202',23),(192,2,1,3,'203',23),(193,1,NULL,NULL,NULL,23),(194,2,NULL,NULL,NULL,23),(195,1,NULL,NULL,NULL,23),(196,2,NULL,NULL,NULL,23),(197,1,0,NULL,NULL,24),(198,2,0,NULL,NULL,24),(199,3,0,NULL,NULL,24),(200,4,0,NULL,NULL,24),(201,5,0,NULL,NULL,24),(202,6,0,NULL,NULL,24),(203,7,0,NULL,NULL,24),(204,9,0,NULL,NULL,24),(205,1,1,3,NULL,54),(206,2,NULL,NULL,NULL,54),(207,3,2,8,NULL,54),(208,4,5,13,NULL,54),(209,5,6,15,NULL,54),(210,6,NULL,NULL,NULL,54),(211,7,4,12,NULL,54),(212,9,3,12,NULL,54),(213,1,NULL,NULL,'107',26),(214,2,NULL,NULL,'108',26),(215,3,3,12,'109',26),(216,4,6,13,'110',26),(217,5,NULL,NULL,'111',26),(218,6,5,12,'112',26),(219,7,NULL,NULL,'113',26),(220,8,NULL,NULL,'114',26),(221,9,1,5,'115',26),(222,10,7,18,'116',26),(223,12,2,9,'118',26),(224,13,4,12,'119',26),(225,1,5,14,'120',27),(226,2,NULL,NULL,'121',27),(227,3,3,10,'122',27),(228,4,4,13,'123',27),(229,5,2,5,'124',27),(230,6,7,19,'125',27),(231,7,1,4,'126',27),(232,9,6,17,'128',27),(233,1,2,5,'115',28),(234,2,1,4,'126',28),(235,1,5,16,'129',29),(236,2,3,9,'130',29),(237,3,1,3,'131',29),(238,4,4,11,'132',29),(239,5,NULL,NULL,'133',29),(240,6,NULL,NULL,'134',29),(241,7,NULL,NULL,'135',29),(242,8,NULL,NULL,'136',29),(243,9,6,17,'137',29),(244,10,2,7,'138',29),(245,2,3,12,'140',31),(246,3,1,3,'141',31),(247,5,NULL,NULL,'143',31),(248,6,2,6,'144',31),(249,7,4,12,'145',31),(250,8,NULL,NULL,'146',31),(251,9,6,15,'147',31),(252,10,5,15,'148',31),(253,11,7,17,'149',31),(254,1,NULL,NULL,'150',32),(255,2,4,12,'151',32),(256,3,2,6,'152',32),(257,4,3,9,'153',32),(258,5,NULL,NULL,'154',32),(259,7,1,3,'156',32),(260,1,NULL,NULL,'157',33),(261,2,5,15,'158',33),(262,3,7,21,'159',33),(263,4,1,5,'160',33),(264,5,8,22,'161',33),(265,6,3,10,'162',33),(266,7,4,11,'163',33),(267,8,6,15,'164',33),(268,9,2,7,'165',33),(269,1,1,4,'46,47,54,56,204,206',34),(270,2,2,5,'90,101,158,195',34),(271,1,2,5,'141',35),(272,3,1,4,'156',35),(273,4,3,9,'152',35),(274,5,4,12,'160',35),(275,6,5,15,'165',35),(276,1,1,3,'141',37),(277,3,2,7,'156',37),(278,4,4,13,'152',37),(279,5,3,9,'160',37),(280,6,5,13,'165',37),(281,1,1,3,NULL,38),(282,1,NULL,NULL,NULL,39),(283,2,NULL,NULL,NULL,39),(284,1,2,5,'170',41),(285,3,3,8,'193',41),(286,5,1,5,'197',41),(287,6,4,12,'196',41),(288,1,1,6,'57',42),(289,2,5,13,'54',42),(290,3,3,8,'71',42),(291,4,NULL,NULL,'61',42),(292,5,2,7,'82',42),(293,7,4,11,'93',42),(294,8,NULL,NULL,'103',42),(295,1,NULL,NULL,NULL,56),(296,2,NULL,NULL,NULL,56),(297,3,NULL,NULL,NULL,56),(298,4,NULL,NULL,NULL,56),(299,5,NULL,NULL,NULL,56),(300,7,NULL,NULL,NULL,56),(301,8,NULL,NULL,NULL,56),(302,1,1,3,'141',43),(303,3,2,6,'156',43),(304,5,NULL,NULL,'160',43),(305,1,1,3,'205,166,148',44),(306,1,1,4,'207',45),(307,2,3,8,'195',45),(308,3,2,6,'197',45),(309,1,2,6,'205',46),(310,2,1,3,'57',46),(311,1,2,6,'208',47),(312,2,3,9,'165',47),(313,3,1,3,'141',47),(314,1,1,3,NULL,60),(315,1,1,3,NULL,59),(316,1,1,3,NULL,58),(317,1,2,7,'170',55),(318,3,3,8,'193',55),(319,4,4,13,'187',55),(320,5,1,3,'197',55),(321,7,5,14,'203',55),(322,1,1,4,NULL,61),(323,2,4,12,NULL,61),(324,3,2,5,NULL,61),(325,4,6,18,NULL,61),(326,5,3,9,NULL,61),(327,7,5,15,NULL,61),(328,8,7,21,NULL,61),(329,1,NULL,NULL,NULL,63),(330,2,NULL,NULL,NULL,63),(331,3,NULL,NULL,NULL,63),(332,4,NULL,NULL,NULL,63),(333,5,NULL,NULL,NULL,63),(334,6,NULL,NULL,NULL,63),(335,7,NULL,NULL,NULL,63),(336,8,NULL,NULL,NULL,63),(337,1,1,4,'57',64),(338,2,4,12,'54',64),(339,3,2,5,'71',64),(340,4,6,18,'61',64),(341,5,3,9,'82',64),(342,7,5,15,'93',64),(343,8,7,21,'103',64);

/*Table structure for table `stages` */

DROP TABLE IF EXISTS `stages`;

CREATE TABLE `stages` (
  `id` bigint(20) NOT NULL AUTO_INCREMENT,
  `position` int(11) NOT NULL,
  `stage` enum('assistance','selection','classify_1','classify_2') NOT NULL,
  `status` enum('active','final') NOT NULL DEFAULT 'active',
  `category_id` int(11) NOT NULL DEFAULT '1',
  `user_id` int(11) NOT NULL,
  `competitor_id` int(11) NOT NULL,
  PRIMARY KEY (`id`),
  KEY `fk_etapa_user1_idx` (`user_id`),
  KEY `fk_etapa_competitor1_idx` (`competitor_id`),
  CONSTRAINT `fk_etapa_competitor1` FOREIGN KEY (`competitor_id`) REFERENCES `competitors` (`id`) ON DELETE CASCADE ON UPDATE NO ACTION,
  CONSTRAINT `fk_etapa_user1` FOREIGN KEY (`user_id`) REFERENCES `users` (`id`) ON DELETE CASCADE ON UPDATE NO ACTION
) ENGINE=InnoDB AUTO_INCREMENT=2095 DEFAULT CHARSET=utf8;

/*Data for the table `stages` */

insert  into `stages`(`id`,`position`,`stage`,`status`,`category_id`,`user_id`,`competitor_id`) values (1,1,'selection','final',1,3,1),(2,1,'selection','final',1,3,2),(3,1,'selection','final',1,3,3),(4,1,'selection','final',1,4,1),(5,1,'selection','final',1,4,2),(6,1,'selection','final',1,4,3),(7,1,'classify_1','final',1,3,2),(8,2,'classify_1','final',1,3,3),(9,3,'classify_1','final',1,3,1),(10,1,'classify_1','final',1,4,1),(11,2,'classify_1','final',1,4,2),(12,3,'classify_1','final',1,4,3),(13,1,'classify_1','final',1,5,2),(14,2,'classify_1','final',1,5,3),(15,3,'classify_1','final',1,5,1),(16,1,'classify_2','final',1,3,2),(17,2,'classify_2','final',1,3,3),(18,3,'classify_2','final',1,3,1),(19,1,'classify_2','final',1,5,2),(20,2,'classify_2','final',1,5,3),(21,3,'classify_2','final',1,5,1),(22,1,'classify_2','final',1,4,2),(23,2,'classify_2','final',1,4,3),(24,3,'classify_2','final',1,4,1),(25,1,'selection','final',49,5,4),(26,1,'selection','final',49,4,4),(28,1,'selection','final',49,3,4),(29,1,'classify_1','final',49,3,4),(30,1,'classify_1','final',49,5,4),(31,1,'classify_1','final',49,4,4),(32,1,'classify_2','final',49,4,4),(33,1,'classify_2','final',49,3,4),(34,1,'classify_2','final',49,5,4),(35,1,'selection','active',50,3,14),(36,1,'selection','active',50,3,15),(37,1,'selection','active',50,3,16),(38,1,'selection','active',50,3,17),(39,1,'selection','active',50,3,18),(40,1,'selection','active',50,3,19),(41,1,'selection','active',50,3,20),(42,1,'selection','active',50,3,21),(43,1,'selection','active',50,4,14),(44,1,'selection','active',50,4,15),(45,1,'selection','active',50,4,16),(46,1,'selection','active',50,4,17),(47,1,'selection','active',50,4,18),(48,1,'selection','active',50,4,19),(49,1,'selection','active',50,4,20),(50,1,'selection','active',50,4,21),(58,1,'selection','active',50,5,14),(59,1,'selection','active',50,5,15),(60,1,'selection','active',50,5,16),(61,1,'selection','active',50,5,18),(62,1,'selection','active',50,5,19),(63,1,'selection','active',50,5,20),(64,1,'selection','active',50,5,21),(65,1,'classify_1','active',50,3,20),(66,2,'classify_1','active',50,3,19),(67,3,'classify_1','active',50,3,21),(68,4,'classify_1','active',50,3,18),(69,5,'classify_1','active',50,3,16),(70,6,'classify_1','active',50,3,17),(71,7,'classify_1','active',50,3,14),(72,8,'classify_1','active',50,3,15),(73,1,'selection','final',3,3,22),(74,1,'selection','final',3,3,23),(75,1,'selection','final',3,3,24),(76,1,'selection','final',3,3,25),(77,1,'selection','final',3,3,26),(78,1,'selection','final',3,3,27),(79,1,'selection','final',3,3,28),(80,1,'selection','final',3,3,29),(81,1,'selection','final',3,3,30),(82,1,'selection','final',3,3,31),(83,1,'selection','final',3,4,22),(84,1,'selection','final',3,4,23),(85,1,'selection','final',3,4,24),(86,1,'selection','final',3,4,25),(87,1,'selection','final',3,4,26),(88,1,'selection','final',3,4,27),(89,1,'selection','final',3,4,28),(90,1,'selection','final',3,4,29),(91,1,'selection','final',3,4,30),(92,1,'selection','final',3,4,31),(93,1,'selection','final',3,5,23),(94,1,'selection','final',3,5,24),(95,1,'selection','final',3,5,26),(96,1,'selection','final',3,5,27),(97,1,'selection','final',3,5,28),(98,1,'selection','final',3,5,29),(99,1,'selection','final',3,5,30),(100,1,'selection','final',3,5,31),(101,1,'classify_1','final',3,5,29),(102,2,'classify_1','final',3,5,30),(103,3,'classify_1','final',3,5,28),(104,4,'classify_1','final',3,5,27),(105,5,'classify_1','final',3,5,26),(106,6,'classify_1','final',3,5,23),(107,7,'classify_1','final',3,5,24),(108,8,'classify_1','final',3,5,31),(109,9,'classify_1','final',3,5,22),(110,10,'classify_1','final',3,5,25),(111,1,'classify_1','final',3,4,29),(112,2,'classify_1','final',3,4,28),(113,3,'classify_1','final',3,4,30),(114,4,'classify_1','final',3,4,27),(115,5,'classify_1','final',3,4,26),(116,6,'classify_1','final',3,4,31),(117,7,'classify_1','final',3,4,24),(118,8,'classify_1','final',3,4,23),(119,9,'classify_1','final',3,4,22),(120,10,'classify_1','final',3,4,25),(121,1,'classify_1','final',3,3,29),(122,2,'classify_1','final',3,3,28),(123,3,'classify_1','final',3,3,31),(124,4,'classify_1','final',3,3,30),(125,5,'classify_1','final',3,3,27),(126,6,'classify_1','final',3,3,26),(127,7,'classify_1','final',3,3,25),(128,8,'classify_1','final',3,3,22),(129,9,'classify_1','final',3,3,23),(130,10,'classify_1','final',3,3,24),(131,1,'classify_2','final',3,4,29),(132,2,'classify_2','final',3,4,28),(133,3,'classify_2','final',3,4,30),(134,4,'classify_2','final',3,4,27),(135,5,'classify_2','final',3,4,26),(136,6,'classify_2','final',3,4,31),(137,1,'classify_2','final',3,5,29),(138,2,'classify_2','final',3,5,30),(139,3,'classify_2','final',3,5,28),(140,4,'classify_2','final',3,5,27),(141,5,'classify_2','final',3,5,26),(142,6,'classify_2','final',3,5,31),(143,1,'classify_2','final',3,3,29),(144,2,'classify_2','final',3,3,28),(145,3,'classify_2','final',3,3,31),(146,4,'classify_2','final',3,3,30),(147,5,'classify_2','final',3,3,27),(148,6,'classify_2','final',3,3,26),(149,1,'selection','final',51,3,32),(150,1,'selection','final',51,3,33),(151,1,'selection','final',51,3,34),(152,1,'selection','final',51,3,35),(153,1,'selection','final',51,3,36),(154,1,'selection','final',51,3,37),(155,1,'selection','final',51,3,38),(156,1,'selection','final',51,5,33),(157,1,'selection','final',51,5,34),(158,1,'selection','final',51,5,35),(159,1,'selection','final',51,5,36),(160,1,'selection','final',51,5,37),(161,1,'selection','final',51,5,38),(162,1,'selection','final',51,4,32),(163,1,'selection','final',51,4,33),(164,1,'selection','final',51,4,34),(165,1,'selection','final',51,4,35),(166,1,'selection','final',51,4,36),(167,1,'selection','final',51,4,37),(168,1,'selection','final',51,4,38),(169,1,'classify_1','final',51,3,33),(170,2,'classify_1','final',51,3,34),(171,3,'classify_1','final',51,3,38),(172,4,'classify_1','final',51,3,36),(173,5,'classify_1','final',51,3,32),(174,6,'classify_1','final',51,3,35),(175,7,'classify_1','final',51,3,37),(176,1,'classify_1','final',51,5,33),(177,2,'classify_1','final',51,5,38),(178,3,'classify_1','final',51,5,34),(179,4,'classify_1','final',51,5,36),(180,5,'classify_1','final',51,5,35),(181,6,'classify_1','final',51,5,37),(182,7,'classify_1','final',51,5,32),(183,1,'classify_1','final',51,4,33),(184,2,'classify_1','final',51,4,38),(185,3,'classify_1','final',51,4,34),(186,4,'classify_1','final',51,4,36),(187,5,'classify_1','final',51,4,35),(188,6,'classify_1','final',51,4,37),(189,7,'classify_1','final',51,4,32),(190,1,'classify_2','final',51,4,33),(191,2,'classify_2','final',51,4,38),(192,3,'classify_2','final',51,4,34),(193,4,'classify_2','final',51,4,36),(194,5,'classify_2','final',51,4,35),(195,6,'classify_2','final',51,4,37),(196,1,'classify_2','final',51,3,33),(197,2,'classify_2','final',51,3,34),(198,3,'classify_2','final',51,3,38),(199,4,'classify_2','final',51,3,36),(200,5,'classify_2','final',51,3,35),(201,6,'classify_2','final',51,3,37),(202,1,'classify_2','final',51,5,33),(203,2,'classify_2','final',51,5,38),(204,3,'classify_2','final',51,5,34),(205,4,'classify_2','final',51,5,36),(206,5,'classify_2','final',51,5,35),(207,6,'classify_2','final',51,5,37),(208,1,'selection','final',5,5,39),(209,1,'selection','final',5,5,40),(210,1,'selection','final',5,5,41),(211,1,'selection','final',5,5,42),(212,1,'selection','final',5,5,43),(213,1,'selection','final',5,5,44),(214,1,'selection','final',5,3,39),(215,1,'selection','final',5,3,40),(216,1,'selection','final',5,3,41),(217,1,'selection','final',5,3,42),(218,1,'selection','final',5,3,43),(219,1,'selection','final',5,3,44),(220,1,'selection','final',5,4,39),(221,1,'selection','final',5,4,40),(222,1,'selection','final',5,4,41),(223,1,'selection','final',5,4,42),(224,1,'selection','final',5,4,43),(225,1,'selection','final',5,4,44),(232,1,'classify_1','final',5,3,42),(233,2,'classify_1','final',5,3,43),(234,3,'classify_1','final',5,3,44),(235,4,'classify_1','final',5,3,39),(236,5,'classify_1','final',5,3,41),(237,6,'classify_1','final',5,3,40),(238,1,'classify_1','final',5,4,44),(239,2,'classify_1','final',5,4,42),(240,3,'classify_1','final',5,4,43),(241,4,'classify_1','final',5,4,41),(242,5,'classify_1','final',5,4,39),(243,6,'classify_1','final',5,4,40),(244,1,'classify_1','final',5,5,42),(245,2,'classify_1','final',5,5,43),(246,3,'classify_1','final',5,5,44),(247,4,'classify_1','final',5,5,41),(248,5,'classify_1','final',5,5,40),(249,6,'classify_1','final',5,5,39),(250,1,'classify_2','final',5,4,44),(251,2,'classify_2','final',5,4,42),(252,3,'classify_2','final',5,4,43),(253,4,'classify_2','final',5,4,41),(254,5,'classify_2','final',5,4,39),(255,6,'classify_2','final',5,4,40),(256,1,'classify_2','final',5,3,42),(257,2,'classify_2','final',5,3,43),(258,3,'classify_2','final',5,3,44),(259,4,'classify_2','final',5,3,39),(260,5,'classify_2','final',5,3,41),(261,6,'classify_2','final',5,3,40),(262,1,'classify_2','final',5,5,42),(263,2,'classify_2','final',5,5,43),(264,3,'classify_2','final',5,5,44),(265,4,'classify_2','final',5,5,41),(266,5,'classify_2','final',5,5,40),(267,6,'classify_2','final',5,5,39),(268,1,'selection','final',6,3,45),(269,1,'selection','final',6,3,46),(270,1,'selection','final',6,3,47),(271,1,'selection','final',6,3,48),(272,1,'selection','final',6,5,45),(273,1,'selection','final',6,5,46),(274,1,'selection','final',6,5,47),(275,1,'selection','final',6,5,48),(276,1,'selection','final',6,4,45),(277,1,'selection','final',6,4,46),(278,1,'selection','final',6,4,47),(279,1,'selection','final',6,4,48),(280,1,'classify_1','final',6,4,47),(281,2,'classify_1','final',6,4,46),(282,3,'classify_1','final',6,4,48),(283,4,'classify_1','final',6,4,45),(288,1,'classify_1','final',6,3,47),(289,2,'classify_1','final',6,3,46),(290,3,'classify_1','final',6,3,45),(291,4,'classify_1','final',6,3,48),(292,1,'classify_1','final',6,5,47),(293,2,'classify_1','final',6,5,45),(294,3,'classify_1','final',6,5,48),(295,4,'classify_1','final',6,5,46),(296,1,'classify_2','final',6,4,47),(297,2,'classify_2','final',6,4,46),(298,3,'classify_2','final',6,4,48),(299,4,'classify_2','final',6,4,45),(304,1,'classify_2','final',6,3,47),(305,2,'classify_2','final',6,3,46),(306,3,'classify_2','final',6,3,45),(307,4,'classify_2','final',6,3,48),(308,1,'classify_2','final',6,5,47),(309,2,'classify_2','final',6,5,46),(310,3,'classify_2','final',6,5,48),(311,4,'classify_2','final',6,5,45),(312,1,'selection','final',7,3,50),(313,1,'selection','final',7,3,51),(314,1,'selection','final',7,3,52),(315,1,'selection','final',7,3,53),(316,1,'selection','final',7,3,54),(317,1,'selection','final',7,3,57),(318,1,'selection','final',7,3,58),(319,1,'selection','final',7,3,62),(320,1,'selection','final',7,3,63),(321,1,'selection','final',7,5,49),(322,1,'selection','final',7,5,50),(323,1,'selection','final',7,5,52),(324,1,'selection','final',7,5,54),(325,1,'selection','final',7,5,55),(326,1,'selection','final',7,5,57),(327,1,'selection','final',7,5,58),(328,1,'selection','final',7,5,59),(329,1,'selection','final',7,5,60),(330,1,'selection','final',7,5,61),(331,1,'selection','final',7,5,62),(332,1,'selection','final',7,5,64),(333,1,'selection','final',7,4,50),(334,1,'selection','final',7,4,51),(335,1,'selection','final',7,4,52),(336,1,'selection','final',7,4,53),(337,1,'selection','final',7,4,54),(338,1,'selection','final',7,4,56),(339,1,'selection','final',7,4,57),(340,1,'selection','final',7,4,58),(341,1,'selection','final',7,4,59),(342,1,'selection','final',7,4,61),(343,1,'selection','final',7,4,62),(344,1,'selection','final',7,4,64),(345,1,'classify_1','final',7,4,62),(346,2,'classify_1','final',7,4,58),(347,3,'classify_1','final',7,4,57),(348,4,'classify_1','final',7,4,52),(349,5,'classify_1','final',7,4,53),(350,6,'classify_1','final',7,4,54),(351,7,'classify_1','final',7,4,59),(352,8,'classify_1','final',7,4,64),(353,9,'classify_1','final',7,4,50),(354,10,'classify_1','final',7,4,51),(355,11,'classify_1','final',7,4,61),(356,1,'classify_1','final',7,5,57),(357,2,'classify_1','final',7,5,62),(358,3,'classify_1','final',7,5,54),(359,4,'classify_1','final',7,5,52),(360,5,'classify_1','final',7,5,59),(361,6,'classify_1','final',7,5,64),(362,7,'classify_1','final',7,5,53),(363,8,'classify_1','final',7,5,58),(364,9,'classify_1','final',7,5,50),(365,10,'classify_1','final',7,5,51),(366,11,'classify_1','final',7,5,61),(367,1,'classify_1','final',7,3,57),(368,2,'classify_1','final',7,3,54),(369,3,'classify_1','final',7,3,53),(370,4,'classify_1','final',7,3,52),(371,5,'classify_1','final',7,3,62),(372,6,'classify_1','final',7,3,58),(373,7,'classify_1','final',7,3,64),(374,8,'classify_1','final',7,3,50),(375,9,'classify_1','final',7,3,51),(376,10,'classify_1','final',7,3,59),(377,11,'classify_1','final',7,3,61),(378,1,'classify_2','final',7,4,62),(379,2,'classify_2','final',7,4,57),(380,3,'classify_2','final',7,4,52),(381,4,'classify_2','final',7,4,54),(382,5,'classify_2','final',7,4,53),(383,6,'classify_2','final',7,4,58),(384,1,'classify_2','final',7,3,57),(385,2,'classify_2','final',7,3,54),(386,3,'classify_2','final',7,3,53),(387,4,'classify_2','final',7,3,52),(388,5,'classify_2','final',7,3,62),(389,6,'classify_2','final',7,3,58),(390,1,'classify_2','final',7,5,57),(391,2,'classify_2','final',7,5,62),(392,3,'classify_2','final',7,5,54),(393,4,'classify_2','final',7,5,52),(394,5,'classify_2','final',7,5,58),(395,6,'classify_2','final',7,5,53),(396,1,'selection','final',9,4,65),(397,1,'selection','final',9,4,66),(398,1,'selection','final',9,4,67),(399,1,'selection','final',9,4,68),(400,1,'selection','final',9,4,70),(401,1,'selection','final',9,4,71),(402,1,'selection','final',9,4,72),(403,1,'selection','final',9,4,73),(404,1,'selection','final',9,4,74),(405,1,'selection','final',9,4,76),(406,1,'selection','final',9,4,77),(407,1,'selection','final',9,5,65),(408,1,'selection','final',9,5,66),(409,1,'selection','final',9,5,67),(410,1,'selection','final',9,5,68),(411,1,'selection','final',9,5,70),(412,1,'selection','final',9,5,71),(413,1,'selection','final',9,5,72),(414,1,'selection','final',9,5,74),(415,1,'selection','final',9,5,77),(426,1,'selection','final',9,3,65),(427,1,'selection','final',9,3,66),(428,1,'selection','final',9,3,67),(429,1,'selection','final',9,3,69),(430,1,'selection','final',9,3,71),(431,1,'selection','final',9,3,72),(432,1,'selection','final',9,3,73),(433,1,'selection','final',9,3,74),(434,1,'selection','final',9,3,75),(435,1,'selection','final',9,3,77),(436,1,'classify_1','final',9,4,67),(437,2,'classify_1','final',9,4,66),(438,3,'classify_1','final',9,4,74),(439,4,'classify_1','final',9,4,73),(440,5,'classify_1','final',9,4,72),(441,6,'classify_1','final',9,4,71),(442,7,'classify_1','final',9,4,77),(443,8,'classify_1','final',9,4,65),(444,9,'classify_1','final',9,4,70),(445,10,'classify_1','final',9,4,68),(446,1,'classify_1','final',9,3,74),(447,2,'classify_1','final',9,3,72),(448,3,'classify_1','final',9,3,73),(449,4,'classify_1','final',9,3,67),(450,5,'classify_1','final',9,3,65),(451,6,'classify_1','final',9,3,77),(452,7,'classify_1','final',9,3,71),(453,8,'classify_1','final',9,3,68),(454,9,'classify_1','final',9,3,66),(455,10,'classify_1','final',9,3,70),(456,1,'classify_1','final',9,5,74),(457,2,'classify_1','final',9,5,71),(458,3,'classify_1','final',9,5,67),(459,4,'classify_1','final',9,5,66),(460,5,'classify_1','final',9,5,65),(461,6,'classify_1','final',9,5,77),(462,7,'classify_1','final',9,5,68),(463,8,'classify_1','final',9,5,73),(464,9,'classify_1','final',9,5,70),(465,10,'classify_1','final',9,5,72),(466,1,'classify_2','final',9,4,74),(467,2,'classify_2','final',9,4,67),(468,3,'classify_2','final',9,4,71),(469,4,'classify_2','final',9,4,66),(470,5,'classify_2','final',9,4,73),(471,6,'classify_2','final',9,4,72),(472,1,'classify_2','final',9,3,74),(473,2,'classify_2','final',9,3,67),(474,3,'classify_2','final',9,3,71),(475,4,'classify_2','final',9,3,73),(476,5,'classify_2','final',9,3,72),(477,6,'classify_2','final',9,3,66),(478,1,'classify_2','final',9,5,71),(479,2,'classify_2','final',9,5,74),(480,3,'classify_2','final',9,5,67),(481,4,'classify_2','final',9,5,66),(482,5,'classify_2','final',9,5,73),(483,6,'classify_2','final',9,5,72),(484,1,'selection','final',10,3,78),(485,1,'selection','final',10,3,79),(486,1,'selection','final',10,3,80),(487,1,'selection','final',10,3,81),(488,1,'selection','final',10,3,82),(489,1,'selection','final',10,3,83),(490,1,'selection','final',10,3,85),(491,1,'selection','final',10,3,88),(492,1,'selection','final',10,3,89),(493,1,'selection','final',10,3,90),(494,1,'selection','final',10,4,78),(495,1,'selection','final',10,4,80),(496,1,'selection','final',10,4,81),(497,1,'selection','final',10,4,82),(498,1,'selection','final',10,4,83),(499,1,'selection','final',10,4,84),(500,1,'selection','final',10,4,86),(501,1,'selection','final',10,4,87),(502,1,'selection','final',10,4,88),(503,1,'selection','final',10,4,89),(504,1,'selection','final',10,4,90),(505,1,'selection','final',10,5,78),(506,1,'selection','final',10,5,80),(507,1,'selection','final',10,5,81),(508,1,'selection','final',10,5,82),(509,1,'selection','final',10,5,83),(510,1,'selection','final',10,5,84),(511,1,'selection','final',10,5,87),(512,1,'selection','final',10,5,88),(513,1,'selection','final',10,5,89),(514,1,'selection','final',10,5,90),(515,1,'classify_1','final',10,3,88),(516,2,'classify_1','final',10,3,78),(517,3,'classify_1','final',10,3,89),(518,4,'classify_1','final',10,3,80),(519,5,'classify_1','final',10,3,82),(520,6,'classify_1','final',10,3,81),(521,7,'classify_1','final',10,3,83),(522,8,'classify_1','final',10,3,90),(523,9,'classify_1','final',10,3,84),(524,10,'classify_1','final',10,3,87),(525,1,'classify_1','final',10,5,88),(526,2,'classify_1','final',10,5,78),(527,3,'classify_1','final',10,5,82),(528,4,'classify_1','final',10,5,89),(529,5,'classify_1','final',10,5,80),(530,6,'classify_1','final',10,5,83),(531,7,'classify_1','final',10,5,81),(532,8,'classify_1','final',10,5,84),(533,9,'classify_1','final',10,5,87),(534,10,'classify_1','final',10,5,90),(535,1,'classify_1','final',10,4,88),(536,2,'classify_1','final',10,4,78),(537,3,'classify_1','final',10,4,80),(538,4,'classify_1','final',10,4,89),(539,5,'classify_1','final',10,4,82),(540,6,'classify_1','final',10,4,83),(541,7,'classify_1','final',10,4,90),(542,8,'classify_1','final',10,4,87),(543,9,'classify_1','final',10,4,84),(544,10,'classify_1','final',10,4,81),(545,1,'classify_2','final',10,5,88),(546,2,'classify_2','final',10,5,78),(547,3,'classify_2','final',10,5,89),(548,4,'classify_2','final',10,5,82),(549,5,'classify_2','final',10,5,80),(550,6,'classify_2','final',10,5,83),(551,1,'classify_2','final',10,3,88),(552,2,'classify_2','final',10,3,78),(553,3,'classify_2','final',10,3,89),(554,4,'classify_2','final',10,3,80),(555,5,'classify_2','final',10,3,82),(556,6,'classify_2','final',10,3,83),(557,1,'classify_2','final',10,4,88),(558,2,'classify_2','final',10,4,78),(559,3,'classify_2','final',10,4,80),(560,4,'classify_2','final',10,4,89),(561,5,'classify_2','final',10,4,82),(562,6,'classify_2','final',10,4,83),(563,1,'selection','final',11,5,92),(564,1,'selection','final',11,5,94),(565,1,'selection','final',11,5,95),(566,1,'selection','final',11,5,97),(567,1,'selection','final',11,5,98),(568,1,'selection','final',11,5,99),(569,1,'selection','final',11,5,100),(570,1,'selection','final',11,5,102),(571,1,'selection','final',11,5,103),(572,1,'selection','final',11,5,104),(573,1,'selection','final',11,4,91),(574,1,'selection','final',11,4,94),(575,1,'selection','final',11,4,95),(576,1,'selection','final',11,4,96),(577,1,'selection','final',11,4,97),(578,1,'selection','final',11,4,98),(579,1,'selection','final',11,4,99),(580,1,'selection','final',11,4,102),(581,1,'selection','final',11,4,103),(582,1,'selection','final',11,4,104),(583,1,'selection','final',11,3,91),(584,1,'selection','final',11,3,93),(585,1,'selection','final',11,3,94),(586,1,'selection','final',11,3,95),(587,1,'selection','final',11,3,96),(588,1,'selection','final',11,3,97),(589,1,'selection','final',11,3,98),(590,1,'selection','final',11,3,100),(591,1,'selection','final',11,3,102),(592,1,'selection','final',11,3,103),(593,1,'selection','final',11,3,104),(594,1,'classify_1','final',11,4,95),(595,2,'classify_1','final',11,4,98),(596,3,'classify_1','final',11,4,103),(597,4,'classify_1','final',11,4,96),(598,5,'classify_1','final',11,4,99),(599,6,'classify_1','final',11,4,94),(600,7,'classify_1','final',11,4,97),(601,8,'classify_1','final',11,4,102),(602,9,'classify_1','final',11,4,104),(603,10,'classify_1','final',11,4,91),(604,11,'classify_1','final',11,4,100),(605,1,'classify_1','final',11,5,98),(606,2,'classify_1','final',11,5,95),(607,3,'classify_1','final',11,5,99),(608,4,'classify_1','final',11,5,100),(609,5,'classify_1','final',11,5,104),(610,6,'classify_1','final',11,5,102),(611,7,'classify_1','final',11,5,97),(612,8,'classify_1','final',11,5,103),(613,9,'classify_1','final',11,5,96),(614,10,'classify_1','final',11,5,91),(615,11,'classify_1','final',11,5,94),(627,1,'classify_1','final',11,3,98),(628,2,'classify_1','final',11,3,95),(629,3,'classify_1','final',11,3,102),(630,4,'classify_1','final',11,3,99),(631,5,'classify_1','final',11,3,96),(632,6,'classify_1','final',11,3,91),(633,7,'classify_1','final',11,3,104),(634,8,'classify_1','final',11,3,97),(635,9,'classify_1','final',11,3,100),(636,10,'classify_1','final',11,3,94),(637,11,'classify_1','final',11,3,103),(638,1,'classify_2','final',11,5,98),(639,2,'classify_2','final',11,5,95),(640,3,'classify_2','final',11,5,99),(641,4,'classify_2','final',11,5,104),(642,5,'classify_2','final',11,5,102),(643,6,'classify_2','final',11,5,96),(644,1,'classify_2','final',11,4,98),(645,2,'classify_2','final',11,4,95),(646,3,'classify_2','final',11,4,99),(647,4,'classify_2','final',11,4,96),(648,5,'classify_2','final',11,4,102),(649,6,'classify_2','final',11,4,104),(650,1,'classify_2','final',11,3,98),(651,2,'classify_2','final',11,3,95),(652,3,'classify_2','final',11,3,102),(653,4,'classify_2','final',11,3,99),(654,5,'classify_2','final',11,3,96),(655,6,'classify_2','final',11,3,104),(656,1,'selection','final',12,5,105),(657,1,'selection','final',12,5,106),(658,1,'selection','final',12,5,108),(659,1,'selection','final',12,5,109),(660,1,'selection','final',12,5,111),(661,1,'selection','final',12,5,113),(662,1,'selection','final',12,5,114),(663,1,'selection','final',12,5,115),(664,1,'selection','final',12,5,117),(665,1,'selection','final',12,4,105),(666,1,'selection','final',12,4,106),(667,1,'selection','final',12,4,107),(668,1,'selection','final',12,4,108),(669,1,'selection','final',12,4,110),(670,1,'selection','final',12,4,111),(671,1,'selection','final',12,4,113),(672,1,'selection','final',12,4,114),(673,1,'selection','final',12,4,115),(674,1,'selection','final',12,4,117),(675,1,'selection','final',12,4,120),(676,1,'selection','final',12,3,105),(677,1,'selection','final',12,3,106),(678,1,'selection','final',12,3,108),(679,1,'selection','final',12,3,109),(680,1,'selection','final',12,3,111),(681,1,'selection','final',12,3,114),(682,1,'selection','final',12,3,117),(683,1,'selection','final',12,3,119),(684,1,'classify_1','final',12,4,106),(685,2,'classify_1','final',12,4,108),(686,3,'classify_1','final',12,4,105),(687,4,'classify_1','final',12,4,111),(688,5,'classify_1','final',12,4,113),(689,6,'classify_1','final',12,4,114),(690,7,'classify_1','final',12,4,117),(691,8,'classify_1','final',12,4,109),(692,9,'classify_1','final',12,4,115),(693,1,'classify_1','final',12,3,108),(694,2,'classify_1','final',12,3,117),(695,3,'classify_1','final',12,3,105),(696,4,'classify_1','final',12,3,111),(697,5,'classify_1','final',12,3,113),(698,6,'classify_1','final',12,3,114),(699,7,'classify_1','final',12,3,109),(700,8,'classify_1','final',12,3,106),(701,9,'classify_1','final',12,3,115),(702,1,'classify_1','final',12,5,108),(703,2,'classify_1','final',12,5,117),(704,3,'classify_1','final',12,5,106),(705,4,'classify_1','final',12,5,105),(706,5,'classify_1','final',12,5,111),(707,6,'classify_1','final',12,5,113),(708,7,'classify_1','final',12,5,109),(709,8,'classify_1','final',12,5,115),(710,9,'classify_1','final',12,5,114),(711,1,'classify_2','final',12,4,108),(712,2,'classify_2','final',12,4,106),(713,3,'classify_2','final',12,4,105),(714,4,'classify_2','final',12,4,117),(715,5,'classify_2','final',12,4,111),(716,6,'classify_2','final',12,4,113),(717,1,'classify_2','final',12,3,108),(718,2,'classify_2','final',12,3,117),(719,3,'classify_2','final',12,3,105),(720,4,'classify_2','final',12,3,111),(721,5,'classify_2','final',12,3,113),(722,6,'classify_2','final',12,3,106),(723,1,'classify_2','final',12,5,108),(724,2,'classify_2','final',12,5,117),(725,3,'classify_2','final',12,5,106),(726,4,'classify_2','final',12,5,105),(727,5,'classify_2','final',12,5,111),(728,6,'classify_2','final',12,5,113),(729,1,'selection','final',13,4,121),(730,1,'selection','final',13,4,122),(731,1,'selection','final',13,4,123),(732,1,'selection','final',13,4,125),(733,1,'selection','final',13,4,127),(734,1,'selection','final',13,4,129),(735,1,'selection','final',13,3,121),(736,1,'selection','final',13,3,123),(737,1,'selection','final',13,3,124),(738,1,'selection','final',13,3,125),(739,1,'selection','final',13,3,127),(740,1,'selection','final',13,5,121),(741,1,'selection','final',13,5,122),(742,1,'selection','final',13,5,123),(743,1,'selection','final',13,5,125),(744,1,'selection','final',13,5,126),(745,1,'selection','final',13,5,127),(746,1,'classify_1','final',13,3,121),(747,2,'classify_1','final',13,3,127),(748,3,'classify_1','final',13,3,123),(749,4,'classify_1','final',13,3,125),(750,5,'classify_1','final',13,3,122),(751,1,'classify_1','final',13,4,125),(752,2,'classify_1','final',13,4,122),(753,3,'classify_1','final',13,4,127),(754,4,'classify_1','final',13,4,121),(755,5,'classify_1','final',13,4,123),(756,1,'classify_1','final',13,5,122),(757,2,'classify_1','final',13,5,121),(758,3,'classify_1','final',13,5,123),(759,4,'classify_1','final',13,5,125),(760,5,'classify_1','final',13,5,127),(761,1,'classify_2','final',13,4,125),(762,2,'classify_2','final',13,4,122),(763,3,'classify_2','final',13,4,127),(764,4,'classify_2','final',13,4,121),(765,5,'classify_2','final',13,4,123),(766,1,'classify_2','final',13,5,122),(767,2,'classify_2','final',13,5,121),(768,3,'classify_2','final',13,5,123),(769,4,'classify_2','final',13,5,125),(770,5,'classify_2','final',13,5,127),(771,1,'classify_2','final',13,3,121),(772,2,'classify_2','final',13,3,127),(773,3,'classify_2','final',13,3,123),(774,4,'classify_2','final',13,3,125),(775,5,'classify_2','final',13,3,122),(776,1,'selection','final',15,5,130),(777,1,'selection','final',15,5,131),(778,1,'selection','final',15,5,132),(779,1,'selection','final',15,3,130),(780,1,'selection','final',15,3,131),(781,1,'selection','final',15,3,132),(782,1,'selection','final',15,4,130),(783,1,'selection','final',15,4,131),(784,1,'selection','final',15,4,132),(785,1,'classify_1','final',15,4,130),(786,2,'classify_1','final',15,4,131),(787,3,'classify_1','final',15,4,132),(788,1,'classify_1','final',15,3,130),(789,2,'classify_1','final',15,3,131),(790,3,'classify_1','final',15,3,132),(791,1,'classify_1','final',15,5,130),(792,2,'classify_1','final',15,5,132),(793,3,'classify_1','final',15,5,131),(794,1,'classify_2','final',15,3,130),(795,2,'classify_2','final',15,3,131),(796,3,'classify_2','final',15,3,132),(797,1,'classify_2','final',15,4,130),(798,2,'classify_2','final',15,4,131),(799,3,'classify_2','final',15,4,132),(800,1,'classify_2','final',15,5,130),(801,2,'classify_2','final',15,5,132),(802,3,'classify_2','final',15,5,131),(803,1,'selection','final',16,5,133),(804,1,'selection','final',16,5,134),(805,1,'selection','final',16,5,135),(806,1,'selection','final',16,3,133),(807,1,'selection','final',16,3,134),(808,1,'selection','final',16,3,135),(809,1,'selection','final',16,4,133),(810,1,'selection','final',16,4,134),(811,1,'selection','final',16,4,135),(812,1,'classify_1','final',16,5,134),(813,2,'classify_1','final',16,5,133),(814,3,'classify_1','final',16,5,135),(815,1,'classify_1','final',16,3,134),(816,2,'classify_1','final',16,3,133),(817,3,'classify_1','final',16,3,135),(818,1,'classify_1','final',16,4,134),(819,2,'classify_1','final',16,4,133),(820,3,'classify_1','final',16,4,135),(821,1,'classify_2','final',16,5,134),(822,2,'classify_2','final',16,5,133),(823,3,'classify_2','final',16,5,135),(824,1,'classify_2','final',16,4,134),(825,2,'classify_2','final',16,4,133),(826,3,'classify_2','final',16,4,135),(827,1,'classify_2','final',16,3,134),(828,2,'classify_2','final',16,3,133),(829,3,'classify_2','final',16,3,135),(830,1,'selection','final',17,4,136),(831,1,'selection','final',17,4,138),(832,1,'selection','final',17,4,139),(833,1,'selection','final',17,4,140),(834,1,'selection','final',17,4,142),(835,1,'selection','final',17,4,144),(836,1,'selection','final',17,3,138),(837,1,'selection','final',17,3,139),(838,1,'selection','final',17,3,140),(839,1,'selection','final',17,3,142),(840,1,'selection','final',17,5,136),(841,1,'selection','final',17,5,137),(842,1,'selection','final',17,5,139),(843,1,'selection','final',17,5,140),(844,1,'classify_1','final',17,5,136),(845,2,'classify_1','final',17,5,139),(846,3,'classify_1','final',17,5,140),(847,4,'classify_1','final',17,5,138),(848,5,'classify_1','final',17,5,142),(849,1,'classify_1','final',17,3,142),(850,2,'classify_1','final',17,3,139),(851,3,'classify_1','final',17,3,138),(852,4,'classify_1','final',17,3,140),(853,5,'classify_1','final',17,3,136),(854,1,'classify_1','final',17,4,136),(855,2,'classify_1','final',17,4,138),(856,3,'classify_1','final',17,4,139),(857,4,'classify_1','final',17,4,140),(858,5,'classify_1','final',17,4,142),(859,1,'classify_2','final',17,3,142),(860,2,'classify_2','final',17,3,139),(861,3,'classify_2','final',17,3,138),(862,4,'classify_2','final',17,3,140),(863,5,'classify_2','final',17,3,136),(869,1,'classify_2','final',17,4,136),(870,2,'classify_2','final',17,4,138),(871,3,'classify_2','final',17,4,139),(872,4,'classify_2','final',17,4,140),(873,5,'classify_2','final',17,4,142),(874,1,'classify_2','active',17,5,136),(875,2,'classify_2','active',17,5,139),(876,3,'classify_2','active',17,5,140),(877,4,'classify_2','active',17,5,138),(878,5,'classify_2','active',17,5,142),(879,1,'selection','final',52,3,145),(880,1,'selection','final',52,3,146),(881,1,'selection','final',52,3,147),(882,1,'selection','final',52,3,148),(883,1,'selection','final',52,3,149),(884,1,'selection','final',52,3,150),(885,1,'selection','final',52,3,151),(886,1,'selection','final',52,3,152),(887,1,'selection','final',52,4,145),(888,1,'selection','final',52,4,146),(889,1,'selection','final',52,4,147),(890,1,'selection','final',52,4,148),(891,1,'selection','final',52,4,149),(892,1,'selection','final',52,4,150),(893,1,'selection','final',52,4,151),(894,1,'selection','final',52,4,152),(895,1,'selection','final',52,5,145),(896,1,'selection','final',52,5,146),(897,1,'selection','final',52,5,147),(898,1,'selection','final',52,5,148),(899,1,'selection','final',52,5,149),(900,1,'selection','final',52,5,150),(901,1,'selection','final',52,5,151),(902,1,'selection','final',52,5,152),(903,1,'classify_1','final',52,3,151),(904,2,'classify_1','final',52,3,146),(905,3,'classify_1','final',52,3,150),(906,4,'classify_1','final',52,3,149),(907,5,'classify_1','final',52,3,148),(908,6,'classify_1','final',52,3,145),(909,7,'classify_1','final',52,3,147),(910,8,'classify_1','final',52,3,152),(911,1,'classify_1','final',52,4,151),(912,2,'classify_1','final',52,4,150),(913,3,'classify_1','final',52,4,146),(914,4,'classify_1','final',52,4,147),(915,5,'classify_1','final',52,4,149),(916,6,'classify_1','final',52,4,145),(917,7,'classify_1','final',52,4,148),(918,8,'classify_1','final',52,4,152),(919,1,'classify_1','final',52,5,151),(920,2,'classify_1','final',52,5,150),(921,3,'classify_1','final',52,5,146),(922,4,'classify_1','final',52,5,147),(923,5,'classify_1','final',52,5,149),(924,6,'classify_1','final',52,5,145),(925,7,'classify_1','final',52,5,148),(926,8,'classify_1','final',52,5,152),(927,1,'classify_2','final',52,3,151),(928,2,'classify_2','final',52,3,146),(929,3,'classify_2','final',52,3,150),(930,4,'classify_2','final',52,3,149),(931,5,'classify_2','final',52,3,147),(932,6,'classify_2','final',52,3,145),(933,1,'classify_2','final',52,4,151),(934,2,'classify_2','final',52,4,150),(935,3,'classify_2','final',52,4,149),(936,4,'classify_2','final',52,4,146),(937,5,'classify_2','final',52,4,147),(938,6,'classify_2','final',52,4,145),(939,1,'classify_2','final',52,5,151),(940,2,'classify_2','final',52,5,150),(941,3,'classify_2','final',52,5,146),(942,4,'classify_2','final',52,5,149),(943,5,'classify_2','final',52,5,145),(944,6,'classify_2','final',52,5,147),(945,1,'selection','active',18,5,153),(946,1,'selection','active',18,5,154),(947,1,'selection','active',18,4,153),(948,1,'selection','active',18,4,154),(953,1,'selection','final',53,4,155),(954,1,'selection','final',53,4,157),(955,1,'selection','final',53,4,156),(956,1,'selection','final',53,4,158),(957,1,'selection','final',53,3,155),(958,1,'selection','final',53,3,156),(959,1,'selection','final',53,5,155),(960,1,'selection','final',53,5,156),(961,1,'classify_1','final',53,5,155),(962,2,'classify_1','final',53,5,156),(963,1,'classify_1','final',53,3,155),(964,2,'classify_1','final',53,3,156),(965,1,'classify_1','final',53,4,155),(966,2,'classify_1','final',53,4,156),(967,1,'classify_2','final',53,4,155),(968,2,'classify_2','final',53,4,156),(969,1,'classify_2','final',53,3,155),(970,2,'classify_2','final',53,3,156),(971,1,'classify_2','final',53,5,155),(972,2,'classify_2','final',53,5,156),(973,1,'selection','final',20,4,159),(974,1,'selection','final',20,4,161),(975,1,'selection','final',20,4,162),(976,1,'selection','final',20,4,164),(977,1,'selection','final',20,4,166),(978,1,'selection','final',20,4,169),(979,1,'selection','final',20,4,170),(980,1,'selection','final',20,4,171),(981,1,'selection','final',20,4,172),(982,1,'selection','final',20,4,174),(983,1,'selection','final',20,5,159),(984,1,'selection','final',20,5,161),(985,1,'selection','final',20,5,162),(986,1,'selection','final',20,5,164),(987,1,'selection','final',20,5,165),(988,1,'selection','final',20,5,166),(989,1,'selection','final',20,5,168),(990,1,'selection','final',20,5,169),(991,1,'selection','final',20,5,170),(992,1,'selection','final',20,5,172),(993,1,'selection','final',20,5,174),(994,1,'selection','final',20,3,159),(995,1,'selection','final',20,3,161),(996,1,'selection','final',20,3,162),(997,1,'selection','final',20,3,163),(998,1,'selection','final',20,3,164),(999,1,'selection','final',20,3,166),(1000,1,'selection','final',20,3,167),(1001,1,'selection','final',20,3,169),(1002,1,'selection','final',20,3,170),(1003,1,'selection','final',20,3,174),(1004,1,'classify_1','final',20,4,166),(1005,2,'classify_1','final',20,4,161),(1006,3,'classify_1','final',20,4,169),(1007,4,'classify_1','final',20,4,159),(1008,5,'classify_1','final',20,4,172),(1009,6,'classify_1','final',20,4,164),(1010,7,'classify_1','final',20,4,174),(1011,8,'classify_1','final',20,4,170),(1012,9,'classify_1','final',20,4,162),(1013,1,'classify_1','final',20,5,161),(1014,2,'classify_1','final',20,5,159),(1015,3,'classify_1','final',20,5,162),(1016,4,'classify_1','final',20,5,166),(1017,5,'classify_1','final',20,5,164),(1018,6,'classify_1','final',20,5,169),(1019,7,'classify_1','final',20,5,174),(1020,8,'classify_1','final',20,5,170),(1021,9,'classify_1','final',20,5,172),(1022,1,'classify_1','final',20,3,161),(1023,2,'classify_1','final',20,3,162),(1024,3,'classify_1','final',20,3,159),(1025,4,'classify_1','final',20,3,174),(1026,5,'classify_1','final',20,3,170),(1027,6,'classify_1','final',20,3,164),(1028,7,'classify_1','final',20,3,172),(1029,8,'classify_1','final',20,3,166),(1030,9,'classify_1','final',20,3,169),(1031,1,'classify_2','final',20,5,161),(1032,2,'classify_2','final',20,5,159),(1033,3,'classify_2','final',20,5,162),(1034,4,'classify_2','final',20,5,166),(1035,5,'classify_2','final',20,5,164),(1036,6,'classify_2','final',20,5,174),(1037,1,'classify_2','final',20,4,161),(1038,2,'classify_2','final',20,4,159),(1039,3,'classify_2','final',20,4,164),(1040,4,'classify_2','final',20,4,174),(1041,5,'classify_2','final',20,4,162),(1042,6,'classify_2','final',20,4,166),(1043,1,'classify_2','final',20,3,161),(1044,2,'classify_2','final',20,3,162),(1045,3,'classify_2','final',20,3,159),(1046,4,'classify_2','final',20,3,174),(1047,5,'classify_2','final',20,3,164),(1048,6,'classify_2','final',20,3,166),(1049,1,'selection','final',21,4,175),(1050,1,'selection','final',21,4,176),(1051,1,'selection','final',21,4,177),(1052,1,'selection','final',21,4,178),(1053,1,'selection','final',21,4,179),(1054,1,'selection','final',21,4,180),(1055,1,'selection','final',21,4,181),(1056,1,'selection','final',21,4,182),(1057,1,'selection','final',21,4,183),(1058,1,'selection','final',21,3,177),(1059,1,'selection','final',21,3,179),(1060,1,'selection','final',21,3,180),(1061,1,'selection','final',21,3,181),(1062,1,'selection','final',21,3,183),(1063,1,'selection','final',21,5,175),(1064,1,'selection','final',21,5,177),(1065,1,'selection','final',21,5,180),(1066,1,'selection','final',21,5,182),(1067,1,'selection','final',21,5,183),(1068,1,'classify_1','final',21,4,183),(1069,2,'classify_1','final',21,4,177),(1070,3,'classify_1','final',21,4,180),(1071,4,'classify_1','final',21,4,182),(1072,5,'classify_1','final',21,4,175),(1073,6,'classify_1','final',21,4,179),(1074,7,'classify_1','final',21,4,181),(1075,1,'classify_1','final',21,3,183),(1076,2,'classify_1','final',21,3,180),(1077,3,'classify_1','final',21,3,177),(1078,4,'classify_1','final',21,3,175),(1079,5,'classify_1','final',21,3,179),(1080,6,'classify_1','final',21,3,181),(1081,7,'classify_1','final',21,3,182),(1082,1,'classify_1','final',21,5,183),(1083,2,'classify_1','final',21,5,177),(1084,3,'classify_1','final',21,5,180),(1085,4,'classify_1','final',21,5,182),(1086,5,'classify_1','final',21,5,179),(1087,6,'classify_1','final',21,5,175),(1088,7,'classify_1','final',21,5,181),(1089,1,'classify_2','final',21,3,183),(1090,2,'classify_2','final',21,3,180),(1091,3,'classify_2','final',21,3,177),(1092,4,'classify_2','final',21,3,175),(1093,5,'classify_2','final',21,3,179),(1094,6,'classify_2','final',21,3,182),(1095,1,'classify_2','final',21,4,183),(1096,2,'classify_2','final',21,4,177),(1097,3,'classify_2','final',21,4,180),(1098,4,'classify_2','final',21,4,182),(1099,5,'classify_2','final',21,4,175),(1100,6,'classify_2','final',21,4,179),(1101,1,'classify_2','final',21,5,183),(1102,2,'classify_2','final',21,5,177),(1103,3,'classify_2','final',21,5,180),(1104,4,'classify_2','final',21,5,182),(1105,5,'classify_2','final',21,5,179),(1106,6,'classify_2','final',21,5,175),(1107,1,'selection','final',22,5,185),(1108,1,'selection','final',22,5,186),(1109,1,'selection','final',22,5,187),(1110,1,'selection','final',22,5,188),(1111,1,'selection','final',22,5,189),(1112,1,'selection','final',22,5,190),(1113,1,'selection','final',22,3,184),(1114,1,'selection','final',22,3,185),(1115,1,'selection','final',22,3,186),(1116,1,'selection','final',22,3,187),(1117,1,'selection','final',22,3,188),(1118,1,'selection','final',22,3,189),(1119,1,'selection','final',22,3,190),(1120,1,'selection','final',22,4,186),(1121,1,'selection','final',22,4,187),(1122,1,'selection','final',22,4,188),(1123,1,'selection','final',22,4,189),(1124,1,'classify_1','final',22,3,186),(1125,2,'classify_1','final',22,3,188),(1126,3,'classify_1','final',22,3,187),(1127,4,'classify_1','final',22,3,189),(1128,5,'classify_1','final',22,3,190),(1129,6,'classify_1','final',22,3,185),(1130,1,'classify_1','final',22,5,186),(1131,2,'classify_1','final',22,5,188),(1132,3,'classify_1','final',22,5,189),(1133,4,'classify_1','final',22,5,187),(1134,5,'classify_1','final',22,5,190),(1135,6,'classify_1','final',22,5,185),(1136,1,'classify_1','final',22,4,186),(1137,2,'classify_1','final',22,4,187),(1138,3,'classify_1','final',22,4,189),(1139,4,'classify_1','final',22,4,188),(1140,5,'classify_1','final',22,4,190),(1141,6,'classify_1','final',22,4,185),(1142,1,'classify_2','final',22,3,186),(1143,2,'classify_2','final',22,3,188),(1144,3,'classify_2','final',22,3,187),(1145,4,'classify_2','final',22,3,189),(1146,5,'classify_2','final',22,3,190),(1147,6,'classify_2','final',22,3,185),(1148,1,'classify_2','final',22,4,186),(1149,2,'classify_2','final',22,4,187),(1150,3,'classify_2','final',22,4,189),(1151,4,'classify_2','final',22,4,188),(1152,5,'classify_2','final',22,4,190),(1153,6,'classify_2','final',22,4,185),(1154,1,'classify_2','final',22,5,186),(1155,2,'classify_2','final',22,5,188),(1156,3,'classify_2','final',22,5,189),(1157,4,'classify_2','final',22,5,187),(1158,5,'classify_2','final',22,5,190),(1159,6,'classify_2','final',22,5,185),(1160,1,'selection','final',23,5,191),(1161,1,'selection','final',23,5,192),(1162,1,'selection','final',23,4,191),(1163,1,'selection','final',23,4,192),(1164,1,'selection','final',23,3,191),(1165,1,'selection','final',23,3,192),(1166,1,'classify_1','final',23,4,192),(1167,2,'classify_1','final',23,4,191),(1168,1,'classify_1','final',23,5,192),(1169,2,'classify_1','final',23,5,191),(1170,1,'classify_1','final',23,3,192),(1171,2,'classify_1','final',23,3,191),(1172,1,'classify_2','final',23,5,192),(1173,2,'classify_2','final',23,5,191),(1174,1,'classify_2','final',23,4,192),(1175,2,'classify_2','final',23,4,191),(1176,1,'classify_2','final',23,3,192),(1177,2,'classify_2','final',23,3,191),(1178,1,'selection','active',24,5,197),(1179,1,'selection','active',24,5,201),(1180,1,'selection','active',24,5,203),(1181,1,'selection','active',24,4,197),(1182,1,'selection','active',24,4,198),(1183,1,'selection','active',24,4,199),(1184,1,'selection','active',24,4,200),(1185,1,'selection','active',24,4,201),(1186,1,'selection','active',24,4,202),(1187,1,'selection','active',24,4,203),(1188,1,'selection','active',24,4,204),(1189,1,'selection','active',24,3,197),(1190,1,'selection','active',24,3,198),(1191,1,'selection','active',24,3,199),(1192,1,'selection','active',24,3,200),(1193,1,'selection','active',24,3,201),(1194,1,'selection','active',24,3,202),(1195,1,'selection','active',24,3,203),(1196,1,'selection','active',24,3,204),(1197,1,'classify_1','active',24,5,201),(1198,2,'classify_1','active',24,5,197),(1199,3,'classify_1','active',24,5,203),(1200,4,'classify_1','active',24,5,199),(1201,5,'classify_1','active',24,5,200),(1202,6,'classify_1','active',24,5,204),(1203,7,'classify_1','active',24,5,198),(1204,8,'classify_1','active',24,5,202),(1205,1,'selection','active',54,5,205),(1206,1,'selection','active',54,5,209),(1207,1,'selection','active',54,5,211),(1208,1,'selection','active',54,3,205),(1209,1,'selection','active',54,3,207),(1210,1,'selection','active',54,3,208),(1211,1,'selection','active',54,3,209),(1212,1,'selection','active',54,3,211),(1213,1,'selection','active',54,3,212),(1214,1,'selection','active',54,4,205),(1215,1,'selection','active',54,4,206),(1216,1,'selection','active',54,4,207),(1217,1,'selection','active',54,4,208),(1218,1,'selection','active',54,4,209),(1219,1,'selection','active',54,4,210),(1220,1,'selection','active',54,4,211),(1221,1,'selection','active',54,4,212),(1222,1,'classify_1','active',54,4,205),(1223,2,'classify_1','active',54,4,207),(1224,3,'classify_1','active',54,4,208),(1225,4,'classify_1','active',54,4,209),(1226,5,'classify_1','active',54,4,211),(1227,6,'classify_1','active',54,4,212),(1228,1,'classify_1','active',54,5,205),(1229,2,'classify_1','active',54,5,207),(1230,3,'classify_1','active',54,5,212),(1231,4,'classify_1','active',54,5,208),(1232,5,'classify_1','active',54,5,211),(1233,6,'classify_1','active',54,5,209),(1234,1,'classify_1','active',54,3,205),(1235,2,'classify_1','active',54,3,211),(1236,3,'classify_1','active',54,3,212),(1237,4,'classify_1','active',54,3,207),(1238,5,'classify_1','active',54,3,209),(1239,6,'classify_1','active',54,3,208),(1240,1,'selection','final',26,5,213),(1241,1,'selection','final',26,5,215),(1242,1,'selection','final',26,5,216),(1243,1,'selection','final',26,5,217),(1244,1,'selection','final',26,5,218),(1245,1,'selection','final',26,5,221),(1246,1,'selection','final',26,5,222),(1247,1,'selection','final',26,5,223),(1248,1,'selection','final',26,5,224),(1249,1,'selection','final',26,3,215),(1250,1,'selection','final',26,3,216),(1251,1,'selection','final',26,3,218),(1252,1,'selection','final',26,3,221),(1253,1,'selection','final',26,3,222),(1254,1,'selection','final',26,3,223),(1255,1,'selection','final',26,3,224),(1256,1,'selection','final',26,4,215),(1257,1,'selection','final',26,4,216),(1258,1,'selection','final',26,4,218),(1259,1,'selection','final',26,4,219),(1260,1,'selection','final',26,4,221),(1261,1,'selection','final',26,4,222),(1262,1,'selection','final',26,4,223),(1263,1,'selection','final',26,4,224),(1264,1,'classify_1','final',26,3,218),(1265,2,'classify_1','final',26,3,216),(1266,3,'classify_1','final',26,3,224),(1267,4,'classify_1','final',26,3,221),(1268,5,'classify_1','final',26,3,223),(1269,6,'classify_1','final',26,3,222),(1270,7,'classify_1','final',26,3,215),(1271,1,'classify_1','final',26,5,221),(1272,2,'classify_1','final',26,5,223),(1273,3,'classify_1','final',26,5,224),(1274,4,'classify_1','final',26,5,215),(1275,5,'classify_1','final',26,5,216),(1276,6,'classify_1','final',26,5,218),(1277,7,'classify_1','final',26,5,222),(1278,1,'classify_1','final',26,4,221),(1279,2,'classify_1','final',26,4,223),(1280,3,'classify_1','final',26,4,215),(1281,4,'classify_1','final',26,4,224),(1282,5,'classify_1','final',26,4,222),(1283,6,'classify_1','final',26,4,216),(1284,7,'classify_1','final',26,4,218),(1285,1,'classify_2','final',26,5,221),(1286,2,'classify_2','final',26,5,223),(1287,3,'classify_2','final',26,5,215),(1288,4,'classify_2','final',26,5,224),(1289,5,'classify_2','final',26,5,218),(1290,6,'classify_2','final',26,5,216),(1291,1,'classify_2','final',26,4,221),(1292,2,'classify_2','final',26,4,223),(1293,3,'classify_2','final',26,4,215),(1294,4,'classify_2','final',26,4,224),(1295,5,'classify_2','final',26,4,216),(1296,6,'classify_2','final',26,4,218),(1297,1,'classify_2','final',26,3,218),(1298,2,'classify_2','final',26,3,216),(1299,3,'classify_2','final',26,3,221),(1300,4,'classify_2','final',26,3,224),(1301,5,'classify_2','final',26,3,223),(1302,6,'classify_2','final',26,3,215),(1303,1,'selection','final',27,3,225),(1304,1,'selection','final',27,3,226),(1305,1,'selection','final',27,3,227),(1306,1,'selection','final',27,3,228),(1307,1,'selection','final',27,3,229),(1308,1,'selection','final',27,3,231),(1309,1,'selection','final',27,3,232),(1310,1,'selection','final',27,5,227),(1311,1,'selection','final',27,5,228),(1312,1,'selection','final',27,5,229),(1313,1,'selection','final',27,5,230),(1314,1,'selection','final',27,5,231),(1315,1,'selection','final',27,5,232),(1316,1,'selection','final',27,4,225),(1317,1,'selection','final',27,4,227),(1318,1,'selection','final',27,4,228),(1319,1,'selection','final',27,4,229),(1320,1,'selection','final',27,4,230),(1321,1,'selection','final',27,4,231),(1322,1,'selection','final',27,4,232),(1323,1,'classify_1','final',27,4,231),(1324,2,'classify_1','final',27,4,228),(1325,3,'classify_1','final',27,4,229),(1326,4,'classify_1','final',27,4,225),(1327,5,'classify_1','final',27,4,227),(1328,6,'classify_1','final',27,4,232),(1329,7,'classify_1','final',27,4,230),(1330,1,'classify_1','final',27,5,231),(1331,2,'classify_1','final',27,5,229),(1332,3,'classify_1','final',27,5,227),(1333,4,'classify_1','final',27,5,228),(1334,5,'classify_1','final',27,5,230),(1335,6,'classify_1','final',27,5,232),(1336,7,'classify_1','final',27,5,225),(1337,1,'classify_1','final',27,3,229),(1338,2,'classify_1','final',27,3,231),(1339,3,'classify_1','final',27,3,225),(1340,4,'classify_1','final',27,3,227),(1341,5,'classify_1','final',27,3,228),(1342,6,'classify_1','final',27,3,232),(1343,7,'classify_1','final',27,3,230),(1344,1,'classify_2','final',27,4,231),(1345,2,'classify_2','final',27,4,229),(1346,3,'classify_2','final',27,4,227),(1347,4,'classify_2','final',27,4,228),(1348,5,'classify_2','final',27,4,225),(1349,6,'classify_2','final',27,4,232),(1350,1,'classify_2','final',27,3,229),(1351,2,'classify_2','final',27,3,231),(1352,3,'classify_2','final',27,3,225),(1353,4,'classify_2','final',27,3,227),(1354,5,'classify_2','final',27,3,228),(1355,6,'classify_2','final',27,3,232),(1356,1,'classify_2','final',27,5,231),(1357,2,'classify_2','final',27,5,229),(1358,3,'classify_2','final',27,5,227),(1359,4,'classify_2','final',27,5,228),(1360,5,'classify_2','final',27,5,232),(1361,6,'classify_2','final',27,5,225),(1362,1,'selection','final',28,3,233),(1363,1,'selection','final',28,3,234),(1364,1,'selection','final',28,5,233),(1365,1,'selection','final',28,5,234),(1366,1,'selection','final',28,4,233),(1367,1,'selection','final',28,4,234),(1368,1,'classify_1','final',28,4,233),(1369,2,'classify_1','final',28,4,234),(1370,1,'classify_1','final',28,3,234),(1371,2,'classify_1','final',28,3,233),(1374,1,'classify_1','final',28,5,234),(1375,2,'classify_1','final',28,5,233),(1376,1,'classify_2','final',28,5,234),(1377,2,'classify_2','final',28,5,233),(1378,1,'classify_2','final',28,4,233),(1379,2,'classify_2','final',28,4,234),(1380,1,'classify_2','final',28,3,234),(1381,2,'classify_2','final',28,3,233),(1382,1,'selection','final',29,3,236),(1383,1,'selection','final',29,3,237),(1384,1,'selection','final',29,3,238),(1385,1,'selection','final',29,3,240),(1386,1,'selection','final',29,3,241),(1387,1,'selection','final',29,3,242),(1388,1,'selection','final',29,3,243),(1389,1,'selection','final',29,3,244),(1390,1,'selection','final',29,4,235),(1391,1,'selection','final',29,4,236),(1392,1,'selection','final',29,4,237),(1393,1,'selection','final',29,4,238),(1394,1,'selection','final',29,4,239),(1395,1,'selection','final',29,4,243),(1396,1,'selection','final',29,4,244),(1397,1,'selection','final',29,5,235),(1398,1,'selection','final',29,5,236),(1399,1,'selection','final',29,5,237),(1400,1,'selection','final',29,5,238),(1401,1,'selection','final',29,5,243),(1402,1,'selection','final',29,5,244),(1403,1,'classify_1','final',29,3,237),(1404,2,'classify_1','final',29,3,236),(1405,3,'classify_1','final',29,3,244),(1406,4,'classify_1','final',29,3,238),(1407,5,'classify_1','final',29,3,243),(1408,6,'classify_1','final',29,3,235),(1409,1,'classify_1','final',29,5,237),(1410,2,'classify_1','final',29,5,244),(1411,3,'classify_1','final',29,5,238),(1412,4,'classify_1','final',29,5,236),(1413,5,'classify_1','final',29,5,235),(1414,6,'classify_1','final',29,5,243),(1415,1,'classify_1','final',29,4,237),(1416,2,'classify_1','final',29,4,244),(1417,3,'classify_1','final',29,4,236),(1418,4,'classify_1','final',29,4,238),(1419,5,'classify_1','final',29,4,235),(1420,6,'classify_1','final',29,4,243),(1421,1,'classify_2','final',29,3,237),(1422,2,'classify_2','final',29,3,236),(1423,3,'classify_2','final',29,3,244),(1424,4,'classify_2','final',29,3,238),(1425,5,'classify_2','final',29,3,243),(1426,6,'classify_2','final',29,3,235),(1427,1,'classify_2','final',29,5,237),(1428,2,'classify_2','final',29,5,244),(1429,3,'classify_2','final',29,5,238),(1430,4,'classify_2','final',29,5,236),(1431,5,'classify_2','final',29,5,235),(1432,6,'classify_2','final',29,5,243),(1433,1,'classify_2','final',29,4,237),(1434,2,'classify_2','final',29,4,244),(1435,3,'classify_2','final',29,4,236),(1436,4,'classify_2','final',29,4,238),(1437,5,'classify_2','final',29,4,235),(1438,6,'classify_2','final',29,4,243),(1439,1,'selection','final',31,4,245),(1440,1,'selection','final',31,4,246),(1441,1,'selection','final',31,4,248),(1442,1,'selection','final',31,4,249),(1443,1,'selection','final',31,4,252),(1444,1,'selection','final',31,5,246),(1445,1,'selection','final',31,5,248),(1446,1,'selection','final',31,5,249),(1447,1,'selection','final',31,5,251),(1448,1,'selection','final',31,5,252),(1449,1,'selection','final',31,5,253),(1450,1,'selection','final',31,3,245),(1451,1,'selection','final',31,3,246),(1452,1,'selection','final',31,3,248),(1453,1,'selection','final',31,3,249),(1454,1,'selection','final',31,3,251),(1455,1,'selection','final',31,3,252),(1456,1,'selection','final',31,3,253),(1457,1,'classify_1','final',31,4,246),(1458,2,'classify_1','final',31,4,249),(1459,3,'classify_1','final',31,4,248),(1460,4,'classify_1','final',31,4,245),(1461,5,'classify_1','final',31,4,251),(1462,6,'classify_1','final',31,4,253),(1463,7,'classify_1','final',31,4,252),(1464,1,'classify_1','final',31,5,246),(1465,2,'classify_1','final',31,5,248),(1466,3,'classify_1','final',31,5,249),(1467,4,'classify_1','final',31,5,253),(1468,5,'classify_1','final',31,5,252),(1469,6,'classify_1','final',31,5,251),(1470,7,'classify_1','final',31,5,245),(1471,1,'classify_1','final',31,3,246),(1472,2,'classify_1','final',31,3,248),(1473,3,'classify_1','final',31,3,245),(1474,4,'classify_1','final',31,3,249),(1475,5,'classify_1','final',31,3,252),(1476,6,'classify_1','final',31,3,251),(1477,7,'classify_1','final',31,3,253),(1478,1,'classify_2','final',31,4,246),(1479,2,'classify_2','final',31,4,248),(1480,3,'classify_2','final',31,4,245),(1481,4,'classify_2','final',31,4,249),(1482,5,'classify_2','final',31,4,251),(1483,6,'classify_2','final',31,4,252),(1484,1,'classify_2','final',31,5,246),(1485,2,'classify_2','final',31,5,248),(1486,3,'classify_2','final',31,5,249),(1487,4,'classify_2','final',31,5,251),(1488,5,'classify_2','final',31,5,252),(1489,6,'classify_2','final',31,5,245),(1490,1,'classify_2','final',31,3,246),(1491,2,'classify_2','final',31,3,248),(1492,3,'classify_2','final',31,3,245),(1493,4,'classify_2','final',31,3,252),(1494,5,'classify_2','final',31,3,249),(1495,6,'classify_2','final',31,3,251),(1500,1,'selection','final',32,5,255),(1501,1,'selection','final',32,5,255),(1502,1,'selection','final',32,5,256),(1503,1,'selection','final',32,5,256),(1504,1,'selection','final',32,5,257),(1505,1,'selection','final',32,5,257),(1506,1,'selection','final',32,5,259),(1507,1,'selection','final',32,5,259),(1508,1,'selection','final',32,4,254),(1509,1,'selection','final',32,4,255),(1510,1,'selection','final',32,4,256),(1511,1,'selection','final',32,4,257),(1512,1,'selection','final',32,4,259),(1513,1,'classify_1','final',32,3,259),(1514,2,'classify_1','final',32,3,256),(1515,3,'classify_1','final',32,3,257),(1516,4,'classify_1','final',32,3,255),(1517,1,'classify_1','final',32,4,259),(1518,2,'classify_1','final',32,4,256),(1519,3,'classify_1','final',32,4,257),(1520,4,'classify_1','final',32,4,255),(1521,1,'classify_1','final',32,5,259),(1522,2,'classify_1','final',32,5,256),(1523,3,'classify_1','final',32,5,257),(1524,4,'classify_1','final',32,5,255),(1525,1,'classify_2','final',32,4,259),(1526,2,'classify_2','final',32,4,256),(1527,3,'classify_2','final',32,4,257),(1528,4,'classify_2','final',32,4,255),(1529,1,'classify_2','final',32,3,259),(1530,2,'classify_2','final',32,3,256),(1531,3,'classify_2','final',32,3,257),(1532,4,'classify_2','final',32,3,255),(1533,1,'classify_2','final',32,5,259),(1534,2,'classify_2','final',32,5,256),(1535,3,'classify_2','final',32,5,257),(1536,4,'classify_2','final',32,5,255),(1537,1,'selection','final',33,3,261),(1538,1,'selection','final',33,3,262),(1539,1,'selection','final',33,3,263),(1540,1,'selection','final',33,3,264),(1541,1,'selection','final',33,3,265),(1542,1,'selection','final',33,3,266),(1543,1,'selection','final',33,3,267),(1544,1,'selection','final',33,3,268),(1545,1,'selection','final',33,4,261),(1546,1,'selection','final',33,4,263),(1547,1,'selection','final',33,4,264),(1548,1,'selection','final',33,4,266),(1549,1,'selection','final',33,4,268),(1557,1,'selection','final',33,5,260),(1558,1,'selection','final',33,5,262),(1559,1,'selection','final',33,5,263),(1560,1,'selection','final',33,5,264),(1561,1,'selection','final',33,5,265),(1562,1,'selection','final',33,5,266),(1563,1,'selection','final',33,5,267),(1564,1,'classify_1','final',33,3,268),(1565,2,'classify_1','final',33,3,263),(1566,3,'classify_1','final',33,3,266),(1567,4,'classify_1','final',33,3,265),(1568,5,'classify_1','final',33,3,261),(1569,6,'classify_1','final',33,3,267),(1570,7,'classify_1','final',33,3,262),(1571,8,'classify_1','final',33,3,264),(1572,1,'classify_1','final',33,5,265),(1573,2,'classify_1','final',33,5,263),(1574,3,'classify_1','final',33,5,268),(1575,4,'classify_1','final',33,5,267),(1576,5,'classify_1','final',33,5,266),(1577,6,'classify_1','final',33,5,261),(1578,7,'classify_1','final',33,5,262),(1579,8,'classify_1','final',33,5,264),(1580,1,'classify_1','final',33,4,263),(1581,2,'classify_1','final',33,4,268),(1582,3,'classify_1','final',33,4,266),(1583,4,'classify_1','final',33,4,261),(1584,5,'classify_1','final',33,4,265),(1585,6,'classify_1','final',33,4,264),(1586,7,'classify_1','final',33,4,262),(1587,8,'classify_1','final',33,4,267),(1588,1,'classify_2','final',33,5,265),(1589,2,'classify_2','final',33,5,263),(1590,3,'classify_2','final',33,5,267),(1591,4,'classify_2','final',33,5,268),(1592,5,'classify_2','final',33,5,266),(1593,6,'classify_2','final',33,5,261),(1594,1,'classify_2','final',33,3,268),(1595,2,'classify_2','final',33,3,263),(1596,3,'classify_2','final',33,3,266),(1597,4,'classify_2','final',33,3,265),(1598,5,'classify_2','final',33,3,261),(1599,6,'classify_2','final',33,3,267),(1600,1,'classify_2','final',33,4,263),(1601,2,'classify_2','final',33,4,268),(1602,3,'classify_2','final',33,4,266),(1603,4,'classify_2','final',33,4,261),(1604,5,'classify_2','final',33,4,265),(1605,6,'classify_2','final',33,4,267),(1606,1,'selection','final',34,5,269),(1607,1,'selection','final',34,5,270),(1608,1,'selection','final',34,4,269),(1609,1,'selection','final',34,4,270),(1610,1,'selection','final',34,3,269),(1611,1,'selection','final',34,3,270),(1612,1,'classify_1','final',34,5,269),(1613,2,'classify_1','final',34,5,270),(1614,1,'classify_1','final',34,4,269),(1615,2,'classify_1','final',34,4,270),(1616,1,'classify_1','final',34,3,270),(1617,2,'classify_1','final',34,3,269),(1618,1,'classify_2','final',34,3,270),(1619,2,'classify_2','final',34,3,269),(1620,1,'classify_2','final',34,5,269),(1621,2,'classify_2','final',34,5,270),(1622,1,'classify_2','final',34,4,269),(1623,2,'classify_2','final',34,4,270),(1624,1,'selection','final',35,3,271),(1625,1,'selection','final',35,3,272),(1626,1,'selection','final',35,3,273),(1627,1,'selection','final',35,3,274),(1628,1,'selection','final',35,3,275),(1629,1,'selection','final',35,4,271),(1630,1,'selection','final',35,4,272),(1631,1,'selection','final',35,4,273),(1632,1,'selection','final',35,4,274),(1633,1,'selection','final',35,4,275),(1634,1,'selection','final',35,5,271),(1635,1,'selection','final',35,5,272),(1636,1,'selection','final',35,5,273),(1637,1,'classify_1','final',35,4,272),(1638,2,'classify_1','final',35,4,271),(1639,3,'classify_1','final',35,4,273),(1640,4,'classify_1','final',35,4,274),(1641,5,'classify_1','final',35,4,275),(1642,1,'classify_1','final',35,3,271),(1643,2,'classify_1','final',35,3,272),(1644,3,'classify_1','final',35,3,273),(1645,4,'classify_1','final',35,3,274),(1646,5,'classify_1','final',35,3,275),(1647,1,'classify_1','final',35,5,271),(1648,2,'classify_1','final',35,5,272),(1649,3,'classify_1','final',35,5,273),(1650,4,'classify_1','final',35,5,274),(1651,5,'classify_1','final',35,5,275),(1652,1,'classify_2','final',35,4,272),(1653,2,'classify_2','final',35,4,271),(1654,3,'classify_2','final',35,4,273),(1655,4,'classify_2','final',35,4,274),(1656,5,'classify_2','final',35,4,275),(1657,1,'classify_2','final',35,3,271),(1658,2,'classify_2','final',35,3,272),(1659,3,'classify_2','final',35,3,273),(1660,4,'classify_2','final',35,3,274),(1661,5,'classify_2','final',35,3,275),(1662,1,'classify_2','final',35,5,272),(1663,2,'classify_2','final',35,5,271),(1664,3,'classify_2','final',35,5,273),(1665,4,'classify_2','final',35,5,274),(1666,5,'classify_2','final',35,5,275),(1667,1,'selection','final',37,5,276),(1668,1,'selection','final',37,5,277),(1669,1,'selection','final',37,4,276),(1670,1,'selection','final',37,4,277),(1671,1,'selection','final',37,4,278),(1672,1,'selection','final',37,4,279),(1673,1,'selection','final',37,4,280),(1674,1,'selection','final',37,3,276),(1675,1,'selection','final',37,3,277),(1676,1,'selection','final',37,3,278),(1677,1,'selection','final',37,3,279),(1678,1,'selection','final',37,3,280),(1679,1,'classify_1','final',37,4,276),(1680,2,'classify_1','final',37,4,277),(1681,3,'classify_1','final',37,4,279),(1682,4,'classify_1','final',37,4,278),(1683,5,'classify_1','final',37,4,280),(1684,1,'classify_1','final',37,3,276),(1685,2,'classify_1','final',37,3,279),(1686,3,'classify_1','final',37,3,277),(1687,4,'classify_1','final',37,3,278),(1688,5,'classify_1','final',37,3,280),(1689,1,'classify_1','final',37,5,276),(1690,2,'classify_1','final',37,5,277),(1691,3,'classify_1','final',37,5,280),(1692,4,'classify_1','final',37,5,279),(1693,5,'classify_1','final',37,5,278),(1694,1,'classify_2','final',37,5,276),(1695,2,'classify_2','final',37,5,277),(1696,3,'classify_2','final',37,5,280),(1697,4,'classify_2','final',37,5,279),(1698,5,'classify_2','final',37,5,278),(1699,1,'classify_2','final',37,4,276),(1700,2,'classify_2','final',37,4,277),(1701,3,'classify_2','final',37,4,279),(1702,4,'classify_2','final',37,4,278),(1703,5,'classify_2','final',37,4,280),(1704,1,'classify_2','final',37,3,276),(1705,2,'classify_2','final',37,3,279),(1706,3,'classify_2','final',37,3,277),(1707,4,'classify_2','final',37,3,278),(1708,5,'classify_2','final',37,3,280),(1709,1,'selection','final',38,3,281),(1710,1,'selection','final',38,5,281),(1711,1,'selection','final',38,4,281),(1712,1,'classify_1','final',38,4,281),(1713,1,'classify_1','final',38,3,281),(1714,1,'classify_1','final',38,5,281),(1715,1,'classify_2','final',38,5,281),(1716,1,'classify_2','final',38,3,281),(1717,1,'classify_2','final',38,4,281),(1718,1,'selection','active',39,4,282),(1719,1,'selection','active',39,4,283),(1720,1,'selection','active',39,5,282),(1721,1,'selection','active',39,5,283),(1722,1,'selection','final',41,5,284),(1723,1,'selection','final',41,5,285),(1724,1,'selection','final',41,5,286),(1725,1,'selection','final',41,3,284),(1726,1,'selection','final',41,3,285),(1727,1,'selection','final',41,3,286),(1728,1,'selection','final',41,3,287),(1729,1,'selection','final',41,4,284),(1730,1,'selection','final',41,4,285),(1731,1,'selection','final',41,4,286),(1732,1,'selection','final',41,4,287),(1733,1,'classify_1','final',41,3,286),(1734,2,'classify_1','final',41,3,284),(1735,3,'classify_1','final',41,3,285),(1736,4,'classify_1','final',41,3,287),(1737,1,'classify_1','final',41,4,286),(1738,2,'classify_1','final',41,4,284),(1739,3,'classify_1','final',41,4,285),(1740,4,'classify_1','final',41,4,287),(1741,1,'classify_1','final',41,5,284),(1742,2,'classify_1','final',41,5,286),(1743,3,'classify_1','final',41,5,285),(1744,4,'classify_1','final',41,5,287),(1745,1,'classify_2','final',41,4,286),(1746,2,'classify_2','final',41,4,284),(1747,3,'classify_2','final',41,4,285),(1748,4,'classify_2','final',41,4,287),(1749,1,'classify_2','final',41,5,284),(1750,2,'classify_2','final',41,5,285),(1751,3,'classify_2','final',41,5,286),(1752,4,'classify_2','final',41,5,287),(1753,1,'classify_2','final',41,3,286),(1754,2,'classify_2','final',41,3,284),(1755,3,'classify_2','final',41,3,285),(1756,4,'classify_2','final',41,3,287),(1757,1,'selection','final',42,5,288),(1758,1,'selection','final',42,5,289),(1759,1,'selection','final',42,5,292),(1760,1,'selection','final',42,5,293),(1761,1,'selection','final',42,3,288),(1762,1,'selection','final',42,3,289),(1763,1,'selection','final',42,3,290),(1764,1,'selection','final',42,3,291),(1765,1,'selection','final',42,3,292),(1766,1,'selection','final',42,3,293),(1767,1,'selection','final',42,3,294),(1768,1,'selection','final',42,4,288),(1769,1,'selection','final',42,4,289),(1770,1,'selection','final',42,4,290),(1771,1,'selection','final',42,4,292),(1772,1,'selection','final',42,4,293),(1773,1,'classify_1','final',42,3,288),(1774,2,'classify_1','final',42,3,290),(1775,3,'classify_1','final',42,3,292),(1776,4,'classify_1','final',42,3,289),(1777,5,'classify_1','final',42,3,293),(1778,1,'classify_1','final',42,4,290),(1779,2,'classify_1','final',42,4,288),(1780,3,'classify_1','final',42,4,292),(1781,4,'classify_1','final',42,4,293),(1782,5,'classify_1','final',42,4,289),(1783,1,'classify_1','final',42,5,292),(1784,2,'classify_1','final',42,5,293),(1785,3,'classify_1','final',42,5,288),(1786,4,'classify_1','final',42,5,289),(1787,5,'classify_1','final',42,5,290),(1788,1,'classify_2','final',42,4,290),(1789,2,'classify_2','final',42,4,288),(1790,3,'classify_2','final',42,4,292),(1791,4,'classify_2','final',42,4,293),(1792,5,'classify_2','final',42,4,289),(1793,1,'classify_2','final',42,3,288),(1794,2,'classify_2','final',42,3,290),(1795,3,'classify_2','final',42,3,292),(1796,4,'classify_2','final',42,3,289),(1797,5,'classify_2','final',42,3,293),(1798,1,'classify_2','final',42,5,292),(1799,2,'classify_2','final',42,5,293),(1800,3,'classify_2','final',42,5,288),(1801,4,'classify_2','final',42,5,289),(1802,5,'classify_2','final',42,5,290),(1803,1,'selection','final',43,3,302),(1804,1,'selection','final',43,3,303),(1805,1,'selection','final',43,3,304),(1806,1,'selection','final',43,5,302),(1807,1,'selection','final',43,5,303),(1808,1,'selection','final',43,4,302),(1809,1,'selection','final',43,4,303),(1810,1,'classify_1','final',43,5,302),(1811,2,'classify_1','final',43,5,303),(1812,1,'classify_1','final',43,4,302),(1813,2,'classify_1','final',43,4,303),(1814,1,'classify_1','final',43,3,302),(1815,2,'classify_1','final',43,3,303),(1816,1,'classify_2','final',43,3,302),(1817,2,'classify_2','final',43,3,303),(1818,1,'classify_2','final',43,5,302),(1819,2,'classify_2','final',43,5,303),(1820,1,'classify_2','final',43,4,302),(1821,2,'classify_2','final',43,4,303),(1822,1,'selection','final',44,4,305),(1823,1,'selection','final',44,5,305),(1824,1,'selection','final',44,3,305),(1825,1,'classify_1','final',44,5,305),(1826,1,'classify_1','final',44,4,305),(1827,1,'classify_1','final',44,3,305),(1828,1,'classify_2','final',44,3,305),(1829,1,'classify_2','final',44,5,305),(1830,1,'classify_2','final',44,4,305),(1831,1,'selection','final',45,5,306),(1832,1,'selection','final',45,5,307),(1833,1,'selection','final',45,5,308),(1834,1,'selection','final',45,3,306),(1835,1,'selection','final',45,3,307),(1836,1,'selection','final',45,3,308),(1837,1,'selection','final',45,4,306),(1838,1,'selection','final',45,4,307),(1839,1,'selection','final',45,4,308),(1840,1,'classify_1','final',45,5,306),(1841,2,'classify_1','final',45,5,307),(1842,3,'classify_1','final',45,5,308),(1843,1,'classify_1','final',45,4,306),(1844,2,'classify_1','final',45,4,307),(1845,3,'classify_1','final',45,4,308),(1846,1,'classify_1','final',45,3,308),(1847,2,'classify_1','final',45,3,306),(1848,3,'classify_1','final',45,3,307),(1849,1,'classify_2','final',45,3,308),(1850,2,'classify_2','final',45,3,306),(1851,3,'classify_2','final',45,3,307),(1852,1,'classify_2','final',45,4,306),(1853,2,'classify_2','final',45,4,307),(1854,3,'classify_2','final',45,4,308),(1855,1,'classify_2','final',45,5,306),(1856,2,'classify_2','final',45,5,308),(1857,3,'classify_2','final',45,5,307),(1858,1,'selection','final',46,5,309),(1859,1,'selection','final',46,5,310),(1860,1,'selection','final',46,3,309),(1861,1,'selection','final',46,3,310),(1862,1,'selection','final',46,4,309),(1863,1,'selection','final',46,4,310),(1864,1,'classify_1','final',46,5,310),(1865,2,'classify_1','final',46,5,309),(1866,1,'classify_1','final',46,4,310),(1867,2,'classify_1','final',46,4,309),(1868,1,'classify_1','final',46,3,310),(1869,2,'classify_1','final',46,3,309),(1870,1,'classify_2','final',46,4,310),(1871,2,'classify_2','final',46,4,309),(1872,1,'classify_2','final',46,3,310),(1873,2,'classify_2','final',46,3,309),(1874,1,'classify_2','final',46,5,310),(1875,2,'classify_2','final',46,5,309),(1876,1,'selection','final',47,3,311),(1877,1,'selection','final',47,3,312),(1878,1,'selection','final',47,3,313),(1879,1,'selection','final',47,5,311),(1880,1,'selection','final',47,5,312),(1881,1,'selection','final',47,5,313),(1882,1,'selection','final',47,4,311),(1883,1,'selection','final',47,4,312),(1884,1,'selection','final',47,4,313),(1885,1,'classify_1','final',47,4,313),(1886,2,'classify_1','final',47,4,311),(1887,3,'classify_1','final',47,4,312),(1888,1,'classify_1','final',47,5,313),(1889,2,'classify_1','final',47,5,312),(1890,3,'classify_1','final',47,5,311),(1891,1,'classify_1','final',47,3,313),(1892,2,'classify_1','final',47,3,311),(1893,3,'classify_1','final',47,3,312),(1894,1,'classify_2','final',47,3,313),(1895,2,'classify_2','final',47,3,311),(1896,3,'classify_2','final',47,3,312),(1897,1,'classify_2','final',47,5,313),(1898,2,'classify_2','final',47,5,311),(1899,3,'classify_2','final',47,5,312),(1900,1,'classify_2','final',47,4,313),(1901,2,'classify_2','final',47,4,311),(1902,3,'classify_2','final',47,4,312),(1903,1,'selection','final',60,3,314),(1904,1,'selection','final',60,4,314),(1905,1,'selection','final',60,5,314),(1906,1,'classify_1','final',60,3,314),(1907,1,'classify_1','final',60,4,314),(1908,1,'classify_1','final',60,5,314),(1909,1,'classify_2','final',60,3,314),(1910,1,'classify_2','final',60,4,314),(1911,1,'classify_2','final',60,5,314),(1912,1,'selection','final',59,3,315),(1913,1,'selection','final',59,4,315),(1914,1,'selection','final',59,5,315),(1915,1,'classify_1','final',59,5,315),(1916,1,'classify_1','final',59,4,315),(1917,1,'classify_1','final',59,3,315),(1918,1,'classify_2','final',59,3,315),(1919,1,'classify_2','final',59,4,315),(1920,1,'classify_2','final',59,5,315),(1921,1,'selection','final',58,3,316),(1922,1,'selection','final',58,4,316),(1923,1,'selection','final',58,5,316),(1924,1,'classify_1','final',58,5,316),(1925,1,'classify_1','final',58,4,316),(1926,1,'classify_1','final',58,3,316),(1927,1,'classify_2','final',58,3,316),(1928,1,'classify_2','final',58,4,316),(1929,1,'classify_2','final',58,5,316),(1930,1,'selection','final',55,3,317),(1931,1,'selection','final',55,3,318),(1932,1,'selection','final',55,3,319),(1933,1,'selection','final',55,3,320),(1934,1,'selection','final',55,3,321),(1935,1,'selection','final',55,4,317),(1936,1,'selection','final',55,4,318),(1937,1,'selection','final',55,4,319),(1938,1,'selection','final',55,4,320),(1939,1,'selection','final',55,4,321),(1940,1,'selection','final',55,5,317),(1941,1,'selection','final',55,5,318),(1942,1,'selection','final',55,5,319),(1943,1,'selection','final',55,5,320),(1944,1,'selection','final',55,5,321),(1945,1,'classify_1','final',55,5,320),(1946,2,'classify_1','final',55,5,317),(1947,3,'classify_1','final',55,5,318),(1948,4,'classify_1','final',55,5,321),(1949,5,'classify_1','final',55,5,319),(1950,1,'classify_1','final',55,4,320),(1951,2,'classify_1','final',55,4,317),(1952,3,'classify_1','final',55,4,318),(1953,4,'classify_1','final',55,4,319),(1954,5,'classify_1','final',55,4,321),(1955,1,'classify_1','final',55,3,320),(1956,2,'classify_1','final',55,3,318),(1957,3,'classify_1','final',55,3,317),(1958,4,'classify_1','final',55,3,321),(1959,5,'classify_1','final',55,3,319),(1960,1,'classify_2','final',55,3,320),(1961,2,'classify_2','final',55,3,318),(1962,3,'classify_2','final',55,3,317),(1963,4,'classify_2','final',55,3,321),(1964,5,'classify_2','final',55,3,319),(1965,1,'classify_2','final',55,4,320),(1966,2,'classify_2','final',55,4,317),(1967,3,'classify_2','final',55,4,318),(1968,4,'classify_2','final',55,4,319),(1969,5,'classify_2','final',55,4,321),(1970,1,'classify_2','final',55,5,320),(1971,2,'classify_2','final',55,5,317),(1972,3,'classify_2','final',55,5,318),(1973,4,'classify_2','final',55,5,319),(1974,5,'classify_2','final',55,5,321),(1975,1,'selection','final',61,3,322),(1976,1,'selection','final',61,3,323),(1977,1,'selection','final',61,3,324),(1978,1,'selection','final',61,3,325),(1979,1,'selection','final',61,3,326),(1980,1,'selection','final',61,3,327),(1981,1,'selection','final',61,3,328),(1982,1,'selection','final',61,4,322),(1983,1,'selection','final',61,4,323),(1984,1,'selection','final',61,4,324),(1985,1,'selection','final',61,4,325),(1986,1,'selection','final',61,4,326),(1987,1,'selection','final',61,4,327),(1988,1,'selection','final',61,4,328),(1989,1,'selection','final',61,5,322),(1990,1,'selection','final',61,5,323),(1991,1,'selection','final',61,5,324),(1992,1,'selection','final',61,5,325),(1993,1,'selection','final',61,5,326),(1994,1,'selection','final',61,5,327),(1995,1,'selection','final',61,5,328),(1996,1,'classify_1','final',61,5,322),(1997,2,'classify_1','final',61,5,324),(1998,3,'classify_1','final',61,5,326),(1999,4,'classify_1','final',61,5,323),(2000,5,'classify_1','final',61,5,327),(2001,6,'classify_1','final',61,5,325),(2002,7,'classify_1','final',61,5,328),(2003,1,'classify_1','final',61,4,324),(2004,2,'classify_1','final',61,4,322),(2005,3,'classify_1','final',61,4,326),(2006,4,'classify_1','final',61,4,323),(2007,5,'classify_1','final',61,4,327),(2008,6,'classify_1','final',61,4,325),(2009,7,'classify_1','final',61,4,328),(2010,1,'classify_1','final',61,3,322),(2011,2,'classify_1','final',61,3,324),(2012,3,'classify_1','final',61,3,326),(2013,4,'classify_1','final',61,3,323),(2014,5,'classify_1','final',61,3,327),(2015,6,'classify_1','final',61,3,325),(2016,7,'classify_1','final',61,3,328),(2017,1,'classify_2','final',61,3,322),(2018,2,'classify_2','final',61,3,324),(2019,3,'classify_2','final',61,3,326),(2020,4,'classify_2','final',61,3,323),(2021,5,'classify_2','final',61,3,327),(2022,6,'classify_2','final',61,3,325),(2023,1,'classify_2','final',61,4,324),(2024,2,'classify_2','final',61,4,322),(2025,3,'classify_2','final',61,4,326),(2026,4,'classify_2','final',61,4,323),(2027,5,'classify_2','final',61,4,327),(2028,6,'classify_2','final',61,4,325),(2029,1,'classify_2','final',61,5,322),(2030,2,'classify_2','final',61,5,324),(2031,3,'classify_2','final',61,5,326),(2032,4,'classify_2','final',61,5,323),(2033,5,'classify_2','final',61,5,327),(2034,6,'classify_2','final',61,5,325),(2035,1,'selection','final',64,3,337),(2036,1,'selection','final',64,3,338),(2037,1,'selection','final',64,3,339),(2038,1,'selection','final',64,3,340),(2039,1,'selection','final',64,3,341),(2040,1,'selection','final',64,3,342),(2041,1,'selection','final',64,3,343),(2042,1,'selection','final',64,4,337),(2043,1,'selection','final',64,4,338),(2044,1,'selection','final',64,4,339),(2045,1,'selection','final',64,4,340),(2046,1,'selection','final',64,4,341),(2047,1,'selection','final',64,4,342),(2048,1,'selection','final',64,4,343),(2049,1,'selection','final',64,5,337),(2050,1,'selection','final',64,5,338),(2051,1,'selection','final',64,5,339),(2052,1,'selection','final',64,5,340),(2053,1,'selection','final',64,5,341),(2054,1,'selection','final',64,5,342),(2055,1,'selection','final',64,5,343),(2056,1,'classify_1','final',64,5,337),(2057,2,'classify_1','final',64,5,339),(2058,3,'classify_1','final',64,5,341),(2059,4,'classify_1','final',64,5,338),(2060,5,'classify_1','final',64,5,342),(2061,6,'classify_1','final',64,5,340),(2062,7,'classify_1','final',64,5,343),(2063,1,'classify_1','final',64,4,339),(2064,2,'classify_1','final',64,4,337),(2065,3,'classify_1','final',64,4,341),(2066,4,'classify_1','final',64,4,338),(2067,5,'classify_1','final',64,4,342),(2068,6,'classify_1','final',64,4,340),(2069,7,'classify_1','final',64,4,343),(2070,1,'classify_1','final',64,3,337),(2071,2,'classify_1','final',64,3,339),(2072,3,'classify_1','final',64,3,341),(2073,4,'classify_1','final',64,3,338),(2074,5,'classify_1','final',64,3,342),(2075,6,'classify_1','final',64,3,340),(2076,7,'classify_1','final',64,3,343),(2077,1,'classify_2','final',64,3,337),(2078,2,'classify_2','final',64,3,339),(2079,3,'classify_2','final',64,3,341),(2080,4,'classify_2','final',64,3,338),(2081,5,'classify_2','final',64,3,342),(2082,6,'classify_2','final',64,3,340),(2083,1,'classify_2','final',64,4,339),(2084,2,'classify_2','final',64,4,337),(2085,3,'classify_2','final',64,4,341),(2086,4,'classify_2','final',64,4,338),(2087,5,'classify_2','final',64,4,342),(2088,6,'classify_2','final',64,4,340),(2089,1,'classify_2','final',64,5,337),(2090,2,'classify_2','final',64,5,339),(2091,3,'classify_2','final',64,5,341),(2092,4,'classify_2','final',64,5,338),(2093,5,'classify_2','final',64,5,342),(2094,6,'classify_2','final',64,5,340);

/*Table structure for table `tournaments` */

DROP TABLE IF EXISTS `tournaments`;

CREATE TABLE `tournaments` (
  `id` int(11) NOT NULL AUTO_INCREMENT,
  `description` varchar(200) NOT NULL,
  `date_begin` date DEFAULT NULL,
  `date_end` date DEFAULT NULL,
  `type` enum('jury','wjury') NOT NULL DEFAULT 'jury',
  `status` enum('inactive','active','deleted') NOT NULL DEFAULT 'inactive',
  PRIMARY KEY (`id`)
) ENGINE=InnoDB AUTO_INCREMENT=2 DEFAULT CHARSET=utf8;

/*Data for the table `tournaments` */

insert  into `tournaments`(`id`,`description`,`date_begin`,`date_end`,`type`,`status`) values (1,'XXXVII CONCURSO DEPARTAMENTAL DEL CABALLO PERUANO DE PASO','2015-11-06','2015-11-08','jury','active');

/*Table structure for table `users` */

DROP TABLE IF EXISTS `users`;

CREATE TABLE `users` (
  `id` int(11) NOT NULL AUTO_INCREMENT,
  `names` varchar(50) NOT NULL,
  `lastname` varchar(80) NOT NULL,
  `user` varchar(15) NOT NULL,
  `password` varchar(100) NOT NULL,
  `login` tinyint(1) NOT NULL DEFAULT '0',
  `remember_token` varchar(50) DEFAULT NULL,
  `profile` enum('admin','commissar','jury') NOT NULL,
  `status` enum('active','inactive') NOT NULL DEFAULT 'active',
  PRIMARY KEY (`id`)
) ENGINE=InnoDB AUTO_INCREMENT=6 DEFAULT CHARSET=utf8;

/*Data for the table `users` */

insert  into `users`(`id`,`names`,`lastname`,`user`,`password`,`login`,`remember_token`,`profile`,`status`) values (1,'Miguel','Pazo Sánchez','admin','$2y$10$4H4J2nPfxtfujPYxdcqAROboWri0X2C2La1FJY9KEQ6nY8TwIhS2e',0,'FfR7A1xqEo8fp0UJehgXXlw2JqcWf1JqV00yVHpRC2Jr52m9Te','admin','active'),(2,'Jose','Canario','comisario','$2y$10$jj9x0cNGKCb4YhnFzvSXZ.giSRpcpzT5LP8CcCQ.Az7l8CHNXWtom',0,'j7aDNNVUPhhPWHwBLQIrvGwdz0FvFQYKZaJ1ilgfftrEmOIGzf','commissar','active'),(3,'Roque','Benavides','jurado1','$2y$10$ZtAzyg6gtEH72hw6GpRUwOgOvcU87N4duubTA2pK7Eo78kHSaxVIi',0,'bDt2IX9JcYWackKX3kJETk5cbjyud5fjhFFVrm0v42Mh8x5CWD','jury','active'),(4,'Ernesto','Roca','jurado2','$2y$10$8fkJzO2lkPqx3egjIjGs1O8Vidti87xFDzmEwKAKCEoc4UQlKvI9a',0,'dHMD3EFGPIVtCWa9be8sEJ0tk3yQrSSV9JKJnH4U0cduwK2uHC','jury','active'),(5,'Luis Pablo','Vasquez','jurado3','$2y$10$4xwAE8n0d2c54cWdmt5RLurNiHk9hCIKw19ktKbmmoOXD15K5G.Aq',0,'xpQ3hwG2VPi4yj73HTrAApjO1bIyLYn1mIsNPkb2WfiIFskhpy','jury','active');

/*!40101 SET SQL_MODE=@OLD_SQL_MODE */;
/*!40014 SET FOREIGN_KEY_CHECKS=@OLD_FOREIGN_KEY_CHECKS */;
/*!40014 SET UNIQUE_CHECKS=@OLD_UNIQUE_CHECKS */;
/*!40111 SET SQL_NOTES=@OLD_SQL_NOTES */;
