/*
SQLyog Community v12.09 (64 bit)
MySQL - 10.1.9-MariaDB : Database - horses
*********************************************************************
*/

/*!40101 SET NAMES utf8 */;

/*!40101 SET SQL_MODE=''*/;

/*!40014 SET @OLD_UNIQUE_CHECKS=@@UNIQUE_CHECKS, UNIQUE_CHECKS=0 */;
/*!40014 SET @OLD_FOREIGN_KEY_CHECKS=@@FOREIGN_KEY_CHECKS, FOREIGN_KEY_CHECKS=0 */;
/*!40101 SET @OLD_SQL_MODE=@@SQL_MODE, SQL_MODE='NO_AUTO_VALUE_ON_ZERO' */;
/*!40111 SET @OLD_SQL_NOTES=@@SQL_NOTES, SQL_NOTES=0 */;
/*Table structure for table `agents` */

DROP TABLE IF EXISTS `agents`;

CREATE TABLE `agents` (
  `id` int(10) unsigned NOT NULL AUTO_INCREMENT,
  `prefix` varchar(20) DEFAULT NULL,
  `names` varchar(100) NOT NULL,
  `lastnames` varchar(100) DEFAULT NULL,
  `created_at` timestamp NULL DEFAULT NULL,
  `updated_at` timestamp NULL DEFAULT NULL,
  `deleted_at` timestamp NULL DEFAULT NULL,
  PRIMARY KEY (`id`)
) ENGINE=InnoDB AUTO_INCREMENT=1204 DEFAULT CHARSET=utf8;

/*Data for the table `agents` */

insert  into `agents`(`id`,`prefix`,`names`,`lastnames`,`created_at`,`updated_at`,`deleted_at`) values (949,'JTA','JUAN TUDELA ARAMBURU',NULL,'2016-02-17 00:01:33','2016-02-17 00:01:33',NULL),(950,NULL,'WILFREDO MONTALVO BERNILLA',NULL,'2016-02-17 00:01:33','2016-02-17 00:01:33',NULL),(951,NULL,'CARLOS RAMIREZ CHUPICA',NULL,'2016-02-17 00:01:33','2016-02-17 00:01:33',NULL),(952,'JCDCH','JOSE CARLOS DEXTRE CHACON',NULL,'2016-02-17 00:01:33','2016-02-17 00:01:33',NULL),(953,'JAGT','JOSE ALEJANDRO GOMEZ DE LA TORRE MIRANDA',NULL,'2016-02-17 00:01:33','2016-02-17 00:01:33',NULL),(954,'JOR','CRIADERO JOSE ANTONIO ONRUBIA ROMERO S.A.',NULL,'2016-02-17 00:01:33','2016-02-17 00:01:33',NULL),(955,'JPT','JORGE AUGUSTO PEREZ TAIMAN',NULL,'2016-02-17 00:01:33','2016-02-17 00:01:33',NULL),(956,'MRA','MIGUEL ARBULU ALVA',NULL,'2016-02-17 00:01:33','2016-02-17 00:01:33',NULL),(957,'JR','JOSE RISSO MONTES',NULL,'2016-02-17 00:01:33','2016-02-17 00:01:33',NULL),(958,'ERPB','ENRIQUE RIZO PATRON BAZO',NULL,'2016-02-17 00:01:33','2016-02-17 00:01:33',NULL),(959,'*FJ','FERNANDO JARQUIN PIRA',NULL,'2016-02-17 00:01:33','2016-02-17 00:01:33',NULL),(960,'JZ','JAIME URANGA BUSTOS/CRIADERO J.J.',NULL,'2016-02-17 00:01:33','2016-02-17 00:01:33',NULL),(961,'RFM','RAFAEL FRANCO MONTES',NULL,'2016-02-17 00:01:33','2016-02-17 00:01:33',NULL),(962,'R','CRIADERO R S.A.C.',NULL,'2016-02-17 00:01:33','2016-02-17 00:01:33',NULL),(963,'CBM','CESAR BENITES MENDOZA',NULL,'2016-02-17 00:01:33','2016-02-17 00:01:33',NULL),(964,'MSCRL','CRIADERO LA MAESTRANZA SCRL',NULL,'2016-02-17 00:01:33','2016-02-17 00:01:33',NULL),(965,'RCM','RENZO CAROZZI MORALES/CRIADERO EL CRIOLLO',NULL,'2016-02-17 00:01:33','2016-02-17 00:01:33',NULL),(966,'AZF','ABRAHAM ZAVALA FALCON',NULL,'2016-02-17 00:01:33','2016-02-17 00:01:33',NULL),(967,'KRA','KARL WILHELM REUSCHE ARAMBULO',NULL,'2016-02-17 00:01:33','2016-02-17 00:01:33',NULL),(968,'NEC','NATALIA ESTEVES CALDERON',NULL,'2016-02-17 00:01:33','2016-02-17 00:01:33',NULL),(969,'FyEP','FERNANDO Y ELSA PUGA',NULL,'2016-02-17 00:01:33','2016-02-17 00:01:33',NULL),(970,'AZ','ALBERTO DE AZAMBUJA PASARA',NULL,'2016-02-17 00:01:33','2016-02-17 00:01:33',NULL),(971,'CFF','CARLOS FUKUDA FUKUDA',NULL,'2016-02-17 00:01:33','2016-02-17 00:01:33',NULL),(972,'JMLL','JUAN MANUEL LLANOS RODRIGUEZ',NULL,'2016-02-17 00:01:33','2016-02-17 00:01:33',NULL),(973,'JRM','JOSE RISSO MATELLINI',NULL,'2016-02-17 00:01:33','2016-02-17 00:01:33',NULL),(974,'JD','JORGE DYER DE LAS CASAS',NULL,'2016-02-17 00:01:33','2016-02-17 00:01:33',NULL),(975,'VHHP','HUGO HUERTAS DEL PINO UTRILLA',NULL,'2016-02-17 00:01:33','2016-02-17 00:01:33',NULL),(976,'FESA','FIDEL ERNESTO SANCHEZ ALAYO',NULL,'2016-02-17 00:01:33','2016-02-17 00:01:33',NULL),(977,'LAG','LUIS ALEJANDRO GONZALEZ LEOPARDI',NULL,'2016-02-17 00:01:33','2016-02-17 00:01:33',NULL),(978,'FBB','FERNANDO BUSTAMANTE BELAUNDE',NULL,'2016-02-17 00:01:33','2016-02-17 00:01:33',NULL),(979,'JCK','JAVIER CLAUX KOECHLIN',NULL,'2016-02-17 00:01:33','2016-02-17 00:01:33',NULL),(980,'CEC','RENZO Y ROSSANA CAROZZI MORALES/CRIADERO EL CRIOLLO',NULL,'2016-02-17 00:01:33','2016-02-17 00:01:33',NULL),(981,'MLM','MICHAEL Y LINDA MEWHINNEY',NULL,'2016-02-17 00:01:33','2016-02-17 00:01:33',NULL),(982,'AHT','ANTONIO HUDTWALCKER TEIXEIRA',NULL,'2016-02-17 00:01:33','2016-02-17 00:01:33',NULL),(983,'BC','BELISARIO DE LAS CASAS PIEDRA',NULL,'2016-02-17 00:01:33','2016-02-17 00:01:33',NULL),(984,'FC','FERNANDO CERUTI COGORNO',NULL,'2016-02-17 00:01:33','2016-02-17 00:01:33',NULL),(985,'MEAA','MANUEL ENRIQUE ACU',NULL,'2016-02-17 00:01:33','2016-02-17 00:01:33',NULL),(986,'RHM','ROBERTO HOYLE MC CALLUM',NULL,'2016-02-17 00:01:33','2016-02-17 00:01:33',NULL),(987,'MMC','MANUEL MAZZI CASAS',NULL,'2016-02-17 00:01:33','2016-02-17 00:01:33',NULL),(988,'ARL','ALFREDO RUZO LOPEZ DE LA FUENTE',NULL,'2016-02-17 00:01:33','2016-02-17 00:01:33',NULL),(989,'LV','LUIS VASQUEZ NACARINO',NULL,'2016-02-17 00:01:33','2016-02-17 00:01:33',NULL),(990,'JFRN','JUAN FRANCISCO RAFFO NOVELLI / CRIADERO ALTO PRADO',NULL,'2016-02-17 00:01:33','2016-02-17 00:01:33',NULL),(991,'BSP','BLANCA SALCEDO DE PONCE',NULL,'2016-02-17 00:01:33','2016-02-17 00:01:33',NULL),(992,'SRT','SANTA ROSA Y TOMABAL S.A.C.',NULL,'2016-02-17 00:01:33','2016-02-17 00:01:33',NULL),(993,'CCMV','CECILIA MANNUCCI VEGA',NULL,'2016-02-17 00:01:33','2016-02-17 00:01:33',NULL),(994,'SFL','SUMIKO ROCIO FUKUDA LENCI',NULL,'2016-02-17 00:01:33','2016-02-17 00:01:33',NULL),(995,'JM','JUAN MANUEL RIZO PATRON B. E HIJAS',NULL,'2016-02-17 00:01:33','2016-02-17 00:01:33',NULL),(996,'BRR','BELISARIO ROSAS RAZETO',NULL,'2016-02-17 00:01:33','2016-02-17 00:01:33',NULL),(997,'ByEP','BARBARA Y ENRIQUE PRADO',NULL,'2016-02-17 00:01:33','2016-02-17 00:01:33',NULL),(998,'INP','ISMAEL NOYA DE LA PIEDRA',NULL,'2016-02-17 00:01:33','2016-02-17 00:01:33',NULL),(999,'CN','CERVECERIAS PERUANAS BACKUS S.A.A.',NULL,'2016-02-17 00:01:33','2016-02-17 00:01:33',NULL),(1000,'GAN','GONZALO ANDRADE NICOLI',NULL,'2016-02-17 00:01:33','2016-02-17 00:01:33',NULL),(1001,'RBC','RICARDO BUSTAMANTE CILLONIZ',NULL,'2016-02-17 00:01:33','2016-02-17 00:01:33',NULL),(1002,'BCD','BELISARIO DE LAS CASAS D\'ONOFRIO',NULL,'2016-02-17 00:01:33','2016-02-17 00:01:33',NULL),(1003,'ACZ','ARTURO CAVERO ZAVALA',NULL,'2016-02-17 00:01:33','2016-02-17 00:01:33',NULL),(1004,'ERM','EDUARDO RISSO MONTES',NULL,'2016-02-17 00:01:33','2016-02-17 00:01:33',NULL),(1005,'JBL','JUAN ARTURO BRESCIA LUGON',NULL,'2016-02-17 00:01:33','2016-02-17 00:01:33',NULL),(1006,'JVDZ','JORGE VILLACORTA DIAZ / CRIADERO LAZCAN',NULL,'2016-02-17 00:01:33','2016-02-17 00:01:33',NULL),(1007,'LSR','LUIS JOSE  SAENZ RAEZ',NULL,'2016-02-17 00:01:33','2016-02-17 00:01:33',NULL),(1008,'GCLP','GIORGIO CROLLE LORO PIANA',NULL,'2016-02-17 00:01:33','2016-02-17 00:01:33',NULL),(1009,'DMCB','DANIEL MEZA CUADRA BUCKLEY',NULL,'2016-02-17 00:01:33','2016-02-17 00:01:33',NULL),(1010,'VCB','VICTOR CASTRO BARBIERI',NULL,'2016-02-17 00:01:33','2016-02-17 00:01:33',NULL),(1011,'CVD','CARLOS VICENTE VILLACORTA DIAZ',NULL,'2016-02-17 00:01:33','2016-02-17 00:01:33',NULL),(1012,'JyEP','JULIO Y EDITH PESCHIERA',NULL,'2016-02-17 00:01:33','2016-02-17 00:01:33',NULL),(1013,'FER','FERNANDO RISSO MONTES',NULL,'2016-02-17 00:01:33','2016-02-17 00:01:33',NULL),(1014,'RCCL','RENZO CROLLE CLAUX',NULL,'2016-02-17 00:01:33','2016-02-17 00:01:33',NULL),(1015,'GBC','GEETA BALANI',NULL,'2016-02-17 00:01:33','2016-02-17 00:01:33',NULL),(1016,'OAMS','ALBERTO MASSARO SILVA',NULL,'2016-02-17 00:01:33','2016-02-17 00:01:33',NULL),(1017,'WPA','WALTER NERY PE',NULL,'2016-02-17 00:01:33','2016-02-17 00:01:33',NULL),(1018,'NVG','NAZARIO VILLAFUERTE GUARDIA',NULL,'2016-02-17 00:01:33','2016-02-17 00:01:33',NULL),(1019,'PYR','PABLO YSAUL RIVERA CHAVEZ',NULL,'2016-02-17 00:01:33','2016-02-17 00:01:33',NULL),(1020,'JJP','CRIADERO JORGE JUAN PINILLOS COX',NULL,'2016-02-17 00:01:33','2016-02-17 00:01:33',NULL),(1021,'NVF','NAZARIO VILLAFUERTE FALCON',NULL,'2016-02-17 00:01:33','2016-02-17 00:01:33',NULL),(1022,'OV','OSCAR VILCHEZ CHAMOCHUMBI',NULL,'2016-02-17 00:01:33','2016-02-17 00:01:33',NULL),(1023,'ALM','AURELIO LORET DE MOLA BOHME',NULL,'2016-02-17 00:01:33','2016-02-17 00:01:33',NULL),(1024,'ABB','JOSE ALBERTO BARRENA BERROSPI',NULL,'2016-02-17 00:01:33','2016-02-17 00:01:33',NULL),(1025,'FNC','JOSE LUIS NORIEGA ZEGARRA / CRIADERO NORIEGA HERMANOS',NULL,'2016-02-17 00:01:33','2016-02-17 00:01:33',NULL),(1026,'JLK','JUAN LUIS KRUGER CARRION',NULL,'2016-02-17 00:01:33','2016-02-17 00:01:33',NULL),(1027,'RHG','RICHARD HALE GARCIA',NULL,'2016-02-17 00:01:33','2016-02-17 00:01:33',NULL),(1028,'LSC','LUIS FERNANDO SUAREZ CA',NULL,'2016-02-17 00:01:33','2016-02-17 00:01:33',NULL),(1029,'*EG','EDIE GANDY',NULL,'2016-02-17 00:01:33','2016-02-17 00:01:33',NULL),(1030,'FCY','FRANCO CORNO YORI',NULL,'2016-02-17 00:01:33','2016-02-17 00:01:33',NULL),(1031,'RML','RAIMUNDO MORALES LLOSA',NULL,'2016-02-17 00:01:33','2016-02-17 00:01:33',NULL),(1032,'CYU','CARLOS YORI UMLAUFF',NULL,'2016-02-17 00:01:33','2016-02-17 00:01:33',NULL),(1033,NULL,'JUAN TUDELA ARAMBURU\r',NULL,'2016-02-17 00:01:33','2016-02-17 00:01:33',NULL),(1034,NULL,'CESAR VERA ARBAIZA\r',NULL,'2016-02-17 00:01:33','2016-02-17 00:01:33',NULL),(1035,NULL,'CARLOS RAMIREZ CHUPICA\r',NULL,'2016-02-17 00:01:33','2016-02-17 00:01:33',NULL),(1036,NULL,'JOSE CARLOS DEXTRE CHACON\r',NULL,'2016-02-17 00:01:33','2016-02-17 00:01:33',NULL),(1037,NULL,'JOSE ALEJANDRO GOMEZ DE LA TORRE MIRANDA\r',NULL,'2016-02-17 00:01:33','2016-02-17 00:01:33',NULL),(1038,NULL,'CRIADERO JOSE ANTONIO ONRUBIA ROMERO S.A.\r',NULL,'2016-02-17 00:01:33','2016-02-17 00:01:33',NULL),(1039,NULL,'JORGE AUGUSTO PEREZ TAIMAN\r',NULL,'2016-02-17 00:01:33','2016-02-17 00:01:33',NULL),(1040,NULL,'MIGUEL ARBULU ALVA\r',NULL,'2016-02-17 00:01:33','2016-02-17 00:01:33',NULL),(1041,NULL,'JOSE RISSO MONTES\r',NULL,'2016-02-17 00:01:33','2016-02-17 00:01:33',NULL),(1042,NULL,'ENRIQUE RIZO PATRON BAZO / HACIENDA MAMACONA\r',NULL,'2016-02-17 00:01:33','2016-02-17 00:01:33',NULL),(1043,NULL,'GINO GUIULFO GARCIA\r',NULL,'2016-02-17 00:01:33','2016-02-17 00:01:33',NULL),(1044,NULL,'FERNANDO JARQUIN PIRA\r',NULL,'2016-02-17 00:01:33','2016-02-17 00:01:33',NULL),(1045,NULL,'RAFAEL FRANCO MONTES\r',NULL,'2016-02-17 00:01:33','2016-02-17 00:01:33',NULL),(1046,NULL,'CRIADERO R S.A.C.\r',NULL,'2016-02-17 00:01:33','2016-02-17 00:01:33',NULL),(1047,NULL,'CESAR BENITES MENDOZA\r',NULL,'2016-02-17 00:01:33','2016-02-17 00:01:33',NULL),(1048,NULL,'CRIADERO LA MAESTRANZA SCRL\r',NULL,'2016-02-17 00:01:33','2016-02-17 00:01:33',NULL),(1049,NULL,'RENZO CAROZZI M/FABRIZIO Y ALESSANDRO CAROZZI S\r',NULL,'2016-02-17 00:01:33','2016-02-17 00:01:33',NULL),(1050,NULL,'ABRAHAM ZAVALA FALCON\r',NULL,'2016-02-17 00:01:33','2016-02-17 00:01:33',NULL),(1051,NULL,'NATALIA ESTEVES CALDERON\r',NULL,'2016-02-17 00:01:33','2016-02-17 00:01:33',NULL),(1052,NULL,'FERNANDO RISSO MONTES\r',NULL,'2016-02-17 00:01:33','2016-02-17 00:01:33',NULL),(1053,NULL,'FERNANDO Y ELSA PUGA\r',NULL,'2016-02-17 00:01:33','2016-02-17 00:01:33',NULL),(1054,NULL,'ALBERTO DE AZAMBUJA PASARA\r',NULL,'2016-02-17 00:01:33','2016-02-17 00:01:33',NULL),(1055,NULL,'CARLOS FUKUDA FUKUDA\r',NULL,'2016-02-17 00:01:33','2016-02-17 00:01:33',NULL),(1056,NULL,'JUAN MANUEL LLANOS RODRIGUEZ\r',NULL,'2016-02-17 00:01:33','2016-02-17 00:01:33',NULL),(1057,NULL,'JORGE DYER DE LAS CASAS\r',NULL,'2016-02-17 00:01:33','2016-02-17 00:01:33',NULL),(1058,NULL,'HUGO HUERTAS DEL PINO UTRILLA\r',NULL,'2016-02-17 00:01:33','2016-02-17 00:01:33',NULL),(1059,NULL,'FIDEL ERNESTO SANCHEZ ALAYO\r',NULL,'2016-02-17 00:01:33','2016-02-17 00:01:33',NULL),(1060,NULL,'ALFONSO VALMORE GARCIA GARCIA\r',NULL,'2016-02-17 00:01:33','2016-02-17 00:01:33',NULL),(1061,NULL,'HACIENDA SANTA ROSA S.A.C.\r',NULL,'2016-02-17 00:01:33','2016-02-17 00:01:33',NULL),(1062,NULL,'JAVIER CLAUX KOECHLIN\r',NULL,'2016-02-17 00:01:33','2016-02-17 00:01:33',NULL),(1063,NULL,'RENZO CAROZZI MORALES/CRIADERO EL CRIOLLO\r',NULL,'2016-02-17 00:01:33','2016-02-17 00:01:33',NULL),(1064,NULL,'ANTONIO HUDTWALCKER TEIXEIRA\r',NULL,'2016-02-17 00:01:33','2016-02-17 00:01:33',NULL),(1065,NULL,'BELISARIO DE LAS CASAS D\'ONOFRIO\r',NULL,'2016-02-17 00:01:33','2016-02-17 00:01:33',NULL),(1066,NULL,'HARAS EL MAYOR  S.A.\r',NULL,'2016-02-17 00:01:33','2016-02-17 00:01:33',NULL),(1067,NULL,'ROBERTO HOYLE MC CALLUM\r',NULL,'2016-02-17 00:01:33','2016-02-17 00:01:33',NULL),(1068,NULL,'ALFREDO RUZO LOPEZ DE LA FUENTE\r',NULL,'2016-02-17 00:01:33','2016-02-17 00:01:33',NULL),(1069,NULL,'BLANCA SALCEDO DE PONCE\r',NULL,'2016-02-17 00:01:33','2016-02-17 00:01:33',NULL),(1070,NULL,'SANTA ROSA Y TOMABAL S.A.C.\r',NULL,'2016-02-17 00:01:33','2016-02-17 00:01:33',NULL),(1071,NULL,'SUMIKO ROCIO FUKUDA LENCI\r',NULL,'2016-02-17 00:01:33','2016-02-17 00:01:33',NULL),(1072,NULL,'JUAN MANUEL RIZO PATRON B. E HIJAS\r',NULL,'2016-02-17 00:01:33','2016-02-17 00:01:33',NULL),(1073,NULL,'BELISARIO ROSAS RAZETO\r',NULL,'2016-02-17 00:01:33','2016-02-17 00:01:33',NULL),(1074,NULL,'BARBARA Y ENRIQUE PRADO\r',NULL,'2016-02-17 00:01:33','2016-02-17 00:01:33',NULL),(1075,NULL,'ISMAEL NOYA DE LA PIEDRA\r',NULL,'2016-02-17 00:01:33','2016-02-17 00:01:33',NULL),(1076,NULL,'GONZALO ANDRADE NICOLI\r',NULL,'2016-02-17 00:01:33','2016-02-17 00:01:33',NULL),(1077,NULL,'ARTURO CAVERO ZAVALA\r',NULL,'2016-02-17 00:01:33','2016-02-17 00:01:33',NULL),(1078,NULL,'JUAN ARTURO BRESCIA LUGON\r',NULL,'2016-02-17 00:01:33','2016-02-17 00:01:33',NULL),(1079,NULL,'JOSE LUIS NOGUERA ZAVALA / ANA SLOCOVICH DE NOGUERA\r',NULL,'2016-02-17 00:01:33','2016-02-17 00:01:33',NULL),(1080,NULL,'JENNY VILLAFUERTE FALCON\r',NULL,'2016-02-17 00:01:33','2016-02-17 00:01:33',NULL),(1081,NULL,'LUIS JOSE  SAENZ RAEZ\r',NULL,'2016-02-17 00:01:33','2016-02-17 00:01:33',NULL),(1082,NULL,'DANIEL MEZA CUADRA BUCKLEY\r',NULL,'2016-02-17 00:01:33','2016-02-17 00:01:33',NULL),(1083,NULL,'JORGE LUIS OTOYA CABRERA\r',NULL,'2016-02-17 00:01:33','2016-02-17 00:01:33',NULL),(1084,NULL,'GLADYS NELLY ALARCON CANCHARI\r',NULL,'2016-02-17 00:01:33','2016-02-17 00:01:33',NULL),(1085,NULL,'FIORELLA NADIA TOMATIS KORRODI\r',NULL,'2016-02-17 00:01:33','2016-02-17 00:01:33',NULL),(1086,NULL,'GIORGIO CROLLE LORO PIANA / ARTURO CAVERO ZAVALA\r',NULL,'2016-02-17 00:01:33','2016-02-17 00:01:33',NULL),(1087,NULL,'GEETA BALANI\r',NULL,'2016-02-17 00:01:33','2016-02-17 00:01:33',NULL),(1088,NULL,'ALBERTO MASSARO SILVA\r',NULL,'2016-02-17 00:01:33','2016-02-17 00:01:33',NULL),(1089,NULL,'GONZALO ANDRADE NICOLI/ASOC. TRADICIONES COSTUMBRISTAS\r',NULL,'2016-02-17 00:01:33','2016-02-17 00:01:33',NULL),(1090,NULL,'FERNANDO CERUTI COGORNO\r',NULL,'2016-02-17 00:01:33','2016-02-17 00:01:33',NULL),(1091,NULL,'NAZARIO VILLAFUERTE GUARDIA/NAZARIO VILLAFUERTE FALCON\r',NULL,'2016-02-17 00:01:33','2016-02-17 00:01:33',NULL),(1092,NULL,'ANIBAL ANTONIO LAVADO OLIVERA\r',NULL,'2016-02-17 00:01:33','2016-02-17 00:01:33',NULL),(1093,NULL,'CRIADERO JORGE JUAN PINILLOS COX\r',NULL,'2016-02-17 00:01:33','2016-02-17 00:01:33',NULL),(1094,NULL,'MICHAEL FOX RUDVALL\r',NULL,'2016-02-17 00:01:33','2016-02-17 00:01:33',NULL),(1095,NULL,'CARLOS PACHECO VILLAVICENCIO\r',NULL,'2016-02-17 00:01:33','2016-02-17 00:01:33',NULL),(1096,NULL,'AURELIO LORET DE MOLA BOHME\r',NULL,'2016-02-17 00:01:33','2016-02-17 00:01:33',NULL),(1097,NULL,'JOSE ALBERTO BARRENA BERROSPI\r',NULL,'2016-02-17 00:01:33','2016-02-17 00:01:33',NULL),(1098,NULL,'JORGE FRANCISCO DE LA FLOR BARATTA\r',NULL,'2016-02-17 00:01:33','2016-02-17 00:01:33',NULL),(1099,NULL,'MANUEL ANTONIO MANRIQUE FIGUEROA\r',NULL,'2016-02-17 00:01:33','2016-02-17 00:01:33',NULL),(1100,NULL,'JORGE VILLACORTA DIAZ / CRIADERO LAZCAN\r',NULL,'2016-02-17 00:01:33','2016-02-17 00:01:33',NULL),(1101,NULL,'FRANCO CORNO YORI / HUGO HUERTAS DEL PINO UTRILLA\r',NULL,'2016-02-17 00:01:33','2016-02-17 00:01:33',NULL),(1102,NULL,'LUIS CARLOS IGLESIAS LEON\r',NULL,'2016-02-17 00:01:33','2016-02-17 00:01:33',NULL),(1103,NULL,'LUIS HUMBERTO TRAVERSO RAMIREZ\r',NULL,'2016-02-17 00:01:33','2016-02-17 00:01:33',NULL);

/*Table structure for table `animal_agent` */

DROP TABLE IF EXISTS `animal_agent`;

CREATE TABLE `animal_agent` (
  `id` int(10) unsigned NOT NULL AUTO_INCREMENT,
  `animal_id` int(10) unsigned NOT NULL,
  `agent_id` int(10) unsigned NOT NULL,
  `type` enum('breeder','owner') NOT NULL,
  PRIMARY KEY (`id`),
  KEY `fk_animal_agents_animals1_idx` (`animal_id`),
  KEY `fk_animal_agents_agents1_idx` (`agent_id`),
  CONSTRAINT `fk_animal_agents_agents1` FOREIGN KEY (`agent_id`) REFERENCES `agents` (`id`) ON DELETE NO ACTION ON UPDATE NO ACTION,
  CONSTRAINT `fk_animal_agents_animals1` FOREIGN KEY (`animal_id`) REFERENCES `animals` (`id`) ON DELETE NO ACTION ON UPDATE NO ACTION
) ENGINE=InnoDB AUTO_INCREMENT=1685 DEFAULT CHARSET=utf8;

/*Data for the table `animal_agent` */

insert  into `animal_agent`(`id`,`animal_id`,`agent_id`,`type`) values (920,2098,989,'breeder'),(921,2105,952,'breeder'),(922,2106,1031,'breeder'),(923,2108,957,'breeder'),(924,2110,973,'breeder'),(925,2112,955,'breeder'),(926,2115,956,'breeder'),(927,2118,1003,'breeder'),(928,2124,1014,'breeder'),(929,2128,953,'breeder'),(930,2129,953,'breeder'),(931,2130,958,'breeder'),(932,2136,952,'breeder'),(933,2137,979,'breeder'),(934,2139,963,'breeder'),(935,2141,985,'breeder'),(936,2142,956,'breeder'),(937,2143,953,'breeder'),(938,2148,988,'breeder'),(939,2150,953,'breeder'),(940,2152,953,'breeder'),(941,2153,966,'breeder'),(942,2154,983,'breeder'),(943,2155,971,'breeder'),(944,2156,957,'breeder'),(945,2157,960,'breeder'),(946,2160,953,'breeder'),(947,2162,969,'breeder'),(948,2163,1030,'breeder'),(949,2165,956,'breeder'),(950,2167,956,'breeder'),(951,2168,972,'breeder'),(952,2169,957,'breeder'),(953,2170,1028,'breeder'),(954,2172,958,'breeder'),(955,2174,957,'breeder'),(956,2175,969,'breeder'),(957,2176,971,'breeder'),(958,2178,976,'breeder'),(959,2181,957,'breeder'),(960,2186,963,'breeder'),(961,2188,998,'breeder'),(962,2190,982,'breeder'),(963,2191,998,'breeder'),(964,2192,952,'breeder'),(965,2193,1022,'breeder'),(966,2195,972,'breeder'),(967,2197,956,'breeder'),(968,2199,974,'breeder'),(969,2201,970,'breeder'),(970,2204,1000,'breeder'),(971,2208,997,'breeder'),(972,2209,952,'breeder'),(973,2212,965,'breeder'),(974,2214,1020,'breeder'),(975,2215,966,'breeder'),(976,2218,970,'breeder'),(977,2219,1017,'breeder'),(978,2222,1002,'breeder'),(979,2224,968,'breeder'),(980,2227,969,'breeder'),(981,2232,959,'breeder'),(982,2236,983,'breeder'),(983,2237,978,'breeder'),(984,2238,976,'breeder'),(985,2239,952,'breeder'),(986,2240,965,'breeder'),(987,2241,1003,'breeder'),(988,2244,1009,'breeder'),(989,2245,1006,'breeder'),(990,2246,990,'breeder'),(991,2247,1006,'breeder'),(992,2248,952,'breeder'),(993,2251,971,'breeder'),(994,2256,963,'breeder'),(995,2257,976,'breeder'),(996,2259,989,'breeder'),(997,2260,996,'breeder'),(998,2264,1013,'breeder'),(999,2265,976,'breeder'),(1000,2272,1029,'breeder'),(1001,2274,976,'breeder'),(1002,2276,969,'breeder'),(1003,2277,956,'breeder'),(1004,2279,978,'breeder'),(1005,2282,969,'breeder'),(1006,2283,1004,'breeder'),(1007,2288,958,'breeder'),(1008,2289,1023,'breeder'),(1009,2290,1032,'breeder'),(1010,2294,982,'breeder'),(1011,2295,966,'breeder'),(1012,2296,980,'breeder'),(1013,2297,1016,'breeder'),(1014,2299,954,'breeder'),(1015,2304,970,'breeder'),(1016,2305,995,'breeder'),(1017,2308,954,'breeder'),(1018,2309,969,'breeder'),(1019,2310,986,'breeder'),(1020,2313,966,'breeder'),(1021,2315,954,'breeder'),(1022,2316,957,'breeder'),(1023,2317,957,'breeder'),(1024,2318,957,'breeder'),(1025,2322,964,'breeder'),(1026,2324,1015,'breeder'),(1027,2325,973,'breeder'),(1028,2326,1018,'breeder'),(1029,2333,966,'breeder'),(1030,2334,971,'breeder'),(1031,2335,954,'breeder'),(1032,2336,952,'breeder'),(1033,2341,994,'breeder'),(1034,2344,958,'breeder'),(1035,2347,972,'breeder'),(1036,2348,1008,'breeder'),(1037,2349,993,'breeder'),(1038,2356,964,'breeder'),(1039,2357,949,'breeder'),(1040,2361,1000,'breeder'),(1041,2363,1000,'breeder'),(1042,2364,981,'breeder'),(1043,2368,973,'breeder'),(1044,2370,982,'breeder'),(1045,2371,1001,'breeder'),(1046,2376,964,'breeder'),(1047,2380,992,'breeder'),(1048,2386,976,'breeder'),(1049,2387,956,'breeder'),(1050,2390,956,'breeder'),(1051,2394,956,'breeder'),(1052,2396,973,'breeder'),(1053,2403,949,'breeder'),(1054,2404,975,'breeder'),(1055,2405,972,'breeder'),(1056,2407,957,'breeder'),(1057,2408,1010,'breeder'),(1058,2409,970,'breeder'),(1059,2412,967,'breeder'),(1060,2413,961,'breeder'),(1061,2416,957,'breeder'),(1062,2417,1005,'breeder'),(1063,2418,957,'breeder'),(1064,2421,981,'breeder'),(1065,2424,960,'breeder'),(1066,2425,952,'breeder'),(1067,2428,977,'breeder'),(1068,2430,953,'breeder'),(1069,2432,964,'breeder'),(1070,2433,1025,'breeder'),(1071,2436,964,'breeder'),(1072,2437,974,'breeder'),(1073,2439,956,'breeder'),(1074,2440,1011,'breeder'),(1075,2444,1015,'breeder'),(1076,2449,957,'breeder'),(1077,2456,1012,'breeder'),(1078,2457,973,'breeder'),(1079,2458,957,'breeder'),(1080,2462,974,'breeder'),(1081,2463,958,'breeder'),(1082,2465,952,'breeder'),(1083,2467,952,'breeder'),(1084,2469,984,'breeder'),(1085,2471,991,'breeder'),(1086,2472,958,'breeder'),(1087,2475,1021,'breeder'),(1088,2479,958,'breeder'),(1089,2483,970,'breeder'),(1090,2484,969,'breeder'),(1091,2485,958,'breeder'),(1092,2488,958,'breeder'),(1093,2492,980,'breeder'),(1094,2494,1026,'breeder'),(1095,2506,1024,'breeder'),(1096,2509,971,'breeder'),(1097,2512,1003,'breeder'),(1098,2516,990,'breeder'),(1099,2518,960,'breeder'),(1100,2520,972,'breeder'),(1101,2522,954,'breeder'),(1102,2524,972,'breeder'),(1103,2525,954,'breeder'),(1104,2526,995,'breeder'),(1105,2529,972,'breeder'),(1106,2530,954,'breeder'),(1107,2534,1006,'breeder'),(1108,2535,1000,'breeder'),(1109,2536,1027,'breeder'),(1110,2541,973,'breeder'),(1111,2542,976,'breeder'),(1112,2543,1007,'breeder'),(1113,2545,998,'breeder'),(1114,2547,954,'breeder'),(1115,2548,995,'breeder'),(1116,2549,962,'breeder'),(1117,2554,1003,'breeder'),(1118,2555,999,'breeder'),(1119,2557,952,'breeder'),(1120,2559,987,'breeder'),(1121,2560,973,'breeder'),(1122,2563,984,'breeder'),(1123,2564,996,'breeder'),(1124,2567,1019,'breeder'),(1125,2568,952,'breeder'),(1126,2571,960,'breeder'),(1127,2572,956,'breeder'),(1175,2098,1063,'owner'),(1176,2105,1036,'owner'),(1177,2106,1102,'owner'),(1178,2108,1041,'owner'),(1179,2110,1061,'owner'),(1180,2112,1039,'owner'),(1181,2115,1043,'owner'),(1182,2118,1077,'owner'),(1183,2124,1086,'owner'),(1184,2128,1037,'owner'),(1185,2129,1037,'owner'),(1186,2130,1042,'owner'),(1187,2136,1036,'owner'),(1188,2137,1062,'owner'),(1189,2139,1047,'owner'),(1190,2141,985,'owner'),(1191,2142,1040,'owner'),(1192,2143,1037,'owner'),(1193,2148,1068,'owner'),(1194,2150,1037,'owner'),(1195,2152,1037,'owner'),(1196,2153,1050,'owner'),(1197,2154,1065,'owner'),(1198,2155,1055,'owner'),(1199,2156,1041,'owner'),(1200,2157,1045,'owner'),(1201,2160,1037,'owner'),(1202,2162,1053,'owner'),(1203,2163,1101,'owner'),(1204,2165,1040,'owner'),(1205,2167,1047,'owner'),(1206,2168,1056,'owner'),(1207,2169,1041,'owner'),(1208,2170,1028,'owner'),(1209,2172,1042,'owner'),(1210,2174,1041,'owner'),(1211,2175,1053,'owner'),(1212,2176,1055,'owner'),(1213,2178,1059,'owner'),(1214,2181,1041,'owner'),(1215,2186,1047,'owner'),(1216,2188,1084,'owner'),(1217,2190,1064,'owner'),(1218,2191,1075,'owner'),(1219,2192,1036,'owner'),(1220,2193,1095,'owner'),(1221,2195,1056,'owner'),(1222,2197,1040,'owner'),(1223,2199,1057,'owner'),(1224,2201,1054,'owner'),(1225,2204,1076,'owner'),(1226,2208,1074,'owner'),(1227,2209,1036,'owner'),(1228,2212,1049,'owner'),(1229,2214,1093,'owner'),(1230,2215,1050,'owner'),(1231,2218,1054,'owner'),(1232,2219,1017,'owner'),(1233,2222,1065,'owner'),(1234,2224,1051,'owner'),(1235,2227,1053,'owner'),(1236,2232,1044,'owner'),(1237,2236,1065,'owner'),(1238,2237,1059,'owner'),(1239,2238,1059,'owner'),(1240,2239,1036,'owner'),(1241,2240,1049,'owner'),(1242,2241,1077,'owner'),(1243,2242,1033,'owner'),(1244,2244,1082,'owner'),(1245,2245,1080,'owner'),(1246,2246,1048,'owner'),(1247,2247,1100,'owner'),(1248,2248,1036,'owner'),(1249,2251,1055,'owner'),(1250,2256,1047,'owner'),(1251,2257,1059,'owner'),(1252,2259,1047,'owner'),(1253,2260,1073,'owner'),(1254,2264,1052,'owner'),(1255,2265,1059,'owner'),(1256,2272,1094,'owner'),(1257,2274,1059,'owner'),(1258,2276,1053,'owner'),(1259,2277,1040,'owner'),(1260,2279,1059,'owner'),(1261,2282,1053,'owner'),(1262,2283,1043,'owner'),(1263,2288,1042,'owner'),(1264,2289,1096,'owner'),(1265,2290,1103,'owner'),(1266,2294,1094,'owner'),(1267,2295,1050,'owner'),(1268,2296,1063,'owner'),(1269,2297,1088,'owner'),(1270,2299,1038,'owner'),(1271,2304,1054,'owner'),(1272,2305,1072,'owner'),(1273,2308,1038,'owner'),(1274,2309,1053,'owner'),(1275,2310,1067,'owner'),(1276,2313,1052,'owner'),(1277,2315,1045,'owner'),(1278,2316,1041,'owner'),(1279,2317,1041,'owner'),(1280,2318,1041,'owner'),(1281,2322,1048,'owner'),(1282,2324,1087,'owner'),(1283,2325,1041,'owner'),(1284,2326,1091,'owner'),(1285,2332,1035,'owner'),(1286,2333,1085,'owner'),(1287,2334,1055,'owner'),(1288,2335,1038,'owner'),(1289,2336,1036,'owner'),(1290,2341,1071,'owner'),(1291,2344,1042,'owner'),(1292,2347,1056,'owner'),(1293,2348,1034,'owner'),(1294,2349,1054,'owner'),(1295,2356,1048,'owner'),(1296,2357,1033,'owner'),(1297,2361,1089,'owner'),(1298,2363,1076,'owner'),(1299,2364,1047,'owner'),(1300,2368,1050,'owner'),(1301,2370,1064,'owner'),(1302,2371,1043,'owner'),(1303,2376,1043,'owner'),(1304,2380,1070,'owner'),(1305,2386,1059,'owner'),(1306,2387,1047,'owner'),(1307,2390,1047,'owner'),(1308,2394,1040,'owner'),(1309,2396,1045,'owner'),(1310,2403,1033,'owner'),(1311,2404,1058,'owner'),(1312,2405,1056,'owner'),(1313,2407,1041,'owner'),(1314,2408,1084,'owner'),(1315,2409,1054,'owner'),(1316,2412,1040,'owner'),(1317,2413,1045,'owner'),(1318,2416,1041,'owner'),(1319,2417,1078,'owner'),(1320,2418,1041,'owner'),(1321,2421,1045,'owner'),(1322,2423,1034,'owner'),(1323,2424,1044,'owner'),(1324,2425,1036,'owner'),(1325,2428,1060,'owner'),(1326,2430,1037,'owner'),(1327,2432,1048,'owner'),(1328,2433,1098,'owner'),(1329,2436,1048,'owner'),(1330,2437,1083,'owner'),(1331,2439,1047,'owner'),(1332,2440,1060,'owner'),(1333,2444,1087,'owner'),(1334,2449,1041,'owner'),(1335,2456,1075,'owner'),(1336,2457,1046,'owner'),(1337,2458,1041,'owner'),(1338,2462,1057,'owner'),(1339,2463,1042,'owner'),(1340,2465,1036,'owner'),(1341,2467,1036,'owner'),(1342,2469,1066,'owner'),(1343,2471,1069,'owner'),(1344,2472,1042,'owner'),(1345,2475,1091,'owner'),(1346,2479,1043,'owner'),(1347,2483,1054,'owner'),(1348,2484,1053,'owner'),(1349,2485,1042,'owner'),(1350,2488,1042,'owner'),(1351,2492,1063,'owner'),(1352,2494,1099,'owner'),(1353,2506,1097,'owner'),(1354,2509,1055,'owner'),(1355,2512,1077,'owner'),(1356,2516,1060,'owner'),(1357,2518,1059,'owner'),(1358,2520,1056,'owner'),(1359,2522,1038,'owner'),(1360,2524,1056,'owner'),(1361,2525,1038,'owner'),(1362,2526,1072,'owner'),(1363,2529,1056,'owner'),(1364,2530,1038,'owner'),(1365,2534,1100,'owner'),(1366,2535,1076,'owner'),(1367,2536,1059,'owner'),(1368,2541,1045,'owner'),(1369,2542,1059,'owner'),(1370,2543,1081,'owner'),(1371,2545,1075,'owner'),(1372,2547,1038,'owner'),(1373,2548,1072,'owner'),(1374,2549,1046,'owner'),(1375,2554,1077,'owner'),(1376,2555,1059,'owner'),(1377,2557,1079,'owner'),(1378,2559,1062,'owner'),(1379,2560,1050,'owner'),(1380,2563,1090,'owner'),(1381,2564,1073,'owner'),(1382,2567,1092,'owner'),(1383,2568,1036,'owner'),(1384,2571,1059,'owner'),(1385,2572,1047,'owner'),(1430,2113,949,'breeder'),(1431,2149,949,'breeder'),(1432,2419,952,'breeder'),(1433,2443,952,'breeder'),(1434,2125,953,'breeder'),(1435,2146,953,'breeder'),(1436,2123,953,'breeder'),(1437,2486,954,'breeder'),(1438,2234,954,'breeder'),(1439,2281,954,'breeder'),(1440,2498,954,'breeder'),(1441,2353,954,'breeder'),(1442,2300,954,'breeder'),(1443,2194,955,'breeder'),(1444,2391,956,'breeder'),(1445,2319,956,'breeder'),(1446,2550,956,'breeder'),(1447,2388,956,'breeder'),(1448,2422,956,'breeder'),(1449,2164,957,'breeder'),(1450,2487,957,'breeder'),(1451,2385,957,'breeder'),(1452,2354,957,'breeder'),(1453,2538,957,'breeder'),(1454,2120,958,'breeder'),(1455,2343,958,'breeder'),(1456,2252,958,'breeder'),(1457,2507,958,'breeder'),(1458,2477,958,'breeder'),(1459,2569,960,'breeder'),(1460,2511,960,'breeder'),(1461,2320,960,'breeder'),(1462,2338,960,'breeder'),(1463,2131,960,'breeder'),(1464,2203,964,'breeder'),(1465,2323,964,'breeder'),(1466,2381,964,'breeder'),(1467,2373,964,'breeder'),(1468,2202,964,'breeder'),(1469,2523,964,'breeder'),(1470,2293,966,'breeder'),(1471,2330,966,'breeder'),(1472,2138,966,'breeder'),(1473,2159,966,'breeder'),(1474,2442,969,'breeder'),(1475,2207,969,'breeder'),(1476,2144,969,'breeder'),(1477,2096,969,'breeder'),(1478,2561,970,'breeder'),(1479,2302,970,'breeder'),(1480,2491,970,'breeder'),(1481,2126,970,'breeder'),(1482,2502,970,'breeder'),(1483,2411,970,'breeder'),(1484,2100,970,'breeder'),(1485,2482,970,'breeder'),(1486,2342,970,'breeder'),(1487,2250,971,'breeder'),(1488,2177,971,'breeder'),(1489,2451,971,'breeder'),(1490,2231,971,'breeder'),(1491,2328,971,'breeder'),(1492,2514,971,'breeder'),(1493,2378,971,'breeder'),(1494,2434,972,'breeder'),(1495,2397,972,'breeder'),(1496,2104,972,'breeder'),(1497,2350,972,'breeder'),(1498,2229,973,'breeder'),(1499,2460,973,'breeder'),(1500,2384,973,'breeder'),(1501,2362,973,'breeder'),(1502,2497,973,'breeder'),(1503,2454,973,'breeder'),(1504,2410,973,'breeder'),(1505,2220,973,'breeder'),(1506,2312,973,'breeder'),(1507,2476,973,'breeder'),(1508,2103,973,'breeder'),(1509,2401,973,'breeder'),(1510,2184,973,'breeder'),(1511,2366,973,'breeder'),(1512,2499,973,'breeder'),(1513,2452,973,'breeder'),(1514,2233,973,'breeder'),(1515,2438,973,'breeder'),(1516,2360,973,'breeder'),(1517,2464,973,'breeder'),(1518,2374,973,'breeder'),(1519,2173,974,'breeder'),(1520,2135,974,'breeder'),(1521,2474,974,'breeder'),(1522,2102,974,'breeder'),(1523,2116,974,'breeder'),(1524,2570,974,'breeder'),(1525,2147,974,'breeder'),(1526,2122,974,'breeder'),(1527,2269,976,'breeder'),(1528,2556,977,'breeder'),(1529,2414,977,'breeder'),(1530,2552,977,'breeder'),(1531,2539,978,'breeder'),(1532,2182,978,'breeder'),(1533,2551,978,'breeder'),(1534,2566,980,'breeder'),(1535,2226,981,'breeder'),(1536,2519,982,'breeder'),(1537,2158,982,'breeder'),(1538,2398,982,'breeder'),(1539,2490,982,'breeder'),(1540,2216,982,'breeder'),(1541,2367,982,'breeder'),(1542,2286,982,'breeder'),(1543,2109,983,'breeder'),(1544,2544,983,'breeder'),(1545,2254,983,'breeder'),(1546,2223,983,'breeder'),(1547,2255,984,'breeder'),(1548,2117,984,'breeder'),(1549,2359,984,'breeder'),(1550,2395,984,'breeder'),(1551,2145,985,'breeder'),(1552,2132,985,'breeder'),(1553,2133,985,'breeder'),(1554,2111,985,'breeder'),(1555,2140,985,'breeder'),(1556,2314,986,'breeder'),(1557,2558,987,'breeder'),(1558,2532,989,'breeder'),(1559,2379,989,'breeder'),(1560,2097,989,'breeder'),(1561,2211,989,'breeder'),(1562,2121,989,'breeder'),(1563,2346,989,'breeder'),(1564,2291,989,'breeder'),(1565,2455,989,'breeder'),(1566,2382,989,'breeder'),(1567,2285,989,'breeder'),(1568,2393,989,'breeder'),(1569,2307,989,'breeder'),(1570,2500,989,'breeder'),(1571,2114,990,'breeder'),(1572,2400,990,'breeder'),(1573,2537,991,'breeder'),(1574,2489,991,'breeder'),(1575,2358,995,'breeder'),(1576,2383,996,'breeder'),(1577,2189,998,'breeder'),(1578,2206,998,'breeder'),(1579,2415,999,'breeder'),(1580,2553,999,'breeder'),(1581,2562,999,'breeder'),(1582,2399,1000,'breeder'),(1583,2466,1001,'breeder'),(1584,2351,1004,'breeder'),(1585,2504,1004,'breeder'),(1586,2198,1004,'breeder'),(1587,2501,1004,'breeder'),(1588,2505,1004,'breeder'),(1589,2331,1004,'breeder'),(1590,2284,1004,'breeder'),(1591,2266,1004,'breeder'),(1592,2377,1004,'breeder'),(1593,2270,1004,'breeder'),(1594,2426,1006,'breeder'),(1595,2540,1006,'breeder'),(1596,2306,1006,'breeder'),(1597,2185,1006,'breeder'),(1598,2369,1007,'breeder'),(1599,2187,1008,'breeder'),(1600,2493,1008,'breeder'),(1601,2171,1009,'breeder'),(1602,2352,1010,'breeder'),(1603,2372,1010,'breeder'),(1604,2249,1011,'breeder'),(1605,2445,1012,'breeder'),(1606,2481,1012,'breeder'),(1607,2515,1014,'breeder'),(1608,2134,1015,'breeder'),(1609,2179,1016,'breeder'),(1610,2119,1016,'breeder'),(1611,2453,1018,'breeder'),(1612,2470,1019,'breeder'),(1613,2327,1020,'breeder'),(1614,2533,1020,'breeder'),(1615,2478,1021,'breeder'),(1616,2446,1022,'breeder'),(1617,2303,1023,'breeder'),(1618,2513,1024,'breeder'),(1619,2517,1025,'breeder'),(1620,2340,1025,'breeder'),(1621,2406,1026,'breeder'),(1622,2196,1027,'breeder'),(1623,2161,1028,'breeder'),(1624,2337,1032,'breeder'),(1625,2127,1032,'breeder');

/*Table structure for table `animals` */

DROP TABLE IF EXISTS `animals`;

CREATE TABLE `animals` (
  `id` int(10) unsigned NOT NULL AUTO_INCREMENT,
  `code` varchar(20) DEFAULT NULL,
  `name` varchar(60) NOT NULL,
  `birthdate` datetime DEFAULT NULL,
  `mom` int(10) unsigned DEFAULT NULL,
  `dad` int(10) unsigned DEFAULT NULL,
  `gender` enum('female','male') DEFAULT NULL,
  `created_at` timestamp NULL DEFAULT NULL,
  `updated_at` timestamp NULL DEFAULT NULL,
  `deleted_at` timestamp NULL DEFAULT NULL,
  PRIMARY KEY (`id`),
  KEY `fk_animals_animals1_idx` (`dad`),
  CONSTRAINT `fk_animals_animals1` FOREIGN KEY (`dad`) REFERENCES `animals` (`id`) ON DELETE NO ACTION ON UPDATE NO ACTION
) ENGINE=InnoDB AUTO_INCREMENT=2607 DEFAULT CHARSET=utf8;

/*Data for the table `animals` */

insert  into `animals`(`id`,`code`,`name`,`birthdate`,`mom`,`dad`,`gender`,`created_at`,`updated_at`,`deleted_at`) values (2096,NULL,'ACIERTO',NULL,NULL,NULL,'male','2016-02-17 00:01:48','2016-02-17 00:01:48',NULL),(2097,NULL,'ACTOR',NULL,NULL,NULL,'male','2016-02-17 00:01:48','2016-02-17 00:01:48',NULL),(2098,'YN-13760','ACTORA','2006-12-28 00:00:00',2455,2097,NULL,'2016-02-17 00:01:48','2016-02-17 00:01:48',NULL),(2099,NULL,'ACTRIZ',NULL,NULL,NULL,'female','2016-02-17 00:01:48','2016-02-17 00:01:48',NULL),(2100,NULL,'ACUARELA',NULL,NULL,NULL,'female','2016-02-17 00:01:48','2016-02-17 00:01:48',NULL),(2101,NULL,'ADINERADA CAYALTI',NULL,NULL,NULL,'female','2016-02-17 00:01:48','2016-02-17 00:01:48',NULL),(2102,NULL,'AFRICA',NULL,NULL,NULL,'female','2016-02-17 00:01:48','2016-02-17 00:01:48',NULL),(2103,NULL,'AFRICANA',NULL,NULL,NULL,'female','2016-02-17 00:01:48','2016-02-17 00:01:48',NULL),(2104,NULL,'AGRESOR',NULL,NULL,NULL,'male','2016-02-17 00:01:48','2016-02-17 00:01:48',NULL),(2105,'YN-18021','AGRESORA-TE','2014-03-21 00:00:00',2147,2104,NULL,'2016-02-17 00:01:48','2016-02-17 00:01:48',NULL),(2106,'PN-07275','AGUAYMANTO','2005-11-06 00:00:00',2311,2097,NULL,'2016-02-17 00:01:48','2016-02-17 00:01:48',NULL),(2107,NULL,'ALBILLA',NULL,NULL,NULL,'female','2016-02-17 00:01:48','2016-02-17 00:01:48',NULL),(2108,'PN-09981','ALBOROTO','2013-08-01 00:00:00',2145,2221,NULL,'2016-02-17 00:01:48','2016-02-17 00:01:48',NULL),(2109,NULL,'ALEGRIA',NULL,NULL,NULL,'female','2016-02-17 00:01:48','2016-02-17 00:01:48',NULL),(2110,'YN-15152','ALEGRIA','2009-09-08 00:00:00',2220,2284,NULL,'2016-02-17 00:01:48','2016-02-17 00:01:48',NULL),(2111,NULL,'ALENTADORA',NULL,NULL,NULL,'female','2016-02-17 00:01:48','2016-02-17 00:01:48',NULL),(2112,'YN-18047','ALGECIRAS','2014-03-25 00:00:00',2194,2519,NULL,'2016-02-17 00:01:48','2016-02-17 00:01:48',NULL),(2113,NULL,'ALHELI',NULL,NULL,NULL,'female','2016-02-17 00:01:48','2016-02-17 00:01:48',NULL),(2114,NULL,'ALIESKA',NULL,NULL,NULL,'female','2016-02-17 00:01:48','2016-02-17 00:01:48',NULL),(2115,'YN-17786','ALMIBARADA','2013-10-23 00:00:00',2319,2339,NULL,'2016-02-17 00:01:48','2016-02-17 00:01:48',NULL),(2116,NULL,'ALOMA',NULL,NULL,NULL,'female','2016-02-17 00:01:48','2016-02-17 00:01:48',NULL),(2117,NULL,'ALTANERA',NULL,NULL,NULL,'female','2016-02-17 00:01:48','2016-02-17 00:01:48',NULL),(2118,'CN-01260','ALTANERO','2003-06-14 00:00:00',2298,2382,NULL,'2016-02-17 00:01:48','2016-02-17 00:01:48',NULL),(2119,NULL,'ALTANERO',NULL,NULL,NULL,'male','2016-02-17 00:01:48','2016-02-17 00:01:48',NULL),(2120,NULL,'ALTIVA',NULL,NULL,NULL,'female','2016-02-17 00:01:48','2016-02-17 00:01:48',NULL),(2121,NULL,'ALTIVO',NULL,NULL,NULL,'male','2016-02-17 00:01:48','2016-02-17 00:01:48',NULL),(2122,NULL,'AMBAR',NULL,NULL,NULL,'female','2016-02-17 00:01:48','2016-02-17 00:01:48',NULL),(2123,NULL,'AMBROSIA',NULL,NULL,NULL,'female','2016-02-17 00:01:48','2016-02-17 00:01:48',NULL),(2124,'PN-10649','AMIGO-TE','2014-03-25 00:00:00',2515,2519,NULL,'2016-02-17 00:01:48','2016-02-17 00:01:48',NULL),(2125,NULL,'AMIR',NULL,NULL,NULL,'male','2016-02-17 00:01:48','2016-02-17 00:01:48',NULL),(2126,NULL,'ANASTASIA',NULL,NULL,NULL,'female','2016-02-17 00:01:48','2016-02-17 00:01:48',NULL),(2127,NULL,'ANDARITA',NULL,NULL,NULL,'female','2016-02-17 00:01:48','2016-02-17 00:01:48',NULL),(2128,'YN-16131','ANFITRIONA-TE','2012-05-06 00:00:00',2374,2360,NULL,'2016-02-17 00:01:48','2016-02-17 00:01:48',NULL),(2129,'YN-18074','ANTICUARIA','2014-03-22 00:00:00',2123,2448,NULL,'2016-02-17 00:01:48','2016-02-17 00:01:48',NULL),(2130,'YN-15897','ANTOLOGIA','2011-03-24 00:00:00',2120,2196,NULL,'2016-02-17 00:01:48','2016-02-17 00:01:48',NULL),(2131,NULL,'APOLO',NULL,NULL,NULL,'male','2016-02-17 00:01:48','2016-02-17 00:01:48',NULL),(2132,NULL,'APRECIADO',NULL,NULL,NULL,'male','2016-02-17 00:01:48','2016-02-17 00:01:48',NULL),(2133,NULL,'APURIMAC',NULL,NULL,NULL,'female','2016-02-17 00:01:48','2016-02-17 00:01:48',NULL),(2134,NULL,'ARIANA',NULL,NULL,NULL,'female','2016-02-17 00:01:48','2016-02-17 00:01:48',NULL),(2135,NULL,'ARMENIA',NULL,NULL,NULL,'female','2016-02-17 00:01:48','2016-02-17 00:01:48',NULL),(2136,'CN-02601','ARMERO','2011-06-30 00:00:00',2135,2462,NULL,'2016-02-17 00:01:48','2016-02-17 00:01:48',NULL),(2137,'YN-14775','AROMATICA','2009-12-20 00:00:00',2116,2258,NULL,'2016-02-17 00:01:48','2016-02-17 00:01:48',NULL),(2138,NULL,'ARRIBA PERU',NULL,NULL,NULL,'male','2016-02-17 00:01:48','2016-02-17 00:01:48',NULL),(2139,'YN-17530','ARROGANCIA','2013-01-01 00:00:00',2285,2097,NULL,'2016-02-17 00:01:48','2016-02-17 00:01:48',NULL),(2140,NULL,'ASIA',NULL,NULL,NULL,'female','2016-02-17 00:01:48','2016-02-17 00:01:48',NULL),(2141,'YN-14374','ASIA II','2009-05-19 00:00:00',2140,2173,NULL,'2016-02-17 00:01:48','2016-02-17 00:01:48',NULL),(2142,'YN-17731','ASOMBRADA','2013-07-18 00:00:00',2527,2339,NULL,'2016-02-17 00:01:48','2016-02-17 00:01:48',NULL),(2143,'PN-10374','AUTOR','2013-10-11 00:00:00',2374,2339,NULL,'2016-02-17 00:01:48','2016-02-17 00:01:48',NULL),(2144,NULL,'AVENTURA',NULL,NULL,NULL,'female','2016-02-17 00:01:48','2016-02-17 00:01:48',NULL),(2145,NULL,'AVENTURA',NULL,NULL,NULL,'female','2016-02-17 00:01:48','2016-02-17 00:01:48',NULL),(2146,NULL,'AZAROSA',NULL,NULL,NULL,'female','2016-02-17 00:01:48','2016-02-17 00:01:48',NULL),(2147,NULL,'AZUCAR',NULL,NULL,NULL,'female','2016-02-17 00:01:48','2016-02-17 00:01:48',NULL),(2148,'YN-16983','AZUCENA','2008-09-15 00:00:00',2187,2513,NULL,'2016-02-17 00:01:48','2016-02-17 00:01:48',NULL),(2149,NULL,'AZUCENA',NULL,NULL,NULL,'female','2016-02-17 00:01:48','2016-02-17 00:01:48',NULL),(2150,'YN-16021','AZUCENA-TE','2011-11-10 00:00:00',2184,2360,NULL,'2016-02-17 00:01:48','2016-02-17 00:01:48',NULL),(2151,NULL,'BANDOLERO',NULL,NULL,NULL,'male','2016-02-17 00:01:48','2016-02-17 00:01:48',NULL),(2152,'PN-10057','BARBARESCO','2013-04-03 00:00:00',2123,2125,NULL,'2016-02-17 00:01:48','2016-02-17 00:01:48',NULL),(2153,'YN-14029','BARCELONA','2008-09-27 00:00:00',2330,2263,NULL,'2016-02-17 00:01:48','2016-02-17 00:01:48',NULL),(2154,'YN-12842','BELLA HURI','2004-10-09 00:00:00',2223,2254,NULL,'2016-02-17 00:01:48','2016-02-17 00:01:48',NULL),(2155,'YN-15428','BELLA LUZ','2009-12-05 00:00:00',2378,2561,NULL,'2016-02-17 00:01:48','2016-02-17 00:01:48',NULL),(2156,'YN-15775','BELLEZA','2011-09-16 00:00:00',2159,2454,NULL,'2016-02-17 00:01:48','2016-02-17 00:01:48',NULL),(2157,'YN-16997','BISKAIA-TE','2013-11-03 00:00:00',2320,2331,NULL,'2016-02-17 00:01:48','2016-02-17 00:01:48',NULL),(2158,NULL,'BOLERO',NULL,NULL,NULL,'male','2016-02-17 00:01:48','2016-02-17 00:01:48',NULL),(2159,NULL,'BONANZA',NULL,NULL,NULL,'female','2016-02-17 00:01:48','2016-02-17 00:01:48',NULL),(2160,'YN-16766','BRISA','2012-07-01 00:00:00',2146,2221,NULL,'2016-02-17 00:01:48','2016-02-17 00:01:48',NULL),(2161,NULL,'BRUJA DE CACHICHE',NULL,NULL,NULL,'female','2016-02-17 00:01:48','2016-02-17 00:01:48',NULL),(2162,'YN-14067','BRUMA','2008-06-02 00:00:00',2442,2203,NULL,'2016-02-17 00:01:48','2016-02-17 00:01:48',NULL),(2163,'PN-07644','BUEN MOZO','2006-04-19 00:00:00',2166,2337,NULL,'2016-02-17 00:01:48','2016-02-17 00:01:48',NULL),(2164,NULL,'BUENA LUZ',NULL,NULL,NULL,'female','2016-02-17 00:01:48','2016-02-17 00:01:48',NULL),(2165,'YN-18213','BUENA MOZA','2014-06-05 00:00:00',2422,2339,NULL,'2016-02-17 00:01:48','2016-02-17 00:01:48',NULL),(2166,NULL,'BUGAMBILLA',NULL,NULL,NULL,'female','2016-02-17 00:01:48','2016-02-17 00:01:48',NULL),(2167,'CN-02503','BUJAMERO','2011-01-03 00:00:00',2550,2351,NULL,'2016-02-17 00:01:48','2016-02-17 00:01:48',NULL),(2168,'YN-16542','BULERIA','2011-02-20 00:00:00',2107,2287,NULL,'2016-02-17 00:01:48','2016-02-17 00:01:48',NULL),(2169,'YN-17007','BURUNDANGA','2013-07-01 00:00:00',2164,2221,NULL,'2016-02-17 00:01:48','2016-02-17 00:01:48',NULL),(2170,'PN-09965','CACHICHE','2005-08-28 00:00:00',2161,2352,NULL,'2016-02-17 00:01:48','2016-02-17 00:01:48',NULL),(2171,NULL,'CACHINA',NULL,NULL,NULL,'female','2016-02-17 00:01:48','2016-02-17 00:01:48',NULL),(2172,'PN-10389','CADIZ','2013-09-26 00:00:00',2507,2221,NULL,'2016-02-17 00:01:48','2016-02-17 00:01:48',NULL),(2173,NULL,'CALUPE',NULL,NULL,NULL,'male','2016-02-17 00:01:48','2016-02-17 00:01:48',NULL),(2174,'YN-15773','CAMELIA','2011-07-20 00:00:00',2384,2454,NULL,'2016-02-17 00:01:48','2016-02-17 00:01:48',NULL),(2175,'PN-08371','CAMINANTE','2009-07-17 00:00:00',2207,2097,NULL,'2016-02-17 00:01:48','2016-02-17 00:01:48',NULL),(2176,'PN-10446','CAMPEADOR','2014-01-04 00:00:00',2177,2360,NULL,'2016-02-17 00:01:48','2016-02-17 00:01:48',NULL),(2177,NULL,'CAMPEADORA',NULL,NULL,NULL,'female','2016-02-17 00:01:48','2016-02-17 00:01:48',NULL),(2178,'CN-02479','CANCILLER-TE','2011-01-15 00:00:00',2269,2097,NULL,'2016-02-17 00:01:48','2016-02-17 00:01:48',NULL),(2179,NULL,'CANDELA',NULL,NULL,NULL,'female','2016-02-17 00:01:48','2016-02-17 00:01:48',NULL),(2180,NULL,'CANDELARIA',NULL,NULL,NULL,'female','2016-02-17 00:01:48','2016-02-17 00:01:48',NULL),(2181,'YN-16277','CANDELARIA','2012-07-01 00:00:00',2384,2454,NULL,'2016-02-17 00:01:48','2016-02-17 00:01:48',NULL),(2182,NULL,'CANDILEJA',NULL,NULL,NULL,'female','2016-02-17 00:01:48','2016-02-17 00:01:48',NULL),(2183,NULL,'CANELA',NULL,NULL,NULL,'female','2016-02-17 00:01:48','2016-02-17 00:01:48',NULL),(2184,NULL,'CAPITANA',NULL,NULL,NULL,'female','2016-02-17 00:01:48','2016-02-17 00:01:48',NULL),(2185,NULL,'CAPRICHO',NULL,NULL,NULL,'female','2016-02-17 00:01:48','2016-02-17 00:01:48',NULL),(2186,'YN-16899','CAPRICHOSA','2012-03-01 00:00:00',2205,2097,NULL,'2016-02-17 00:01:48','2016-02-17 00:01:48',NULL),(2187,NULL,'CAPULI',NULL,NULL,NULL,'female','2016-02-17 00:01:48','2016-02-17 00:01:48',NULL),(2188,'CN-01468','CARACOL','2004-01-16 00:00:00',2189,2392,NULL,'2016-02-17 00:01:48','2016-02-17 00:01:48',NULL),(2189,NULL,'CARACOLETA',NULL,NULL,NULL,'female','2016-02-17 00:01:48','2016-02-17 00:01:48',NULL),(2190,'PN-09609','CARLO MAGNO','2012-04-27 00:00:00',2367,2490,NULL,'2016-02-17 00:01:48','2016-02-17 00:01:48',NULL),(2191,'CN-02083','CARLO MAGNO','2008-09-13 00:00:00',2545,2440,NULL,'2016-02-17 00:01:48','2016-02-17 00:01:48',NULL),(2192,'YN-17561','CAROZA','2013-01-12 00:00:00',2185,2284,NULL,'2016-02-17 00:01:48','2016-02-17 00:01:48',NULL),(2193,'PN-08642','CASIQUE','2008-04-15 00:00:00',2446,2441,NULL,'2016-02-17 00:01:48','2016-02-17 00:01:48',NULL),(2194,NULL,'CATALANA',NULL,NULL,NULL,'female','2016-02-17 00:01:48','2016-02-17 00:01:48',NULL),(2195,'YN-16744','CATARINA','2012-01-10 00:00:00',2350,2397,NULL,'2016-02-17 00:01:48','2016-02-17 00:01:48',NULL),(2196,NULL,'CATON',NULL,NULL,NULL,'male','2016-02-17 00:01:48','2016-02-17 00:01:48',NULL),(2197,'PN-09974','CAYETANO','2012-12-05 00:00:00',2388,2339,NULL,'2016-02-17 00:01:48','2016-02-17 00:01:48',NULL),(2198,NULL,'CELESTE',NULL,NULL,NULL,'female','2016-02-17 00:01:48','2016-02-17 00:01:48',NULL),(2199,'YN-15097','CENTELLA','2010-02-25 00:00:00',2102,2271,NULL,'2016-02-17 00:01:48','2016-02-17 00:01:48',NULL),(2200,NULL,'CENTENARIA',NULL,NULL,NULL,'female','2016-02-17 00:01:48','2016-02-17 00:01:48',NULL),(2201,'CN-02416','CENTURION-TE','2010-01-11 00:00:00',2200,2225,NULL,'2016-02-17 00:01:48','2016-02-17 00:01:48',NULL),(2202,NULL,'CEREZA',NULL,NULL,NULL,'female','2016-02-17 00:01:48','2016-02-17 00:01:48',NULL),(2203,NULL,'CEREZO',NULL,NULL,NULL,'male','2016-02-17 00:01:48','2016-02-17 00:01:48',NULL),(2204,'PN-10386','CERTERO','2013-04-15 00:00:00',2544,2104,NULL,'2016-02-17 00:01:48','2016-02-17 00:01:48',NULL),(2205,NULL,'CHICAMA',NULL,NULL,NULL,'female','2016-02-17 00:01:48','2016-02-17 00:01:48',NULL),(2206,NULL,'CHICUELINA',NULL,NULL,NULL,'female','2016-02-17 00:01:48','2016-02-17 00:01:48',NULL),(2207,NULL,'CHINA LINDA',NULL,NULL,NULL,'female','2016-02-17 00:01:48','2016-02-17 00:01:48',NULL),(2208,'YN-11561','CHIQUITA BONITA','2003-09-24 00:00:00',2389,2173,NULL,'2016-02-17 00:01:48','2016-02-17 00:01:48',NULL),(2209,'CN-02229','CHOLOLOLO','2009-09-23 00:00:00',2183,2271,NULL,'2016-02-17 00:01:48','2016-02-17 00:01:48',NULL),(2210,NULL,'CISNE',NULL,NULL,NULL,'male','2016-02-17 00:01:48','2016-02-17 00:01:48',NULL),(2211,NULL,'CITA',NULL,NULL,NULL,'female','2016-02-17 00:01:48','2016-02-17 00:01:48',NULL),(2212,'PN-09927','CITADINO-TE','2013-05-03 00:00:00',2211,2097,NULL,'2016-02-17 00:01:48','2016-02-17 00:01:48',NULL),(2213,NULL,'CLAVELINA',NULL,NULL,NULL,'female','2016-02-17 00:01:48','2016-02-17 00:01:48',NULL),(2214,'PN-10559','CLAVIJO','2011-11-20 00:00:00',2327,2278,NULL,'2016-02-17 00:01:48','2016-02-17 00:01:48',NULL),(2215,'YN-15782','CONSISTENCIA','2011-12-18 00:00:00',2330,2454,NULL,'2016-02-17 00:01:48','2016-02-17 00:01:48',NULL),(2216,NULL,'COPETINERA',NULL,NULL,NULL,'female','2016-02-17 00:01:48','2016-02-17 00:01:48',NULL),(2217,NULL,'COQUETA',NULL,NULL,NULL,'female','2016-02-17 00:01:48','2016-02-17 00:01:48',NULL),(2218,'PN-08965','CORSARIO I','2010-10-03 00:00:00',2217,2461,NULL,'2016-02-17 00:01:48','2016-02-17 00:01:48',NULL),(2219,'PN-10125','CORTESANO','2012-12-22 00:00:00',2280,2459,NULL,'2016-02-17 00:01:48','2016-02-17 00:01:48',NULL),(2220,NULL,'CORTESIA',NULL,NULL,NULL,'female','2016-02-17 00:01:48','2016-02-17 00:01:48',NULL),(2221,NULL,'DANDY-TE',NULL,NULL,NULL,'male','2016-02-17 00:01:48','2016-02-17 00:01:48',NULL),(2222,'CN-02126','DANUBIO','2009-12-09 00:00:00',2544,2258,NULL,'2016-02-17 00:01:48','2016-02-17 00:01:48',NULL),(2223,NULL,'DECIDIDA',NULL,NULL,NULL,'female','2016-02-17 00:01:48','2016-02-17 00:01:48',NULL),(2224,'YN-16060','DEIDAD-TE','2012-01-20 00:00:00',2235,2097,NULL,'2016-02-17 00:01:48','2016-02-17 00:01:48',NULL),(2225,NULL,'DELIRIO',NULL,NULL,NULL,'male','2016-02-17 00:01:48','2016-02-17 00:01:48',NULL),(2226,NULL,'DIANA',NULL,NULL,NULL,'female','2016-02-17 00:01:48','2016-02-17 00:01:48',NULL),(2227,'YN-15604','DIFERENCIA','2010-02-25 00:00:00',2144,2210,NULL,'2016-02-17 00:01:48','2016-02-17 00:01:48',NULL),(2228,NULL,'DIFERENTE',NULL,NULL,NULL,'male','2016-02-17 00:01:48','2016-02-17 00:01:48',NULL),(2229,NULL,'DIFORZADA',NULL,NULL,NULL,'female','2016-02-17 00:01:48','2016-02-17 00:01:48',NULL),(2230,NULL,'DIGNATARIO',NULL,NULL,NULL,'male','2016-02-17 00:01:48','2016-02-17 00:01:48',NULL),(2231,NULL,'DINASTIA',NULL,NULL,NULL,'female','2016-02-17 00:01:48','2016-02-17 00:01:48',NULL),(2232,'YN-17333','DIPLOMATICA','2013-12-29 00:00:00',2429,2268,NULL,'2016-02-17 00:01:48','2016-02-17 00:01:48',NULL),(2233,NULL,'DISCORDIA',NULL,NULL,NULL,'female','2016-02-17 00:01:48','2016-02-17 00:01:48',NULL),(2234,NULL,'DIVINA',NULL,NULL,NULL,'female','2016-02-17 00:01:48','2016-02-17 00:01:48',NULL),(2235,NULL,'DO',NULL,NULL,NULL,'female','2016-02-17 00:01:48','2016-02-17 00:01:48',NULL),(2236,'YN-13904','DO','2008-09-15 00:00:00',2109,2532,NULL,'2016-02-17 00:01:48','2016-02-17 00:01:48',NULL),(2237,'YN-12926','DO','2006-09-20 00:00:00',2539,2230,NULL,'2016-02-17 00:01:48','2016-02-17 00:01:48',NULL),(2238,'YN-17529','DO','2010-07-20 00:00:00',2307,2546,NULL,'2016-02-17 00:01:48','2016-02-17 00:01:48',NULL),(2239,'YN-17739','DO','2014-04-03 00:00:00',2185,2426,NULL,'2016-02-17 00:01:48','2016-02-17 00:01:48',NULL),(2240,'YN-16942','DO','2013-01-08 00:00:00',2206,2566,NULL,'2016-02-17 00:01:48','2016-02-17 00:01:48',NULL),(2241,'CN-02504','DOCTOR','2011-02-07 00:00:00',2099,2468,NULL,'2016-02-17 00:01:48','2016-02-17 00:01:48',NULL),(2242,NULL,'DOMINICA',NULL,NULL,NULL,NULL,'2016-02-17 00:01:48','2016-02-17 00:01:48',NULL),(2243,NULL,'DON ANTONIO',NULL,NULL,NULL,'male','2016-02-17 00:01:48','2016-02-17 00:01:48',NULL),(2244,'CN-02426','DON BARTOLO','2006-09-15 00:00:00',2171,2480,NULL,'2016-02-17 00:01:48','2016-02-17 00:01:48',NULL),(2245,'CN-01917','DON ERNESTO','2007-10-19 00:00:00',2540,2243,NULL,'2016-02-17 00:01:48','2016-02-17 00:01:48',NULL),(2246,'PN-08995','DON GABRIEL','2008-04-07 00:00:00',2400,2263,NULL,'2016-02-17 00:01:48','2016-02-17 00:01:48',NULL),(2247,'PN-07489','DON LUIS','2007-06-28 00:00:00',2306,2292,NULL,'2016-02-17 00:01:48','2016-02-17 00:01:48',NULL),(2248,'PN-10521','DON SOL-TE','2014-01-28 00:00:00',2491,2556,NULL,'2016-02-17 00:01:48','2016-02-17 00:01:48',NULL),(2249,NULL,'DON VICENTE',NULL,NULL,NULL,'male','2016-02-17 00:01:48','2016-02-17 00:01:48',NULL),(2250,NULL,'DORADA',NULL,NULL,NULL,'female','2016-02-17 00:01:48','2016-02-17 00:01:48',NULL),(2251,'CN-02036','DORADO','2005-08-15 00:00:00',2250,2538,NULL,'2016-02-17 00:01:48','2016-02-17 00:01:48',NULL),(2252,NULL,'DUQUESA',NULL,NULL,NULL,'female','2016-02-17 00:01:48','2016-02-17 00:01:48',NULL),(2253,NULL,'DYANGO',NULL,NULL,NULL,'male','2016-02-17 00:01:48','2016-02-17 00:01:48',NULL),(2254,NULL,'ECIJANO',NULL,NULL,NULL,'male','2016-02-17 00:01:48','2016-02-17 00:01:48',NULL),(2255,NULL,'ECIJANO',NULL,NULL,NULL,'male','2016-02-17 00:01:48','2016-02-17 00:01:48',NULL),(2256,'PN-08927','ECLIPSE','2010-03-06 00:00:00',2205,2258,NULL,'2016-02-17 00:01:48','2016-02-17 00:01:48',NULL),(2257,'CN-02235','ECLIPSE-TE','2008-10-19 00:00:00',2427,2532,NULL,'2016-02-17 00:01:48','2016-02-17 00:01:48',NULL),(2258,NULL,'EJECUTIVO',NULL,NULL,NULL,'male','2016-02-17 00:01:48','2016-02-17 00:01:48',NULL),(2259,'PN-09540','EL CAMPEADOR','2011-09-14 00:00:00',2285,2121,NULL,'2016-02-17 00:01:48','2016-02-17 00:01:48',NULL),(2260,'CN-02528','EL MAJO','2007-12-24 00:00:00',2383,2158,NULL,'2016-02-17 00:01:48','2016-02-17 00:01:48',NULL),(2261,NULL,'EL MELLIZO-TE',NULL,NULL,NULL,'male','2016-02-17 00:01:48','2016-02-17 00:01:48',NULL),(2262,NULL,'EL NEGRO',NULL,NULL,NULL,'male','2016-02-17 00:01:48','2016-02-17 00:01:48',NULL),(2263,NULL,'EL PATRICIO',NULL,NULL,NULL,'male','2016-02-17 00:01:48','2016-02-17 00:01:48',NULL),(2264,'PN-10430','EL SORO','2014-01-23 00:00:00',2528,2261,NULL,'2016-02-17 00:01:48','2016-02-17 00:01:48',NULL),(2265,'PN-09538','EL SULTAN-TE','2009-07-06 00:00:00',2338,2546,NULL,'2016-02-17 00:01:48','2016-02-17 00:01:48',NULL),(2266,NULL,'ELEGIDO',NULL,NULL,NULL,'male','2016-02-17 00:01:48','2016-02-17 00:01:48',NULL),(2267,NULL,'ELEONORA',NULL,NULL,NULL,'female','2016-02-17 00:01:48','2016-02-17 00:01:48',NULL),(2268,NULL,'EMBAJADOR',NULL,NULL,NULL,'male','2016-02-17 00:01:48','2016-02-17 00:01:48',NULL),(2269,NULL,'EMBAJADORA-TE',NULL,NULL,NULL,'female','2016-02-17 00:01:48','2016-02-17 00:01:48',NULL),(2270,NULL,'EMBRUJO DE CACHICHE',NULL,NULL,NULL,'male','2016-02-17 00:01:48','2016-02-17 00:01:48',NULL),(2271,NULL,'EMISARIO',NULL,NULL,NULL,'male','2016-02-17 00:01:48','2016-02-17 00:01:48',NULL),(2272,'PI-00314','EMPERADOR','2004-03-17 00:00:00',2275,2420,NULL,'2016-02-17 00:01:48','2016-02-17 00:01:48',NULL),(2273,NULL,'EMPERADOR',NULL,NULL,NULL,'male','2016-02-17 00:01:48','2016-02-17 00:01:48',NULL),(2274,'YN-16319','EMPERADORA-TE','2010-01-08 00:00:00',2508,2273,NULL,'2016-02-17 00:01:48','2016-02-17 00:01:48',NULL),(2275,NULL,'EMPERATRIZ DE ROMA',NULL,NULL,NULL,'female','2016-02-17 00:01:48','2016-02-17 00:01:48',NULL),(2276,'CN-02381','EMPRESARIO','2011-08-14 00:00:00',2133,2096,NULL,'2016-02-17 00:01:48','2016-02-17 00:01:48',NULL),(2277,'YN-17787','ENCANDILADA','2013-11-02 00:00:00',2550,2339,NULL,'2016-02-17 00:01:48','2016-02-17 00:01:48',NULL),(2278,NULL,'ENGREIDO',NULL,NULL,NULL,'male','2016-02-17 00:01:48','2016-02-17 00:01:48',NULL),(2279,'YN-15011','ENSUE','2010-01-07 00:00:00',2182,2551,NULL,'2016-02-17 00:01:48','2016-02-17 00:01:48',NULL),(2280,NULL,'EROILA',NULL,NULL,NULL,'female','2016-02-17 00:01:48','2016-02-17 00:01:48',NULL),(2281,NULL,'ESCENCIA',NULL,NULL,NULL,'female','2016-02-17 00:01:48','2016-02-17 00:01:48',NULL),(2282,'YN-15747','ESENCIA','2011-03-18 00:00:00',2207,2230,NULL,'2016-02-17 00:01:48','2016-02-17 00:01:48',NULL),(2283,'CN-02383','ESPARTANO','2010-07-22 00:00:00',2505,2377,NULL,'2016-02-17 00:01:48','2016-02-17 00:01:48',NULL),(2284,NULL,'ESPONTANEO',NULL,NULL,NULL,'male','2016-02-17 00:01:48','2016-02-17 00:01:48',NULL),(2285,NULL,'ESTAMPA',NULL,NULL,NULL,'female','2016-02-17 00:01:48','2016-02-17 00:01:48',NULL),(2286,NULL,'ESTANCIERA V',NULL,NULL,NULL,'female','2016-02-17 00:01:48','2016-02-17 00:01:48',NULL),(2287,NULL,'ESTIRPE',NULL,NULL,NULL,'male','2016-02-17 00:01:48','2016-02-17 00:01:48',NULL),(2288,'YN-15679','EXCELENCIA I','2010-11-17 00:00:00',2252,2196,NULL,'2016-02-17 00:01:48','2016-02-17 00:01:48',NULL),(2289,'PN-08692','EXCLUSIVO DE MALA','2009-02-04 00:00:00',2303,2393,NULL,'2016-02-17 00:01:48','2016-02-17 00:01:48',NULL),(2290,'PN-07538','EXIGENTE','2007-02-06 00:00:00',2127,2337,NULL,'2016-02-17 00:01:48','2016-02-17 00:01:48',NULL),(2291,NULL,'EXPRESO',NULL,NULL,NULL,'male','2016-02-17 00:01:48','2016-02-17 00:01:48',NULL),(2292,NULL,'FABULOSO',NULL,NULL,NULL,'male','2016-02-17 00:01:48','2016-02-17 00:01:48',NULL),(2293,NULL,'FANTASIA',NULL,NULL,NULL,'female','2016-02-17 00:01:48','2016-02-17 00:01:48',NULL),(2294,'PN-08376','FARSANTE','2009-08-12 00:00:00',2229,2210,NULL,'2016-02-17 00:01:48','2016-02-17 00:01:48',NULL),(2295,'YN-17093','FAVORITA-TE','2013-04-07 00:00:00',2293,2284,NULL,'2016-02-17 00:01:48','2016-02-17 00:01:48',NULL),(2296,'PN-08444','FAVORITO','2009-12-13 00:00:00',2355,2271,NULL,'2016-02-17 00:01:48','2016-02-17 00:01:48',NULL),(2297,'PN-10221','FESTEJO','2013-09-24 00:00:00',2179,2119,NULL,'2016-02-17 00:01:48','2016-02-17 00:01:48',NULL),(2298,NULL,'FIESTAS PATRIAS',NULL,NULL,NULL,'female','2016-02-17 00:01:48','2016-02-17 00:01:48',NULL),(2299,'YN-17926','FILARMONIA','2014-06-02 00:00:00',2233,2498,NULL,'2016-02-17 00:01:48','2016-02-17 00:01:48',NULL),(2300,NULL,'FILIGRANA',NULL,NULL,NULL,'female','2016-02-17 00:01:48','2016-02-17 00:01:48',NULL),(2301,NULL,'FINA ESTAMPA',NULL,NULL,NULL,'male','2016-02-17 00:01:48','2016-02-17 00:01:48',NULL),(2302,NULL,'FINURA',NULL,NULL,NULL,'female','2016-02-17 00:01:48','2016-02-17 00:01:48',NULL),(2303,NULL,'FINURA DE MALA',NULL,NULL,NULL,'female','2016-02-17 00:01:48','2016-02-17 00:01:48',NULL),(2304,'YN-15464','FIRMEZA-TE','2009-12-23 00:00:00',2302,2502,NULL,'2016-02-17 00:01:48','2016-02-17 00:01:48',NULL),(2305,'PN-09100','FISCAL-TE','2011-01-28 00:00:00',2358,2291,NULL,'2016-02-17 00:01:48','2016-02-17 00:01:48',NULL),(2306,NULL,'FLOR DE AZPITIA',NULL,NULL,NULL,'female','2016-02-17 00:01:48','2016-02-17 00:01:48',NULL),(2307,NULL,'FLOR SALVAJE',NULL,NULL,NULL,'female','2016-02-17 00:01:48','2016-02-17 00:01:48',NULL),(2308,'YN-17927','FRAGANCIA-TE','2014-04-17 00:00:00',2281,2266,NULL,'2016-02-17 00:01:48','2016-02-17 00:01:48',NULL),(2309,'YN-16195','FRONTERA-TE','2012-04-14 00:00:00',2207,2097,NULL,'2016-02-17 00:01:48','2016-02-17 00:01:48',NULL),(2310,'YN-13704','GALA','2007-10-11 00:00:00',2314,2258,NULL,'2016-02-17 00:01:48','2016-02-17 00:01:48',NULL),(2311,NULL,'GALERA',NULL,NULL,NULL,'female','2016-02-17 00:01:48','2016-02-17 00:01:48',NULL),(2312,NULL,'GALLEGA',NULL,NULL,NULL,'female','2016-02-17 00:01:48','2016-02-17 00:01:48',NULL),(2313,'YN-16357','GALLEGA - TE','2012-05-05 00:00:00',2312,2138,NULL,'2016-02-17 00:01:48','2016-02-17 00:01:48',NULL),(2314,NULL,'GARUA',NULL,NULL,NULL,'female','2016-02-17 00:01:48','2016-02-17 00:01:48',NULL),(2315,'CN-02540','GENERALIFE','2010-10-11 00:00:00',2486,2097,NULL,'2016-02-17 00:01:48','2016-02-17 00:01:48',NULL),(2316,'YN-13951','GENEROSA','2008-09-10 00:00:00',2323,2381,'female','2016-02-17 00:01:48','2016-02-17 00:01:48',NULL),(2317,'PN-09511','GENTIL','2012-03-11 00:00:00',2316,2221,NULL,'2016-02-17 00:01:48','2016-02-17 00:01:48',NULL),(2318,'YN-17696','GENUINA','2014-01-02 00:00:00',2316,2268,NULL,'2016-02-17 00:01:48','2016-02-17 00:01:48',NULL),(2319,NULL,'GITANILLA',NULL,NULL,NULL,'female','2016-02-17 00:01:48','2016-02-17 00:01:48',NULL),(2320,NULL,'GRACIOSA',NULL,NULL,NULL,'female','2016-02-17 00:01:48','2016-02-17 00:01:48',NULL),(2321,NULL,'GRAN SE',NULL,NULL,NULL,'male','2016-02-17 00:01:48','2016-02-17 00:01:48',NULL),(2322,'YN-17261','GRANADA II-TE','2013-01-31 00:00:00',2202,2263,NULL,'2016-02-17 00:01:48','2016-02-17 00:01:48',NULL),(2323,NULL,'GRANADILLA',NULL,NULL,NULL,'female','2016-02-17 00:01:48','2016-02-17 00:01:48',NULL),(2324,'PN-10557','GRANDIOSO','2013-10-03 00:00:00',2434,2230,NULL,'2016-02-17 00:01:48','2016-02-17 00:01:48',NULL),(2325,'YN-14566','HEREDERA','2009-09-01 00:00:00',2362,2284,NULL,'2016-02-17 00:01:48','2016-02-17 00:01:48',NULL),(2326,'PN-09199','HEREDERO','2011-09-14 00:00:00',2453,2566,NULL,'2016-02-17 00:01:48','2016-02-17 00:01:48',NULL),(2327,NULL,'HERENCIA',NULL,NULL,NULL,'female','2016-02-17 00:01:48','2016-02-17 00:01:48',NULL),(2328,NULL,'HORUS',NULL,NULL,NULL,'male','2016-02-17 00:01:48','2016-02-17 00:01:48',NULL),(2329,NULL,'IBERICA',NULL,NULL,NULL,'female','2016-02-17 00:01:48','2016-02-17 00:01:48',NULL),(2330,NULL,'IBIZA',NULL,NULL,NULL,'female','2016-02-17 00:01:48','2016-02-17 00:01:48',NULL),(2331,NULL,'IDOLO',NULL,NULL,NULL,'male','2016-02-17 00:01:48','2016-02-17 00:01:48',NULL),(2332,NULL,'II CALAMBUCO',NULL,NULL,NULL,NULL,'2016-02-17 00:01:48','2016-02-17 00:01:48',NULL),(2333,'CN-02074','IMPACTO','2007-03-14 00:00:00',2329,2532,NULL,'2016-02-17 00:01:48','2016-02-17 00:01:48',NULL),(2334,'PN-10128','IMPACTO','2013-10-17 00:00:00',2341,2328,NULL,'2016-02-17 00:01:48','2016-02-17 00:01:48',NULL),(2335,'CN-02086','IMPACTO','2008-10-24 00:00:00',2353,2532,NULL,'2016-02-17 00:01:48','2016-02-17 00:01:48',NULL),(2336,'YN-16157','INFANTA','2012-01-14 00:00:00',2491,2230,NULL,'2016-02-17 00:01:48','2016-02-17 00:01:48',NULL),(2337,NULL,'INSURGENTE',NULL,NULL,NULL,'male','2016-02-17 00:01:48','2016-02-17 00:01:48',NULL),(2338,NULL,'IRONIA',NULL,NULL,NULL,'female','2016-02-17 00:01:48','2016-02-17 00:01:48',NULL),(2339,NULL,'IRREVERENTE',NULL,NULL,NULL,'male','2016-02-17 00:01:48','2016-02-17 00:01:48',NULL),(2340,NULL,'ISABELLA',NULL,NULL,NULL,'female','2016-02-17 00:01:48','2016-02-17 00:01:48',NULL),(2341,'YN-13788','ISIS','2007-04-12 00:00:00',2514,2342,'female','2016-02-17 00:01:48','2016-02-17 00:01:48',NULL),(2342,NULL,'JERARCA',NULL,NULL,NULL,'male','2016-02-17 00:01:48','2016-02-17 00:01:48',NULL),(2343,NULL,'JERARCA',NULL,NULL,NULL,'male','2016-02-17 00:01:48','2016-02-17 00:01:48',NULL),(2344,'YN-16080','JERARQUIA','2011-12-16 00:00:00',2111,2343,NULL,'2016-02-17 00:01:48','2016-02-17 00:01:48',NULL),(2345,NULL,'JEREZANA',NULL,NULL,NULL,NULL,'2016-02-17 00:01:48','2016-02-17 00:01:48',NULL),(2346,NULL,'JEREZANO',NULL,NULL,NULL,'male','2016-02-17 00:01:48','2016-02-17 00:01:48',NULL),(2347,'PN-08386','JOSELITO','2006-06-02 00:00:00',2450,2497,NULL,'2016-02-17 00:01:48','2016-02-17 00:01:48',NULL),(2348,'CN-02507','JUPITER','2008-07-03 00:00:00',2493,2258,NULL,'2016-02-17 00:01:48','2016-02-17 00:01:48',NULL),(2349,'YN-12463','JUSHAPE','2005-08-13 00:00:00',2126,2538,NULL,'2016-02-17 00:01:48','2016-02-17 00:01:48',NULL),(2350,NULL,'JUSTICIA',NULL,NULL,NULL,'female','2016-02-17 00:01:48','2016-02-17 00:01:48',NULL),(2351,NULL,'JUSTICIERO',NULL,NULL,NULL,'male','2016-02-17 00:01:48','2016-02-17 00:01:48',NULL),(2352,NULL,'KEOMA',NULL,NULL,NULL,'male','2016-02-17 00:01:48','2016-02-17 00:01:48',NULL),(2353,NULL,'LA DIVA',NULL,NULL,NULL,'female','2016-02-17 00:01:48','2016-02-17 00:01:48',NULL),(2354,NULL,'LA DO',NULL,NULL,NULL,'female','2016-02-17 00:01:48','2016-02-17 00:01:48',NULL),(2355,NULL,'LA FAVORITA',NULL,NULL,NULL,'female','2016-02-17 00:01:48','2016-02-17 00:01:48',NULL),(2356,'YN-16425','LA MOZA','2012-10-14 00:00:00',2523,2221,NULL,'2016-02-17 00:01:48','2016-02-17 00:01:48',NULL),(2357,'YN-14286','LA PAYASA','2006-10-06 00:00:00',2149,2271,NULL,'2016-02-17 00:01:48','2016-02-17 00:01:48',NULL),(2358,NULL,'LA SO',NULL,NULL,NULL,'female','2016-02-17 00:01:48','2016-02-17 00:01:48',NULL),(2359,NULL,'LA VERBENA',NULL,NULL,NULL,'female','2016-02-17 00:01:48','2016-02-17 00:01:48',NULL),(2360,NULL,'LABRADOR',NULL,NULL,NULL,'male','2016-02-17 00:01:48','2016-02-17 00:01:48',NULL),(2361,'PN-10444','LABRIEGO','2013-05-09 00:00:00',2399,2360,NULL,'2016-02-17 00:01:48','2016-02-17 00:01:48',NULL),(2362,NULL,'LAGRIMA',NULL,NULL,NULL,'female','2016-02-17 00:01:48','2016-02-17 00:01:48',NULL),(2363,'PN-09769','LE','2012-05-05 00:00:00',2544,2360,NULL,'2016-02-17 00:01:48','2016-02-17 00:01:48',NULL),(2364,'YN-13935','LETICIA','2008-07-01 00:00:00',2226,2331,NULL,'2016-02-17 00:01:48','2016-02-17 00:01:48',NULL),(2365,NULL,'LIA',NULL,NULL,NULL,'female','2016-02-17 00:01:48','2016-02-17 00:01:48',NULL),(2366,NULL,'LIBERA',NULL,NULL,NULL,'female','2016-02-17 00:01:48','2016-02-17 00:01:48',NULL),(2367,NULL,'LIME',NULL,NULL,NULL,'female','2016-02-17 00:01:48','2016-02-17 00:01:48',NULL),(2368,'YN-15373','LIRICA','2010-09-01 00:00:00',2366,2266,NULL,'2016-02-17 00:01:48','2016-02-17 00:01:48',NULL),(2369,NULL,'LLUVIA',NULL,NULL,NULL,'female','2016-02-17 00:01:48','2016-02-17 00:01:48',NULL),(2370,'YN-14081','LUCERO','2008-02-26 00:00:00',2286,2230,NULL,'2016-02-17 00:01:48','2016-02-17 00:01:48',NULL),(2371,'CN-02330','LUCHADOR','2010-07-03 00:00:00',2466,2270,NULL,'2016-02-17 00:01:48','2016-02-17 00:01:48',NULL),(2372,NULL,'LUCUMA',NULL,NULL,NULL,'female','2016-02-17 00:01:48','2016-02-17 00:01:48',NULL),(2373,NULL,'LUCUMO',NULL,NULL,NULL,'male','2016-02-17 00:01:48','2016-02-17 00:01:48',NULL),(2374,NULL,'LUJURIA',NULL,NULL,NULL,'female','2016-02-17 00:01:48','2016-02-17 00:01:48',NULL),(2375,NULL,'LUNA DE MIEL',NULL,NULL,NULL,'female','2016-02-17 00:01:48','2016-02-17 00:01:48',NULL),(2376,'YN-16314','LUNA NUEVA-TE','2012-11-11 00:00:00',2521,2360,NULL,'2016-02-17 00:01:48','2016-02-17 00:01:48',NULL),(2377,NULL,'LUNAREJO',NULL,NULL,NULL,'male','2016-02-17 00:01:48','2016-02-17 00:01:48',NULL),(2378,NULL,'LUZ DE ORO',NULL,NULL,NULL,'female','2016-02-17 00:01:48','2016-02-17 00:01:48',NULL),(2379,NULL,'MACARENO',NULL,NULL,NULL,'male','2016-02-17 00:01:48','2016-02-17 00:01:48',NULL),(2380,'YN-14172','MAGISTRADA','2006-09-20 00:00:00',2180,2381,NULL,'2016-02-17 00:01:48','2016-02-17 00:01:48',NULL),(2381,NULL,'MAGISTRADO',NULL,NULL,NULL,'male','2016-02-17 00:01:48','2016-02-17 00:01:48',NULL),(2382,NULL,'MAGISTRAL',NULL,NULL,NULL,'male','2016-02-17 00:01:48','2016-02-17 00:01:48',NULL),(2383,NULL,'MAJADERA',NULL,NULL,NULL,'female','2016-02-17 00:01:48','2016-02-17 00:01:48',NULL),(2384,NULL,'MAJADERA',NULL,NULL,NULL,'female','2016-02-17 00:01:48','2016-02-17 00:01:48',NULL),(2385,NULL,'MAJESTUOSA',NULL,NULL,NULL,'female','2016-02-17 00:01:48','2016-02-17 00:01:48',NULL),(2386,'CN-02347','MAJESTUOSO','2006-04-30 00:00:00',2385,2499,NULL,'2016-02-17 00:01:48','2016-02-17 00:01:48',NULL),(2387,'CN-01915','MALABRIGO','2008-08-31 00:00:00',2553,2249,NULL,'2016-02-17 00:01:48','2016-02-17 00:01:48',NULL),(2388,NULL,'MALAGA',NULL,NULL,NULL,'female','2016-02-17 00:01:48','2016-02-17 00:01:48',NULL),(2389,NULL,'MALAGUE',NULL,NULL,NULL,'female','2016-02-17 00:01:48','2016-02-17 00:01:48',NULL),(2390,'CN-02198','MALAMBO','2010-01-21 00:00:00',2550,2258,NULL,'2016-02-17 00:01:48','2016-02-17 00:01:48',NULL),(2391,NULL,'MALAYA',NULL,NULL,NULL,'female','2016-02-17 00:01:48','2016-02-17 00:01:48',NULL),(2392,NULL,'MALVAVISCO',NULL,NULL,NULL,'male','2016-02-17 00:01:48','2016-02-17 00:01:48',NULL),(2393,NULL,'MANDAMAS',NULL,NULL,NULL,'male','2016-02-17 00:01:48','2016-02-17 00:01:48',NULL),(2394,'PN-10491','MANDARIN','2013-10-02 00:00:00',2391,2339,NULL,'2016-02-17 00:01:48','2016-02-17 00:01:48',NULL),(2395,NULL,'MANDATARIO',NULL,NULL,NULL,'male','2016-02-17 00:01:48','2016-02-17 00:01:48',NULL),(2396,'YN-13119','MANDOLINA','2006-11-25 00:00:00',2476,2263,'female','2016-02-17 00:01:48','2016-02-17 00:01:48',NULL),(2397,NULL,'MARCIAL',NULL,NULL,NULL,'male','2016-02-17 00:01:48','2016-02-17 00:01:48',NULL),(2398,NULL,'MARIA CAMPERA',NULL,NULL,NULL,'female','2016-02-17 00:01:48','2016-02-17 00:01:48',NULL),(2399,NULL,'MARIA FIESTA',NULL,NULL,NULL,'female','2016-02-17 00:01:48','2016-02-17 00:01:48',NULL),(2400,NULL,'MARIA MILAGROS',NULL,NULL,NULL,'female','2016-02-17 00:01:48','2016-02-17 00:01:48',NULL),(2401,NULL,'MARIONETA',NULL,NULL,NULL,'female','2016-02-17 00:01:48','2016-02-17 00:01:48',NULL),(2402,NULL,'MARROQUI',NULL,NULL,NULL,'male','2016-02-17 00:01:48','2016-02-17 00:01:48',NULL),(2403,'YN-16471','MATILDE','2011-01-02 00:00:00',2113,2271,NULL,'2016-02-17 00:01:48','2016-02-17 00:01:48',NULL),(2404,'YN-16199','MAYA','2010-07-29 00:00:00',2365,2461,NULL,'2016-02-17 00:01:48','2016-02-17 00:01:48',NULL),(2405,'YN-12518','MELODISTA','2004-09-27 00:00:00',2213,2497,NULL,'2016-02-17 00:01:48','2016-02-17 00:01:48',NULL),(2406,NULL,'MENSAJERA',NULL,NULL,NULL,'female','2016-02-17 00:01:48','2016-02-17 00:01:48',NULL),(2407,'YN-16350','MI CHINA-TE','2012-10-12 00:00:00',2410,2221,NULL,'2016-02-17 00:01:48','2016-02-17 00:01:48',NULL),(2408,'CN-02050','MI NEGRITO','2006-11-27 00:00:00',2372,2262,NULL,'2016-02-17 00:01:48','2016-02-17 00:01:48',NULL),(2409,'YN-14207','MICAELA','2007-10-16 00:00:00',2411,2461,NULL,'2016-02-17 00:01:48','2016-02-17 00:01:48',NULL),(2410,NULL,'MICHINA',NULL,NULL,NULL,'female','2016-02-17 00:01:48','2016-02-17 00:01:48',NULL),(2411,NULL,'MILENARIA',NULL,NULL,NULL,'female','2016-02-17 00:01:48','2016-02-17 00:01:48',NULL),(2412,'YN-16815','MILENARIA','2012-07-27 00:00:00',2200,2339,NULL,'2016-02-17 00:01:48','2016-02-17 00:01:48',NULL),(2413,'YN-17334','MILENARIA','2013-10-29 00:00:00',2396,2268,NULL,'2016-02-17 00:01:48','2016-02-17 00:01:48',NULL),(2414,NULL,'MILONGA',NULL,NULL,NULL,'female','2016-02-17 00:01:48','2016-02-17 00:01:48',NULL),(2415,NULL,'MINERVA',NULL,NULL,NULL,'female','2016-02-17 00:01:48','2016-02-17 00:01:48',NULL),(2416,'YN-17010','MIRA-TE','2013-08-10 00:00:00',2401,2221,NULL,'2016-02-17 00:01:48','2016-02-17 00:01:48',NULL),(2417,'CN-02396','MISTERIOSO','2010-02-05 00:00:00',2562,2393,NULL,'2016-02-17 00:01:48','2016-02-17 00:01:48',NULL),(2418,'PN-09595','MISTICO-TE','2012-12-03 00:00:00',2401,2454,NULL,'2016-02-17 00:01:48','2016-02-17 00:01:48',NULL),(2419,NULL,'MOCITA DEL SUR',NULL,NULL,NULL,'female','2016-02-17 00:01:48','2016-02-17 00:01:48',NULL),(2420,NULL,'MONTERO',NULL,NULL,NULL,'male','2016-02-17 00:01:48','2016-02-17 00:01:48',NULL),(2421,'CN-02476','MOVADO','2009-11-27 00:00:00',2198,2504,NULL,'2016-02-17 00:01:48','2016-02-17 00:01:48',NULL),(2422,NULL,'MOZA MALA',NULL,NULL,NULL,'female','2016-02-17 00:01:48','2016-02-17 00:01:48',NULL),(2423,NULL,'MULATO',NULL,NULL,NULL,NULL,'2016-02-17 00:01:48','2016-02-17 00:01:48',NULL),(2424,'YN-16917','NAVARRA II-TE','2012-01-27 00:00:00',2569,2454,NULL,'2016-02-17 00:01:48','2016-02-17 00:01:48',NULL),(2425,'YN-15196','NI','2010-12-19 00:00:00',2491,2196,NULL,'2016-02-17 00:01:48','2016-02-17 00:01:48',NULL),(2426,NULL,'NOBLE REY',NULL,NULL,NULL,'male','2016-02-17 00:01:48','2016-02-17 00:01:48',NULL),(2427,NULL,'NOCHE LINDA',NULL,NULL,NULL,'female','2016-02-17 00:01:48','2016-02-17 00:01:48',NULL),(2428,'YN-15060','NOVA','2009-09-21 00:00:00',2414,2431,NULL,'2016-02-17 00:01:48','2016-02-17 00:01:48',NULL),(2429,NULL,'NUEVA ESPERANZA',NULL,NULL,NULL,'female','2016-02-17 00:01:48','2016-02-17 00:01:48',NULL),(2430,'YN-17543','NUEVA PROMESA-TE','2013-08-26 00:00:00',2429,2360,NULL,'2016-02-17 00:01:48','2016-02-17 00:01:48',NULL),(2431,NULL,'NUEVO REY',NULL,NULL,NULL,'male','2016-02-17 00:01:48','2016-02-17 00:01:48',NULL),(2432,'CN-02343','ODISEO-TE','2011-03-19 00:00:00',2114,2230,NULL,'2016-02-17 00:01:48','2016-02-17 00:01:48',NULL),(2433,'PN-07943','OLIVO','2007-12-07 00:00:00',2340,2132,NULL,'2016-02-17 00:01:48','2016-02-17 00:01:48',NULL),(2434,NULL,'OSADIA',NULL,NULL,NULL,'female','2016-02-17 00:01:48','2016-02-17 00:01:48',NULL),(2435,NULL,'PALANGANA',NULL,NULL,NULL,'female','2016-02-17 00:01:48','2016-02-17 00:01:48',NULL),(2436,'PN-09535','PALANGANO','2012-07-26 00:00:00',2435,2373,NULL,'2016-02-17 00:01:48','2016-02-17 00:01:48',NULL),(2437,'CN-01728','PALOMO','2005-11-11 00:00:00',2570,2503,NULL,'2016-02-17 00:01:48','2016-02-17 00:01:48',NULL),(2438,NULL,'PANDORA',NULL,NULL,NULL,'female','2016-02-17 00:01:48','2016-02-17 00:01:48',NULL),(2439,'YN-13994','PARACAS','2007-08-14 00:00:00',2216,2230,NULL,'2016-02-17 00:01:48','2016-02-17 00:01:48',NULL),(2440,'CN-01971','PATRIARCA','2005-05-10 00:00:00',2100,2346,'male','2016-02-17 00:01:48','2016-02-17 00:01:48',NULL),(2441,NULL,'PAYANDE',NULL,NULL,NULL,'male','2016-02-17 00:01:48','2016-02-17 00:01:48',NULL),(2442,NULL,'PECANA',NULL,NULL,NULL,'female','2016-02-17 00:01:48','2016-02-17 00:01:48',NULL),(2443,NULL,'PEPITA DEL SUR',NULL,NULL,NULL,'female','2016-02-17 00:01:48','2016-02-17 00:01:48',NULL),(2444,'PN-10556','PEREGRINO','2012-01-15 00:00:00',2134,2301,NULL,'2016-02-17 00:01:48','2016-02-17 00:01:48',NULL),(2445,NULL,'PERFUME',NULL,NULL,NULL,'female','2016-02-17 00:01:48','2016-02-17 00:01:48',NULL),(2446,NULL,'PERFUME',NULL,NULL,NULL,'female','2016-02-17 00:01:48','2016-02-17 00:01:48',NULL),(2447,NULL,'PERFUME DE',NULL,NULL,NULL,'female','2016-02-17 00:01:48','2016-02-17 00:01:48',NULL),(2448,NULL,'PERICLES',NULL,NULL,NULL,'male','2016-02-17 00:01:48','2016-02-17 00:01:48',NULL),(2449,'YN-15367','PERLA','2010-12-03 00:00:00',2452,2454,NULL,'2016-02-17 00:01:48','2016-02-17 00:01:48',NULL),(2450,NULL,'PERLA II',NULL,NULL,NULL,'female','2016-02-17 00:01:48','2016-02-17 00:01:48',NULL),(2451,NULL,'PERRICHOLI',NULL,NULL,NULL,'female','2016-02-17 00:01:48','2016-02-17 00:01:48',NULL),(2452,NULL,'PERUANISIMA',NULL,NULL,NULL,'female','2016-02-17 00:01:48','2016-02-17 00:01:48',NULL),(2453,NULL,'PIEDRA ROMI',NULL,NULL,NULL,'female','2016-02-17 00:01:48','2016-02-17 00:01:48',NULL),(2454,NULL,'PINCEL',NULL,NULL,NULL,'male','2016-02-17 00:01:48','2016-02-17 00:01:48',NULL),(2455,NULL,'PINCELADA',NULL,NULL,NULL,'female','2016-02-17 00:01:48','2016-02-17 00:01:48',NULL),(2456,'CN-01315','PINTADO','2001-07-02 00:00:00',2445,2481,NULL,'2016-02-17 00:01:48','2016-02-17 00:01:48',NULL),(2457,'PN-08916','PINTON','2010-10-04 00:00:00',2460,2284,NULL,'2016-02-17 00:01:48','2016-02-17 00:01:48',NULL),(2458,'YN-15368','PINTURA','2010-10-17 00:00:00',2354,2454,NULL,'2016-02-17 00:01:48','2016-02-17 00:01:48',NULL),(2459,NULL,'PINTURERO',NULL,NULL,NULL,'male','2016-02-17 00:01:48','2016-02-17 00:01:48',NULL),(2460,NULL,'PIZPIRETA',NULL,NULL,NULL,'female','2016-02-17 00:01:48','2016-02-17 00:01:48',NULL),(2461,NULL,'POTRILLAZO',NULL,NULL,NULL,'male','2016-02-17 00:01:48','2016-02-17 00:01:48',NULL),(2462,'PN-05871','PREAMBULO','2002-07-02 00:00:00',2122,2474,'male','2016-02-17 00:01:48','2016-02-17 00:01:48',NULL),(2463,'YN-17439','PRECIOSA','2013-07-23 00:00:00',2464,2221,NULL,'2016-02-17 00:01:48','2016-02-17 00:01:48',NULL),(2464,NULL,'PRECIOSURA',NULL,NULL,NULL,'female','2016-02-17 00:01:48','2016-02-17 00:01:48',NULL),(2465,'PN-10059','PREFERENTE','2013-02-17 00:00:00',2443,2339,NULL,'2016-02-17 00:01:48','2016-02-17 00:01:48',NULL),(2466,NULL,'PREFERIDA',NULL,NULL,NULL,'female','2016-02-17 00:01:48','2016-02-17 00:01:48',NULL),(2467,'YN-15699','PREMISA','2011-04-20 00:00:00',2443,2462,NULL,'2016-02-17 00:01:48','2016-02-17 00:01:48',NULL),(2468,NULL,'PRESTIGIO',NULL,NULL,NULL,'male','2016-02-17 00:01:48','2016-02-17 00:01:48',NULL),(2469,'YN-13719','PRESUMIDA','2007-09-22 00:00:00',2117,2395,NULL,'2016-02-17 00:01:48','2016-02-17 00:01:48',NULL),(2470,NULL,'PRESUMIDA',NULL,NULL,NULL,'female','2016-02-17 00:01:48','2016-02-17 00:01:48',NULL),(2471,'YN-14182','PRETENCIOSA','2007-06-09 00:00:00',2537,2489,NULL,'2016-02-17 00:01:48','2016-02-17 00:01:48',NULL),(2472,'YN-17203','PRETENCIOSA','2013-02-12 00:00:00',2473,2284,NULL,'2016-02-17 00:01:48','2016-02-17 00:01:48',NULL),(2473,NULL,'PRETENCIOSA',NULL,NULL,NULL,'female','2016-02-17 00:01:48','2016-02-17 00:01:48',NULL),(2474,NULL,'PRETENDIDO',NULL,NULL,NULL,'male','2016-02-17 00:01:48','2016-02-17 00:01:48',NULL),(2475,'PN-08635','PRETENDIENTE','2009-11-17 00:00:00',2478,2287,NULL,'2016-02-17 00:01:48','2016-02-17 00:01:48',NULL),(2476,NULL,'PRETORIANA',NULL,NULL,NULL,'female','2016-02-17 00:01:48','2016-02-17 00:01:48',NULL),(2477,NULL,'PRIMACIA',NULL,NULL,NULL,'female','2016-02-17 00:01:48','2016-02-17 00:01:48',NULL),(2478,NULL,'PRIMOGENITA',NULL,NULL,NULL,'female','2016-02-17 00:01:48','2016-02-17 00:01:48',NULL),(2479,'CN-02402','PRIMOGENITO','2010-12-17 00:00:00',2477,2196,NULL,'2016-02-17 00:01:48','2016-02-17 00:01:48',NULL),(2480,NULL,'PRIMOROSO',NULL,NULL,NULL,'male','2016-02-17 00:01:48','2016-02-17 00:01:48',NULL),(2481,NULL,'PRIVILEGIO',NULL,NULL,NULL,'male','2016-02-17 00:01:48','2016-02-17 00:01:48',NULL),(2482,NULL,'PROCURADORA',NULL,NULL,NULL,'female','2016-02-17 00:01:48','2016-02-17 00:01:48',NULL),(2483,'YN-17455','PROCURADORA I','2011-11-15 00:00:00',2482,2097,NULL,'2016-02-17 00:01:48','2016-02-17 00:01:48',NULL),(2484,'YN-13005','PROLIJA','2006-04-19 00:00:00',2207,2230,NULL,'2016-02-17 00:01:48','2016-02-17 00:01:48',NULL),(2485,'YN-16081','PROMESA','2011-10-01 00:00:00',2487,2501,NULL,'2016-02-17 00:01:48','2016-02-17 00:01:48',NULL),(2486,NULL,'PROMESA',NULL,NULL,NULL,'female','2016-02-17 00:01:48','2016-02-17 00:01:48',NULL),(2487,NULL,'PROMESA',NULL,NULL,NULL,'female','2016-02-17 00:01:48','2016-02-17 00:01:48',NULL),(2488,'YN-16881','PROMETIDA I','2012-10-13 00:00:00',2487,2221,NULL,'2016-02-17 00:01:48','2016-02-17 00:01:48',NULL),(2489,NULL,'PROMETIDO',NULL,NULL,NULL,'male','2016-02-17 00:01:48','2016-02-17 00:01:48',NULL),(2490,NULL,'RAJADIABLOS',NULL,NULL,NULL,'male','2016-02-17 00:01:48','2016-02-17 00:01:48',NULL),(2491,NULL,'REALEZA',NULL,NULL,NULL,'female','2016-02-17 00:01:48','2016-02-17 00:01:48',NULL),(2492,'YN-14700','RECUPERADA','2009-12-13 00:00:00',2375,2271,NULL,'2016-02-17 00:01:48','2016-02-17 00:01:48',NULL),(2493,NULL,'RECUPERADA',NULL,NULL,NULL,'female','2016-02-17 00:01:48','2016-02-17 00:01:48',NULL),(2494,'PN-08806','REFLEJO','2007-10-16 00:00:00',2406,2500,NULL,'2016-02-17 00:01:48','2016-02-17 00:01:48',NULL),(2495,NULL,'REHEN',NULL,NULL,NULL,'male','2016-02-17 00:01:48','2016-02-17 00:01:48',NULL),(2496,NULL,'RELIQUIA',NULL,NULL,NULL,'female','2016-02-17 00:01:48','2016-02-17 00:01:48',NULL),(2497,NULL,'RESPLANDOR',NULL,NULL,NULL,'male','2016-02-17 00:01:48','2016-02-17 00:01:48',NULL),(2498,NULL,'RETADOR',NULL,NULL,NULL,'male','2016-02-17 00:01:48','2016-02-17 00:01:48',NULL),(2499,NULL,'RETORNO',NULL,NULL,NULL,'male','2016-02-17 00:01:48','2016-02-17 00:01:48',NULL),(2500,NULL,'RETRATO',NULL,NULL,NULL,'male','2016-02-17 00:01:48','2016-02-17 00:01:48',NULL),(2501,NULL,'REVOLUCIONARIO',NULL,NULL,NULL,'male','2016-02-17 00:01:48','2016-02-17 00:01:48',NULL),(2502,NULL,'REVUELO',NULL,NULL,NULL,'male','2016-02-17 00:01:48','2016-02-17 00:01:48',NULL),(2503,NULL,'REY SOL',NULL,NULL,NULL,'male','2016-02-17 00:01:48','2016-02-17 00:01:48',NULL),(2504,NULL,'ROLEX',NULL,NULL,NULL,'male','2016-02-17 00:01:48','2016-02-17 00:01:48',NULL),(2505,NULL,'ROMA',NULL,NULL,NULL,'female','2016-02-17 00:01:48','2016-02-17 00:01:48',NULL),(2506,'PN-10500','ROMANO','2009-04-14 00:00:00',2103,2258,NULL,'2016-02-17 00:01:48','2016-02-17 00:01:48',NULL),(2507,NULL,'RONDA',NULL,NULL,NULL,'female','2016-02-17 00:01:48','2016-02-17 00:01:48',NULL),(2508,NULL,'ROSA DEL PERU',NULL,NULL,NULL,'female','2016-02-17 00:01:48','2016-02-17 00:01:48',NULL),(2509,'YN-16174','ROSA LUZ','2011-10-14 00:00:00',2378,2230,NULL,'2016-02-17 00:01:48','2016-02-17 00:01:48',NULL),(2510,NULL,'SAETA',NULL,NULL,NULL,NULL,'2016-02-17 00:01:48','2016-02-17 00:01:48',NULL),(2511,NULL,'SALAMANCA',NULL,NULL,NULL,'female','2016-02-17 00:01:48','2016-02-17 00:01:48',NULL),(2512,'CN-02328','SALVADOR','2010-02-17 00:00:00',2099,2468,NULL,'2016-02-17 00:01:48','2016-02-17 00:01:48',NULL),(2513,NULL,'SAN GRACIANO',NULL,NULL,NULL,'male','2016-02-17 00:01:48','2016-02-17 00:01:48',NULL),(2514,NULL,'SANANDA',NULL,NULL,NULL,'female','2016-02-17 00:01:48','2016-02-17 00:01:48',NULL),(2515,NULL,'SANTA BARBARA',NULL,NULL,NULL,'female','2016-02-17 00:01:48','2016-02-17 00:01:48',NULL),(2516,'YN-11835','SANTA INES','2004-09-11 00:00:00',2517,2381,NULL,'2016-02-17 00:01:48','2016-02-17 00:01:48',NULL),(2517,NULL,'SANTA PATRICIA',NULL,NULL,NULL,'female','2016-02-17 00:01:48','2016-02-17 00:01:48',NULL),(2518,'YN-14089','SARASARA','2008-10-27 00:00:00',2511,2284,NULL,'2016-02-17 00:01:48','2016-02-17 00:01:48',NULL),(2519,NULL,'SARRACENO',NULL,NULL,NULL,'male','2016-02-17 00:01:48','2016-02-17 00:01:48',NULL),(2520,'CN-02210','SATURNO','2007-02-17 00:00:00',2101,2497,NULL,'2016-02-17 00:01:48','2016-02-17 00:01:48',NULL),(2521,NULL,'SE',NULL,NULL,NULL,'female','2016-02-17 00:01:48','2016-02-17 00:01:48',NULL),(2522,'PN-07898','SE','2007-08-04 00:00:00',2234,2321,NULL,'2016-02-17 00:01:48','2016-02-17 00:01:48',NULL),(2523,NULL,'SE',NULL,NULL,NULL,'female','2016-02-17 00:01:48','2016-02-17 00:01:48',NULL),(2524,'CN-02394','SEDUCTOR','2008-01-03 00:00:00',2496,2287,NULL,'2016-02-17 00:01:48','2016-02-17 00:01:48',NULL),(2525,'PN-08725','SENADOR','2010-10-01 00:00:00',2353,2097,NULL,'2016-02-17 00:01:48','2016-02-17 00:01:48',NULL),(2526,'YN-12175','SIVANA','2005-11-27 00:00:00',2358,2495,'female','2016-02-17 00:01:48','2016-02-17 00:01:48',NULL),(2527,NULL,'SOBERANA',NULL,NULL,NULL,'female','2016-02-17 00:01:48','2016-02-17 00:01:48',NULL),(2528,NULL,'SOBERANA I',NULL,NULL,NULL,'female','2016-02-17 00:01:48','2016-02-17 00:01:48',NULL),(2529,'YN-14936','SOBERBIA','2007-06-14 00:00:00',2450,2497,NULL,'2016-02-17 00:01:48','2016-02-17 00:01:48',NULL),(2530,'PN-10423','SOBERBIO','2013-09-08 00:00:00',2300,2263,NULL,'2016-02-17 00:01:48','2016-02-17 00:01:48',NULL),(2531,NULL,'SOCRATES',NULL,NULL,NULL,NULL,'2016-02-17 00:01:48','2016-02-17 00:01:48',NULL),(2532,NULL,'SOL BRILLANTE',NULL,NULL,NULL,'male','2016-02-17 00:01:48','2016-02-17 00:01:48',NULL),(2533,NULL,'SOL DE PIURA',NULL,NULL,NULL,'male','2016-02-17 00:01:48','2016-02-17 00:01:48',NULL),(2534,'PN-07031','SOL DEL PERU','2006-01-17 00:00:00',2451,2393,NULL,'2016-02-17 00:01:48','2016-02-17 00:01:48',NULL),(2535,'CN-02483','SOLERO','2011-02-02 00:00:00',2544,2292,NULL,'2016-02-17 00:01:48','2016-02-17 00:01:48',NULL),(2536,'PN-05584','SOLIMAN','2002-02-05 00:00:00',2231,2173,NULL,'2016-02-17 00:01:48','2016-02-17 00:01:48',NULL),(2537,NULL,'SORPRESA',NULL,NULL,NULL,'female','2016-02-17 00:01:48','2016-02-17 00:01:48',NULL),(2538,NULL,'SOY DEL PERU',NULL,NULL,NULL,'male','2016-02-17 00:01:48','2016-02-17 00:01:48',NULL),(2539,NULL,'SU MAJESTAD',NULL,NULL,NULL,'female','2016-02-17 00:01:48','2016-02-17 00:01:48',NULL),(2540,NULL,'SULLANERA',NULL,NULL,NULL,'female','2016-02-17 00:01:48','2016-02-17 00:01:48',NULL),(2541,'YN-16749','SULTANA','2010-01-09 00:00:00',2438,2284,NULL,'2016-02-17 00:01:48','2016-02-17 00:01:48',NULL),(2542,'PN-10807','SUMAQ','2012-01-19 00:00:00',2198,2266,NULL,'2016-02-17 00:01:48','2016-02-17 00:01:48',NULL),(2543,'CN-02446','SUPER','2008-03-12 00:00:00',2369,2151,NULL,'2016-02-17 00:01:48','2016-02-17 00:01:48',NULL),(2544,NULL,'SUSPIRO',NULL,NULL,NULL,'female','2016-02-17 00:01:48','2016-02-17 00:01:48',NULL),(2545,'YN-09976','SUSURRO','2002-11-28 00:00:00',2447,2228,'female','2016-02-17 00:01:48','2016-02-17 00:01:48',NULL),(2546,NULL,'TELEMACO',NULL,NULL,NULL,'male','2016-02-17 00:01:48','2016-02-17 00:01:48',NULL),(2547,'CN-01882','TENOR','2007-08-27 00:00:00',2281,2500,NULL,'2016-02-17 00:01:48','2016-02-17 00:01:48',NULL),(2548,'PN-09800','TIBETANO','2012-09-13 00:00:00',2526,2221,NULL,'2016-02-17 00:01:48','2016-02-17 00:01:48',NULL),(2549,'YN-17580','TOMBOLA-TE','2013-03-17 00:00:00',2362,2360,NULL,'2016-02-17 00:01:48','2016-02-17 00:01:48',NULL),(2550,NULL,'TORMENTA',NULL,NULL,NULL,'female','2016-02-17 00:01:48','2016-02-17 00:01:48',NULL),(2551,NULL,'TRADICION',NULL,NULL,NULL,'male','2016-02-17 00:01:48','2016-02-17 00:01:48',NULL),(2552,NULL,'TRIBUNO',NULL,NULL,NULL,'male','2016-02-17 00:01:48','2016-02-17 00:01:48',NULL),(2553,NULL,'TRUJILLANA',NULL,NULL,NULL,'female','2016-02-17 00:01:48','2016-02-17 00:01:48',NULL),(2554,'PN-09037','TULIPAN','2010-09-02 00:00:00',2267,2468,NULL,'2016-02-17 00:01:48','2016-02-17 00:01:48',NULL),(2555,'YN-09770','UTOPIA','2000-10-30 00:00:00',2415,2253,NULL,'2016-02-17 00:01:48','2016-02-17 00:01:48',NULL),(2556,NULL,'VALENTINO',NULL,NULL,NULL,'male','2016-02-17 00:01:48','2016-02-17 00:01:48',NULL),(2557,'CN-02349','VALEROSO','2010-01-09 00:00:00',2419,2271,NULL,'2016-02-17 00:01:48','2016-02-17 00:01:48',NULL),(2558,NULL,'VASCONGADA',NULL,NULL,NULL,'female','2016-02-17 00:01:48','2016-02-17 00:01:48',NULL),(2559,'YN-14338','VENECIANA','2009-01-10 00:00:00',2558,2402,NULL,'2016-02-17 00:01:48','2016-02-17 00:01:48',NULL),(2560,'CN-02564','VENGADOR','2009-09-28 00:00:00',2460,2501,NULL,'2016-02-17 00:01:48','2016-02-17 00:01:48',NULL),(2561,NULL,'VENTARRON',NULL,NULL,NULL,'male','2016-02-17 00:01:48','2016-02-17 00:01:48',NULL),(2562,NULL,'VENUS',NULL,NULL,NULL,'female','2016-02-17 00:01:48','2016-02-17 00:01:48',NULL),(2563,'PN-10538','VERBENERO','2012-06-05 00:00:00',2359,2255,NULL,'2016-02-17 00:01:48','2016-02-17 00:01:48',NULL),(2564,'YN-12225','VI','2004-09-24 00:00:00',2565,2158,NULL,'2016-02-17 00:01:48','2016-02-17 00:01:48',NULL),(2565,NULL,'VI',NULL,NULL,NULL,'female','2016-02-17 00:01:48','2016-02-17 00:01:48',NULL),(2566,NULL,'VIAJERO',NULL,NULL,NULL,'male','2016-02-17 00:01:48','2016-02-17 00:01:48',NULL),(2567,'PN-09955','VICTORIOSO','2011-11-30 00:00:00',2470,2533,NULL,'2016-02-17 00:01:48','2016-02-17 00:01:48',NULL),(2568,'PN-10448','VICTORIOSO - TE','2014-01-01 00:00:00',2147,2552,NULL,'2016-02-17 00:01:48','2016-02-17 00:01:48',NULL),(2569,NULL,'YERBA BUENA',NULL,NULL,NULL,'female','2016-02-17 00:01:48','2016-02-17 00:01:48',NULL),(2570,NULL,'ZAFRA',NULL,NULL,NULL,'female','2016-02-17 00:01:48','2016-02-17 00:01:48',NULL),(2571,'YN-13613','ZALAMANDRA','2007-10-09 00:00:00',2511,2131,NULL,'2016-02-17 00:01:48','2016-02-17 00:01:48',NULL),(2572,'YN-14461','ZARZUELA','2008-12-11 00:00:00',2398,2379,NULL,'2016-02-17 00:01:48','2016-02-17 00:01:48',NULL);

/*Table structure for table `catalogs` */

DROP TABLE IF EXISTS `catalogs`;

CREATE TABLE `catalogs` (
  `id` int(10) unsigned NOT NULL AUTO_INCREMENT,
  `number` smallint(5) unsigned DEFAULT NULL,
  `category_id` int(11) DEFAULT NULL,
  `tournament_id` int(10) unsigned NOT NULL,
  `animal_id` int(10) unsigned NOT NULL,
  PRIMARY KEY (`id`),
  KEY `fk_catalog_tournaments1_idx` (`tournament_id`),
  KEY `fk_catalog_animals1_idx` (`animal_id`),
  CONSTRAINT `fk_catalog_animals1` FOREIGN KEY (`animal_id`) REFERENCES `animals` (`id`) ON DELETE NO ACTION ON UPDATE NO ACTION,
  CONSTRAINT `fk_catalog_tournaments1` FOREIGN KEY (`tournament_id`) REFERENCES `tournaments` (`id`) ON DELETE NO ACTION ON UPDATE NO ACTION
) ENGINE=InnoDB AUTO_INCREMENT=975 DEFAULT CHARSET=utf8;

/*Data for the table `catalogs` */

insert  into `catalogs`(`id`,`number`,`category_id`,`tournament_id`,`animal_id`) values (464,93,12,1,2098),(465,7,52,1,2105),(466,161,33,1,2106),(467,119,26,1,2108),(468,72,10,1,2110),(469,5,52,1,2112),(470,13,3,1,2115),(471,202,23,1,2118),(472,107,26,1,2124),(473,32,7,1,2128),(474,6,52,1,2129),(475,49,9,1,2130),(476,167,20,1,2136),(477,67,10,1,2137),(478,25,51,1,2139),(479,74,11,1,2141),(480,17,3,1,2142),(481,113,26,1,2143),(482,79,11,1,2148),(483,43,7,1,2150),(484,123,27,1,2152),(485,78,11,1,2153),(486,78,15,1,2153),(487,100,12,1,2154),(488,69,10,1,2155),(489,46,7,1,2156),(490,46,16,1,2156),(491,10,3,1,2157),(492,31,5,1,2160),(493,83,11,1,2162),(494,159,33,1,2163),(495,1,52,1,2165),(496,171,20,1,2167),(497,171,25,1,2167),(498,51,9,1,2168),(499,18,3,1,2169),(500,162,33,1,2170),(501,116,26,1,2172),(502,47,7,1,2174),(503,47,15,1,2174),(504,47,16,1,2174),(505,47,34,1,2174),(506,148,31,1,2175),(507,148,44,1,2175),(508,110,26,1,2176),(509,170,20,1,2178),(510,170,55,1,2178),(511,170,41,1,2178),(512,204,15,1,2181),(513,204,34,1,2181),(514,35,7,1,2186),(515,213,22,1,2188),(516,131,29,1,2190),(517,131,30,1,2190),(518,186,21,1,2191),(519,23,51,1,2192),(520,152,32,1,2193),(521,39,7,1,2195),(522,126,27,1,2197),(523,60,9,1,2199),(524,179,20,1,2201),(525,122,27,1,2204),(526,104,12,1,2208),(527,184,20,1,2209),(528,121,27,1,2212),(529,136,29,1,2214),(530,40,7,1,2215),(531,40,15,1,2215),(532,141,31,1,2218),(533,141,35,1,2218),(534,141,37,1,2218),(535,141,43,1,2218),(536,141,47,1,2218),(537,125,27,1,2219),(538,181,20,1,2222),(539,37,7,1,2224),(540,61,10,1,2227),(541,61,16,1,2227),(542,9,3,1,2232),(543,80,11,1,2236),(544,97,12,1,2237),(545,59,9,1,2238),(546,70,10,1,2238),(547,62,10,1,2238),(548,4,52,1,2239),(549,24,51,1,2240),(550,169,20,1,2241),(551,211,1,1,2242),(552,197,22,1,2244),(553,197,55,1,2244),(554,197,41,1,2244),(555,197,45,1,2244),(556,192,21,1,2245),(557,153,32,1,2246),(558,208,47,1,2247),(559,108,26,1,2248),(560,200,22,1,2251),(561,144,31,1,2256),(562,185,21,1,2257),(563,138,29,1,2259),(564,191,21,1,2260),(565,109,26,1,2264),(566,149,31,1,2265),(567,163,33,1,2272),(568,64,10,1,2274),(569,166,53,1,2276),(570,166,19,1,2276),(571,166,44,1,2276),(572,11,3,1,2277),(573,65,10,1,2279),(574,50,9,1,2282),(575,50,15,1,2282),(576,50,16,1,2282),(577,174,20,1,2283),(578,174,25,1,2283),(579,55,9,1,2288),(580,151,32,1,2289),(581,157,33,1,2290),(582,147,31,1,2294),(583,19,51,1,2295),(584,145,31,1,2296),(585,117,26,1,2297),(586,2,52,1,2299),(587,66,10,1,2304),(588,139,31,1,2305),(589,3,52,1,2308),(590,34,7,1,2309),(591,86,11,1,2310),(592,33,7,1,2313),(593,173,20,1,2315),(594,81,11,1,2316),(595,81,16,1,2316),(596,132,29,1,2317),(597,8,52,1,2318),(598,22,51,1,2322),(599,114,26,1,2324),(600,73,10,1,2325),(601,73,16,1,2325),(602,137,29,1,2326),(603,210,1,1,2332),(604,194,22,1,2333),(605,112,26,1,2334),(606,207,45,1,2335),(607,38,7,1,2336),(608,92,12,1,2341),(609,41,7,1,2344),(610,158,33,1,2347),(611,158,34,1,2347),(612,188,21,1,2348),(613,99,12,1,2349),(614,27,5,1,2356),(615,95,12,1,2357),(616,120,27,1,2361),(617,130,29,1,2363),(618,82,11,1,2364),(619,57,9,1,2368),(620,57,13,1,2368),(621,57,17,1,2368),(622,57,64,1,2368),(623,57,46,1,2368),(624,84,11,1,2370),(625,175,20,1,2371),(626,175,25,1,2371),(627,26,5,1,2376),(628,96,12,1,2380),(629,198,22,1,2386),(630,187,21,1,2387),(631,187,25,1,2387),(632,178,20,1,2390),(633,178,25,1,2390),(634,115,26,1,2394),(635,115,28,1,2394),(636,94,12,1,2396),(637,52,9,1,2403),(638,58,9,1,2404),(639,101,12,1,2405),(640,101,34,1,2405),(641,29,5,1,2407),(642,196,22,1,2408),(643,85,11,1,2409),(644,30,5,1,2412),(645,12,3,1,2413),(646,15,3,1,2416),(647,177,20,1,2417),(648,206,34,1,2418),(649,182,20,1,2421),(650,212,1,1,2423),(651,36,7,1,2424),(652,53,9,1,2425),(653,71,10,1,2428),(654,71,64,1,2428),(655,14,3,1,2430),(656,168,20,1,2432),(657,154,32,1,2433),(658,128,27,1,2436),(659,199,22,1,2437),(660,89,11,1,2439),(661,201,22,1,2440),(662,134,29,1,2444),(663,54,9,1,2449),(664,54,13,1,2449),(665,54,16,1,2449),(666,54,34,1,2449),(667,203,23,1,2456),(668,140,31,1,2457),(669,56,9,1,2458),(670,56,16,1,2458),(671,56,34,1,2458),(672,164,33,1,2462),(673,16,3,1,2463),(674,124,27,1,2465),(675,48,9,1,2467),(676,88,11,1,2469),(677,91,12,1,2471),(678,21,51,1,2472),(679,146,31,1,2475),(680,172,20,1,2479),(681,172,25,1,2479),(682,42,7,1,2483),(683,205,46,1,2484),(684,205,15,1,2484),(685,205,16,1,2484),(686,205,44,1,2484),(687,45,7,1,2485),(688,28,5,1,2488),(689,68,10,1,2492),(690,155,32,1,2494),(691,150,32,1,2506),(692,44,7,1,2509),(693,176,20,1,2512),(694,103,12,1,2516),(695,77,11,1,2518),(696,195,45,1,2520),(697,195,34,1,2520),(698,156,32,1,2522),(699,156,35,1,2522),(700,156,37,1,2522),(701,156,43,1,2522),(702,190,21,1,2524),(703,142,31,1,2525),(704,98,12,1,2526),(705,90,12,1,2529),(706,90,34,1,2529),(707,118,26,1,2530),(708,160,33,1,2534),(709,214,53,1,2535),(710,165,33,1,2536),(711,165,47,1,2536),(712,63,10,1,2541),(713,133,29,1,2542),(714,189,21,1,2543),(715,105,12,1,2545),(716,193,21,1,2547),(717,127,27,1,2548),(718,20,51,1,2549),(719,20,6,1,2549),(720,143,31,1,2554),(721,106,12,1,2555),(722,180,20,1,2557),(723,75,11,1,2559),(724,183,20,1,2560),(725,129,29,1,2563),(726,102,12,1,2564),(727,135,29,1,2567),(728,111,26,1,2568),(729,87,11,1,2571),(730,76,11,1,2572);

/*Table structure for table `categories` */

DROP TABLE IF EXISTS `categories`;

CREATE TABLE `categories` (
  `id` int(10) unsigned NOT NULL AUTO_INCREMENT,
  `description` varchar(200) NOT NULL,
  `type` enum('selection','wselection') NOT NULL DEFAULT 'selection',
  `mode` enum('personal','group') NOT NULL DEFAULT 'personal',
  `status` enum('inactive','active','final','deleted') NOT NULL DEFAULT 'inactive',
  `actual_stage` enum('assistance','selection','classify_1','classify_2') DEFAULT NULL,
  `num_begin` int(11) NOT NULL DEFAULT '1',
  `order` smallint(5) unsigned DEFAULT '1',
  `count_competitors` tinyint(4) NOT NULL DEFAULT '0',
  `count_presents` tinyint(4) NOT NULL DEFAULT '0',
  `tournament_id` int(10) unsigned NOT NULL,
  PRIMARY KEY (`id`),
  KEY `fk_categories_tournaments1_idx` (`tournament_id`),
  CONSTRAINT `fk_categories_tournaments1` FOREIGN KEY (`tournament_id`) REFERENCES `tournaments` (`id`) ON DELETE NO ACTION ON UPDATE NO ACTION
) ENGINE=InnoDB AUTO_INCREMENT=65 DEFAULT CHARSET=utf8;

/*Data for the table `categories` */

insert  into `categories`(`id`,`description`,`type`,`mode`,`status`,`actual_stage`,`num_begin`,`order`,`count_competitors`,`count_presents`,`tournament_id`) values (1,'MULARES','selection','personal','final','classify_2',1,1,3,0,1),(3,'CATEGORIA DE POTRANCAS AL CABESTRO DE 1 1/2 A 2 AOS','selection','personal','final','classify_2',1,4,10,0,1),(5,'CATEGORIA DE POTRANCAS AL CABESTRO DE 2 1/2 A 3 AOS','selection','personal','final','classify_2',1,6,6,0,1),(6,'PREMIO A LA MEJOR POTRANCA PRESENTADA AL CABESTRO','selection','personal','final','classify_2',1,7,4,0,1),(7,'CATEGORIA DE POTRANCAS DE BOZAL DE 3 A 4 AOS','selection','personal','final','classify_2',1,8,16,0,1),(8,'CAMPEONA DE BOZAL HEMBRA','selection','personal','inactive',NULL,1,9,0,0,1),(9,'CATEGORIA DE YEGUAS DE FRENO Y ESPUELAS DE 4 A 6 AOS - GRUPO 1','selection','personal','final','classify_2',1,10,13,0,1),(10,'CATEGORIA DE YEGUAS DE FRENO Y ESPUELAS DE 4 A 6 AOS - GRUPO 2','selection','personal','final','classify_2',1,11,13,0,1),(11,'CATEGORIA DE YEGUAS DE FRENO Y ESPUELAS DE 6 A 8 AOS','selection','personal','final','classify_2',1,12,16,0,1),(12,'CATEGORIA DE YEGUAS DE FRENO Y ESPUELAS DE MAS DE 8 AOS','selection','personal','final','classify_2',1,13,17,0,1),(13,'PREMIO PISOS PARA YEGUAS','selection','personal','final','classify_2',1,14,9,0,1),(14,'PREMIO MADRE E HIJA','selection','personal','inactive',NULL,1,15,0,0,1),(15,'PREMIO PROGENIE DE MADRE','selection','group','final','classify_2',1,16,4,0,1),(16,'PREMIO CONJUNTO DE YEGUAS','selection','group','final','classify_2',1,17,3,0,1),(17,'PREMIO MERITO ZOOTECNICO HEMBRA','selection','personal','final','classify_2',1,18,9,0,1),(19,'CAMPEON DE BOZAL CAPON','selection','personal','inactive',NULL,1,20,0,0,1),(20,'CATEGORIA DE CAPONES DE FRENO Y ESPUELAS DE 4 A 6 AOS','selection','personal','final','classify_2',1,21,18,0,1),(21,'CATEGORIA DE CAPONES DE FRENO Y ESPUELAS DE 6 A 8 AOS','selection','personal','final','classify_2',1,22,9,0,1),(22,'CATEGORIA DE CAPONES DE FRENO Y ESPUELAS DE 8 A 12 AOS','selection','personal','final','classify_2',1,23,8,0,1),(23,'CATEGORIA DE CAPONES DE FRENO Y ESPUELAS DE MAS DE 12 AOS','selection','personal','final','classify_2',1,24,2,0,1),(25,'PREMIO CONJUNTO DE CAPONES','selection','group','final','classify_2',1,26,2,0,1),(26,'CATEGORIA DE POTRILLOS AL CABESTRO DE 1 A 2 AOS','selection','personal','final','classify_2',1,27,13,0,1),(27,'CATEGORIA DE POTRILLOS AL CABESTRO DE 2 A 3 AOS','selection','personal','final','classify_2',1,28,9,0,1),(28,'PREMIO AL MEJOR POTRILLO PRESENTADO AL CABESTRO','selection','personal','final','classify_2',1,29,2,0,1),(29,'CATEGORIA DE POTRILLOS DE BOZAL DE 3 A 4 AOS','selection','personal','final','classify_2',1,30,10,0,1),(30,'CAMPEON DE BOZAL MACHO','selection','personal','inactive',NULL,1,31,0,0,1),(31,'CATEGORIA DE POTROS DE FRENO Y ESPUELAS DE 4 A 6 AOS','selection','personal','final','classify_2',1,32,11,0,1),(32,'CATEGORIA DE POTROS DE FRENO Y ESPUELAS DE 6 A 8 AOS','selection','personal','final','classify_2',1,33,7,0,1),(33,'CATEGORIA DE POTROS DE FRENO Y ESPUELAS DE MAS DE 8 AOS','selection','personal','final','classify_2',1,34,9,0,1),(34,'PREMIO PROGENIE DE PADRE','selection','group','final','classify_2',1,35,2,0,1),(35,'PREMIO PISOS PARA POTROS','selection','personal','final','classify_2',1,36,6,0,1),(36,'PREMIO CONJUNTO DE POTROS','selection','personal','inactive',NULL,1,37,0,0,1),(37,'PREMIO MERITO ZOOTECNICO MACHO','selection','personal','final','classify_2',1,38,6,0,1),(40,'PRUEBA DE ENFRENADURA','selection','personal','inactive',NULL,1,43,0,0,1),(41,'CAMPEON Y RESERVA DE CAMPEON DEL AO CAPON','selection','personal','final','classify_2',1,44,8,0,1),(43,'CAMPEON Y RESERVA DE CAMPEON DEL AO MACHO','selection','personal','final','classify_2',1,46,6,0,1),(44,'PREMIO AFICION','selection','group','final','classify_2',1,47,1,0,1),(45,'CAMPEON DE CAMPEONES CAPON','selection','personal','final','classify_2',1,48,3,0,1),(46,'CAMPEONA DE CAMPEONAS HEMBRA','selection','personal','final','classify_2',1,49,2,0,1),(47,'CAMPEON DE CAMPEONES MACHO','selection','personal','final','classify_2',1,50,3,0,1),(49,'POTROS MULETEROS','selection','personal','final','classify_2',1,2,1,0,1),(51,'CATEGORIA DE POTRANCAS AL CABESTRO DE 2 A 2 1/2 AOS','selection','personal','final','classify_2',1,5,7,0,1),(52,'CATEGORIA DE POTRANCAS AL CABESTRO DE 1 A 1 1/2 AOS','selection','personal','final','classify_2',1,3,8,0,1),(53,'CATEGORIA DE CAPONES DE BOZAL DE 3 A 4 AOS','selection','personal','final','classify_2',1,19,2,0,1),(55,'PREMIO PISOS PARA CAPONES','selection','personal','final','classify_2',1,25,9,0,1),(57,'PRUEBA DE MENORES DE 6 A 9 AOS (NIOS)','selection','personal','inactive',NULL,1,39,0,0,1),(58,'PRUEBA DE MENORES DE 6 A 9 AOS (NIAS)','selection','personal','final','classify_2',1,40,1,0,1),(59,'PRUEBA DE MENORES DE 10 A 12 AOS (NIOS)','selection','personal','final','classify_2',1,41,1,0,1),(60,'PRUEBA DE MENORES DE 10 A 12 AOS (NIAS)','selection','personal','final','classify_2',1,42,1,0,1),(62,'CONJUNTO DE MULARES','selection','personal','inactive',NULL,1,1,0,0,1),(64,'CAMPEONA Y RESERVA DE CAMPEONA DEL AO HEMBRA','selection','personal','final','classify_2',1,45,8,0,1);

/*Table structure for table `category_users` */

DROP TABLE IF EXISTS `category_users`;

CREATE TABLE `category_users` (
  `id` bigint(20) unsigned NOT NULL AUTO_INCREMENT,
  `dirimente` tinyint(1) unsigned NOT NULL DEFAULT '0',
  `actual_stage` enum('assistance','selection','classify_1','classify_2') DEFAULT NULL,
  `category_id` int(10) unsigned NOT NULL,
  `user_id` int(10) unsigned NOT NULL,
  PRIMARY KEY (`id`),
  KEY `fk_category_users_categories1_idx` (`category_id`),
  KEY `fk_category_users_users1_idx` (`user_id`),
  CONSTRAINT `fk_category_users_categories1` FOREIGN KEY (`category_id`) REFERENCES `categories` (`id`) ON DELETE NO ACTION ON UPDATE NO ACTION,
  CONSTRAINT `fk_category_users_users1` FOREIGN KEY (`user_id`) REFERENCES `users` (`id`) ON DELETE NO ACTION ON UPDATE NO ACTION
) ENGINE=InnoDB AUTO_INCREMENT=241 DEFAULT CHARSET=utf8;

/*Data for the table `category_users` */

insert  into `category_users`(`id`,`dirimente`,`actual_stage`,`category_id`,`user_id`) values (10,0,'classify_2',1,3),(11,1,'classify_2',1,4),(12,0,'classify_2',1,5),(13,0,'classify_2',49,3),(14,0,'classify_2',49,4),(15,1,'classify_2',49,5),(28,0,'classify_2',3,3),(29,1,'classify_2',3,4),(30,0,'classify_2',3,5),(31,0,'classify_2',51,3),(32,1,'classify_2',51,4),(33,0,'classify_2',51,5),(34,0,'classify_2',5,3),(35,0,'classify_2',5,4),(36,1,'classify_2',5,5),(40,0,'classify_2',6,3),(41,1,'classify_2',6,4),(42,0,'classify_2',6,5),(46,1,'classify_2',7,3),(47,0,'classify_2',7,4),(48,0,'classify_2',7,5),(55,0,'classify_2',9,3),(56,0,'classify_2',9,4),(57,1,'classify_2',9,5),(58,0,'classify_2',10,3),(59,1,'classify_2',10,4),(60,0,'classify_2',10,5),(61,1,'classify_2',11,3),(62,0,'classify_2',11,4),(63,0,'classify_2',11,5),(64,0,'classify_2',12,3),(65,0,'classify_2',12,4),(66,1,'classify_2',12,5),(70,0,'classify_2',13,3),(71,1,'classify_2',13,4),(72,0,'classify_2',13,5),(73,1,'classify_2',15,3),(74,0,'classify_2',15,4),(75,0,'classify_2',15,5),(82,0,'classify_2',16,3),(83,0,'classify_2',16,4),(84,1,'classify_2',16,5),(91,0,'classify_2',17,3),(92,1,'classify_2',17,4),(93,0,'classify_2',17,5),(94,0,'classify_2',52,3),(95,0,'classify_2',52,4),(96,1,'classify_2',52,5),(100,0,'classify_2',53,3),(101,1,'classify_2',53,4),(102,0,'classify_2',53,5),(103,1,'classify_2',20,3),(104,0,'classify_2',20,4),(105,0,'classify_2',20,5),(106,0,'classify_2',21,3),(107,0,'classify_2',21,4),(108,1,'classify_2',21,5),(109,0,'classify_2',22,3),(110,1,'classify_2',22,4),(111,0,'classify_2',22,5),(112,1,'classify_2',23,3),(113,0,'classify_2',23,4),(114,0,'classify_2',23,5),(130,0,'classify_2',26,3),(131,1,'classify_2',26,4),(132,0,'classify_2',26,5),(133,1,'classify_2',27,3),(134,0,'classify_2',27,4),(135,0,'classify_2',27,5),(136,0,'classify_2',28,3),(137,0,'classify_2',28,4),(138,1,'classify_2',28,5),(139,0,'classify_2',29,3),(140,1,'classify_2',29,4),(141,0,'classify_2',29,5),(142,1,'classify_2',31,3),(143,0,'classify_2',31,4),(144,0,'classify_2',31,5),(145,0,'classify_2',32,3),(146,0,'classify_2',32,4),(147,1,'classify_2',32,5),(148,0,'classify_2',33,3),(149,1,'classify_2',33,4),(150,0,'classify_2',33,5),(151,1,'classify_2',34,3),(152,0,'classify_2',34,4),(153,0,'classify_2',34,5),(154,0,'classify_2',35,3),(155,0,'classify_2',35,4),(156,1,'classify_2',35,5),(157,0,'classify_2',37,3),(158,1,'classify_2',37,4),(159,0,'classify_2',37,5),(184,0,'classify_2',41,3),(185,1,'classify_2',41,4),(186,0,'classify_2',41,5),(190,0,'classify_2',43,3),(191,0,'classify_2',43,4),(192,1,'classify_2',43,5),(202,0,'classify_2',44,3),(203,1,'classify_2',44,4),(204,0,'classify_2',44,5),(208,1,'classify_2',45,3),(209,0,'classify_2',45,4),(210,0,'classify_2',45,5),(211,0,'classify_2',46,3),(212,0,'classify_2',46,4),(213,1,'classify_2',46,5),(214,0,'classify_2',47,3),(215,1,'classify_2',47,4),(216,0,'classify_2',47,5),(217,0,'classify_2',60,3),(218,0,'classify_2',60,4),(219,1,'classify_2',60,5),(220,1,'classify_2',59,3),(221,0,'classify_2',59,4),(222,0,'classify_2',59,5),(223,0,'classify_2',58,3),(224,1,'classify_2',58,4),(225,0,'classify_2',58,5),(226,0,'classify_2',55,3),(227,0,'classify_2',55,4),(228,1,'classify_2',55,5),(235,1,'classify_2',64,3),(236,0,'classify_2',64,4),(237,0,'classify_2',64,5),(238,0,'classify_2',25,3),(239,1,'classify_2',25,4),(240,0,'classify_2',25,5);

/*Table structure for table `competitors` */

DROP TABLE IF EXISTS `competitors`;

CREATE TABLE `competitors` (
  `id` int(10) unsigned NOT NULL AUTO_INCREMENT,
  `number` tinyint(3) unsigned NOT NULL,
  `position` tinyint(3) unsigned DEFAULT NULL,
  `points` smallint(5) unsigned DEFAULT NULL,
  `catalog` varchar(45) DEFAULT NULL,
  `status` enum('present','missing') DEFAULT NULL,
  `category_id` int(10) unsigned NOT NULL,
  PRIMARY KEY (`id`),
  KEY `fk_competitors_categories1_idx` (`category_id`),
  CONSTRAINT `fk_competitors_categories1` FOREIGN KEY (`category_id`) REFERENCES `categories` (`id`) ON DELETE NO ACTION ON UPDATE NO ACTION
) ENGINE=InnoDB AUTO_INCREMENT=346 DEFAULT CHARSET=utf8;

/*Data for the table `competitors` */

insert  into `competitors`(`id`,`number`,`position`,`points`,`catalog`,`status`,`category_id`) values (1,1,3,9,'210',NULL,1),(2,2,1,3,'211',NULL,1),(3,3,2,6,'212',NULL,1),(4,1,1,3,NULL,NULL,49),(5,1,NULL,NULL,NULL,NULL,49),(22,1,9,26,'9',NULL,3),(23,2,7,23,'10',NULL,3),(24,3,8,24,'11',NULL,3),(25,4,10,27,'12',NULL,3),(26,5,6,16,'13',NULL,3),(27,6,4,13,'14',NULL,3),(28,7,2,7,'15',NULL,3),(29,8,1,3,'16',NULL,3),(30,9,3,9,'17',NULL,3),(31,10,5,15,'18',NULL,3),(32,1,7,19,'19',NULL,51),(33,2,1,3,'20',NULL,51),(34,3,3,8,'21',NULL,51),(35,4,5,15,'22',NULL,51),(36,5,4,12,'23',NULL,51),(37,6,6,18,'24',NULL,51),(38,7,2,7,'25',NULL,51),(39,1,5,15,'26',NULL,5),(40,2,6,17,'27',NULL,5),(41,3,4,13,'28',NULL,5),(42,4,1,4,'29',NULL,5),(43,5,2,7,'30',NULL,5),(44,6,3,7,'31',NULL,5),(45,1,4,11,NULL,NULL,6),(46,2,2,6,NULL,NULL,6),(47,3,1,3,NULL,NULL,6),(48,4,3,10,NULL,NULL,6),(49,1,NULL,NULL,'32',NULL,7),(50,2,9,26,'33',NULL,7),(51,3,10,29,'34',NULL,7),(52,4,4,11,'35',NULL,7),(53,5,5,14,'36',NULL,7),(54,6,3,9,'37',NULL,7),(55,7,NULL,NULL,'38',NULL,7),(56,8,NULL,NULL,'39',NULL,7),(57,9,1,4,'40',NULL,7),(58,10,6,17,'41',NULL,7),(59,11,8,22,'42',NULL,7),(60,12,NULL,NULL,'43',NULL,7),(61,13,11,33,'44',NULL,7),(62,14,2,8,'45',NULL,7),(63,15,NULL,NULL,'46',NULL,7),(64,16,7,21,'47',NULL,7),(65,1,7,18,'48',NULL,9),(66,2,4,14,'49',NULL,9),(67,3,3,7,'50',NULL,9),(68,4,9,25,'51',NULL,9),(69,5,NULL,NULL,'52',NULL,9),(70,6,10,28,'53',NULL,9),(71,7,2,7,'54',NULL,9),(72,8,6,17,'55',NULL,9),(73,9,5,14,'56',NULL,9),(74,10,1,4,'57',NULL,9),(75,11,NULL,NULL,'58',NULL,9),(76,12,NULL,NULL,'59',NULL,9),(77,13,8,19,'60',NULL,9),(78,1,2,6,'61',NULL,10),(79,2,NULL,NULL,'62',NULL,10),(80,3,4,12,'63',NULL,10),(81,4,7,23,'64',NULL,10),(82,5,5,14,'65',NULL,10),(83,6,6,18,'66',NULL,10),(84,7,9,26,'67',NULL,10),(85,8,NULL,NULL,'68',NULL,10),(86,9,NULL,NULL,'69',NULL,10),(87,10,10,27,'70',NULL,10),(88,11,1,3,'71',NULL,10),(89,12,3,10,'72',NULL,10),(90,13,8,25,'73',NULL,10),(91,1,10,26,'74',NULL,11),(92,2,NULL,NULL,'75',NULL,11),(93,3,NULL,NULL,'76',NULL,11),(94,4,11,27,'77',NULL,11),(95,5,2,6,'78',NULL,11),(96,7,5,15,'80',NULL,11),(97,8,7,22,'81',NULL,11),(98,9,1,3,'82',NULL,11),(99,11,3,10,'84',NULL,11),(100,12,9,24,'85',NULL,11),(101,13,NULL,NULL,'86',NULL,11),(102,14,4,13,'87',NULL,11),(103,15,8,22,'88',NULL,11),(104,16,6,16,'89',NULL,11),(105,1,3,10,'90',NULL,12),(106,2,4,11,'91',NULL,12),(107,3,NULL,NULL,'92',NULL,12),(108,4,1,3,'93',NULL,12),(109,5,8,22,'94',NULL,12),(110,6,NULL,NULL,'95',NULL,12),(111,7,5,14,'96',NULL,12),(112,8,NULL,NULL,'97',NULL,12),(113,10,6,17,'99',NULL,12),(114,11,7,21,'100',NULL,12),(115,12,9,26,'101',NULL,12),(116,13,NULL,NULL,'102',NULL,12),(117,14,2,8,'103',NULL,12),(118,15,NULL,NULL,'104',NULL,12),(119,16,NULL,NULL,'105',NULL,12),(120,17,NULL,NULL,'106',NULL,12),(121,1,1,7,'57',NULL,13),(122,2,2,8,'54',NULL,13),(123,3,5,11,'71',NULL,13),(124,4,NULL,NULL,'61',NULL,13),(125,5,3,9,'82',NULL,13),(126,6,NULL,NULL,'78',NULL,13),(127,7,4,10,'93',NULL,13),(128,8,NULL,NULL,'103',NULL,13),(129,9,NULL,NULL,'90',NULL,13),(130,1,1,3,'40,78',NULL,15),(131,2,2,7,'50,205',NULL,15),(132,3,3,8,'204,47',NULL,15),(133,1,2,6,'50,61,205',NULL,16),(134,2,1,3,'46,47,54,56,81',NULL,16),(135,3,3,9,'51,90,101',NULL,16),(136,1,1,7,'57',NULL,17),(137,2,NULL,NULL,'54',NULL,17),(138,3,3,9,'71',NULL,17),(139,4,2,7,'61',NULL,17),(140,5,4,11,'82',NULL,17),(141,6,NULL,NULL,'78',NULL,17),(142,7,5,11,'93',NULL,17),(143,8,NULL,NULL,'103',NULL,17),(144,9,NULL,NULL,'56',NULL,17),(145,1,6,17,'1',NULL,52),(146,2,3,9,'2',NULL,52),(147,3,5,16,'3',NULL,52),(148,4,7,19,'4',NULL,52),(149,5,4,11,'5',NULL,52),(150,6,2,7,'6',NULL,52),(151,7,1,3,'7',NULL,52),(152,8,8,24,'8',NULL,52),(155,1,1,3,'166',NULL,53),(156,2,2,6,'214',NULL,53),(157,1,NULL,NULL,NULL,NULL,53),(158,2,NULL,NULL,NULL,NULL,53),(159,2,2,7,'168',NULL,20),(160,3,NULL,NULL,'169',NULL,20),(161,4,1,3,'170',NULL,20),(162,5,3,10,'171',NULL,20),(163,6,NULL,NULL,'172',NULL,20),(164,7,4,13,'173',NULL,20),(165,8,NULL,NULL,'174',NULL,20),(166,9,6,16,'175',NULL,20),(167,10,NULL,NULL,'176',NULL,20),(168,11,NULL,NULL,'177',NULL,20),(169,12,7,18,'178',NULL,20),(170,13,8,21,'179',NULL,20),(171,14,NULL,NULL,'180',NULL,20),(172,15,9,21,'181',NULL,20),(173,16,NULL,NULL,'182',NULL,20),(174,17,5,14,'183',NULL,20),(175,1,5,15,'185',NULL,21),(176,2,NULL,NULL,'186',NULL,21),(177,3,2,7,'187',NULL,21),(178,4,NULL,NULL,'188',NULL,21),(179,5,6,16,'189',NULL,21),(180,6,3,8,'190',NULL,21),(181,7,7,20,'191',NULL,21),(182,8,4,14,'192',NULL,21),(183,9,1,3,'193',NULL,21),(184,1,NULL,NULL,'194',NULL,22),(185,2,6,18,'196(CL)',NULL,22),(186,3,1,3,'197',NULL,22),(187,4,3,9,'198',NULL,22),(188,5,2,8,'199',NULL,22),(189,6,4,10,'200',NULL,22),(190,8,5,15,'213',NULL,22),(191,1,2,6,'202',NULL,23),(192,2,1,3,'203',NULL,23),(193,1,NULL,NULL,NULL,NULL,23),(194,2,NULL,NULL,NULL,NULL,23),(195,1,NULL,NULL,NULL,NULL,23),(196,2,NULL,NULL,NULL,NULL,23),(213,1,NULL,NULL,'107',NULL,26),(214,2,NULL,NULL,'108',NULL,26),(215,3,3,12,'109',NULL,26),(216,4,6,13,'110',NULL,26),(217,5,NULL,NULL,'111',NULL,26),(218,6,5,12,'112',NULL,26),(219,7,NULL,NULL,'113',NULL,26),(220,8,NULL,NULL,'114',NULL,26),(221,9,1,5,'115',NULL,26),(222,10,7,18,'116',NULL,26),(223,12,2,9,'118',NULL,26),(224,13,4,12,'119',NULL,26),(225,1,5,14,'120',NULL,27),(226,2,NULL,NULL,'121',NULL,27),(227,3,3,10,'122',NULL,27),(228,4,4,13,'123',NULL,27),(229,5,2,5,'124',NULL,27),(230,6,7,19,'125',NULL,27),(231,7,1,4,'126',NULL,27),(232,9,6,17,'128',NULL,27),(233,1,2,5,'115',NULL,28),(234,2,1,4,'126',NULL,28),(235,1,5,16,'129',NULL,29),(236,2,3,9,'130',NULL,29),(237,3,1,3,'131',NULL,29),(238,4,4,11,'132',NULL,29),(239,5,NULL,NULL,'133',NULL,29),(240,6,NULL,NULL,'134',NULL,29),(241,7,NULL,NULL,'135',NULL,29),(242,8,NULL,NULL,'136',NULL,29),(243,9,6,17,'137',NULL,29),(244,10,2,7,'138',NULL,29),(245,2,3,12,'140',NULL,31),(246,3,1,3,'141',NULL,31),(247,5,NULL,NULL,'143',NULL,31),(248,6,2,6,'144',NULL,31),(249,7,4,12,'145',NULL,31),(250,8,NULL,NULL,'146',NULL,31),(251,9,6,15,'147',NULL,31),(252,10,5,15,'148',NULL,31),(253,11,7,17,'149',NULL,31),(254,1,NULL,NULL,'150',NULL,32),(255,2,4,12,'151',NULL,32),(256,3,2,6,'152',NULL,32),(257,4,3,9,'153',NULL,32),(258,5,NULL,NULL,'154',NULL,32),(259,7,1,3,'156',NULL,32),(260,1,NULL,NULL,'157',NULL,33),(261,2,5,15,'158',NULL,33),(262,3,7,21,'159',NULL,33),(263,4,1,5,'160',NULL,33),(264,5,8,22,'161',NULL,33),(265,6,3,10,'162',NULL,33),(266,7,4,11,'163',NULL,33),(267,8,6,15,'164',NULL,33),(268,9,2,7,'165',NULL,33),(269,1,1,4,'46,47,54,56,204,206',NULL,34),(270,2,2,5,'90,101,158,195',NULL,34),(271,1,2,5,'141',NULL,35),(272,3,1,4,'156',NULL,35),(273,4,3,9,'152',NULL,35),(274,5,4,12,'160',NULL,35),(275,6,5,15,'165',NULL,35),(276,1,1,3,'141',NULL,37),(277,3,2,7,'156',NULL,37),(278,4,4,13,'152',NULL,37),(279,5,3,9,'160',NULL,37),(280,6,5,13,'165',NULL,37),(284,1,2,5,'170',NULL,41),(285,3,3,8,'193',NULL,41),(286,5,1,5,'197',NULL,41),(287,6,4,12,'196',NULL,41),(302,1,1,3,'141',NULL,43),(303,3,2,6,'156',NULL,43),(304,5,NULL,NULL,'160',NULL,43),(305,1,1,3,'205,166,148',NULL,44),(306,1,1,4,'207',NULL,45),(307,2,3,8,'195',NULL,45),(308,3,2,6,'197',NULL,45),(309,1,2,6,'205',NULL,46),(310,2,1,3,'57',NULL,46),(311,1,2,6,'208',NULL,47),(312,2,3,9,'165',NULL,47),(313,3,1,3,'141',NULL,47),(314,1,1,3,NULL,NULL,60),(315,1,1,3,NULL,NULL,59),(316,1,1,3,NULL,NULL,58),(317,1,2,7,'170',NULL,55),(318,3,3,8,'193',NULL,55),(319,4,4,13,'187',NULL,55),(320,5,1,3,'197',NULL,55),(321,7,5,14,'203',NULL,55),(337,1,1,4,'57',NULL,64),(338,2,4,12,'54',NULL,64),(339,3,2,5,'71',NULL,64),(340,4,6,18,'61',NULL,64),(341,5,3,9,'82',NULL,64),(342,7,5,15,'93',NULL,64),(343,8,7,21,'103',NULL,64),(344,1,1,3,'171,178,187',NULL,25),(345,2,2,6,'172,174,175',NULL,25);

/*Table structure for table `stages` */

DROP TABLE IF EXISTS `stages`;

CREATE TABLE `stages` (
  `id` bigint(20) unsigned NOT NULL AUTO_INCREMENT,
  `position` int(11) NOT NULL,
  `stage` enum('assistance','selection','classify_1','classify_2') NOT NULL,
  `status` enum('active','final') NOT NULL DEFAULT 'active',
  `category_id` int(11) NOT NULL DEFAULT '1',
  `competitor_id` int(10) unsigned NOT NULL,
  `user_id` int(10) unsigned NOT NULL,
  PRIMARY KEY (`id`),
  KEY `fk_stages_competitors1_idx` (`competitor_id`),
  KEY `fk_stages_users1_idx` (`user_id`),
  CONSTRAINT `fk_stages_competitors1` FOREIGN KEY (`competitor_id`) REFERENCES `competitors` (`id`) ON DELETE NO ACTION ON UPDATE NO ACTION,
  CONSTRAINT `fk_stages_users1` FOREIGN KEY (`user_id`) REFERENCES `users` (`id`) ON DELETE NO ACTION ON UPDATE NO ACTION
) ENGINE=InnoDB AUTO_INCREMENT=2113 DEFAULT CHARSET=utf8;

/*Data for the table `stages` */

insert  into `stages`(`id`,`position`,`stage`,`status`,`category_id`,`competitor_id`,`user_id`) values (1,1,'selection','final',1,1,3),(2,1,'selection','final',1,2,3),(3,1,'selection','final',1,3,3),(4,1,'selection','final',1,1,4),(5,1,'selection','final',1,2,4),(6,1,'selection','final',1,3,4),(7,1,'classify_1','final',1,2,3),(8,2,'classify_1','final',1,3,3),(9,3,'classify_1','final',1,1,3),(10,1,'classify_1','final',1,1,4),(11,2,'classify_1','final',1,2,4),(12,3,'classify_1','final',1,3,4),(13,1,'classify_1','final',1,2,5),(14,2,'classify_1','final',1,3,5),(15,3,'classify_1','final',1,1,5),(16,1,'classify_2','final',1,2,3),(17,2,'classify_2','final',1,3,3),(18,3,'classify_2','final',1,1,3),(19,1,'classify_2','final',1,2,5),(20,2,'classify_2','final',1,3,5),(21,3,'classify_2','final',1,1,5),(22,1,'classify_2','final',1,2,4),(23,2,'classify_2','final',1,3,4),(24,3,'classify_2','final',1,1,4),(25,1,'selection','final',49,4,5),(26,1,'selection','final',49,4,4),(28,1,'selection','final',49,4,3),(29,1,'classify_1','final',49,4,3),(30,1,'classify_1','final',49,4,5),(31,1,'classify_1','final',49,4,4),(32,1,'classify_2','final',49,4,4),(33,1,'classify_2','final',49,4,3),(34,1,'classify_2','final',49,4,5),(73,1,'selection','final',3,22,3),(74,1,'selection','final',3,23,3),(75,1,'selection','final',3,24,3),(76,1,'selection','final',3,25,3),(77,1,'selection','final',3,26,3),(78,1,'selection','final',3,27,3),(79,1,'selection','final',3,28,3),(80,1,'selection','final',3,29,3),(81,1,'selection','final',3,30,3),(82,1,'selection','final',3,31,3),(83,1,'selection','final',3,22,4),(84,1,'selection','final',3,23,4),(85,1,'selection','final',3,24,4),(86,1,'selection','final',3,25,4),(87,1,'selection','final',3,26,4),(88,1,'selection','final',3,27,4),(89,1,'selection','final',3,28,4),(90,1,'selection','final',3,29,4),(91,1,'selection','final',3,30,4),(92,1,'selection','final',3,31,4),(93,1,'selection','final',3,23,5),(94,1,'selection','final',3,24,5),(95,1,'selection','final',3,26,5),(96,1,'selection','final',3,27,5),(97,1,'selection','final',3,28,5),(98,1,'selection','final',3,29,5),(99,1,'selection','final',3,30,5),(100,1,'selection','final',3,31,5),(101,1,'classify_1','final',3,29,5),(102,2,'classify_1','final',3,30,5),(103,3,'classify_1','final',3,28,5),(104,4,'classify_1','final',3,27,5),(105,5,'classify_1','final',3,26,5),(106,6,'classify_1','final',3,23,5),(107,7,'classify_1','final',3,24,5),(108,8,'classify_1','final',3,31,5),(109,9,'classify_1','final',3,22,5),(110,10,'classify_1','final',3,25,5),(111,1,'classify_1','final',3,29,4),(112,2,'classify_1','final',3,28,4),(113,3,'classify_1','final',3,30,4),(114,4,'classify_1','final',3,27,4),(115,5,'classify_1','final',3,26,4),(116,6,'classify_1','final',3,31,4),(117,7,'classify_1','final',3,24,4),(118,8,'classify_1','final',3,23,4),(119,9,'classify_1','final',3,22,4),(120,10,'classify_1','final',3,25,4),(121,1,'classify_1','final',3,29,3),(122,2,'classify_1','final',3,28,3),(123,3,'classify_1','final',3,31,3),(124,4,'classify_1','final',3,30,3),(125,5,'classify_1','final',3,27,3),(126,6,'classify_1','final',3,26,3),(127,7,'classify_1','final',3,25,3),(128,8,'classify_1','final',3,22,3),(129,9,'classify_1','final',3,23,3),(130,10,'classify_1','final',3,24,3),(131,1,'classify_2','final',3,29,4),(132,2,'classify_2','final',3,28,4),(133,3,'classify_2','final',3,30,4),(134,4,'classify_2','final',3,27,4),(135,5,'classify_2','final',3,26,4),(136,6,'classify_2','final',3,31,4),(137,1,'classify_2','final',3,29,5),(138,2,'classify_2','final',3,30,5),(139,3,'classify_2','final',3,28,5),(140,4,'classify_2','final',3,27,5),(141,5,'classify_2','final',3,26,5),(142,6,'classify_2','final',3,31,5),(143,1,'classify_2','final',3,29,3),(144,2,'classify_2','final',3,28,3),(145,3,'classify_2','final',3,31,3),(146,4,'classify_2','final',3,30,3),(147,5,'classify_2','final',3,27,3),(148,6,'classify_2','final',3,26,3),(149,1,'selection','final',51,32,3),(150,1,'selection','final',51,33,3),(151,1,'selection','final',51,34,3),(152,1,'selection','final',51,35,3),(153,1,'selection','final',51,36,3),(154,1,'selection','final',51,37,3),(155,1,'selection','final',51,38,3),(156,1,'selection','final',51,33,5),(157,1,'selection','final',51,34,5),(158,1,'selection','final',51,35,5),(159,1,'selection','final',51,36,5),(160,1,'selection','final',51,37,5),(161,1,'selection','final',51,38,5),(162,1,'selection','final',51,32,4),(163,1,'selection','final',51,33,4),(164,1,'selection','final',51,34,4),(165,1,'selection','final',51,35,4),(166,1,'selection','final',51,36,4),(167,1,'selection','final',51,37,4),(168,1,'selection','final',51,38,4),(169,1,'classify_1','final',51,33,3),(170,2,'classify_1','final',51,34,3),(171,3,'classify_1','final',51,38,3),(172,4,'classify_1','final',51,36,3),(173,5,'classify_1','final',51,32,3),(174,6,'classify_1','final',51,35,3),(175,7,'classify_1','final',51,37,3),(176,1,'classify_1','final',51,33,5),(177,2,'classify_1','final',51,38,5),(178,3,'classify_1','final',51,34,5),(179,4,'classify_1','final',51,36,5),(180,5,'classify_1','final',51,35,5),(181,6,'classify_1','final',51,37,5),(182,7,'classify_1','final',51,32,5),(183,1,'classify_1','final',51,33,4),(184,2,'classify_1','final',51,38,4),(185,3,'classify_1','final',51,34,4),(186,4,'classify_1','final',51,36,4),(187,5,'classify_1','final',51,35,4),(188,6,'classify_1','final',51,37,4),(189,7,'classify_1','final',51,32,4),(190,1,'classify_2','final',51,33,4),(191,2,'classify_2','final',51,38,4),(192,3,'classify_2','final',51,34,4),(193,4,'classify_2','final',51,36,4),(194,5,'classify_2','final',51,35,4),(195,6,'classify_2','final',51,37,4),(196,1,'classify_2','final',51,33,3),(197,2,'classify_2','final',51,34,3),(198,3,'classify_2','final',51,38,3),(199,4,'classify_2','final',51,36,3),(200,5,'classify_2','final',51,35,3),(201,6,'classify_2','final',51,37,3),(202,1,'classify_2','final',51,33,5),(203,2,'classify_2','final',51,38,5),(204,3,'classify_2','final',51,34,5),(205,4,'classify_2','final',51,36,5),(206,5,'classify_2','final',51,35,5),(207,6,'classify_2','final',51,37,5),(208,1,'selection','final',5,39,5),(209,1,'selection','final',5,40,5),(210,1,'selection','final',5,41,5),(211,1,'selection','final',5,42,5),(212,1,'selection','final',5,43,5),(213,1,'selection','final',5,44,5),(214,1,'selection','final',5,39,3),(215,1,'selection','final',5,40,3),(216,1,'selection','final',5,41,3),(217,1,'selection','final',5,42,3),(218,1,'selection','final',5,43,3),(219,1,'selection','final',5,44,3),(220,1,'selection','final',5,39,4),(221,1,'selection','final',5,40,4),(222,1,'selection','final',5,41,4),(223,1,'selection','final',5,42,4),(224,1,'selection','final',5,43,4),(225,1,'selection','final',5,44,4),(232,1,'classify_1','final',5,42,3),(233,2,'classify_1','final',5,43,3),(234,3,'classify_1','final',5,44,3),(235,4,'classify_1','final',5,39,3),(236,5,'classify_1','final',5,41,3),(237,6,'classify_1','final',5,40,3),(238,1,'classify_1','final',5,44,4),(239,2,'classify_1','final',5,42,4),(240,3,'classify_1','final',5,43,4),(241,4,'classify_1','final',5,41,4),(242,5,'classify_1','final',5,39,4),(243,6,'classify_1','final',5,40,4),(244,1,'classify_1','final',5,42,5),(245,2,'classify_1','final',5,43,5),(246,3,'classify_1','final',5,44,5),(247,4,'classify_1','final',5,41,5),(248,5,'classify_1','final',5,40,5),(249,6,'classify_1','final',5,39,5),(250,1,'classify_2','final',5,44,4),(251,2,'classify_2','final',5,42,4),(252,3,'classify_2','final',5,43,4),(253,4,'classify_2','final',5,41,4),(254,5,'classify_2','final',5,39,4),(255,6,'classify_2','final',5,40,4),(256,1,'classify_2','final',5,42,3),(257,2,'classify_2','final',5,43,3),(258,3,'classify_2','final',5,44,3),(259,4,'classify_2','final',5,39,3),(260,5,'classify_2','final',5,41,3),(261,6,'classify_2','final',5,40,3),(262,1,'classify_2','final',5,42,5),(263,2,'classify_2','final',5,43,5),(264,3,'classify_2','final',5,44,5),(265,4,'classify_2','final',5,41,5),(266,5,'classify_2','final',5,40,5),(267,6,'classify_2','final',5,39,5),(268,1,'selection','final',6,45,3),(269,1,'selection','final',6,46,3),(270,1,'selection','final',6,47,3),(271,1,'selection','final',6,48,3),(272,1,'selection','final',6,45,5),(273,1,'selection','final',6,46,5),(274,1,'selection','final',6,47,5),(275,1,'selection','final',6,48,5),(276,1,'selection','final',6,45,4),(277,1,'selection','final',6,46,4),(278,1,'selection','final',6,47,4),(279,1,'selection','final',6,48,4),(280,1,'classify_1','final',6,47,4),(281,2,'classify_1','final',6,46,4),(282,3,'classify_1','final',6,48,4),(283,4,'classify_1','final',6,45,4),(288,1,'classify_1','final',6,47,3),(289,2,'classify_1','final',6,46,3),(290,3,'classify_1','final',6,45,3),(291,4,'classify_1','final',6,48,3),(292,1,'classify_1','final',6,47,5),(293,2,'classify_1','final',6,45,5),(294,3,'classify_1','final',6,48,5),(295,4,'classify_1','final',6,46,5),(296,1,'classify_2','final',6,47,4),(297,2,'classify_2','final',6,46,4),(298,3,'classify_2','final',6,48,4),(299,4,'classify_2','final',6,45,4),(304,1,'classify_2','final',6,47,3),(305,2,'classify_2','final',6,46,3),(306,3,'classify_2','final',6,45,3),(307,4,'classify_2','final',6,48,3),(308,1,'classify_2','final',6,47,5),(309,2,'classify_2','final',6,46,5),(310,3,'classify_2','final',6,48,5),(311,4,'classify_2','final',6,45,5),(312,1,'selection','final',7,50,3),(313,1,'selection','final',7,51,3),(314,1,'selection','final',7,52,3),(315,1,'selection','final',7,53,3),(316,1,'selection','final',7,54,3),(317,1,'selection','final',7,57,3),(318,1,'selection','final',7,58,3),(319,1,'selection','final',7,62,3),(320,1,'selection','final',7,63,3),(321,1,'selection','final',7,49,5),(322,1,'selection','final',7,50,5),(323,1,'selection','final',7,52,5),(324,1,'selection','final',7,54,5),(325,1,'selection','final',7,55,5),(326,1,'selection','final',7,57,5),(327,1,'selection','final',7,58,5),(328,1,'selection','final',7,59,5),(329,1,'selection','final',7,60,5),(330,1,'selection','final',7,61,5),(331,1,'selection','final',7,62,5),(332,1,'selection','final',7,64,5),(333,1,'selection','final',7,50,4),(334,1,'selection','final',7,51,4),(335,1,'selection','final',7,52,4),(336,1,'selection','final',7,53,4),(337,1,'selection','final',7,54,4),(338,1,'selection','final',7,56,4),(339,1,'selection','final',7,57,4),(340,1,'selection','final',7,58,4),(341,1,'selection','final',7,59,4),(342,1,'selection','final',7,61,4),(343,1,'selection','final',7,62,4),(344,1,'selection','final',7,64,4),(345,1,'classify_1','final',7,62,4),(346,2,'classify_1','final',7,58,4),(347,3,'classify_1','final',7,57,4),(348,4,'classify_1','final',7,52,4),(349,5,'classify_1','final',7,53,4),(350,6,'classify_1','final',7,54,4),(351,7,'classify_1','final',7,59,4),(352,8,'classify_1','final',7,64,4),(353,9,'classify_1','final',7,50,4),(354,10,'classify_1','final',7,51,4),(355,11,'classify_1','final',7,61,4),(356,1,'classify_1','final',7,57,5),(357,2,'classify_1','final',7,62,5),(358,3,'classify_1','final',7,54,5),(359,4,'classify_1','final',7,52,5),(360,5,'classify_1','final',7,59,5),(361,6,'classify_1','final',7,64,5),(362,7,'classify_1','final',7,53,5),(363,8,'classify_1','final',7,58,5),(364,9,'classify_1','final',7,50,5),(365,10,'classify_1','final',7,51,5),(366,11,'classify_1','final',7,61,5),(367,1,'classify_1','final',7,57,3),(368,2,'classify_1','final',7,54,3),(369,3,'classify_1','final',7,53,3),(370,4,'classify_1','final',7,52,3),(371,5,'classify_1','final',7,62,3),(372,6,'classify_1','final',7,58,3),(373,7,'classify_1','final',7,64,3),(374,8,'classify_1','final',7,50,3),(375,9,'classify_1','final',7,51,3),(376,10,'classify_1','final',7,59,3),(377,11,'classify_1','final',7,61,3),(378,1,'classify_2','final',7,62,4),(379,2,'classify_2','final',7,57,4),(380,3,'classify_2','final',7,52,4),(381,4,'classify_2','final',7,54,4),(382,5,'classify_2','final',7,53,4),(383,6,'classify_2','final',7,58,4),(384,1,'classify_2','final',7,57,3),(385,2,'classify_2','final',7,54,3),(386,3,'classify_2','final',7,53,3),(387,4,'classify_2','final',7,52,3),(388,5,'classify_2','final',7,62,3),(389,6,'classify_2','final',7,58,3),(390,1,'classify_2','final',7,57,5),(391,2,'classify_2','final',7,62,5),(392,3,'classify_2','final',7,54,5),(393,4,'classify_2','final',7,52,5),(394,5,'classify_2','final',7,58,5),(395,6,'classify_2','final',7,53,5),(396,1,'selection','final',9,65,4),(397,1,'selection','final',9,66,4),(398,1,'selection','final',9,67,4),(399,1,'selection','final',9,68,4),(400,1,'selection','final',9,70,4),(401,1,'selection','final',9,71,4),(402,1,'selection','final',9,72,4),(403,1,'selection','final',9,73,4),(404,1,'selection','final',9,74,4),(405,1,'selection','final',9,76,4),(406,1,'selection','final',9,77,4),(407,1,'selection','final',9,65,5),(408,1,'selection','final',9,66,5),(409,1,'selection','final',9,67,5),(410,1,'selection','final',9,68,5),(411,1,'selection','final',9,70,5),(412,1,'selection','final',9,71,5),(413,1,'selection','final',9,72,5),(414,1,'selection','final',9,74,5),(415,1,'selection','final',9,77,5),(426,1,'selection','final',9,65,3),(427,1,'selection','final',9,66,3),(428,1,'selection','final',9,67,3),(429,1,'selection','final',9,69,3),(430,1,'selection','final',9,71,3),(431,1,'selection','final',9,72,3),(432,1,'selection','final',9,73,3),(433,1,'selection','final',9,74,3),(434,1,'selection','final',9,75,3),(435,1,'selection','final',9,77,3),(436,1,'classify_1','final',9,67,4),(437,2,'classify_1','final',9,66,4),(438,3,'classify_1','final',9,74,4),(439,4,'classify_1','final',9,73,4),(440,5,'classify_1','final',9,72,4),(441,6,'classify_1','final',9,71,4),(442,7,'classify_1','final',9,77,4),(443,8,'classify_1','final',9,65,4),(444,9,'classify_1','final',9,70,4),(445,10,'classify_1','final',9,68,4),(446,1,'classify_1','final',9,74,3),(447,2,'classify_1','final',9,72,3),(448,3,'classify_1','final',9,73,3),(449,4,'classify_1','final',9,67,3),(450,5,'classify_1','final',9,65,3),(451,6,'classify_1','final',9,77,3),(452,7,'classify_1','final',9,71,3),(453,8,'classify_1','final',9,68,3),(454,9,'classify_1','final',9,66,3),(455,10,'classify_1','final',9,70,3),(456,1,'classify_1','final',9,74,5),(457,2,'classify_1','final',9,71,5),(458,3,'classify_1','final',9,67,5),(459,4,'classify_1','final',9,66,5),(460,5,'classify_1','final',9,65,5),(461,6,'classify_1','final',9,77,5),(462,7,'classify_1','final',9,68,5),(463,8,'classify_1','final',9,73,5),(464,9,'classify_1','final',9,70,5),(465,10,'classify_1','final',9,72,5),(466,1,'classify_2','final',9,74,4),(467,2,'classify_2','final',9,67,4),(468,3,'classify_2','final',9,71,4),(469,4,'classify_2','final',9,66,4),(470,5,'classify_2','final',9,73,4),(471,6,'classify_2','final',9,72,4),(472,1,'classify_2','final',9,74,3),(473,2,'classify_2','final',9,67,3),(474,3,'classify_2','final',9,71,3),(475,4,'classify_2','final',9,73,3),(476,5,'classify_2','final',9,72,3),(477,6,'classify_2','final',9,66,3),(478,1,'classify_2','final',9,71,5),(479,2,'classify_2','final',9,74,5),(480,3,'classify_2','final',9,67,5),(481,4,'classify_2','final',9,66,5),(482,5,'classify_2','final',9,73,5),(483,6,'classify_2','final',9,72,5),(484,1,'selection','final',10,78,3),(485,1,'selection','final',10,79,3),(486,1,'selection','final',10,80,3),(487,1,'selection','final',10,81,3),(488,1,'selection','final',10,82,3),(489,1,'selection','final',10,83,3),(490,1,'selection','final',10,85,3),(491,1,'selection','final',10,88,3),(492,1,'selection','final',10,89,3),(493,1,'selection','final',10,90,3),(494,1,'selection','final',10,78,4),(495,1,'selection','final',10,80,4),(496,1,'selection','final',10,81,4),(497,1,'selection','final',10,82,4),(498,1,'selection','final',10,83,4),(499,1,'selection','final',10,84,4),(500,1,'selection','final',10,86,4),(501,1,'selection','final',10,87,4),(502,1,'selection','final',10,88,4),(503,1,'selection','final',10,89,4),(504,1,'selection','final',10,90,4),(505,1,'selection','final',10,78,5),(506,1,'selection','final',10,80,5),(507,1,'selection','final',10,81,5),(508,1,'selection','final',10,82,5),(509,1,'selection','final',10,83,5),(510,1,'selection','final',10,84,5),(511,1,'selection','final',10,87,5),(512,1,'selection','final',10,88,5),(513,1,'selection','final',10,89,5),(514,1,'selection','final',10,90,5),(515,1,'classify_1','final',10,88,3),(516,2,'classify_1','final',10,78,3),(517,3,'classify_1','final',10,89,3),(518,4,'classify_1','final',10,80,3),(519,5,'classify_1','final',10,82,3),(520,6,'classify_1','final',10,81,3),(521,7,'classify_1','final',10,83,3),(522,8,'classify_1','final',10,90,3),(523,9,'classify_1','final',10,84,3),(524,10,'classify_1','final',10,87,3),(525,1,'classify_1','final',10,88,5),(526,2,'classify_1','final',10,78,5),(527,3,'classify_1','final',10,82,5),(528,4,'classify_1','final',10,89,5),(529,5,'classify_1','final',10,80,5),(530,6,'classify_1','final',10,83,5),(531,7,'classify_1','final',10,81,5),(532,8,'classify_1','final',10,84,5),(533,9,'classify_1','final',10,87,5),(534,10,'classify_1','final',10,90,5),(535,1,'classify_1','final',10,88,4),(536,2,'classify_1','final',10,78,4),(537,3,'classify_1','final',10,80,4),(538,4,'classify_1','final',10,89,4),(539,5,'classify_1','final',10,82,4),(540,6,'classify_1','final',10,83,4),(541,7,'classify_1','final',10,90,4),(542,8,'classify_1','final',10,87,4),(543,9,'classify_1','final',10,84,4),(544,10,'classify_1','final',10,81,4),(545,1,'classify_2','final',10,88,5),(546,2,'classify_2','final',10,78,5),(547,3,'classify_2','final',10,89,5),(548,4,'classify_2','final',10,82,5),(549,5,'classify_2','final',10,80,5),(550,6,'classify_2','final',10,83,5),(551,1,'classify_2','final',10,88,3),(552,2,'classify_2','final',10,78,3),(553,3,'classify_2','final',10,89,3),(554,4,'classify_2','final',10,80,3),(555,5,'classify_2','final',10,82,3),(556,6,'classify_2','final',10,83,3),(557,1,'classify_2','final',10,88,4),(558,2,'classify_2','final',10,78,4),(559,3,'classify_2','final',10,80,4),(560,4,'classify_2','final',10,89,4),(561,5,'classify_2','final',10,82,4),(562,6,'classify_2','final',10,83,4),(563,1,'selection','final',11,92,5),(564,1,'selection','final',11,94,5),(565,1,'selection','final',11,95,5),(566,1,'selection','final',11,97,5),(567,1,'selection','final',11,98,5),(568,1,'selection','final',11,99,5),(569,1,'selection','final',11,100,5),(570,1,'selection','final',11,102,5),(571,1,'selection','final',11,103,5),(572,1,'selection','final',11,104,5),(573,1,'selection','final',11,91,4),(574,1,'selection','final',11,94,4),(575,1,'selection','final',11,95,4),(576,1,'selection','final',11,96,4),(577,1,'selection','final',11,97,4),(578,1,'selection','final',11,98,4),(579,1,'selection','final',11,99,4),(580,1,'selection','final',11,102,4),(581,1,'selection','final',11,103,4),(582,1,'selection','final',11,104,4),(583,1,'selection','final',11,91,3),(584,1,'selection','final',11,93,3),(585,1,'selection','final',11,94,3),(586,1,'selection','final',11,95,3),(587,1,'selection','final',11,96,3),(588,1,'selection','final',11,97,3),(589,1,'selection','final',11,98,3),(590,1,'selection','final',11,100,3),(591,1,'selection','final',11,102,3),(592,1,'selection','final',11,103,3),(593,1,'selection','final',11,104,3),(594,1,'classify_1','final',11,95,4),(595,2,'classify_1','final',11,98,4),(596,3,'classify_1','final',11,103,4),(597,4,'classify_1','final',11,96,4),(598,5,'classify_1','final',11,99,4),(599,6,'classify_1','final',11,94,4),(600,7,'classify_1','final',11,97,4),(601,8,'classify_1','final',11,102,4),(602,9,'classify_1','final',11,104,4),(603,10,'classify_1','final',11,91,4),(604,11,'classify_1','final',11,100,4),(605,1,'classify_1','final',11,98,5),(606,2,'classify_1','final',11,95,5),(607,3,'classify_1','final',11,99,5),(608,4,'classify_1','final',11,100,5),(609,5,'classify_1','final',11,104,5),(610,6,'classify_1','final',11,102,5),(611,7,'classify_1','final',11,97,5),(612,8,'classify_1','final',11,103,5),(613,9,'classify_1','final',11,96,5),(614,10,'classify_1','final',11,91,5),(615,11,'classify_1','final',11,94,5),(627,1,'classify_1','final',11,98,3),(628,2,'classify_1','final',11,95,3),(629,3,'classify_1','final',11,102,3),(630,4,'classify_1','final',11,99,3),(631,5,'classify_1','final',11,96,3),(632,6,'classify_1','final',11,91,3),(633,7,'classify_1','final',11,104,3),(634,8,'classify_1','final',11,97,3),(635,9,'classify_1','final',11,100,3),(636,10,'classify_1','final',11,94,3),(637,11,'classify_1','final',11,103,3),(638,1,'classify_2','final',11,98,5),(639,2,'classify_2','final',11,95,5),(640,3,'classify_2','final',11,99,5),(641,4,'classify_2','final',11,104,5),(642,5,'classify_2','final',11,102,5),(643,6,'classify_2','final',11,96,5),(644,1,'classify_2','final',11,98,4),(645,2,'classify_2','final',11,95,4),(646,3,'classify_2','final',11,99,4),(647,4,'classify_2','final',11,96,4),(648,5,'classify_2','final',11,102,4),(649,6,'classify_2','final',11,104,4),(650,1,'classify_2','final',11,98,3),(651,2,'classify_2','final',11,95,3),(652,3,'classify_2','final',11,102,3),(653,4,'classify_2','final',11,99,3),(654,5,'classify_2','final',11,96,3),(655,6,'classify_2','final',11,104,3),(656,1,'selection','final',12,105,5),(657,1,'selection','final',12,106,5),(658,1,'selection','final',12,108,5),(659,1,'selection','final',12,109,5),(660,1,'selection','final',12,111,5),(661,1,'selection','final',12,113,5),(662,1,'selection','final',12,114,5),(663,1,'selection','final',12,115,5),(664,1,'selection','final',12,117,5),(665,1,'selection','final',12,105,4),(666,1,'selection','final',12,106,4),(667,1,'selection','final',12,107,4),(668,1,'selection','final',12,108,4),(669,1,'selection','final',12,110,4),(670,1,'selection','final',12,111,4),(671,1,'selection','final',12,113,4),(672,1,'selection','final',12,114,4),(673,1,'selection','final',12,115,4),(674,1,'selection','final',12,117,4),(675,1,'selection','final',12,120,4),(676,1,'selection','final',12,105,3),(677,1,'selection','final',12,106,3),(678,1,'selection','final',12,108,3),(679,1,'selection','final',12,109,3),(680,1,'selection','final',12,111,3),(681,1,'selection','final',12,114,3),(682,1,'selection','final',12,117,3),(683,1,'selection','final',12,119,3),(684,1,'classify_1','final',12,106,4),(685,2,'classify_1','final',12,108,4),(686,3,'classify_1','final',12,105,4),(687,4,'classify_1','final',12,111,4),(688,5,'classify_1','final',12,113,4),(689,6,'classify_1','final',12,114,4),(690,7,'classify_1','final',12,117,4),(691,8,'classify_1','final',12,109,4),(692,9,'classify_1','final',12,115,4),(693,1,'classify_1','final',12,108,3),(694,2,'classify_1','final',12,117,3),(695,3,'classify_1','final',12,105,3),(696,4,'classify_1','final',12,111,3),(697,5,'classify_1','final',12,113,3),(698,6,'classify_1','final',12,114,3),(699,7,'classify_1','final',12,109,3),(700,8,'classify_1','final',12,106,3),(701,9,'classify_1','final',12,115,3),(702,1,'classify_1','final',12,108,5),(703,2,'classify_1','final',12,117,5),(704,3,'classify_1','final',12,106,5),(705,4,'classify_1','final',12,105,5),(706,5,'classify_1','final',12,111,5),(707,6,'classify_1','final',12,113,5),(708,7,'classify_1','final',12,109,5),(709,8,'classify_1','final',12,115,5),(710,9,'classify_1','final',12,114,5),(711,1,'classify_2','final',12,108,4),(712,2,'classify_2','final',12,106,4),(713,3,'classify_2','final',12,105,4),(714,4,'classify_2','final',12,117,4),(715,5,'classify_2','final',12,111,4),(716,6,'classify_2','final',12,113,4),(717,1,'classify_2','final',12,108,3),(718,2,'classify_2','final',12,117,3),(719,3,'classify_2','final',12,105,3),(720,4,'classify_2','final',12,111,3),(721,5,'classify_2','final',12,113,3),(722,6,'classify_2','final',12,106,3),(723,1,'classify_2','final',12,108,5),(724,2,'classify_2','final',12,117,5),(725,3,'classify_2','final',12,106,5),(726,4,'classify_2','final',12,105,5),(727,5,'classify_2','final',12,111,5),(728,6,'classify_2','final',12,113,5),(729,1,'selection','final',13,121,4),(730,1,'selection','final',13,122,4),(731,1,'selection','final',13,123,4),(732,1,'selection','final',13,125,4),(733,1,'selection','final',13,127,4),(734,1,'selection','final',13,129,4),(735,1,'selection','final',13,121,3),(736,1,'selection','final',13,123,3),(737,1,'selection','final',13,124,3),(738,1,'selection','final',13,125,3),(739,1,'selection','final',13,127,3),(740,1,'selection','final',13,121,5),(741,1,'selection','final',13,122,5),(742,1,'selection','final',13,123,5),(743,1,'selection','final',13,125,5),(744,1,'selection','final',13,126,5),(745,1,'selection','final',13,127,5),(746,1,'classify_1','final',13,121,3),(747,2,'classify_1','final',13,127,3),(748,3,'classify_1','final',13,123,3),(749,4,'classify_1','final',13,125,3),(750,5,'classify_1','final',13,122,3),(751,1,'classify_1','final',13,125,4),(752,2,'classify_1','final',13,122,4),(753,3,'classify_1','final',13,127,4),(754,4,'classify_1','final',13,121,4),(755,5,'classify_1','final',13,123,4),(756,1,'classify_1','final',13,122,5),(757,2,'classify_1','final',13,121,5),(758,3,'classify_1','final',13,123,5),(759,4,'classify_1','final',13,125,5),(760,5,'classify_1','final',13,127,5),(761,1,'classify_2','final',13,125,4),(762,2,'classify_2','final',13,122,4),(763,3,'classify_2','final',13,127,4),(764,4,'classify_2','final',13,121,4),(765,5,'classify_2','final',13,123,4),(766,1,'classify_2','final',13,122,5),(767,2,'classify_2','final',13,121,5),(768,3,'classify_2','final',13,123,5),(769,4,'classify_2','final',13,125,5),(770,5,'classify_2','final',13,127,5),(771,1,'classify_2','final',13,121,3),(772,2,'classify_2','final',13,127,3),(773,3,'classify_2','final',13,123,3),(774,4,'classify_2','final',13,125,3),(775,5,'classify_2','final',13,122,3),(776,1,'selection','final',15,130,5),(777,1,'selection','final',15,131,5),(778,1,'selection','final',15,132,5),(779,1,'selection','final',15,130,3),(780,1,'selection','final',15,131,3),(781,1,'selection','final',15,132,3),(782,1,'selection','final',15,130,4),(783,1,'selection','final',15,131,4),(784,1,'selection','final',15,132,4),(785,1,'classify_1','final',15,130,4),(786,2,'classify_1','final',15,131,4),(787,3,'classify_1','final',15,132,4),(788,1,'classify_1','final',15,130,3),(789,2,'classify_1','final',15,131,3),(790,3,'classify_1','final',15,132,3),(791,1,'classify_1','final',15,130,5),(792,2,'classify_1','final',15,132,5),(793,3,'classify_1','final',15,131,5),(794,1,'classify_2','final',15,130,3),(795,2,'classify_2','final',15,131,3),(796,3,'classify_2','final',15,132,3),(797,1,'classify_2','final',15,130,4),(798,2,'classify_2','final',15,131,4),(799,3,'classify_2','final',15,132,4),(800,1,'classify_2','final',15,130,5),(801,2,'classify_2','final',15,132,5),(802,3,'classify_2','final',15,131,5),(803,1,'selection','final',16,133,5),(804,1,'selection','final',16,134,5),(805,1,'selection','final',16,135,5),(806,1,'selection','final',16,133,3),(807,1,'selection','final',16,134,3),(808,1,'selection','final',16,135,3),(809,1,'selection','final',16,133,4),(810,1,'selection','final',16,134,4),(811,1,'selection','final',16,135,4),(812,1,'classify_1','final',16,134,5),(813,2,'classify_1','final',16,133,5),(814,3,'classify_1','final',16,135,5),(815,1,'classify_1','final',16,134,3),(816,2,'classify_1','final',16,133,3),(817,3,'classify_1','final',16,135,3),(818,1,'classify_1','final',16,134,4),(819,2,'classify_1','final',16,133,4),(820,3,'classify_1','final',16,135,4),(821,1,'classify_2','final',16,134,5),(822,2,'classify_2','final',16,133,5),(823,3,'classify_2','final',16,135,5),(824,1,'classify_2','final',16,134,4),(825,2,'classify_2','final',16,133,4),(826,3,'classify_2','final',16,135,4),(827,1,'classify_2','final',16,134,3),(828,2,'classify_2','final',16,133,3),(829,3,'classify_2','final',16,135,3),(830,1,'selection','final',17,136,4),(831,1,'selection','final',17,138,4),(832,1,'selection','final',17,139,4),(833,1,'selection','final',17,140,4),(834,1,'selection','final',17,142,4),(835,1,'selection','final',17,144,4),(836,1,'selection','final',17,138,3),(837,1,'selection','final',17,139,3),(838,1,'selection','final',17,140,3),(839,1,'selection','final',17,142,3),(840,1,'selection','final',17,136,5),(841,1,'selection','final',17,137,5),(842,1,'selection','final',17,139,5),(843,1,'selection','final',17,140,5),(844,1,'classify_1','final',17,136,5),(845,2,'classify_1','final',17,139,5),(846,3,'classify_1','final',17,140,5),(847,4,'classify_1','final',17,138,5),(848,5,'classify_1','final',17,142,5),(849,1,'classify_1','final',17,142,3),(850,2,'classify_1','final',17,139,3),(851,3,'classify_1','final',17,138,3),(852,4,'classify_1','final',17,140,3),(853,5,'classify_1','final',17,136,3),(854,1,'classify_1','final',17,136,4),(855,2,'classify_1','final',17,138,4),(856,3,'classify_1','final',17,139,4),(857,4,'classify_1','final',17,140,4),(858,5,'classify_1','final',17,142,4),(859,1,'classify_2','final',17,142,3),(860,2,'classify_2','final',17,139,3),(861,3,'classify_2','final',17,138,3),(862,4,'classify_2','final',17,140,3),(863,5,'classify_2','final',17,136,3),(869,1,'classify_2','final',17,136,4),(870,2,'classify_2','final',17,138,4),(871,3,'classify_2','final',17,139,4),(872,4,'classify_2','final',17,140,4),(873,5,'classify_2','final',17,142,4),(874,1,'classify_2','active',17,136,5),(875,2,'classify_2','active',17,139,5),(876,3,'classify_2','active',17,140,5),(877,4,'classify_2','active',17,138,5),(878,5,'classify_2','active',17,142,5),(879,1,'selection','final',52,145,3),(880,1,'selection','final',52,146,3),(881,1,'selection','final',52,147,3),(882,1,'selection','final',52,148,3),(883,1,'selection','final',52,149,3),(884,1,'selection','final',52,150,3),(885,1,'selection','final',52,151,3),(886,1,'selection','final',52,152,3),(887,1,'selection','final',52,145,4),(888,1,'selection','final',52,146,4),(889,1,'selection','final',52,147,4),(890,1,'selection','final',52,148,4),(891,1,'selection','final',52,149,4),(892,1,'selection','final',52,150,4),(893,1,'selection','final',52,151,4),(894,1,'selection','final',52,152,4),(895,1,'selection','final',52,145,5),(896,1,'selection','final',52,146,5),(897,1,'selection','final',52,147,5),(898,1,'selection','final',52,148,5),(899,1,'selection','final',52,149,5),(900,1,'selection','final',52,150,5),(901,1,'selection','final',52,151,5),(902,1,'selection','final',52,152,5),(903,1,'classify_1','final',52,151,3),(904,2,'classify_1','final',52,146,3),(905,3,'classify_1','final',52,150,3),(906,4,'classify_1','final',52,149,3),(907,5,'classify_1','final',52,148,3),(908,6,'classify_1','final',52,145,3),(909,7,'classify_1','final',52,147,3),(910,8,'classify_1','final',52,152,3),(911,1,'classify_1','final',52,151,4),(912,2,'classify_1','final',52,150,4),(913,3,'classify_1','final',52,146,4),(914,4,'classify_1','final',52,147,4),(915,5,'classify_1','final',52,149,4),(916,6,'classify_1','final',52,145,4),(917,7,'classify_1','final',52,148,4),(918,8,'classify_1','final',52,152,4),(919,1,'classify_1','final',52,151,5),(920,2,'classify_1','final',52,150,5),(921,3,'classify_1','final',52,146,5),(922,4,'classify_1','final',52,147,5),(923,5,'classify_1','final',52,149,5),(924,6,'classify_1','final',52,145,5),(925,7,'classify_1','final',52,148,5),(926,8,'classify_1','final',52,152,5),(927,1,'classify_2','final',52,151,3),(928,2,'classify_2','final',52,146,3),(929,3,'classify_2','final',52,150,3),(930,4,'classify_2','final',52,149,3),(931,5,'classify_2','final',52,147,3),(932,6,'classify_2','final',52,145,3),(933,1,'classify_2','final',52,151,4),(934,2,'classify_2','final',52,150,4),(935,3,'classify_2','final',52,149,4),(936,4,'classify_2','final',52,146,4),(937,5,'classify_2','final',52,147,4),(938,6,'classify_2','final',52,145,4),(939,1,'classify_2','final',52,151,5),(940,2,'classify_2','final',52,150,5),(941,3,'classify_2','final',52,146,5),(942,4,'classify_2','final',52,149,5),(943,5,'classify_2','final',52,145,5),(944,6,'classify_2','final',52,147,5),(953,1,'selection','final',53,155,4),(954,1,'selection','final',53,157,4),(955,1,'selection','final',53,156,4),(956,1,'selection','final',53,158,4),(957,1,'selection','final',53,155,3),(958,1,'selection','final',53,156,3),(959,1,'selection','final',53,155,5),(960,1,'selection','final',53,156,5),(961,1,'classify_1','final',53,155,5),(962,2,'classify_1','final',53,156,5),(963,1,'classify_1','final',53,155,3),(964,2,'classify_1','final',53,156,3),(965,1,'classify_1','final',53,155,4),(966,2,'classify_1','final',53,156,4),(967,1,'classify_2','final',53,155,4),(968,2,'classify_2','final',53,156,4),(969,1,'classify_2','final',53,155,3),(970,2,'classify_2','final',53,156,3),(971,1,'classify_2','final',53,155,5),(972,2,'classify_2','final',53,156,5),(973,1,'selection','final',20,159,4),(974,1,'selection','final',20,161,4),(975,1,'selection','final',20,162,4),(976,1,'selection','final',20,164,4),(977,1,'selection','final',20,166,4),(978,1,'selection','final',20,169,4),(979,1,'selection','final',20,170,4),(980,1,'selection','final',20,171,4),(981,1,'selection','final',20,172,4),(982,1,'selection','final',20,174,4),(983,1,'selection','final',20,159,5),(984,1,'selection','final',20,161,5),(985,1,'selection','final',20,162,5),(986,1,'selection','final',20,164,5),(987,1,'selection','final',20,165,5),(988,1,'selection','final',20,166,5),(989,1,'selection','final',20,168,5),(990,1,'selection','final',20,169,5),(991,1,'selection','final',20,170,5),(992,1,'selection','final',20,172,5),(993,1,'selection','final',20,174,5),(994,1,'selection','final',20,159,3),(995,1,'selection','final',20,161,3),(996,1,'selection','final',20,162,3),(997,1,'selection','final',20,163,3),(998,1,'selection','final',20,164,3),(999,1,'selection','final',20,166,3),(1000,1,'selection','final',20,167,3),(1001,1,'selection','final',20,169,3),(1002,1,'selection','final',20,170,3),(1003,1,'selection','final',20,174,3),(1004,1,'classify_1','final',20,166,4),(1005,2,'classify_1','final',20,161,4),(1006,3,'classify_1','final',20,169,4),(1007,4,'classify_1','final',20,159,4),(1008,5,'classify_1','final',20,172,4),(1009,6,'classify_1','final',20,164,4),(1010,7,'classify_1','final',20,174,4),(1011,8,'classify_1','final',20,170,4),(1012,9,'classify_1','final',20,162,4),(1013,1,'classify_1','final',20,161,5),(1014,2,'classify_1','final',20,159,5),(1015,3,'classify_1','final',20,162,5),(1016,4,'classify_1','final',20,166,5),(1017,5,'classify_1','final',20,164,5),(1018,6,'classify_1','final',20,169,5),(1019,7,'classify_1','final',20,174,5),(1020,8,'classify_1','final',20,170,5),(1021,9,'classify_1','final',20,172,5),(1022,1,'classify_1','final',20,161,3),(1023,2,'classify_1','final',20,162,3),(1024,3,'classify_1','final',20,159,3),(1025,4,'classify_1','final',20,174,3),(1026,5,'classify_1','final',20,170,3),(1027,6,'classify_1','final',20,164,3),(1028,7,'classify_1','final',20,172,3),(1029,8,'classify_1','final',20,166,3),(1030,9,'classify_1','final',20,169,3),(1031,1,'classify_2','final',20,161,5),(1032,2,'classify_2','final',20,159,5),(1033,3,'classify_2','final',20,162,5),(1034,4,'classify_2','final',20,166,5),(1035,5,'classify_2','final',20,164,5),(1036,6,'classify_2','final',20,174,5),(1037,1,'classify_2','final',20,161,4),(1038,2,'classify_2','final',20,159,4),(1039,3,'classify_2','final',20,164,4),(1040,4,'classify_2','final',20,174,4),(1041,5,'classify_2','final',20,162,4),(1042,6,'classify_2','final',20,166,4),(1043,1,'classify_2','final',20,161,3),(1044,2,'classify_2','final',20,162,3),(1045,3,'classify_2','final',20,159,3),(1046,4,'classify_2','final',20,174,3),(1047,5,'classify_2','final',20,164,3),(1048,6,'classify_2','final',20,166,3),(1049,1,'selection','final',21,175,4),(1050,1,'selection','final',21,176,4),(1051,1,'selection','final',21,177,4),(1052,1,'selection','final',21,178,4),(1053,1,'selection','final',21,179,4),(1054,1,'selection','final',21,180,4),(1055,1,'selection','final',21,181,4),(1056,1,'selection','final',21,182,4),(1057,1,'selection','final',21,183,4),(1058,1,'selection','final',21,177,3),(1059,1,'selection','final',21,179,3),(1060,1,'selection','final',21,180,3),(1061,1,'selection','final',21,181,3),(1062,1,'selection','final',21,183,3),(1063,1,'selection','final',21,175,5),(1064,1,'selection','final',21,177,5),(1065,1,'selection','final',21,180,5),(1066,1,'selection','final',21,182,5),(1067,1,'selection','final',21,183,5),(1068,1,'classify_1','final',21,183,4),(1069,2,'classify_1','final',21,177,4),(1070,3,'classify_1','final',21,180,4),(1071,4,'classify_1','final',21,182,4),(1072,5,'classify_1','final',21,175,4),(1073,6,'classify_1','final',21,179,4),(1074,7,'classify_1','final',21,181,4),(1075,1,'classify_1','final',21,183,3),(1076,2,'classify_1','final',21,180,3),(1077,3,'classify_1','final',21,177,3),(1078,4,'classify_1','final',21,175,3),(1079,5,'classify_1','final',21,179,3),(1080,6,'classify_1','final',21,181,3),(1081,7,'classify_1','final',21,182,3),(1082,1,'classify_1','final',21,183,5),(1083,2,'classify_1','final',21,177,5),(1084,3,'classify_1','final',21,180,5),(1085,4,'classify_1','final',21,182,5),(1086,5,'classify_1','final',21,179,5),(1087,6,'classify_1','final',21,175,5),(1088,7,'classify_1','final',21,181,5),(1089,1,'classify_2','final',21,183,3),(1090,2,'classify_2','final',21,180,3),(1091,3,'classify_2','final',21,177,3),(1092,4,'classify_2','final',21,175,3),(1093,5,'classify_2','final',21,179,3),(1094,6,'classify_2','final',21,182,3),(1095,1,'classify_2','final',21,183,4),(1096,2,'classify_2','final',21,177,4),(1097,3,'classify_2','final',21,180,4),(1098,4,'classify_2','final',21,182,4),(1099,5,'classify_2','final',21,175,4),(1100,6,'classify_2','final',21,179,4),(1101,1,'classify_2','final',21,183,5),(1102,2,'classify_2','final',21,177,5),(1103,3,'classify_2','final',21,180,5),(1104,4,'classify_2','final',21,182,5),(1105,5,'classify_2','final',21,179,5),(1106,6,'classify_2','final',21,175,5),(1107,1,'selection','final',22,185,5),(1108,1,'selection','final',22,186,5),(1109,1,'selection','final',22,187,5),(1110,1,'selection','final',22,188,5),(1111,1,'selection','final',22,189,5),(1112,1,'selection','final',22,190,5),(1113,1,'selection','final',22,184,3),(1114,1,'selection','final',22,185,3),(1115,1,'selection','final',22,186,3),(1116,1,'selection','final',22,187,3),(1117,1,'selection','final',22,188,3),(1118,1,'selection','final',22,189,3),(1119,1,'selection','final',22,190,3),(1120,1,'selection','final',22,186,4),(1121,1,'selection','final',22,187,4),(1122,1,'selection','final',22,188,4),(1123,1,'selection','final',22,189,4),(1124,1,'classify_1','final',22,186,3),(1125,2,'classify_1','final',22,188,3),(1126,3,'classify_1','final',22,187,3),(1127,4,'classify_1','final',22,189,3),(1128,5,'classify_1','final',22,190,3),(1129,6,'classify_1','final',22,185,3),(1130,1,'classify_1','final',22,186,5),(1131,2,'classify_1','final',22,188,5),(1132,3,'classify_1','final',22,189,5),(1133,4,'classify_1','final',22,187,5),(1134,5,'classify_1','final',22,190,5),(1135,6,'classify_1','final',22,185,5),(1136,1,'classify_1','final',22,186,4),(1137,2,'classify_1','final',22,187,4),(1138,3,'classify_1','final',22,189,4),(1139,4,'classify_1','final',22,188,4),(1140,5,'classify_1','final',22,190,4),(1141,6,'classify_1','final',22,185,4),(1142,1,'classify_2','final',22,186,3),(1143,2,'classify_2','final',22,188,3),(1144,3,'classify_2','final',22,187,3),(1145,4,'classify_2','final',22,189,3),(1146,5,'classify_2','final',22,190,3),(1147,6,'classify_2','final',22,185,3),(1148,1,'classify_2','final',22,186,4),(1149,2,'classify_2','final',22,187,4),(1150,3,'classify_2','final',22,189,4),(1151,4,'classify_2','final',22,188,4),(1152,5,'classify_2','final',22,190,4),(1153,6,'classify_2','final',22,185,4),(1154,1,'classify_2','final',22,186,5),(1155,2,'classify_2','final',22,188,5),(1156,3,'classify_2','final',22,189,5),(1157,4,'classify_2','final',22,187,5),(1158,5,'classify_2','final',22,190,5),(1159,6,'classify_2','final',22,185,5),(1160,1,'selection','final',23,191,5),(1161,1,'selection','final',23,192,5),(1162,1,'selection','final',23,191,4),(1163,1,'selection','final',23,192,4),(1164,1,'selection','final',23,191,3),(1165,1,'selection','final',23,192,3),(1166,1,'classify_1','final',23,192,4),(1167,2,'classify_1','final',23,191,4),(1168,1,'classify_1','final',23,192,5),(1169,2,'classify_1','final',23,191,5),(1170,1,'classify_1','final',23,192,3),(1171,2,'classify_1','final',23,191,3),(1172,1,'classify_2','final',23,192,5),(1173,2,'classify_2','final',23,191,5),(1174,1,'classify_2','final',23,192,4),(1175,2,'classify_2','final',23,191,4),(1176,1,'classify_2','final',23,192,3),(1177,2,'classify_2','final',23,191,3),(1240,1,'selection','final',26,213,5),(1241,1,'selection','final',26,215,5),(1242,1,'selection','final',26,216,5),(1243,1,'selection','final',26,217,5),(1244,1,'selection','final',26,218,5),(1245,1,'selection','final',26,221,5),(1246,1,'selection','final',26,222,5),(1247,1,'selection','final',26,223,5),(1248,1,'selection','final',26,224,5),(1249,1,'selection','final',26,215,3),(1250,1,'selection','final',26,216,3),(1251,1,'selection','final',26,218,3),(1252,1,'selection','final',26,221,3),(1253,1,'selection','final',26,222,3),(1254,1,'selection','final',26,223,3),(1255,1,'selection','final',26,224,3),(1256,1,'selection','final',26,215,4),(1257,1,'selection','final',26,216,4),(1258,1,'selection','final',26,218,4),(1259,1,'selection','final',26,219,4),(1260,1,'selection','final',26,221,4),(1261,1,'selection','final',26,222,4),(1262,1,'selection','final',26,223,4),(1263,1,'selection','final',26,224,4),(1264,1,'classify_1','final',26,218,3),(1265,2,'classify_1','final',26,216,3),(1266,3,'classify_1','final',26,224,3),(1267,4,'classify_1','final',26,221,3),(1268,5,'classify_1','final',26,223,3),(1269,6,'classify_1','final',26,222,3),(1270,7,'classify_1','final',26,215,3),(1271,1,'classify_1','final',26,221,5),(1272,2,'classify_1','final',26,223,5),(1273,3,'classify_1','final',26,224,5),(1274,4,'classify_1','final',26,215,5),(1275,5,'classify_1','final',26,216,5),(1276,6,'classify_1','final',26,218,5),(1277,7,'classify_1','final',26,222,5),(1278,1,'classify_1','final',26,221,4),(1279,2,'classify_1','final',26,223,4),(1280,3,'classify_1','final',26,215,4),(1281,4,'classify_1','final',26,224,4),(1282,5,'classify_1','final',26,222,4),(1283,6,'classify_1','final',26,216,4),(1284,7,'classify_1','final',26,218,4),(1285,1,'classify_2','final',26,221,5),(1286,2,'classify_2','final',26,223,5),(1287,3,'classify_2','final',26,215,5),(1288,4,'classify_2','final',26,224,5),(1289,5,'classify_2','final',26,218,5),(1290,6,'classify_2','final',26,216,5),(1291,1,'classify_2','final',26,221,4),(1292,2,'classify_2','final',26,223,4),(1293,3,'classify_2','final',26,215,4),(1294,4,'classify_2','final',26,224,4),(1295,5,'classify_2','final',26,216,4),(1296,6,'classify_2','final',26,218,4),(1297,1,'classify_2','final',26,218,3),(1298,2,'classify_2','final',26,216,3),(1299,3,'classify_2','final',26,221,3),(1300,4,'classify_2','final',26,224,3),(1301,5,'classify_2','final',26,223,3),(1302,6,'classify_2','final',26,215,3),(1303,1,'selection','final',27,225,3),(1304,1,'selection','final',27,226,3),(1305,1,'selection','final',27,227,3),(1306,1,'selection','final',27,228,3),(1307,1,'selection','final',27,229,3),(1308,1,'selection','final',27,231,3),(1309,1,'selection','final',27,232,3),(1310,1,'selection','final',27,227,5),(1311,1,'selection','final',27,228,5),(1312,1,'selection','final',27,229,5),(1313,1,'selection','final',27,230,5),(1314,1,'selection','final',27,231,5),(1315,1,'selection','final',27,232,5),(1316,1,'selection','final',27,225,4),(1317,1,'selection','final',27,227,4),(1318,1,'selection','final',27,228,4),(1319,1,'selection','final',27,229,4),(1320,1,'selection','final',27,230,4),(1321,1,'selection','final',27,231,4),(1322,1,'selection','final',27,232,4),(1323,1,'classify_1','final',27,231,4),(1324,2,'classify_1','final',27,228,4),(1325,3,'classify_1','final',27,229,4),(1326,4,'classify_1','final',27,225,4),(1327,5,'classify_1','final',27,227,4),(1328,6,'classify_1','final',27,232,4),(1329,7,'classify_1','final',27,230,4),(1330,1,'classify_1','final',27,231,5),(1331,2,'classify_1','final',27,229,5),(1332,3,'classify_1','final',27,227,5),(1333,4,'classify_1','final',27,228,5),(1334,5,'classify_1','final',27,230,5),(1335,6,'classify_1','final',27,232,5),(1336,7,'classify_1','final',27,225,5),(1337,1,'classify_1','final',27,229,3),(1338,2,'classify_1','final',27,231,3),(1339,3,'classify_1','final',27,225,3),(1340,4,'classify_1','final',27,227,3),(1341,5,'classify_1','final',27,228,3),(1342,6,'classify_1','final',27,232,3),(1343,7,'classify_1','final',27,230,3),(1344,1,'classify_2','final',27,231,4),(1345,2,'classify_2','final',27,229,4),(1346,3,'classify_2','final',27,227,4),(1347,4,'classify_2','final',27,228,4),(1348,5,'classify_2','final',27,225,4),(1349,6,'classify_2','final',27,232,4),(1350,1,'classify_2','final',27,229,3),(1351,2,'classify_2','final',27,231,3),(1352,3,'classify_2','final',27,225,3),(1353,4,'classify_2','final',27,227,3),(1354,5,'classify_2','final',27,228,3),(1355,6,'classify_2','final',27,232,3),(1356,1,'classify_2','final',27,231,5),(1357,2,'classify_2','final',27,229,5),(1358,3,'classify_2','final',27,227,5),(1359,4,'classify_2','final',27,228,5),(1360,5,'classify_2','final',27,232,5),(1361,6,'classify_2','final',27,225,5),(1362,1,'selection','final',28,233,3),(1363,1,'selection','final',28,234,3),(1364,1,'selection','final',28,233,5),(1365,1,'selection','final',28,234,5),(1366,1,'selection','final',28,233,4),(1367,1,'selection','final',28,234,4),(1368,1,'classify_1','final',28,233,4),(1369,2,'classify_1','final',28,234,4),(1370,1,'classify_1','final',28,234,3),(1371,2,'classify_1','final',28,233,3),(1374,1,'classify_1','final',28,234,5),(1375,2,'classify_1','final',28,233,5),(1376,1,'classify_2','final',28,234,5),(1377,2,'classify_2','final',28,233,5),(1378,1,'classify_2','final',28,233,4),(1379,2,'classify_2','final',28,234,4),(1380,1,'classify_2','final',28,234,3),(1381,2,'classify_2','final',28,233,3),(1382,1,'selection','final',29,236,3),(1383,1,'selection','final',29,237,3),(1384,1,'selection','final',29,238,3),(1385,1,'selection','final',29,240,3),(1386,1,'selection','final',29,241,3),(1387,1,'selection','final',29,242,3),(1388,1,'selection','final',29,243,3),(1389,1,'selection','final',29,244,3),(1390,1,'selection','final',29,235,4),(1391,1,'selection','final',29,236,4),(1392,1,'selection','final',29,237,4),(1393,1,'selection','final',29,238,4),(1394,1,'selection','final',29,239,4),(1395,1,'selection','final',29,243,4),(1396,1,'selection','final',29,244,4),(1397,1,'selection','final',29,235,5),(1398,1,'selection','final',29,236,5),(1399,1,'selection','final',29,237,5),(1400,1,'selection','final',29,238,5),(1401,1,'selection','final',29,243,5),(1402,1,'selection','final',29,244,5),(1403,1,'classify_1','final',29,237,3),(1404,2,'classify_1','final',29,236,3),(1405,3,'classify_1','final',29,244,3),(1406,4,'classify_1','final',29,238,3),(1407,5,'classify_1','final',29,243,3),(1408,6,'classify_1','final',29,235,3),(1409,1,'classify_1','final',29,237,5),(1410,2,'classify_1','final',29,244,5),(1411,3,'classify_1','final',29,238,5),(1412,4,'classify_1','final',29,236,5),(1413,5,'classify_1','final',29,235,5),(1414,6,'classify_1','final',29,243,5),(1415,1,'classify_1','final',29,237,4),(1416,2,'classify_1','final',29,244,4),(1417,3,'classify_1','final',29,236,4),(1418,4,'classify_1','final',29,238,4),(1419,5,'classify_1','final',29,235,4),(1420,6,'classify_1','final',29,243,4),(1421,1,'classify_2','final',29,237,3),(1422,2,'classify_2','final',29,236,3),(1423,3,'classify_2','final',29,244,3),(1424,4,'classify_2','final',29,238,3),(1425,5,'classify_2','final',29,243,3),(1426,6,'classify_2','final',29,235,3),(1427,1,'classify_2','final',29,237,5),(1428,2,'classify_2','final',29,244,5),(1429,3,'classify_2','final',29,238,5),(1430,4,'classify_2','final',29,236,5),(1431,5,'classify_2','final',29,235,5),(1432,6,'classify_2','final',29,243,5),(1433,1,'classify_2','final',29,237,4),(1434,2,'classify_2','final',29,244,4),(1435,3,'classify_2','final',29,236,4),(1436,4,'classify_2','final',29,238,4),(1437,5,'classify_2','final',29,235,4),(1438,6,'classify_2','final',29,243,4),(1439,1,'selection','final',31,245,4),(1440,1,'selection','final',31,246,4),(1441,1,'selection','final',31,248,4),(1442,1,'selection','final',31,249,4),(1443,1,'selection','final',31,252,4),(1444,1,'selection','final',31,246,5),(1445,1,'selection','final',31,248,5),(1446,1,'selection','final',31,249,5),(1447,1,'selection','final',31,251,5),(1448,1,'selection','final',31,252,5),(1449,1,'selection','final',31,253,5),(1450,1,'selection','final',31,245,3),(1451,1,'selection','final',31,246,3),(1452,1,'selection','final',31,248,3),(1453,1,'selection','final',31,249,3),(1454,1,'selection','final',31,251,3),(1455,1,'selection','final',31,252,3),(1456,1,'selection','final',31,253,3),(1457,1,'classify_1','final',31,246,4),(1458,2,'classify_1','final',31,249,4),(1459,3,'classify_1','final',31,248,4),(1460,4,'classify_1','final',31,245,4),(1461,5,'classify_1','final',31,251,4),(1462,6,'classify_1','final',31,253,4),(1463,7,'classify_1','final',31,252,4),(1464,1,'classify_1','final',31,246,5),(1465,2,'classify_1','final',31,248,5),(1466,3,'classify_1','final',31,249,5),(1467,4,'classify_1','final',31,253,5),(1468,5,'classify_1','final',31,252,5),(1469,6,'classify_1','final',31,251,5),(1470,7,'classify_1','final',31,245,5),(1471,1,'classify_1','final',31,246,3),(1472,2,'classify_1','final',31,248,3),(1473,3,'classify_1','final',31,245,3),(1474,4,'classify_1','final',31,249,3),(1475,5,'classify_1','final',31,252,3),(1476,6,'classify_1','final',31,251,3),(1477,7,'classify_1','final',31,253,3),(1478,1,'classify_2','final',31,246,4),(1479,2,'classify_2','final',31,248,4),(1480,3,'classify_2','final',31,245,4),(1481,4,'classify_2','final',31,249,4),(1482,5,'classify_2','final',31,251,4),(1483,6,'classify_2','final',31,252,4),(1484,1,'classify_2','final',31,246,5),(1485,2,'classify_2','final',31,248,5),(1486,3,'classify_2','final',31,249,5),(1487,4,'classify_2','final',31,251,5),(1488,5,'classify_2','final',31,252,5),(1489,6,'classify_2','final',31,245,5),(1490,1,'classify_2','final',31,246,3),(1491,2,'classify_2','final',31,248,3),(1492,3,'classify_2','final',31,245,3),(1493,4,'classify_2','final',31,252,3),(1494,5,'classify_2','final',31,249,3),(1495,6,'classify_2','final',31,251,3),(1500,1,'selection','final',32,255,5),(1501,1,'selection','final',32,255,5),(1502,1,'selection','final',32,256,5),(1503,1,'selection','final',32,256,5),(1504,1,'selection','final',32,257,5),(1505,1,'selection','final',32,257,5),(1506,1,'selection','final',32,259,5),(1507,1,'selection','final',32,259,5),(1508,1,'selection','final',32,254,4),(1509,1,'selection','final',32,255,4),(1510,1,'selection','final',32,256,4),(1511,1,'selection','final',32,257,4),(1512,1,'selection','final',32,259,4),(1513,1,'classify_1','final',32,259,3),(1514,2,'classify_1','final',32,256,3),(1515,3,'classify_1','final',32,257,3),(1516,4,'classify_1','final',32,255,3),(1517,1,'classify_1','final',32,259,4),(1518,2,'classify_1','final',32,256,4),(1519,3,'classify_1','final',32,257,4),(1520,4,'classify_1','final',32,255,4),(1521,1,'classify_1','final',32,259,5),(1522,2,'classify_1','final',32,256,5),(1523,3,'classify_1','final',32,257,5),(1524,4,'classify_1','final',32,255,5),(1525,1,'classify_2','final',32,259,4),(1526,2,'classify_2','final',32,256,4),(1527,3,'classify_2','final',32,257,4),(1528,4,'classify_2','final',32,255,4),(1529,1,'classify_2','final',32,259,3),(1530,2,'classify_2','final',32,256,3),(1531,3,'classify_2','final',32,257,3),(1532,4,'classify_2','final',32,255,3),(1533,1,'classify_2','final',32,259,5),(1534,2,'classify_2','final',32,256,5),(1535,3,'classify_2','final',32,257,5),(1536,4,'classify_2','final',32,255,5),(1537,1,'selection','final',33,261,3),(1538,1,'selection','final',33,262,3),(1539,1,'selection','final',33,263,3),(1540,1,'selection','final',33,264,3),(1541,1,'selection','final',33,265,3),(1542,1,'selection','final',33,266,3),(1543,1,'selection','final',33,267,3),(1544,1,'selection','final',33,268,3),(1545,1,'selection','final',33,261,4),(1546,1,'selection','final',33,263,4),(1547,1,'selection','final',33,264,4),(1548,1,'selection','final',33,266,4),(1549,1,'selection','final',33,268,4),(1557,1,'selection','final',33,260,5),(1558,1,'selection','final',33,262,5),(1559,1,'selection','final',33,263,5),(1560,1,'selection','final',33,264,5),(1561,1,'selection','final',33,265,5),(1562,1,'selection','final',33,266,5),(1563,1,'selection','final',33,267,5),(1564,1,'classify_1','final',33,268,3),(1565,2,'classify_1','final',33,263,3),(1566,3,'classify_1','final',33,266,3),(1567,4,'classify_1','final',33,265,3),(1568,5,'classify_1','final',33,261,3),(1569,6,'classify_1','final',33,267,3),(1570,7,'classify_1','final',33,262,3),(1571,8,'classify_1','final',33,264,3),(1572,1,'classify_1','final',33,265,5),(1573,2,'classify_1','final',33,263,5),(1574,3,'classify_1','final',33,268,5),(1575,4,'classify_1','final',33,267,5),(1576,5,'classify_1','final',33,266,5),(1577,6,'classify_1','final',33,261,5),(1578,7,'classify_1','final',33,262,5),(1579,8,'classify_1','final',33,264,5),(1580,1,'classify_1','final',33,263,4),(1581,2,'classify_1','final',33,268,4),(1582,3,'classify_1','final',33,266,4),(1583,4,'classify_1','final',33,261,4),(1584,5,'classify_1','final',33,265,4),(1585,6,'classify_1','final',33,264,4),(1586,7,'classify_1','final',33,262,4),(1587,8,'classify_1','final',33,267,4),(1588,1,'classify_2','final',33,265,5),(1589,2,'classify_2','final',33,263,5),(1590,3,'classify_2','final',33,267,5),(1591,4,'classify_2','final',33,268,5),(1592,5,'classify_2','final',33,266,5),(1593,6,'classify_2','final',33,261,5),(1594,1,'classify_2','final',33,268,3),(1595,2,'classify_2','final',33,263,3),(1596,3,'classify_2','final',33,266,3),(1597,4,'classify_2','final',33,265,3),(1598,5,'classify_2','final',33,261,3),(1599,6,'classify_2','final',33,267,3),(1600,1,'classify_2','final',33,263,4),(1601,2,'classify_2','final',33,268,4),(1602,3,'classify_2','final',33,266,4),(1603,4,'classify_2','final',33,261,4),(1604,5,'classify_2','final',33,265,4),(1605,6,'classify_2','final',33,267,4),(1606,1,'selection','final',34,269,5),(1607,1,'selection','final',34,270,5),(1608,1,'selection','final',34,269,4),(1609,1,'selection','final',34,270,4),(1610,1,'selection','final',34,269,3),(1611,1,'selection','final',34,270,3),(1612,1,'classify_1','final',34,269,5),(1613,2,'classify_1','final',34,270,5),(1614,1,'classify_1','final',34,269,4),(1615,2,'classify_1','final',34,270,4),(1616,1,'classify_1','final',34,270,3),(1617,2,'classify_1','final',34,269,3),(1618,1,'classify_2','final',34,270,3),(1619,2,'classify_2','final',34,269,3),(1620,1,'classify_2','final',34,269,5),(1621,2,'classify_2','final',34,270,5),(1622,1,'classify_2','final',34,269,4),(1623,2,'classify_2','final',34,270,4),(1624,1,'selection','final',35,271,3),(1625,1,'selection','final',35,272,3),(1626,1,'selection','final',35,273,3),(1627,1,'selection','final',35,274,3),(1628,1,'selection','final',35,275,3),(1629,1,'selection','final',35,271,4),(1630,1,'selection','final',35,272,4),(1631,1,'selection','final',35,273,4),(1632,1,'selection','final',35,274,4),(1633,1,'selection','final',35,275,4),(1634,1,'selection','final',35,271,5),(1635,1,'selection','final',35,272,5),(1636,1,'selection','final',35,273,5),(1637,1,'classify_1','final',35,272,4),(1638,2,'classify_1','final',35,271,4),(1639,3,'classify_1','final',35,273,4),(1640,4,'classify_1','final',35,274,4),(1641,5,'classify_1','final',35,275,4),(1642,1,'classify_1','final',35,271,3),(1643,2,'classify_1','final',35,272,3),(1644,3,'classify_1','final',35,273,3),(1645,4,'classify_1','final',35,274,3),(1646,5,'classify_1','final',35,275,3),(1647,1,'classify_1','final',35,271,5),(1648,2,'classify_1','final',35,272,5),(1649,3,'classify_1','final',35,273,5),(1650,4,'classify_1','final',35,274,5),(1651,5,'classify_1','final',35,275,5),(1652,1,'classify_2','final',35,272,4),(1653,2,'classify_2','final',35,271,4),(1654,3,'classify_2','final',35,273,4),(1655,4,'classify_2','final',35,274,4),(1656,5,'classify_2','final',35,275,4),(1657,1,'classify_2','final',35,271,3),(1658,2,'classify_2','final',35,272,3),(1659,3,'classify_2','final',35,273,3),(1660,4,'classify_2','final',35,274,3),(1661,5,'classify_2','final',35,275,3),(1662,1,'classify_2','final',35,272,5),(1663,2,'classify_2','final',35,271,5),(1664,3,'classify_2','final',35,273,5),(1665,4,'classify_2','final',35,274,5),(1666,5,'classify_2','final',35,275,5),(1667,1,'selection','final',37,276,5),(1668,1,'selection','final',37,277,5),(1669,1,'selection','final',37,276,4),(1670,1,'selection','final',37,277,4),(1671,1,'selection','final',37,278,4),(1672,1,'selection','final',37,279,4),(1673,1,'selection','final',37,280,4),(1674,1,'selection','final',37,276,3),(1675,1,'selection','final',37,277,3),(1676,1,'selection','final',37,278,3),(1677,1,'selection','final',37,279,3),(1678,1,'selection','final',37,280,3),(1679,1,'classify_1','final',37,276,4),(1680,2,'classify_1','final',37,277,4),(1681,3,'classify_1','final',37,279,4),(1682,4,'classify_1','final',37,278,4),(1683,5,'classify_1','final',37,280,4),(1684,1,'classify_1','final',37,276,3),(1685,2,'classify_1','final',37,279,3),(1686,3,'classify_1','final',37,277,3),(1687,4,'classify_1','final',37,278,3),(1688,5,'classify_1','final',37,280,3),(1689,1,'classify_1','final',37,276,5),(1690,2,'classify_1','final',37,277,5),(1691,3,'classify_1','final',37,280,5),(1692,4,'classify_1','final',37,279,5),(1693,5,'classify_1','final',37,278,5),(1694,1,'classify_2','final',37,276,5),(1695,2,'classify_2','final',37,277,5),(1696,3,'classify_2','final',37,280,5),(1697,4,'classify_2','final',37,279,5),(1698,5,'classify_2','final',37,278,5),(1699,1,'classify_2','final',37,276,4),(1700,2,'classify_2','final',37,277,4),(1701,3,'classify_2','final',37,279,4),(1702,4,'classify_2','final',37,278,4),(1703,5,'classify_2','final',37,280,4),(1704,1,'classify_2','final',37,276,3),(1705,2,'classify_2','final',37,279,3),(1706,3,'classify_2','final',37,277,3),(1707,4,'classify_2','final',37,278,3),(1708,5,'classify_2','final',37,280,3),(1722,1,'selection','final',41,284,5),(1723,1,'selection','final',41,285,5),(1724,1,'selection','final',41,286,5),(1725,1,'selection','final',41,284,3),(1726,1,'selection','final',41,285,3),(1727,1,'selection','final',41,286,3),(1728,1,'selection','final',41,287,3),(1729,1,'selection','final',41,284,4),(1730,1,'selection','final',41,285,4),(1731,1,'selection','final',41,286,4),(1732,1,'selection','final',41,287,4),(1733,1,'classify_1','final',41,286,3),(1734,2,'classify_1','final',41,284,3),(1735,3,'classify_1','final',41,285,3),(1736,4,'classify_1','final',41,287,3),(1737,1,'classify_1','final',41,286,4),(1738,2,'classify_1','final',41,284,4),(1739,3,'classify_1','final',41,285,4),(1740,4,'classify_1','final',41,287,4),(1741,1,'classify_1','final',41,284,5),(1742,2,'classify_1','final',41,286,5),(1743,3,'classify_1','final',41,285,5),(1744,4,'classify_1','final',41,287,5),(1745,1,'classify_2','final',41,286,4),(1746,2,'classify_2','final',41,284,4),(1747,3,'classify_2','final',41,285,4),(1748,4,'classify_2','final',41,287,4),(1749,1,'classify_2','final',41,284,5),(1750,2,'classify_2','final',41,285,5),(1751,3,'classify_2','final',41,286,5),(1752,4,'classify_2','final',41,287,5),(1753,1,'classify_2','final',41,286,3),(1754,2,'classify_2','final',41,284,3),(1755,3,'classify_2','final',41,285,3),(1756,4,'classify_2','final',41,287,3),(1803,1,'selection','final',43,302,3),(1804,1,'selection','final',43,303,3),(1805,1,'selection','final',43,304,3),(1806,1,'selection','final',43,302,5),(1807,1,'selection','final',43,303,5),(1808,1,'selection','final',43,302,4),(1809,1,'selection','final',43,303,4),(1810,1,'classify_1','final',43,302,5),(1811,2,'classify_1','final',43,303,5),(1812,1,'classify_1','final',43,302,4),(1813,2,'classify_1','final',43,303,4),(1814,1,'classify_1','final',43,302,3),(1815,2,'classify_1','final',43,303,3),(1816,1,'classify_2','final',43,302,3),(1817,2,'classify_2','final',43,303,3),(1818,1,'classify_2','final',43,302,5),(1819,2,'classify_2','final',43,303,5),(1820,1,'classify_2','final',43,302,4),(1821,2,'classify_2','final',43,303,4),(1822,1,'selection','final',44,305,4),(1823,1,'selection','final',44,305,5),(1824,1,'selection','final',44,305,3),(1825,1,'classify_1','final',44,305,5),(1826,1,'classify_1','final',44,305,4),(1827,1,'classify_1','final',44,305,3),(1828,1,'classify_2','final',44,305,3),(1829,1,'classify_2','final',44,305,5),(1830,1,'classify_2','final',44,305,4),(1831,1,'selection','final',45,306,5),(1832,1,'selection','final',45,307,5),(1833,1,'selection','final',45,308,5),(1834,1,'selection','final',45,306,3),(1835,1,'selection','final',45,307,3),(1836,1,'selection','final',45,308,3),(1837,1,'selection','final',45,306,4),(1838,1,'selection','final',45,307,4),(1839,1,'selection','final',45,308,4),(1840,1,'classify_1','final',45,306,5),(1841,2,'classify_1','final',45,307,5),(1842,3,'classify_1','final',45,308,5),(1843,1,'classify_1','final',45,306,4),(1844,2,'classify_1','final',45,307,4),(1845,3,'classify_1','final',45,308,4),(1846,1,'classify_1','final',45,308,3),(1847,2,'classify_1','final',45,306,3),(1848,3,'classify_1','final',45,307,3),(1849,1,'classify_2','final',45,308,3),(1850,2,'classify_2','final',45,306,3),(1851,3,'classify_2','final',45,307,3),(1852,1,'classify_2','final',45,306,4),(1853,2,'classify_2','final',45,307,4),(1854,3,'classify_2','final',45,308,4),(1855,1,'classify_2','final',45,306,5),(1856,2,'classify_2','final',45,308,5),(1857,3,'classify_2','final',45,307,5),(1858,1,'selection','final',46,309,5),(1859,1,'selection','final',46,310,5),(1860,1,'selection','final',46,309,3),(1861,1,'selection','final',46,310,3),(1862,1,'selection','final',46,309,4),(1863,1,'selection','final',46,310,4),(1864,1,'classify_1','final',46,310,5),(1865,2,'classify_1','final',46,309,5),(1866,1,'classify_1','final',46,310,4),(1867,2,'classify_1','final',46,309,4),(1868,1,'classify_1','final',46,310,3),(1869,2,'classify_1','final',46,309,3),(1870,1,'classify_2','final',46,310,4),(1871,2,'classify_2','final',46,309,4),(1872,1,'classify_2','final',46,310,3),(1873,2,'classify_2','final',46,309,3),(1874,1,'classify_2','final',46,310,5),(1875,2,'classify_2','final',46,309,5),(1876,1,'selection','final',47,311,3),(1877,1,'selection','final',47,312,3),(1878,1,'selection','final',47,313,3),(1879,1,'selection','final',47,311,5),(1880,1,'selection','final',47,312,5),(1881,1,'selection','final',47,313,5),(1882,1,'selection','final',47,311,4),(1883,1,'selection','final',47,312,4),(1884,1,'selection','final',47,313,4),(1885,1,'classify_1','final',47,313,4),(1886,2,'classify_1','final',47,311,4),(1887,3,'classify_1','final',47,312,4),(1888,1,'classify_1','final',47,313,5),(1889,2,'classify_1','final',47,312,5),(1890,3,'classify_1','final',47,311,5),(1891,1,'classify_1','final',47,313,3),(1892,2,'classify_1','final',47,311,3),(1893,3,'classify_1','final',47,312,3),(1894,1,'classify_2','final',47,313,3),(1895,2,'classify_2','final',47,311,3),(1896,3,'classify_2','final',47,312,3),(1897,1,'classify_2','final',47,313,5),(1898,2,'classify_2','final',47,311,5),(1899,3,'classify_2','final',47,312,5),(1900,1,'classify_2','final',47,313,4),(1901,2,'classify_2','final',47,311,4),(1902,3,'classify_2','final',47,312,4),(1903,1,'selection','final',60,314,3),(1904,1,'selection','final',60,314,4),(1905,1,'selection','final',60,314,5),(1906,1,'classify_1','final',60,314,3),(1907,1,'classify_1','final',60,314,4),(1908,1,'classify_1','final',60,314,5),(1909,1,'classify_2','final',60,314,3),(1910,1,'classify_2','final',60,314,4),(1911,1,'classify_2','final',60,314,5),(1912,1,'selection','final',59,315,3),(1913,1,'selection','final',59,315,4),(1914,1,'selection','final',59,315,5),(1915,1,'classify_1','final',59,315,5),(1916,1,'classify_1','final',59,315,4),(1917,1,'classify_1','final',59,315,3),(1918,1,'classify_2','final',59,315,3),(1919,1,'classify_2','final',59,315,4),(1920,1,'classify_2','final',59,315,5),(1921,1,'selection','final',58,316,3),(1922,1,'selection','final',58,316,4),(1923,1,'selection','final',58,316,5),(1924,1,'classify_1','final',58,316,5),(1925,1,'classify_1','final',58,316,4),(1926,1,'classify_1','final',58,316,3),(1927,1,'classify_2','final',58,316,3),(1928,1,'classify_2','final',58,316,4),(1929,1,'classify_2','final',58,316,5),(1930,1,'selection','final',55,317,3),(1931,1,'selection','final',55,318,3),(1932,1,'selection','final',55,319,3),(1933,1,'selection','final',55,320,3),(1934,1,'selection','final',55,321,3),(1935,1,'selection','final',55,317,4),(1936,1,'selection','final',55,318,4),(1937,1,'selection','final',55,319,4),(1938,1,'selection','final',55,320,4),(1939,1,'selection','final',55,321,4),(1940,1,'selection','final',55,317,5),(1941,1,'selection','final',55,318,5),(1942,1,'selection','final',55,319,5),(1943,1,'selection','final',55,320,5),(1944,1,'selection','final',55,321,5),(1945,1,'classify_1','final',55,320,5),(1946,2,'classify_1','final',55,317,5),(1947,3,'classify_1','final',55,318,5),(1948,4,'classify_1','final',55,321,5),(1949,5,'classify_1','final',55,319,5),(1950,1,'classify_1','final',55,320,4),(1951,2,'classify_1','final',55,317,4),(1952,3,'classify_1','final',55,318,4),(1953,4,'classify_1','final',55,319,4),(1954,5,'classify_1','final',55,321,4),(1955,1,'classify_1','final',55,320,3),(1956,2,'classify_1','final',55,318,3),(1957,3,'classify_1','final',55,317,3),(1958,4,'classify_1','final',55,321,3),(1959,5,'classify_1','final',55,319,3),(1960,1,'classify_2','final',55,320,3),(1961,2,'classify_2','final',55,318,3),(1962,3,'classify_2','final',55,317,3),(1963,4,'classify_2','final',55,321,3),(1964,5,'classify_2','final',55,319,3),(1965,1,'classify_2','final',55,320,4),(1966,2,'classify_2','final',55,317,4),(1967,3,'classify_2','final',55,318,4),(1968,4,'classify_2','final',55,319,4),(1969,5,'classify_2','final',55,321,4),(1970,1,'classify_2','final',55,320,5),(1971,2,'classify_2','final',55,317,5),(1972,3,'classify_2','final',55,318,5),(1973,4,'classify_2','final',55,319,5),(1974,5,'classify_2','final',55,321,5),(2035,1,'selection','final',64,337,3),(2036,1,'selection','final',64,338,3),(2037,1,'selection','final',64,339,3),(2038,1,'selection','final',64,340,3),(2039,1,'selection','final',64,341,3),(2040,1,'selection','final',64,342,3),(2041,1,'selection','final',64,343,3),(2042,1,'selection','final',64,337,4),(2043,1,'selection','final',64,338,4),(2044,1,'selection','final',64,339,4),(2045,1,'selection','final',64,340,4),(2046,1,'selection','final',64,341,4),(2047,1,'selection','final',64,342,4),(2048,1,'selection','final',64,343,4),(2049,1,'selection','final',64,337,5),(2050,1,'selection','final',64,338,5),(2051,1,'selection','final',64,339,5),(2052,1,'selection','final',64,340,5),(2053,1,'selection','final',64,341,5),(2054,1,'selection','final',64,342,5),(2055,1,'selection','final',64,343,5),(2056,1,'classify_1','final',64,337,5),(2057,2,'classify_1','final',64,339,5),(2058,3,'classify_1','final',64,341,5),(2059,4,'classify_1','final',64,338,5),(2060,5,'classify_1','final',64,342,5),(2061,6,'classify_1','final',64,340,5),(2062,7,'classify_1','final',64,343,5),(2063,1,'classify_1','final',64,339,4),(2064,2,'classify_1','final',64,337,4),(2065,3,'classify_1','final',64,341,4),(2066,4,'classify_1','final',64,338,4),(2067,5,'classify_1','final',64,342,4),(2068,6,'classify_1','final',64,340,4),(2069,7,'classify_1','final',64,343,4),(2070,1,'classify_1','final',64,337,3),(2071,2,'classify_1','final',64,339,3),(2072,3,'classify_1','final',64,341,3),(2073,4,'classify_1','final',64,338,3),(2074,5,'classify_1','final',64,342,3),(2075,6,'classify_1','final',64,340,3),(2076,7,'classify_1','final',64,343,3),(2077,1,'classify_2','final',64,337,3),(2078,2,'classify_2','final',64,339,3),(2079,3,'classify_2','final',64,341,3),(2080,4,'classify_2','final',64,338,3),(2081,5,'classify_2','final',64,342,3),(2082,6,'classify_2','final',64,340,3),(2083,1,'classify_2','final',64,339,4),(2084,2,'classify_2','final',64,337,4),(2085,3,'classify_2','final',64,341,4),(2086,4,'classify_2','final',64,338,4),(2087,5,'classify_2','final',64,342,4),(2088,6,'classify_2','final',64,340,4),(2089,1,'classify_2','final',64,337,5),(2090,2,'classify_2','final',64,339,5),(2091,3,'classify_2','final',64,341,5),(2092,4,'classify_2','final',64,338,5),(2093,5,'classify_2','final',64,342,5),(2094,6,'classify_2','final',64,340,5),(2095,1,'selection','final',25,344,3),(2096,1,'selection','final',25,345,3),(2097,1,'selection','final',25,344,4),(2098,1,'selection','final',25,345,4),(2099,1,'selection','final',25,344,5),(2100,1,'selection','final',25,345,5),(2101,1,'classify_1','final',25,344,5),(2102,2,'classify_1','final',25,345,5),(2103,1,'classify_1','final',25,344,4),(2104,2,'classify_1','final',25,345,4),(2105,1,'classify_1','final',25,344,3),(2106,2,'classify_1','final',25,345,3),(2107,1,'classify_2','final',25,344,3),(2108,2,'classify_2','final',25,345,3),(2109,1,'classify_2','final',25,344,4),(2110,2,'classify_2','final',25,345,4),(2111,1,'classify_2','final',25,344,5),(2112,2,'classify_2','final',25,345,5);

/*Table structure for table `tournaments` */

DROP TABLE IF EXISTS `tournaments`;

CREATE TABLE `tournaments` (
  `id` int(10) unsigned NOT NULL AUTO_INCREMENT,
  `description` varchar(200) NOT NULL,
  `date_begin` date DEFAULT NULL,
  `date_end` date DEFAULT NULL,
  `type` enum('jury','wjury') NOT NULL DEFAULT 'jury',
  `status` enum('inactive','active','journal','final','deleted') NOT NULL DEFAULT 'inactive',
  PRIMARY KEY (`id`)
) ENGINE=InnoDB AUTO_INCREMENT=2 DEFAULT CHARSET=utf8;

/*Data for the table `tournaments` */

insert  into `tournaments`(`id`,`description`,`date_begin`,`date_end`,`type`,`status`) values (1,'XXXVII CONCURSO DEPARTAMENTAL DEL CABALLO PERUANO DE PASO','2015-11-06','2015-11-08','jury','active');

/*Table structure for table `users` */

DROP TABLE IF EXISTS `users`;

CREATE TABLE `users` (
  `id` int(10) unsigned NOT NULL AUTO_INCREMENT,
  `names` varchar(50) NOT NULL,
  `lastname` varchar(80) NOT NULL,
  `user` varchar(15) NOT NULL,
  `password` varchar(100) NOT NULL,
  `login` tinyint(1) unsigned NOT NULL,
  `remember_token` varchar(50) DEFAULT NULL,
  `profile` enum('admin','commissar','jury','operator','general_commissar') NOT NULL,
  `status` enum('active','inactive') NOT NULL DEFAULT 'active',
  PRIMARY KEY (`id`)
) ENGINE=InnoDB AUTO_INCREMENT=8 DEFAULT CHARSET=utf8;

/*Data for the table `users` */

insert  into `users`(`id`,`names`,`lastname`,`user`,`password`,`login`,`remember_token`,`profile`,`status`) values (1,'Miguel','Pazo Snchez','admin','$2y$10$4H4J2nPfxtfujPYxdcqAROboWri0X2C2La1FJY9KEQ6nY8TwIhS2e',0,'N9QIUqwo7XCG9xXboAfEQftoipgEtYMrBO7PfPO685jylZFlHM','admin','active'),(2,'Jose','Canario','comisario','$2y$10$jj9x0cNGKCb4YhnFzvSXZ.giSRpcpzT5LP8CcCQ.Az7l8CHNXWtom',0,'Ni18MUHYqeNBRcW52vpqqfqqc8UbNlqDGcphXIcJhbjTvX53yE','commissar','active'),(3,'Roque','Benavides','jurado1','$2y$10$ZtAzyg6gtEH72hw6GpRUwOgOvcU87N4duubTA2pK7Eo78kHSaxVIi',0,'xoibyx91cpJDnnLmNOIfZb3TBd3gwhArcmZYWyesjUW38hAThS','jury','active'),(4,'Ernesto','Roca','jurado2','$2y$10$8fkJzO2lkPqx3egjIjGs1O8Vidti87xFDzmEwKAKCEoc4UQlKvI9a',0,'FSxtisDstb4WidlMrYnLFQA9qlMQ9yOK8Ltef8tyCPyiAbeJnl','jury','active'),(5,'Luis Pablo','Vasquez','jurado3','$2y$10$4xwAE8n0d2c54cWdmt5RLurNiHk9hCIKw19ktKbmmoOXD15K5G.Aq',0,'AA1936hXh6qxvY2naBU8Id2mDrmRHsRMGu1xYTynwS3plnBzHf','jury','active'),(6,'Miguel','Pazo','oper1','$2y$10$xPvEW6GhjsdO5o49ff1wJ.9EeNYrTKqcPqWFKLmHBty412BBUf44u',1,'hurAZsXfKF2MtJlhNvlJ613hOVvPKzpAAjYJkaxVQFze9Qrn8i','operator','active'),(7,'miguel','pazo','gcomisario','$2y$10$9VAlEPyT2z6plFO/HcxziuCTyraI6bdN./MMzTvyt4YBS3qm.NTtq',1,NULL,'general_commissar','active');

/*Table structure for table `animal_report` */

DROP TABLE IF EXISTS `animal_report`;

/*!50001 DROP VIEW IF EXISTS `animal_report` */;
/*!50001 DROP TABLE IF EXISTS `animal_report` */;

/*!50001 CREATE TABLE  `animal_report`(
 `id` int(10) unsigned ,
 `code` varchar(20) ,
 `name` varchar(60) ,
 `birthdate` varchar(10) ,
 `prefix` varchar(20) ,
 `breeder` varchar(201) ,
 `owner` varchar(201) ,
 `mom_prefix` varchar(20) ,
 `mom_name` varchar(60) ,
 `dad_prefix` varchar(20) ,
 `dad_name` varchar(60) 
)*/;

/*Table structure for table `animal_report_short` */

DROP TABLE IF EXISTS `animal_report_short`;

/*!50001 DROP VIEW IF EXISTS `animal_report_short` */;
/*!50001 DROP TABLE IF EXISTS `animal_report_short` */;

/*!50001 CREATE TABLE  `animal_report_short`(
 `id` int(10) unsigned ,
 `name` varchar(60) ,
 `prefix` varchar(20) ,
 `names` varchar(100) ,
 `lastnames` varchar(100) 
)*/;

/*Table structure for table `animal_tournament` */

DROP TABLE IF EXISTS `animal_tournament`;

/*!50001 DROP VIEW IF EXISTS `animal_tournament` */;
/*!50001 DROP TABLE IF EXISTS `animal_tournament` */;

/*!50001 CREATE TABLE  `animal_tournament`(
 `tournament_id` int(10) unsigned ,
 `animal_id` int(10) unsigned ,
 `total_categories` bigint(21) ,
 `prefix` varchar(20) ,
 `name` varchar(60) ,
 `code` varchar(20) ,
 `birthdate` varchar(10) ,
 `owner` varchar(100) 
)*/;

/*Table structure for table `animal_tournament_short` */

DROP TABLE IF EXISTS `animal_tournament_short`;

/*!50001 DROP VIEW IF EXISTS `animal_tournament_short` */;
/*!50001 DROP TABLE IF EXISTS `animal_tournament_short` */;

/*!50001 CREATE TABLE  `animal_tournament_short`(
 `tournament_id` int(10) unsigned ,
 `animal_id` int(10) unsigned ,
 `total_categories` bigint(21) 
)*/;

/*View structure for view animal_report */

/*!50001 DROP TABLE IF EXISTS `animal_report` */;
/*!50001 DROP VIEW IF EXISTS `animal_report` */;

/*!50001 CREATE ALGORITHM=UNDEFINED DEFINER=`root`@`localhost` SQL SECURITY DEFINER VIEW `animal_report` AS select `a`.`id` AS `id`,`a`.`code` AS `code`,`a`.`name` AS `name`,date_format(`a`.`birthdate`,'%d-%m-%Y') AS `birthdate`,`c`.`prefix` AS `prefix`,trim(concat(if(isnull(`c`.`names`),'',`c`.`names`),' ',if(isnull(`c`.`lastnames`),'',`c`.`lastnames`))) AS `breeder`,trim(concat(if(isnull(`e`.`names`),'',`e`.`names`),' ',if(isnull(`e`.`lastnames`),'',`e`.`lastnames`))) AS `owner`,`mom`.`prefix` AS `mom_prefix`,`mom`.`name` AS `mom_name`,`dad`.`prefix` AS `dad_prefix`,`dad`.`name` AS `dad_name` from ((((((`animals` `a` left join `animal_agent` `b` on(((`b`.`animal_id` = `a`.`id`) and (`b`.`type` = 'breeder')))) left join `agents` `c` on((`c`.`id` = `b`.`agent_id`))) left join `animal_agent` `d` on(((`d`.`animal_id` = `a`.`id`) and (`d`.`type` = 'owner')))) left join `agents` `e` on((`e`.`id` = `d`.`agent_id`))) left join `animal_report_short` `mom` on((`mom`.`id` = `a`.`mom`))) left join `animal_report_short` `dad` on((`dad`.`id` = `a`.`dad`))) where isnull(`a`.`deleted_at`) */;

/*View structure for view animal_report_short */

/*!50001 DROP TABLE IF EXISTS `animal_report_short` */;
/*!50001 DROP VIEW IF EXISTS `animal_report_short` */;

/*!50001 CREATE ALGORITHM=UNDEFINED DEFINER=`root`@`localhost` SQL SECURITY DEFINER VIEW `animal_report_short` AS select `a`.`id` AS `id`,`a`.`name` AS `name`,`c`.`prefix` AS `prefix`,`c`.`names` AS `names`,`c`.`lastnames` AS `lastnames` from ((`animals` `a` left join `animal_agent` `b` on(((`b`.`animal_id` = `a`.`id`) and (`b`.`type` = 'breeder')))) left join `agents` `c` on((`c`.`id` = `b`.`agent_id`))) where isnull(`a`.`deleted_at`) */;

/*View structure for view animal_tournament */

/*!50001 DROP TABLE IF EXISTS `animal_tournament` */;
/*!50001 DROP VIEW IF EXISTS `animal_tournament` */;

/*!50001 CREATE ALGORITHM=UNDEFINED DEFINER=`root`@`localhost` SQL SECURITY DEFINER VIEW `animal_tournament` AS select `a`.`tournament_id` AS `tournament_id`,`a`.`animal_id` AS `animal_id`,`a`.`total_categories` AS `total_categories`,`d`.`prefix` AS `prefix`,`b`.`name` AS `name`,`b`.`code` AS `code`,date_format(`b`.`birthdate`,'%d-%m-%Y') AS `birthdate`,`d`.`names` AS `owner` from (((`animal_tournament_short` `a` join `animals` `b` on((`b`.`id` = `a`.`animal_id`))) left join `animal_agent` `c` on(((`c`.`animal_id` = `b`.`id`) and (`c`.`type` = 'breeder')))) left join `agents` `d` on((`d`.`id` = `c`.`agent_id`))) */;

/*View structure for view animal_tournament_short */

/*!50001 DROP TABLE IF EXISTS `animal_tournament_short` */;
/*!50001 DROP VIEW IF EXISTS `animal_tournament_short` */;

/*!50001 CREATE ALGORITHM=UNDEFINED DEFINER=`root`@`localhost` SQL SECURITY DEFINER VIEW `animal_tournament_short` AS select `catalogs`.`tournament_id` AS `tournament_id`,`catalogs`.`animal_id` AS `animal_id`,count(0) AS `total_categories` from `catalogs` group by `catalogs`.`animal_id`,`catalogs`.`tournament_id` */;

/*!40101 SET SQL_MODE=@OLD_SQL_MODE */;
/*!40014 SET FOREIGN_KEY_CHECKS=@OLD_FOREIGN_KEY_CHECKS */;
/*!40014 SET UNIQUE_CHECKS=@OLD_UNIQUE_CHECKS */;
/*!40111 SET SQL_NOTES=@OLD_SQL_NOTES */;
