/*
SQLyog Ultimate v9.63 
MySQL - 5.6.16 : Database - horses
*********************************************************************
*/

/*!40101 SET NAMES utf8 */;

/*!40101 SET SQL_MODE=''*/;

/*!40014 SET @OLD_UNIQUE_CHECKS=@@UNIQUE_CHECKS, UNIQUE_CHECKS=0 */;
/*!40014 SET @OLD_FOREIGN_KEY_CHECKS=@@FOREIGN_KEY_CHECKS, FOREIGN_KEY_CHECKS=0 */;
/*!40101 SET @OLD_SQL_MODE=@@SQL_MODE, SQL_MODE='NO_AUTO_VALUE_ON_ZERO' */;
/*!40111 SET @OLD_SQL_NOTES=@@SQL_NOTES, SQL_NOTES=0 */;
/*Table structure for table `agents` */

DROP TABLE IF EXISTS `agents`;

CREATE TABLE `agents` (
  `id` int(10) unsigned NOT NULL AUTO_INCREMENT,
  `prefix` varchar(20) DEFAULT NULL,
  `names` varchar(100) NOT NULL,
  `lastnames` varchar(100) DEFAULT NULL,
  `created_at` timestamp NULL DEFAULT NULL,
  `updated_at` timestamp NULL DEFAULT NULL,
  `deleted_at` timestamp NULL DEFAULT NULL,
  PRIMARY KEY (`id`)
) ENGINE=InnoDB AUTO_INCREMENT=1714 DEFAULT CHARSET=utf8;

/*Data for the table `agents` */

insert  into `agents`(`id`,`prefix`,`names`,`lastnames`,`created_at`,`updated_at`,`deleted_at`) values (1459,'JTA','JUAN TUDELA ARAMBURU',NULL,'2016-02-18 23:29:59','2016-02-18 23:29:59',NULL),(1460,NULL,'WILFREDO MONTALVO BERNILLA',NULL,'2016-02-18 23:29:59','2016-02-18 23:29:59',NULL),(1461,NULL,'CARLOS RAMIREZ CHUPICA',NULL,'2016-02-18 23:29:59','2016-02-18 23:29:59',NULL),(1462,'JCDCH','JOSE CARLOS DEXTRE CHACON',NULL,'2016-02-18 23:29:59','2016-02-18 23:29:59',NULL),(1463,'JAGT','JOSE ALEJANDRO GOMEZ DE LA TORRE MIRANDA',NULL,'2016-02-18 23:29:59','2016-02-18 23:29:59',NULL),(1464,'JOR','CRIADERO JOSE ANTONIO ONRUBIA ROMERO S.A.',NULL,'2016-02-18 23:29:59','2016-02-18 23:29:59',NULL),(1465,'JPT','JORGE AUGUSTO PEREZ TAIMAN',NULL,'2016-02-18 23:29:59','2016-02-18 23:29:59',NULL),(1466,'MRA','MIGUEL ARBULU ALVA',NULL,'2016-02-18 23:29:59','2016-02-18 23:29:59',NULL),(1467,'JR','JOSE RISSO MONTES',NULL,'2016-02-18 23:29:59','2016-02-18 23:29:59',NULL),(1468,'ERPB','ENRIQUE RIZO PATRON BAZO',NULL,'2016-02-18 23:29:59','2016-02-18 23:29:59',NULL),(1469,'*FJ','FERNANDO JARQUIN PIRA',NULL,'2016-02-18 23:29:59','2016-02-18 23:29:59',NULL),(1470,'JZ','JAIME URANGA BUSTOS/CRIADERO J.J.',NULL,'2016-02-18 23:29:59','2016-02-18 23:29:59',NULL),(1471,'RFM','RAFAEL FRANCO MONTES',NULL,'2016-02-18 23:29:59','2016-02-18 23:29:59',NULL),(1472,'R','CRIADERO R S.A.C.',NULL,'2016-02-18 23:29:59','2016-02-18 23:29:59',NULL),(1473,'CBM','CESAR BENITES MENDOZA',NULL,'2016-02-18 23:29:59','2016-02-18 23:29:59',NULL),(1474,'MSCRL','CRIADERO LA MAESTRANZA SCRL',NULL,'2016-02-18 23:29:59','2016-02-18 23:29:59',NULL),(1475,'RCM','RENZO CAROZZI MORALES/CRIADERO EL CRIOLLO',NULL,'2016-02-18 23:29:59','2016-02-18 23:29:59',NULL),(1476,'AZF','ABRAHAM ZAVALA FALCON',NULL,'2016-02-18 23:29:59','2016-02-18 23:29:59',NULL),(1477,'KRA','KARL WILHELM REUSCHE ARAMBULO',NULL,'2016-02-18 23:29:59','2016-02-18 23:29:59',NULL),(1478,'NEC','NATALIA ESTEVES CALDERON',NULL,'2016-02-18 23:29:59','2016-02-18 23:29:59',NULL),(1479,'FyEP','FERNANDO Y ELSA PUGA',NULL,'2016-02-18 23:29:59','2016-02-18 23:29:59',NULL),(1480,'AZ','ALBERTO DE AZAMBUJA PASARA',NULL,'2016-02-18 23:29:59','2016-02-18 23:29:59',NULL),(1481,'CFF','CARLOS FUKUDA FUKUDA',NULL,'2016-02-18 23:29:59','2016-02-18 23:29:59',NULL),(1482,'JMLL','JUAN MANUEL LLANOS RODRIGUEZ',NULL,'2016-02-18 23:29:59','2016-02-18 23:29:59',NULL),(1483,'JRM','JOSE RISSO MATELLINI',NULL,'2016-02-18 23:29:59','2016-02-18 23:29:59',NULL),(1484,'JD','JORGE DYER DE LAS CASAS',NULL,'2016-02-18 23:29:59','2016-02-18 23:29:59',NULL),(1485,'VHHP','HUGO HUERTAS DEL PINO UTRILLA',NULL,'2016-02-18 23:29:59','2016-02-18 23:29:59',NULL),(1486,'FESA','FIDEL ERNESTO SANCHEZ ALAYO',NULL,'2016-02-18 23:29:59','2016-02-18 23:29:59',NULL),(1487,'LAG','LUIS ALEJANDRO GONZALEZ LEOPARDI',NULL,'2016-02-18 23:29:59','2016-02-18 23:29:59',NULL),(1488,'FBB','FERNANDO BUSTAMANTE BELAUNDE',NULL,'2016-02-18 23:29:59','2016-02-18 23:29:59',NULL),(1489,'JCK','JAVIER CLAUX KOECHLIN',NULL,'2016-02-18 23:29:59','2016-02-18 23:29:59',NULL),(1490,'CEC','RENZO Y ROSSANA CAROZZI MORALES/CRIADERO EL CRIOLLO',NULL,'2016-02-18 23:29:59','2016-02-18 23:29:59',NULL),(1491,'MLM','MICHAEL Y LINDA MEWHINNEY',NULL,'2016-02-18 23:29:59','2016-02-18 23:29:59',NULL),(1492,'AHT','ANTONIO HUDTWALCKER TEIXEIRA',NULL,'2016-02-18 23:29:59','2016-02-18 23:29:59',NULL),(1493,'BC','BELISARIO DE LAS CASAS PIEDRA',NULL,'2016-02-18 23:29:59','2016-02-18 23:29:59',NULL),(1494,'FC','FERNANDO CERUTI COGORNO',NULL,'2016-02-18 23:29:59','2016-02-18 23:29:59',NULL),(1495,'MEAA','MANUEL ENRIQUE ACU?A ALFARO',NULL,'2016-02-18 23:29:59','2016-02-18 23:29:59',NULL),(1496,'RHM','ROBERTO HOYLE MC CALLUM',NULL,'2016-02-18 23:29:59','2016-02-18 23:29:59',NULL),(1497,'MMC','MANUEL MAZZI CASAS',NULL,'2016-02-18 23:29:59','2016-02-18 23:29:59',NULL),(1498,'ARL','ALFREDO RUZO LOPEZ DE LA FUENTE',NULL,'2016-02-18 23:29:59','2016-02-18 23:29:59',NULL),(1499,'LV','LUIS VASQUEZ NACARINO',NULL,'2016-02-18 23:29:59','2016-02-18 23:29:59',NULL),(1500,'JFRN','JUAN FRANCISCO RAFFO NOVELLI / CRIADERO ALTO PRADO',NULL,'2016-02-18 23:29:59','2016-02-18 23:29:59',NULL),(1501,'BSP','BLANCA SALCEDO DE PONCE',NULL,'2016-02-18 23:29:59','2016-02-18 23:29:59',NULL),(1502,'SRT','SANTA ROSA Y TOMABAL S.A.C.',NULL,'2016-02-18 23:29:59','2016-02-18 23:29:59',NULL),(1503,'CCMV','CECILIA MANNUCCI VEGA',NULL,'2016-02-18 23:29:59','2016-02-18 23:29:59',NULL),(1504,'SFL','SUMIKO ROCIO FUKUDA LENCI',NULL,'2016-02-18 23:29:59','2016-02-18 23:29:59',NULL),(1505,'JM','JUAN MANUEL RIZO PATRON B. E HIJAS',NULL,'2016-02-18 23:29:59','2016-02-18 23:29:59',NULL),(1506,'BRR','BELISARIO ROSAS RAZETO',NULL,'2016-02-18 23:29:59','2016-02-18 23:29:59',NULL),(1507,'ByEP','BARBARA Y ENRIQUE PRADO',NULL,'2016-02-18 23:29:59','2016-02-18 23:29:59',NULL),(1508,'INP','ISMAEL NOYA DE LA PIEDRA',NULL,'2016-02-18 23:29:59','2016-02-18 23:29:59',NULL),(1509,'CN','CERVECERIAS PERUANAS BACKUS S.A.A.',NULL,'2016-02-18 23:29:59','2016-02-18 23:29:59',NULL),(1510,'GAN','GONZALO ANDRADE NICOLI',NULL,'2016-02-18 23:29:59','2016-02-18 23:29:59',NULL),(1511,'RBC','RICARDO BUSTAMANTE CILLONIZ',NULL,'2016-02-18 23:29:59','2016-02-18 23:29:59',NULL),(1512,'BCD','BELISARIO DE LAS CASAS D\'ONOFRIO',NULL,'2016-02-18 23:29:59','2016-02-18 23:29:59',NULL),(1513,'ACZ','ARTURO CAVERO ZAVALA',NULL,'2016-02-18 23:29:59','2016-02-18 23:29:59',NULL),(1514,'ERM','EDUARDO RISSO MONTES',NULL,'2016-02-18 23:29:59','2016-02-18 23:29:59',NULL),(1515,'JBL','JUAN ARTURO BRESCIA LUGON',NULL,'2016-02-18 23:29:59','2016-02-18 23:29:59',NULL),(1516,'JVDZ','JORGE VILLACORTA DIAZ / CRIADERO LAZCAN',NULL,'2016-02-18 23:29:59','2016-02-18 23:29:59',NULL),(1517,'LSR','LUIS JOSE  SAENZ RAEZ',NULL,'2016-02-18 23:29:59','2016-02-18 23:29:59',NULL),(1518,'GCLP','GIORGIO CROLLE LORO PIANA',NULL,'2016-02-18 23:29:59','2016-02-18 23:29:59',NULL),(1519,'DMCB','DANIEL MEZA CUADRA BUCKLEY',NULL,'2016-02-18 23:29:59','2016-02-18 23:29:59',NULL),(1520,'VCB','VICTOR CASTRO BARBIERI',NULL,'2016-02-18 23:29:59','2016-02-18 23:29:59',NULL),(1521,'CVD','CARLOS VICENTE VILLACORTA DIAZ',NULL,'2016-02-18 23:29:59','2016-02-18 23:29:59',NULL),(1522,'JyEP','JULIO Y EDITH PESCHIERA',NULL,'2016-02-18 23:29:59','2016-02-18 23:29:59',NULL),(1523,'FER','FERNANDO RISSO MONTES',NULL,'2016-02-18 23:29:59','2016-02-18 23:29:59',NULL),(1524,'RCCL','RENZO CROLLE CLAUX',NULL,'2016-02-18 23:29:59','2016-02-18 23:29:59',NULL),(1525,'GBC','GEETA BALANI',NULL,'2016-02-18 23:29:59','2016-02-18 23:29:59',NULL),(1526,'OAMS','ALBERTO MASSARO SILVA',NULL,'2016-02-18 23:29:59','2016-02-18 23:29:59',NULL),(1527,'WPA','WALTER NERY PE?A ALDEA',NULL,'2016-02-18 23:29:59','2016-02-18 23:29:59',NULL),(1528,'NVG','NAZARIO VILLAFUERTE GUARDIA',NULL,'2016-02-18 23:29:59','2016-02-18 23:29:59',NULL),(1529,'PYR','PABLO YSAUL RIVERA CHAVEZ',NULL,'2016-02-18 23:29:59','2016-02-18 23:29:59',NULL),(1530,'JJP','CRIADERO JORGE JUAN PINILLOS COX',NULL,'2016-02-18 23:29:59','2016-02-18 23:29:59',NULL),(1531,'NVF','NAZARIO VILLAFUERTE FALCON',NULL,'2016-02-18 23:29:59','2016-02-18 23:29:59',NULL),(1532,'OV','OSCAR VILCHEZ CHAMOCHUMBI',NULL,'2016-02-18 23:29:59','2016-02-18 23:29:59',NULL),(1533,'ALM','AURELIO LORET DE MOLA BOHME',NULL,'2016-02-18 23:29:59','2016-02-18 23:29:59',NULL),(1534,'ABB','JOSE ALBERTO BARRENA BERROSPI',NULL,'2016-02-18 23:29:59','2016-02-18 23:29:59',NULL),(1535,'FNC','JOSE LUIS NORIEGA ZEGARRA / CRIADERO NORIEGA HERMANOS',NULL,'2016-02-18 23:29:59','2016-02-18 23:29:59',NULL),(1536,'JLK','JUAN LUIS KRUGER CARRION',NULL,'2016-02-18 23:29:59','2016-02-18 23:29:59',NULL),(1537,'RHG','RICHARD HALE GARCIA',NULL,'2016-02-18 23:29:59','2016-02-18 23:29:59',NULL),(1538,'LSC','LUIS FERNANDO SUAREZ CA?EDO',NULL,'2016-02-18 23:29:59','2016-02-18 23:29:59',NULL),(1539,'*EG','EDIE GANDY',NULL,'2016-02-18 23:29:59','2016-02-18 23:29:59',NULL),(1540,'FCY','FRANCO CORNO YORI',NULL,'2016-02-18 23:29:59','2016-02-18 23:29:59',NULL),(1541,'RML','RAIMUNDO MORALES LLOSA',NULL,'2016-02-18 23:29:59','2016-02-18 23:29:59',NULL),(1542,'CYU','CARLOS YORI UMLAUFF',NULL,'2016-02-18 23:29:59','2016-02-18 23:29:59',NULL),(1543,NULL,'JUAN TUDELA ARAMBURU\r',NULL,'2016-02-18 23:29:59','2016-02-18 23:29:59',NULL),(1544,NULL,'CESAR VERA ARBAIZA\r',NULL,'2016-02-18 23:29:59','2016-02-18 23:29:59',NULL),(1545,NULL,'CARLOS RAMIREZ CHUPICA\r',NULL,'2016-02-18 23:29:59','2016-02-18 23:29:59',NULL),(1546,NULL,'JOSE CARLOS DEXTRE CHACON\r',NULL,'2016-02-18 23:29:59','2016-02-18 23:29:59',NULL),(1547,NULL,'JOSE ALEJANDRO GOMEZ DE LA TORRE MIRANDA\r',NULL,'2016-02-18 23:29:59','2016-02-18 23:29:59',NULL),(1548,NULL,'CRIADERO JOSE ANTONIO ONRUBIA ROMERO S.A.\r',NULL,'2016-02-18 23:29:59','2016-02-18 23:29:59',NULL),(1549,NULL,'JORGE AUGUSTO PEREZ TAIMAN\r',NULL,'2016-02-18 23:29:59','2016-02-18 23:29:59',NULL),(1550,NULL,'MIGUEL ARBULU ALVA\r',NULL,'2016-02-18 23:29:59','2016-02-18 23:29:59',NULL),(1551,NULL,'JOSE RISSO MONTES\r',NULL,'2016-02-18 23:29:59','2016-02-18 23:29:59',NULL),(1552,NULL,'ENRIQUE RIZO PATRON BAZO / HACIENDA MAMACONA\r',NULL,'2016-02-18 23:29:59','2016-02-18 23:29:59',NULL),(1553,NULL,'GINO GUIULFO GARCIA\r',NULL,'2016-02-18 23:29:59','2016-02-18 23:29:59',NULL),(1554,NULL,'FERNANDO JARQUIN PIRA\r',NULL,'2016-02-18 23:29:59','2016-02-18 23:29:59',NULL),(1555,NULL,'RAFAEL FRANCO MONTES\r',NULL,'2016-02-18 23:29:59','2016-02-18 23:29:59',NULL),(1556,NULL,'CRIADERO R S.A.C.\r',NULL,'2016-02-18 23:29:59','2016-02-18 23:29:59',NULL),(1557,NULL,'CESAR BENITES MENDOZA\r',NULL,'2016-02-18 23:29:59','2016-02-18 23:29:59',NULL),(1558,NULL,'CRIADERO LA MAESTRANZA SCRL\r',NULL,'2016-02-18 23:29:59','2016-02-18 23:29:59',NULL),(1559,NULL,'RENZO CAROZZI M/FABRIZIO Y ALESSANDRO CAROZZI S\r',NULL,'2016-02-18 23:29:59','2016-02-18 23:29:59',NULL),(1560,NULL,'ABRAHAM ZAVALA FALCON\r',NULL,'2016-02-18 23:29:59','2016-02-18 23:29:59',NULL),(1561,NULL,'NATALIA ESTEVES CALDERON\r',NULL,'2016-02-18 23:29:59','2016-02-18 23:29:59',NULL),(1562,NULL,'FERNANDO RISSO MONTES\r',NULL,'2016-02-18 23:29:59','2016-02-18 23:29:59',NULL),(1563,NULL,'FERNANDO Y ELSA PUGA\r',NULL,'2016-02-18 23:29:59','2016-02-18 23:29:59',NULL),(1564,NULL,'ALBERTO DE AZAMBUJA PASARA\r',NULL,'2016-02-18 23:29:59','2016-02-18 23:29:59',NULL),(1565,NULL,'CARLOS FUKUDA FUKUDA\r',NULL,'2016-02-18 23:29:59','2016-02-18 23:29:59',NULL),(1566,NULL,'JUAN MANUEL LLANOS RODRIGUEZ\r',NULL,'2016-02-18 23:29:59','2016-02-18 23:29:59',NULL),(1567,NULL,'JORGE DYER DE LAS CASAS\r',NULL,'2016-02-18 23:29:59','2016-02-18 23:29:59',NULL),(1568,NULL,'HUGO HUERTAS DEL PINO UTRILLA\r',NULL,'2016-02-18 23:29:59','2016-02-18 23:29:59',NULL),(1569,NULL,'FIDEL ERNESTO SANCHEZ ALAYO\r',NULL,'2016-02-18 23:29:59','2016-02-18 23:29:59',NULL),(1570,NULL,'ALFONSO VALMORE GARCIA GARCIA\r',NULL,'2016-02-18 23:29:59','2016-02-18 23:29:59',NULL),(1571,NULL,'HACIENDA SANTA ROSA S.A.C.\r',NULL,'2016-02-18 23:29:59','2016-02-18 23:29:59',NULL),(1572,NULL,'JAVIER CLAUX KOECHLIN\r',NULL,'2016-02-18 23:29:59','2016-02-18 23:29:59',NULL),(1573,NULL,'RENZO CAROZZI MORALES/CRIADERO EL CRIOLLO\r',NULL,'2016-02-18 23:29:59','2016-02-18 23:29:59',NULL),(1574,NULL,'ANTONIO HUDTWALCKER TEIXEIRA\r',NULL,'2016-02-18 23:29:59','2016-02-18 23:29:59',NULL),(1575,NULL,'BELISARIO DE LAS CASAS D\'ONOFRIO\r',NULL,'2016-02-18 23:29:59','2016-02-18 23:29:59',NULL),(1576,NULL,'HARAS EL MAYOR  S.A.\r',NULL,'2016-02-18 23:29:59','2016-02-18 23:29:59',NULL),(1577,NULL,'MANUEL ENRIQUE ACU?A ALFARO\r',NULL,'2016-02-18 23:29:59','2016-02-18 23:29:59',NULL),(1578,NULL,'ROBERTO HOYLE MC CALLUM\r',NULL,'2016-02-18 23:29:59','2016-02-18 23:29:59',NULL),(1579,NULL,'ALFREDO RUZO LOPEZ DE LA FUENTE\r',NULL,'2016-02-18 23:29:59','2016-02-18 23:29:59',NULL),(1580,NULL,'BLANCA SALCEDO DE PONCE\r',NULL,'2016-02-18 23:29:59','2016-02-18 23:29:59',NULL),(1581,NULL,'SANTA ROSA Y TOMABAL S.A.C.\r',NULL,'2016-02-18 23:29:59','2016-02-18 23:29:59',NULL),(1582,NULL,'SUMIKO ROCIO FUKUDA LENCI\r',NULL,'2016-02-18 23:29:59','2016-02-18 23:29:59',NULL),(1583,NULL,'JUAN MANUEL RIZO PATRON B. E HIJAS\r',NULL,'2016-02-18 23:29:59','2016-02-18 23:29:59',NULL),(1584,NULL,'BELISARIO ROSAS RAZETO\r',NULL,'2016-02-18 23:29:59','2016-02-18 23:29:59',NULL),(1585,NULL,'BARBARA Y ENRIQUE PRADO\r',NULL,'2016-02-18 23:29:59','2016-02-18 23:29:59',NULL),(1586,NULL,'ISMAEL NOYA DE LA PIEDRA\r',NULL,'2016-02-18 23:29:59','2016-02-18 23:29:59',NULL),(1587,NULL,'GONZALO ANDRADE NICOLI\r',NULL,'2016-02-18 23:29:59','2016-02-18 23:29:59',NULL),(1588,NULL,'ARTURO CAVERO ZAVALA\r',NULL,'2016-02-18 23:29:59','2016-02-18 23:29:59',NULL),(1589,NULL,'JUAN ARTURO BRESCIA LUGON\r',NULL,'2016-02-18 23:29:59','2016-02-18 23:29:59',NULL),(1590,NULL,'JOSE LUIS NOGUERA ZAVALA / ANA SLOCOVICH DE NOGUERA\r',NULL,'2016-02-18 23:29:59','2016-02-18 23:29:59',NULL),(1591,NULL,'JENNY VILLAFUERTE FALCON\r',NULL,'2016-02-18 23:29:59','2016-02-18 23:29:59',NULL),(1592,NULL,'LUIS JOSE  SAENZ RAEZ\r',NULL,'2016-02-18 23:29:59','2016-02-18 23:29:59',NULL),(1593,NULL,'DANIEL MEZA CUADRA BUCKLEY\r',NULL,'2016-02-18 23:29:59','2016-02-18 23:29:59',NULL),(1594,NULL,'JORGE LUIS OTOYA CABRERA\r',NULL,'2016-02-18 23:29:59','2016-02-18 23:29:59',NULL),(1595,NULL,'GLADYS NELLY ALARCON CANCHARI\r',NULL,'2016-02-18 23:29:59','2016-02-18 23:29:59',NULL),(1596,NULL,'FIORELLA NADIA TOMATIS KORRODI\r',NULL,'2016-02-18 23:29:59','2016-02-18 23:29:59',NULL),(1597,NULL,'GIORGIO CROLLE LORO PIANA / ARTURO CAVERO ZAVALA\r',NULL,'2016-02-18 23:29:59','2016-02-18 23:29:59',NULL),(1598,NULL,'GEETA BALANI\r',NULL,'2016-02-18 23:29:59','2016-02-18 23:29:59',NULL),(1599,NULL,'ALBERTO MASSARO SILVA\r',NULL,'2016-02-18 23:29:59','2016-02-18 23:29:59',NULL),(1600,NULL,'GONZALO ANDRADE NICOLI/ASOC. TRADICIONES COSTUMBRISTAS\r',NULL,'2016-02-18 23:29:59','2016-02-18 23:29:59',NULL),(1601,NULL,'WALTER NERY PE?A ALDEA\r',NULL,'2016-02-18 23:29:59','2016-02-18 23:29:59',NULL),(1602,NULL,'FERNANDO CERUTI COGORNO\r',NULL,'2016-02-18 23:29:59','2016-02-18 23:29:59',NULL),(1603,NULL,'NAZARIO VILLAFUERTE GUARDIA/NAZARIO VILLAFUERTE FALCON\r',NULL,'2016-02-18 23:29:59','2016-02-18 23:29:59',NULL),(1604,NULL,'ANIBAL ANTONIO LAVADO OLIVERA\r',NULL,'2016-02-18 23:29:59','2016-02-18 23:29:59',NULL),(1605,NULL,'CRIADERO JORGE JUAN PINILLOS COX\r',NULL,'2016-02-18 23:29:59','2016-02-18 23:29:59',NULL),(1606,NULL,'MICHAEL FOX RUDVALL\r',NULL,'2016-02-18 23:29:59','2016-02-18 23:29:59',NULL),(1607,NULL,'CARLOS PACHECO VILLAVICENCIO\r',NULL,'2016-02-18 23:29:59','2016-02-18 23:29:59',NULL),(1608,NULL,'AURELIO LORET DE MOLA BOHME\r',NULL,'2016-02-18 23:29:59','2016-02-18 23:29:59',NULL),(1609,NULL,'JOSE ALBERTO BARRENA BERROSPI\r',NULL,'2016-02-18 23:29:59','2016-02-18 23:29:59',NULL),(1610,NULL,'JORGE FRANCISCO DE LA FLOR BARATTA\r',NULL,'2016-02-18 23:29:59','2016-02-18 23:29:59',NULL),(1611,NULL,'MANUEL ANTONIO MANRIQUE FIGUEROA\r',NULL,'2016-02-18 23:29:59','2016-02-18 23:29:59',NULL),(1612,NULL,'JORGE VILLACORTA DIAZ / CRIADERO LAZCAN\r',NULL,'2016-02-18 23:29:59','2016-02-18 23:29:59',NULL),(1613,NULL,'LUIS FERNANDO SUAREZ CA?EDO\r',NULL,'2016-02-18 23:29:59','2016-02-18 23:29:59',NULL),(1614,NULL,'FRANCO CORNO YORI / HUGO HUERTAS DEL PINO UTRILLA\r',NULL,'2016-02-18 23:29:59','2016-02-18 23:29:59',NULL),(1615,NULL,'LUIS CARLOS IGLESIAS LEON\r',NULL,'2016-02-18 23:29:59','2016-02-18 23:29:59',NULL),(1616,NULL,'LUIS HUMBERTO TRAVERSO RAMIREZ\r',NULL,'2016-02-18 23:29:59','2016-02-18 23:29:59',NULL);

/*Table structure for table `animal_agent` */

DROP TABLE IF EXISTS `animal_agent`;

CREATE TABLE `animal_agent` (
  `id` int(10) unsigned NOT NULL AUTO_INCREMENT,
  `animal_id` int(10) unsigned NOT NULL,
  `agent_id` int(10) unsigned NOT NULL,
  `type` enum('breeder','owner') NOT NULL,
  PRIMARY KEY (`id`),
  KEY `fk_animal_agents_animals1_idx` (`animal_id`),
  KEY `fk_animal_agents_agents1_idx` (`agent_id`),
  CONSTRAINT `fk_animal_agents_agents1` FOREIGN KEY (`agent_id`) REFERENCES `agents` (`id`) ON DELETE NO ACTION ON UPDATE NO ACTION,
  CONSTRAINT `fk_animal_agents_animals1` FOREIGN KEY (`animal_id`) REFERENCES `animals` (`id`) ON DELETE NO ACTION ON UPDATE NO ACTION
) ENGINE=InnoDB AUTO_INCREMENT=3215 DEFAULT CHARSET=utf8;

/*Data for the table `animal_agent` */

insert  into `animal_agent`(`id`,`animal_id`,`agent_id`,`type`) values (2450,3120,1499,'breeder'),(2451,3127,1462,'breeder'),(2452,3128,1541,'breeder'),(2453,3130,1467,'breeder'),(2454,3132,1483,'breeder'),(2455,3134,1465,'breeder'),(2456,3137,1466,'breeder'),(2457,3140,1513,'breeder'),(2458,3146,1524,'breeder'),(2459,3150,1463,'breeder'),(2460,3151,1463,'breeder'),(2461,3152,1468,'breeder'),(2462,3158,1462,'breeder'),(2463,3159,1489,'breeder'),(2464,3161,1473,'breeder'),(2465,3163,1495,'breeder'),(2466,3164,1466,'breeder'),(2467,3165,1463,'breeder'),(2468,3170,1498,'breeder'),(2469,3172,1463,'breeder'),(2470,3174,1463,'breeder'),(2471,3175,1476,'breeder'),(2472,3176,1493,'breeder'),(2473,3177,1481,'breeder'),(2474,3178,1467,'breeder'),(2475,3179,1470,'breeder'),(2476,3182,1463,'breeder'),(2477,3184,1479,'breeder'),(2478,3185,1540,'breeder'),(2479,3187,1466,'breeder'),(2480,3189,1466,'breeder'),(2481,3190,1482,'breeder'),(2482,3191,1467,'breeder'),(2483,3192,1538,'breeder'),(2484,3194,1468,'breeder'),(2485,3196,1467,'breeder'),(2486,3197,1479,'breeder'),(2487,3198,1481,'breeder'),(2488,3200,1486,'breeder'),(2489,3203,1467,'breeder'),(2490,3208,1473,'breeder'),(2491,3210,1508,'breeder'),(2492,3212,1492,'breeder'),(2493,3213,1508,'breeder'),(2494,3214,1462,'breeder'),(2495,3215,1532,'breeder'),(2496,3217,1482,'breeder'),(2497,3219,1466,'breeder'),(2498,3221,1484,'breeder'),(2499,3223,1480,'breeder'),(2500,3226,1510,'breeder'),(2501,3230,1507,'breeder'),(2502,3231,1462,'breeder'),(2503,3234,1475,'breeder'),(2504,3236,1530,'breeder'),(2505,3237,1476,'breeder'),(2506,3240,1480,'breeder'),(2507,3241,1527,'breeder'),(2508,3244,1512,'breeder'),(2509,3246,1478,'breeder'),(2510,3249,1479,'breeder'),(2511,3254,1469,'breeder'),(2512,3257,1486,'breeder'),(2513,3258,1462,'breeder'),(2514,3259,1493,'breeder'),(2515,3260,1488,'breeder'),(2516,3261,1486,'breeder'),(2517,3262,1486,'breeder'),(2518,3264,1475,'breeder'),(2519,3265,1513,'breeder'),(2520,3268,1519,'breeder'),(2521,3269,1516,'breeder'),(2522,3270,1500,'breeder'),(2523,3271,1516,'breeder'),(2524,3272,1462,'breeder'),(2525,3275,1481,'breeder'),(2526,3280,1473,'breeder'),(2527,3281,1486,'breeder'),(2528,3283,1499,'breeder'),(2529,3284,1506,'breeder'),(2530,3288,1523,'breeder'),(2531,3289,1486,'breeder'),(2532,3296,1539,'breeder'),(2533,3298,1486,'breeder'),(2534,3300,1479,'breeder'),(2535,3301,1466,'breeder'),(2536,3303,1488,'breeder'),(2537,3306,1479,'breeder'),(2538,3307,1514,'breeder'),(2539,3312,1468,'breeder'),(2540,3313,1533,'breeder'),(2541,3314,1542,'breeder'),(2542,3318,1492,'breeder'),(2543,3319,1476,'breeder'),(2544,3320,1490,'breeder'),(2545,3321,1526,'breeder'),(2546,3323,1464,'breeder'),(2547,3328,1480,'breeder'),(2548,3329,1505,'breeder'),(2549,3332,1464,'breeder'),(2550,3333,1479,'breeder'),(2551,3334,1496,'breeder'),(2552,3337,1476,'breeder'),(2553,3339,1464,'breeder'),(2554,3340,1467,'breeder'),(2555,3341,1467,'breeder'),(2556,3342,1467,'breeder'),(2557,3346,1474,'breeder'),(2558,3348,1525,'breeder'),(2559,3349,1483,'breeder'),(2560,3350,1528,'breeder'),(2561,3357,1476,'breeder'),(2562,3358,1481,'breeder'),(2563,3359,1464,'breeder'),(2564,3360,1462,'breeder'),(2565,3365,1504,'breeder'),(2566,3368,1468,'breeder'),(2567,3371,1482,'breeder'),(2568,3372,1518,'breeder'),(2569,3373,1503,'breeder'),(2570,3380,1474,'breeder'),(2571,3381,1459,'breeder'),(2572,3385,1510,'breeder'),(2573,3387,1510,'breeder'),(2574,3388,1491,'breeder'),(2575,3392,1483,'breeder'),(2576,3394,1492,'breeder'),(2577,3395,1511,'breeder'),(2578,3400,1474,'breeder'),(2579,3404,1502,'breeder'),(2580,3410,1486,'breeder'),(2581,3411,1466,'breeder'),(2582,3414,1466,'breeder'),(2583,3418,1466,'breeder'),(2584,3420,1483,'breeder'),(2585,3427,1459,'breeder'),(2586,3428,1485,'breeder'),(2587,3429,1482,'breeder'),(2588,3431,1467,'breeder'),(2589,3432,1520,'breeder'),(2590,3433,1480,'breeder'),(2591,3436,1477,'breeder'),(2592,3437,1471,'breeder'),(2593,3440,1467,'breeder'),(2594,3441,1515,'breeder'),(2595,3442,1467,'breeder'),(2596,3445,1491,'breeder'),(2597,3448,1470,'breeder'),(2598,3449,1462,'breeder'),(2599,3452,1487,'breeder'),(2600,3454,1463,'breeder'),(2601,3456,1474,'breeder'),(2602,3457,1535,'breeder'),(2603,3460,1474,'breeder'),(2604,3461,1484,'breeder'),(2605,3463,1466,'breeder'),(2606,3464,1521,'breeder'),(2607,3468,1525,'breeder'),(2608,3473,1467,'breeder'),(2609,3480,1522,'breeder'),(2610,3481,1483,'breeder'),(2611,3482,1467,'breeder'),(2612,3486,1484,'breeder'),(2613,3487,1468,'breeder'),(2614,3489,1462,'breeder'),(2615,3491,1462,'breeder'),(2616,3493,1494,'breeder'),(2617,3495,1501,'breeder'),(2618,3496,1468,'breeder'),(2619,3499,1531,'breeder'),(2620,3503,1468,'breeder'),(2621,3507,1480,'breeder'),(2622,3508,1479,'breeder'),(2623,3509,1468,'breeder'),(2624,3512,1468,'breeder'),(2625,3516,1490,'breeder'),(2626,3518,1536,'breeder'),(2627,3530,1534,'breeder'),(2628,3533,1481,'breeder'),(2629,3536,1513,'breeder'),(2630,3540,1500,'breeder'),(2631,3542,1470,'breeder'),(2632,3544,1482,'breeder'),(2633,3545,1464,'breeder'),(2634,3548,1482,'breeder'),(2635,3549,1464,'breeder'),(2636,3550,1505,'breeder'),(2637,3553,1482,'breeder'),(2638,3554,1464,'breeder'),(2639,3558,1516,'breeder'),(2640,3559,1510,'breeder'),(2641,3560,1537,'breeder'),(2642,3565,1483,'breeder'),(2643,3566,1486,'breeder'),(2644,3567,1517,'breeder'),(2645,3569,1508,'breeder'),(2646,3571,1464,'breeder'),(2647,3572,1505,'breeder'),(2648,3573,1472,'breeder'),(2649,3578,1513,'breeder'),(2650,3579,1509,'breeder'),(2651,3581,1462,'breeder'),(2652,3583,1497,'breeder'),(2653,3584,1483,'breeder'),(2654,3587,1494,'breeder'),(2655,3589,1506,'breeder'),(2656,3591,1529,'breeder'),(2657,3592,1462,'breeder'),(2658,3595,1470,'breeder'),(2659,3596,1466,'breeder'),(2705,3120,1573,'owner'),(2706,3127,1546,'owner'),(2707,3128,1615,'owner'),(2708,3130,1551,'owner'),(2709,3132,1571,'owner'),(2710,3134,1549,'owner'),(2711,3137,1553,'owner'),(2712,3140,1588,'owner'),(2713,3146,1597,'owner'),(2714,3150,1547,'owner'),(2715,3151,1547,'owner'),(2716,3152,1552,'owner'),(2717,3158,1546,'owner'),(2718,3159,1572,'owner'),(2719,3161,1557,'owner'),(2720,3163,1577,'owner'),(2721,3164,1550,'owner'),(2722,3165,1547,'owner'),(2723,3170,1579,'owner'),(2724,3172,1547,'owner'),(2725,3174,1547,'owner'),(2726,3175,1560,'owner'),(2727,3176,1575,'owner'),(2728,3177,1565,'owner'),(2729,3178,1551,'owner'),(2730,3179,1555,'owner'),(2731,3182,1547,'owner'),(2732,3184,1563,'owner'),(2733,3185,1614,'owner'),(2734,3187,1550,'owner'),(2735,3189,1557,'owner'),(2736,3190,1566,'owner'),(2737,3191,1551,'owner'),(2738,3192,1613,'owner'),(2739,3194,1552,'owner'),(2740,3196,1551,'owner'),(2741,3197,1563,'owner'),(2742,3198,1565,'owner'),(2743,3200,1569,'owner'),(2744,3203,1551,'owner'),(2745,3208,1557,'owner'),(2746,3210,1595,'owner'),(2747,3212,1574,'owner'),(2748,3213,1586,'owner'),(2749,3214,1546,'owner'),(2750,3215,1607,'owner'),(2751,3217,1566,'owner'),(2752,3219,1550,'owner'),(2753,3221,1567,'owner'),(2754,3223,1564,'owner'),(2755,3226,1587,'owner'),(2756,3230,1585,'owner'),(2757,3231,1546,'owner'),(2758,3234,1559,'owner'),(2759,3236,1605,'owner'),(2760,3237,1560,'owner'),(2761,3240,1564,'owner'),(2762,3241,1601,'owner'),(2763,3244,1575,'owner'),(2764,3246,1561,'owner'),(2765,3249,1563,'owner'),(2766,3254,1554,'owner'),(2767,3257,1569,'owner'),(2768,3258,1546,'owner'),(2769,3259,1575,'owner'),(2770,3260,1569,'owner'),(2771,3261,1569,'owner'),(2772,3262,1569,'owner'),(2773,3264,1559,'owner'),(2774,3265,1588,'owner'),(2775,3266,1543,'owner'),(2776,3268,1593,'owner'),(2777,3269,1591,'owner'),(2778,3270,1558,'owner'),(2779,3271,1612,'owner'),(2780,3272,1546,'owner'),(2781,3275,1565,'owner'),(2782,3280,1557,'owner'),(2783,3281,1569,'owner'),(2784,3283,1557,'owner'),(2785,3284,1584,'owner'),(2786,3288,1562,'owner'),(2787,3289,1569,'owner'),(2788,3296,1606,'owner'),(2789,3298,1569,'owner'),(2790,3300,1563,'owner'),(2791,3301,1550,'owner'),(2792,3303,1569,'owner'),(2793,3306,1563,'owner'),(2794,3307,1553,'owner'),(2795,3312,1552,'owner'),(2796,3313,1608,'owner'),(2797,3314,1616,'owner'),(2798,3318,1606,'owner'),(2799,3319,1560,'owner'),(2800,3320,1573,'owner'),(2801,3321,1599,'owner'),(2802,3323,1548,'owner'),(2803,3328,1564,'owner'),(2804,3329,1583,'owner'),(2805,3332,1548,'owner'),(2806,3333,1563,'owner'),(2807,3334,1578,'owner'),(2808,3337,1562,'owner'),(2809,3339,1555,'owner'),(2810,3340,1551,'owner'),(2811,3341,1551,'owner'),(2812,3342,1551,'owner'),(2813,3346,1558,'owner'),(2814,3348,1598,'owner'),(2815,3349,1551,'owner'),(2816,3350,1603,'owner'),(2817,3356,1545,'owner'),(2818,3357,1596,'owner'),(2819,3358,1565,'owner'),(2820,3359,1548,'owner'),(2821,3360,1546,'owner'),(2822,3365,1582,'owner'),(2823,3368,1552,'owner'),(2824,3371,1566,'owner'),(2825,3372,1544,'owner'),(2826,3373,1564,'owner'),(2827,3380,1558,'owner'),(2828,3381,1543,'owner'),(2829,3385,1600,'owner'),(2830,3387,1587,'owner'),(2831,3388,1557,'owner'),(2832,3392,1560,'owner'),(2833,3394,1574,'owner'),(2834,3395,1553,'owner'),(2835,3400,1553,'owner'),(2836,3404,1581,'owner'),(2837,3410,1569,'owner'),(2838,3411,1557,'owner'),(2839,3414,1557,'owner'),(2840,3418,1550,'owner'),(2841,3420,1555,'owner'),(2842,3427,1543,'owner'),(2843,3428,1568,'owner'),(2844,3429,1566,'owner'),(2845,3431,1551,'owner'),(2846,3432,1595,'owner'),(2847,3433,1564,'owner'),(2848,3436,1550,'owner'),(2849,3437,1555,'owner'),(2850,3440,1551,'owner'),(2851,3441,1589,'owner'),(2852,3442,1551,'owner'),(2853,3445,1555,'owner'),(2854,3447,1544,'owner'),(2855,3448,1554,'owner'),(2856,3449,1546,'owner'),(2857,3452,1570,'owner'),(2858,3454,1547,'owner'),(2859,3456,1558,'owner'),(2860,3457,1610,'owner'),(2861,3460,1558,'owner'),(2862,3461,1594,'owner'),(2863,3463,1557,'owner'),(2864,3464,1570,'owner'),(2865,3468,1598,'owner'),(2866,3473,1551,'owner'),(2867,3480,1586,'owner'),(2868,3481,1556,'owner'),(2869,3482,1551,'owner'),(2870,3486,1567,'owner'),(2871,3487,1552,'owner'),(2872,3489,1546,'owner'),(2873,3491,1546,'owner'),(2874,3493,1576,'owner'),(2875,3495,1580,'owner'),(2876,3496,1552,'owner'),(2877,3499,1603,'owner'),(2878,3503,1553,'owner'),(2879,3507,1564,'owner'),(2880,3508,1563,'owner'),(2881,3509,1552,'owner'),(2882,3512,1552,'owner'),(2883,3516,1573,'owner'),(2884,3518,1611,'owner'),(2885,3530,1609,'owner'),(2886,3533,1565,'owner'),(2887,3536,1588,'owner'),(2888,3540,1570,'owner'),(2889,3542,1569,'owner'),(2890,3544,1566,'owner'),(2891,3545,1548,'owner'),(2892,3548,1566,'owner'),(2893,3549,1548,'owner'),(2894,3550,1583,'owner'),(2895,3553,1566,'owner'),(2896,3554,1548,'owner'),(2897,3558,1612,'owner'),(2898,3559,1587,'owner'),(2899,3560,1569,'owner'),(2900,3565,1555,'owner'),(2901,3566,1569,'owner'),(2902,3567,1592,'owner'),(2903,3569,1586,'owner'),(2904,3571,1548,'owner'),(2905,3572,1583,'owner'),(2906,3573,1556,'owner'),(2907,3578,1588,'owner'),(2908,3579,1569,'owner'),(2909,3581,1590,'owner'),(2910,3583,1572,'owner'),(2911,3584,1560,'owner'),(2912,3587,1602,'owner'),(2913,3589,1584,'owner'),(2914,3591,1604,'owner'),(2915,3592,1546,'owner'),(2916,3595,1569,'owner'),(2917,3596,1557,'owner'),(2960,3135,1459,'breeder'),(2961,3171,1459,'breeder'),(2962,3467,1462,'breeder'),(2963,3443,1462,'breeder'),(2964,3145,1463,'breeder'),(2965,3147,1463,'breeder'),(2966,3168,1463,'breeder'),(2967,3377,1464,'breeder'),(2968,3256,1464,'breeder'),(2969,3305,1464,'breeder'),(2970,3510,1464,'breeder'),(2971,3324,1464,'breeder'),(2972,3522,1464,'breeder'),(2973,3216,1465,'breeder'),(2974,3412,1466,'breeder'),(2975,3574,1466,'breeder'),(2976,3343,1466,'breeder'),(2977,3446,1466,'breeder'),(2978,3415,1466,'breeder'),(2979,3378,1467,'breeder'),(2980,3186,1467,'breeder'),(2981,3511,1467,'breeder'),(2982,3562,1467,'breeder'),(2983,3409,1467,'breeder'),(2984,3531,1468,'breeder'),(2985,3501,1468,'breeder'),(2986,3142,1468,'breeder'),(2987,3367,1468,'breeder'),(2988,3276,1468,'breeder'),(2989,3593,1470,'breeder'),(2990,3362,1470,'breeder'),(2991,3153,1470,'breeder'),(2992,3344,1470,'breeder'),(2993,3535,1470,'breeder'),(2994,3397,1474,'breeder'),(2995,3225,1474,'breeder'),(2996,3347,1474,'breeder'),(2997,3546,1474,'breeder'),(2998,3405,1474,'breeder'),(2999,3224,1474,'breeder'),(3000,3317,1476,'breeder'),(3001,3354,1476,'breeder'),(3002,3160,1476,'breeder'),(3003,3181,1476,'breeder'),(3004,3229,1479,'breeder'),(3005,3166,1479,'breeder'),(3006,3118,1479,'breeder'),(3007,3466,1479,'breeder'),(3008,3585,1480,'breeder'),(3009,3435,1480,'breeder'),(3010,3366,1480,'breeder'),(3011,3506,1480,'breeder'),(3012,3326,1480,'breeder'),(3013,3515,1480,'breeder'),(3014,3148,1480,'breeder'),(3015,3122,1480,'breeder'),(3016,3526,1480,'breeder'),(3017,3402,1481,'breeder'),(3018,3274,1481,'breeder'),(3019,3538,1481,'breeder'),(3020,3199,1481,'breeder'),(3021,3253,1481,'breeder'),(3022,3352,1481,'breeder'),(3023,3475,1481,'breeder'),(3024,3374,1482,'breeder'),(3025,3458,1482,'breeder'),(3026,3126,1482,'breeder'),(3027,3421,1482,'breeder'),(3028,3255,1483,'breeder'),(3029,3425,1483,'breeder'),(3030,3390,1483,'breeder'),(3031,3523,1483,'breeder'),(3032,3251,1483,'breeder'),(3033,3476,1483,'breeder'),(3034,3462,1483,'breeder'),(3035,3384,1483,'breeder'),(3036,3488,1483,'breeder'),(3037,3398,1483,'breeder'),(3038,3484,1483,'breeder'),(3039,3408,1483,'breeder'),(3040,3386,1483,'breeder'),(3041,3242,1483,'breeder'),(3042,3336,1483,'breeder'),(3043,3521,1483,'breeder'),(3044,3125,1483,'breeder'),(3045,3478,1483,'breeder'),(3046,3206,1483,'breeder'),(3047,3434,1483,'breeder'),(3048,3500,1483,'breeder'),(3049,3195,1484,'breeder'),(3050,3157,1484,'breeder'),(3051,3594,1484,'breeder'),(3052,3124,1484,'breeder'),(3053,3138,1484,'breeder'),(3054,3498,1484,'breeder'),(3055,3169,1484,'breeder'),(3056,3144,1484,'breeder'),(3057,3293,1486,'breeder'),(3058,3438,1487,'breeder'),(3059,3580,1487,'breeder'),(3060,3576,1487,'breeder'),(3061,3563,1488,'breeder'),(3062,3204,1488,'breeder'),(3063,3575,1488,'breeder'),(3064,3590,1490,'breeder'),(3065,3248,1491,'breeder'),(3066,3238,1492,'breeder'),(3067,3543,1492,'breeder'),(3068,3310,1492,'breeder'),(3069,3422,1492,'breeder'),(3070,3514,1492,'breeder'),(3071,3391,1492,'breeder'),(3072,3180,1492,'breeder'),(3073,3278,1493,'breeder'),(3074,3245,1493,'breeder'),(3075,3131,1493,'breeder'),(3076,3568,1493,'breeder'),(3077,3383,1494,'breeder'),(3078,3279,1494,'breeder'),(3079,3419,1494,'breeder'),(3080,3139,1494,'breeder'),(3081,3167,1495,'breeder'),(3082,3154,1495,'breeder'),(3083,3155,1495,'breeder'),(3084,3133,1495,'breeder'),(3085,3162,1495,'breeder'),(3086,3338,1496,'breeder'),(3087,3582,1497,'breeder'),(3088,3479,1499,'breeder'),(3089,3556,1499,'breeder'),(3090,3406,1499,'breeder'),(3091,3331,1499,'breeder'),(3092,3417,1499,'breeder'),(3093,3119,1499,'breeder'),(3094,3524,1499,'breeder'),(3095,3403,1499,'breeder'),(3096,3233,1499,'breeder'),(3097,3143,1499,'breeder'),(3098,3369,1499,'breeder'),(3099,3315,1499,'breeder'),(3100,3309,1499,'breeder'),(3101,3370,1499,'breeder'),(3102,3136,1500,'breeder'),(3103,3424,1500,'breeder'),(3104,3513,1501,'breeder'),(3105,3561,1501,'breeder'),(3106,3382,1505,'breeder'),(3107,3407,1506,'breeder'),(3108,3211,1508,'breeder'),(3109,3228,1508,'breeder'),(3110,3577,1509,'breeder'),(3111,3586,1509,'breeder'),(3112,3439,1509,'breeder'),(3113,3423,1510,'breeder'),(3114,3490,1511,'breeder'),(3115,3401,1514,'breeder'),(3116,3220,1514,'breeder'),(3117,3375,1514,'breeder'),(3118,3528,1514,'breeder'),(3119,3355,1514,'breeder'),(3120,3308,1514,'breeder'),(3121,3525,1514,'breeder'),(3122,3290,1514,'breeder'),(3123,3529,1514,'breeder'),(3124,3294,1514,'breeder'),(3125,3207,1516,'breeder'),(3126,3564,1516,'breeder'),(3127,3450,1516,'breeder'),(3128,3330,1516,'breeder'),(3129,3393,1517,'breeder'),(3130,3209,1518,'breeder'),(3131,3517,1518,'breeder'),(3132,3193,1519,'breeder'),(3133,3376,1520,'breeder'),(3134,3396,1520,'breeder'),(3135,3273,1521,'breeder'),(3136,3505,1522,'breeder'),(3137,3469,1522,'breeder'),(3138,3539,1524,'breeder'),(3139,3156,1525,'breeder'),(3140,3141,1526,'breeder'),(3141,3201,1526,'breeder'),(3142,3477,1528,'breeder'),(3143,3494,1529,'breeder'),(3144,3557,1530,'breeder'),(3145,3351,1530,'breeder'),(3146,3502,1531,'breeder'),(3147,3470,1532,'breeder'),(3148,3327,1533,'breeder'),(3149,3537,1534,'breeder'),(3150,3364,1535,'breeder'),(3151,3541,1535,'breeder'),(3152,3430,1536,'breeder'),(3153,3218,1537,'breeder'),(3154,3183,1538,'breeder'),(3155,3361,1542,'breeder'),(3156,3149,1542,'breeder');

/*Table structure for table `animals` */

DROP TABLE IF EXISTS `animals`;

CREATE TABLE `animals` (
  `id` int(10) unsigned NOT NULL AUTO_INCREMENT,
  `code` varchar(20) DEFAULT NULL,
  `name` varchar(60) NOT NULL,
  `birthdate` datetime DEFAULT NULL,
  `mom` int(10) unsigned DEFAULT NULL,
  `dad` int(10) unsigned DEFAULT NULL,
  `gender` enum('female','male') DEFAULT NULL,
  `created_at` timestamp NULL DEFAULT NULL,
  `updated_at` timestamp NULL DEFAULT NULL,
  `deleted_at` timestamp NULL DEFAULT NULL,
  PRIMARY KEY (`id`),
  KEY `fk_animals_animals1_idx` (`dad`),
  CONSTRAINT `fk_animals_animals1` FOREIGN KEY (`dad`) REFERENCES `animals` (`id`) ON DELETE NO ACTION ON UPDATE NO ACTION
) ENGINE=InnoDB AUTO_INCREMENT=3629 DEFAULT CHARSET=utf8;

/*Data for the table `animals` */

insert  into `animals`(`id`,`code`,`name`,`birthdate`,`mom`,`dad`,`gender`,`created_at`,`updated_at`,`deleted_at`) values (3118,NULL,'ACIERTO',NULL,NULL,NULL,'male','2016-02-18 23:30:08','2016-02-18 23:30:08',NULL),(3119,NULL,'ACTOR',NULL,NULL,NULL,'male','2016-02-18 23:30:08','2016-02-18 23:30:08',NULL),(3120,'YN-13760','ACTORA','2006-12-28 00:00:00',3479,3119,NULL,'2016-02-18 23:30:08','2016-02-18 23:30:08',NULL),(3121,NULL,'ACTRIZ',NULL,NULL,NULL,'female','2016-02-18 23:30:08','2016-02-18 23:30:08',NULL),(3122,NULL,'ACUARELA',NULL,NULL,NULL,'female','2016-02-18 23:30:08','2016-02-18 23:30:08',NULL),(3123,NULL,'ADINERADA CAYALTI',NULL,NULL,NULL,'female','2016-02-18 23:30:08','2016-02-18 23:30:08',NULL),(3124,NULL,'AFRICA',NULL,NULL,NULL,'female','2016-02-18 23:30:08','2016-02-18 23:30:08',NULL),(3125,NULL,'AFRICANA',NULL,NULL,NULL,'female','2016-02-18 23:30:08','2016-02-18 23:30:08',NULL),(3126,NULL,'AGRESOR',NULL,NULL,NULL,'male','2016-02-18 23:30:08','2016-02-18 23:30:08',NULL),(3127,'YN-18021','AGRESORA-TE','2014-03-21 00:00:00',3169,3126,NULL,'2016-02-18 23:30:08','2016-02-18 23:30:08',NULL),(3128,'PN-07275','AGUAYMANTO','2005-11-06 00:00:00',3335,3119,NULL,'2016-02-18 23:30:08','2016-02-18 23:30:08',NULL),(3129,NULL,'ALBILLA',NULL,NULL,NULL,'female','2016-02-18 23:30:08','2016-02-18 23:30:08',NULL),(3130,'PN-09981','ALBOROTO','2013-08-01 00:00:00',3167,3243,NULL,'2016-02-18 23:30:08','2016-02-18 23:30:08',NULL),(3131,NULL,'ALEGRIA',NULL,NULL,NULL,'female','2016-02-18 23:30:08','2016-02-18 23:30:08',NULL),(3132,'YN-15152','ALEGRIA','2009-09-08 00:00:00',3242,3308,NULL,'2016-02-18 23:30:08','2016-02-18 23:30:08',NULL),(3133,NULL,'ALENTADORA',NULL,NULL,NULL,'female','2016-02-18 23:30:08','2016-02-18 23:30:08',NULL),(3134,'YN-18047','ALGECIRAS','2014-03-25 00:00:00',3216,3543,NULL,'2016-02-18 23:30:08','2016-02-18 23:30:08',NULL),(3135,NULL,'ALHELI',NULL,NULL,NULL,'female','2016-02-18 23:30:08','2016-02-18 23:30:08',NULL),(3136,NULL,'ALIESKA',NULL,NULL,NULL,'female','2016-02-18 23:30:08','2016-02-18 23:30:08',NULL),(3137,'YN-17786','ALMIBARADA','2013-10-23 00:00:00',3343,3363,NULL,'2016-02-18 23:30:08','2016-02-18 23:30:08',NULL),(3138,NULL,'ALOMA',NULL,NULL,NULL,'female','2016-02-18 23:30:08','2016-02-18 23:30:08',NULL),(3139,NULL,'ALTANERA',NULL,NULL,NULL,'female','2016-02-18 23:30:08','2016-02-18 23:30:08',NULL),(3140,'CN-01260','ALTANERO','2003-06-14 00:00:00',3322,3406,NULL,'2016-02-18 23:30:08','2016-02-18 23:30:08',NULL),(3141,NULL,'ALTANERO',NULL,NULL,NULL,'male','2016-02-18 23:30:08','2016-02-18 23:30:08',NULL),(3142,NULL,'ALTIVA',NULL,NULL,NULL,'female','2016-02-18 23:30:08','2016-02-18 23:30:08',NULL),(3143,NULL,'ALTIVO',NULL,NULL,NULL,'male','2016-02-18 23:30:08','2016-02-18 23:30:08',NULL),(3144,NULL,'AMBAR',NULL,NULL,NULL,'female','2016-02-18 23:30:08','2016-02-18 23:30:08',NULL),(3145,NULL,'AMBROSIA',NULL,NULL,NULL,'female','2016-02-18 23:30:08','2016-02-18 23:30:08',NULL),(3146,'PN-10649','AMIGO-TE','2014-03-25 00:00:00',3539,3543,NULL,'2016-02-18 23:30:08','2016-02-18 23:30:08',NULL),(3147,NULL,'AMIR',NULL,NULL,NULL,'male','2016-02-18 23:30:08','2016-02-18 23:30:08',NULL),(3148,NULL,'ANASTASIA',NULL,NULL,NULL,'female','2016-02-18 23:30:08','2016-02-18 23:30:08',NULL),(3149,NULL,'ANDARITA',NULL,NULL,NULL,'female','2016-02-18 23:30:08','2016-02-18 23:30:08',NULL),(3150,'YN-16131','ANFITRIONA-TE','2012-05-06 00:00:00',3398,3384,NULL,'2016-02-18 23:30:08','2016-02-18 23:30:08',NULL),(3151,'YN-18074','ANTICUARIA','2014-03-22 00:00:00',3145,3472,NULL,'2016-02-18 23:30:08','2016-02-18 23:30:08',NULL),(3152,'YN-15897','ANTOLOGIA','2011-03-24 00:00:00',3142,3218,NULL,'2016-02-18 23:30:08','2016-02-18 23:30:08',NULL),(3153,NULL,'APOLO',NULL,NULL,NULL,'male','2016-02-18 23:30:08','2016-02-18 23:30:08',NULL),(3154,NULL,'APRECIADO',NULL,NULL,NULL,'male','2016-02-18 23:30:08','2016-02-18 23:30:08',NULL),(3155,NULL,'APURIMAC',NULL,NULL,NULL,'female','2016-02-18 23:30:08','2016-02-18 23:30:08',NULL),(3156,NULL,'ARIANA',NULL,NULL,NULL,'female','2016-02-18 23:30:08','2016-02-18 23:30:08',NULL),(3157,NULL,'ARMENIA',NULL,NULL,NULL,'female','2016-02-18 23:30:08','2016-02-18 23:30:08',NULL),(3158,'CN-02601','ARMERO','2011-06-30 00:00:00',3157,3486,NULL,'2016-02-18 23:30:08','2016-02-18 23:30:08',NULL),(3159,'YN-14775','AROMATICA','2009-12-20 00:00:00',3138,3282,NULL,'2016-02-18 23:30:08','2016-02-18 23:30:08',NULL),(3160,NULL,'ARRIBA PERU',NULL,NULL,NULL,'male','2016-02-18 23:30:08','2016-02-18 23:30:08',NULL),(3161,'YN-17530','ARROGANCIA','2013-01-01 00:00:00',3309,3119,NULL,'2016-02-18 23:30:08','2016-02-18 23:30:08',NULL),(3162,NULL,'ASIA',NULL,NULL,NULL,'female','2016-02-18 23:30:08','2016-02-18 23:30:08',NULL),(3163,'YN-14374','ASIA II','2009-05-19 00:00:00',3162,3195,NULL,'2016-02-18 23:30:08','2016-02-18 23:30:08',NULL),(3164,'YN-17731','ASOMBRADA','2013-07-18 00:00:00',3551,3363,NULL,'2016-02-18 23:30:08','2016-02-18 23:30:08',NULL),(3165,'PN-10374','AUTOR','2013-10-11 00:00:00',3398,3363,NULL,'2016-02-18 23:30:08','2016-02-18 23:30:08',NULL),(3166,NULL,'AVENTURA',NULL,NULL,NULL,'female','2016-02-18 23:30:08','2016-02-18 23:30:08',NULL),(3167,NULL,'AVENTURA',NULL,NULL,NULL,'female','2016-02-18 23:30:08','2016-02-18 23:30:08',NULL),(3168,NULL,'AZAROSA',NULL,NULL,NULL,'female','2016-02-18 23:30:08','2016-02-18 23:30:08',NULL),(3169,NULL,'AZUCAR',NULL,NULL,NULL,'female','2016-02-18 23:30:08','2016-02-18 23:30:08',NULL),(3170,'YN-16983','AZUCENA','2008-09-15 00:00:00',3209,3537,NULL,'2016-02-18 23:30:08','2016-02-18 23:30:08',NULL),(3171,NULL,'AZUCENA',NULL,NULL,NULL,'female','2016-02-18 23:30:08','2016-02-18 23:30:08',NULL),(3172,'YN-16021','AZUCENA-TE','2011-11-10 00:00:00',3206,3384,NULL,'2016-02-18 23:30:08','2016-02-18 23:30:08',NULL),(3173,NULL,'BANDOLERO',NULL,NULL,NULL,'male','2016-02-18 23:30:08','2016-02-18 23:30:08',NULL),(3174,'PN-10057','BARBARESCO','2013-04-03 00:00:00',3145,3147,NULL,'2016-02-18 23:30:08','2016-02-18 23:30:08',NULL),(3175,'YN-14029','BARCELONA','2008-09-27 00:00:00',3354,3287,NULL,'2016-02-18 23:30:08','2016-02-18 23:30:08',NULL),(3176,'YN-12842','BELLA HURI','2004-10-09 00:00:00',3245,3278,NULL,'2016-02-18 23:30:08','2016-02-18 23:30:08',NULL),(3177,'YN-15428','BELLA LUZ','2009-12-05 00:00:00',3402,3585,NULL,'2016-02-18 23:30:08','2016-02-18 23:30:08',NULL),(3178,'YN-15775','BELLEZA','2011-09-16 00:00:00',3181,3478,NULL,'2016-02-18 23:30:08','2016-02-18 23:30:08',NULL),(3179,'YN-16997','BISKAIA-TE','2013-11-03 00:00:00',3344,3355,NULL,'2016-02-18 23:30:08','2016-02-18 23:30:08',NULL),(3180,NULL,'BOLERO',NULL,NULL,NULL,'male','2016-02-18 23:30:08','2016-02-18 23:30:08',NULL),(3181,NULL,'BONANZA',NULL,NULL,NULL,'female','2016-02-18 23:30:08','2016-02-18 23:30:08',NULL),(3182,'YN-16766','BRISA','2012-07-01 00:00:00',3168,3243,NULL,'2016-02-18 23:30:08','2016-02-18 23:30:08',NULL),(3183,NULL,'BRUJA DE CACHICHE',NULL,NULL,NULL,'female','2016-02-18 23:30:08','2016-02-18 23:30:08',NULL),(3184,'YN-14067','BRUMA','2008-06-02 00:00:00',3466,3225,NULL,'2016-02-18 23:30:08','2016-02-18 23:30:08',NULL),(3185,'PN-07644','BUEN MOZO','2006-04-19 00:00:00',3188,3361,NULL,'2016-02-18 23:30:08','2016-02-18 23:30:08',NULL),(3186,NULL,'BUENA LUZ',NULL,NULL,NULL,'female','2016-02-18 23:30:08','2016-02-18 23:30:08',NULL),(3187,'YN-18213','BUENA MOZA','2014-06-05 00:00:00',3446,3363,NULL,'2016-02-18 23:30:08','2016-02-18 23:30:08',NULL),(3188,NULL,'BUGAMBILLA',NULL,NULL,NULL,'female','2016-02-18 23:30:08','2016-02-18 23:30:08',NULL),(3189,'CN-02503','BUJAMERO','2011-01-03 00:00:00',3574,3375,NULL,'2016-02-18 23:30:08','2016-02-18 23:30:08',NULL),(3190,'YN-16542','BULERIA','2011-02-20 00:00:00',3129,3311,NULL,'2016-02-18 23:30:08','2016-02-18 23:30:08',NULL),(3191,'YN-17007','BURUNDANGA','2013-07-01 00:00:00',3186,3243,NULL,'2016-02-18 23:30:08','2016-02-18 23:30:08',NULL),(3192,'PN-09965','CACHICHE','2005-08-28 00:00:00',3183,3376,NULL,'2016-02-18 23:30:08','2016-02-18 23:30:08',NULL),(3193,NULL,'CACHINA',NULL,NULL,NULL,'female','2016-02-18 23:30:08','2016-02-18 23:30:08',NULL),(3194,'PN-10389','CADIZ','2013-09-26 00:00:00',3531,3243,NULL,'2016-02-18 23:30:08','2016-02-18 23:30:08',NULL),(3195,NULL,'CALUPE?O',NULL,NULL,NULL,'male','2016-02-18 23:30:08','2016-02-18 23:30:08',NULL),(3196,'YN-15773','CAMELIA','2011-07-20 00:00:00',3408,3478,NULL,'2016-02-18 23:30:08','2016-02-18 23:30:08',NULL),(3197,'PN-08371','CAMINANTE','2009-07-17 00:00:00',3229,3119,NULL,'2016-02-18 23:30:08','2016-02-18 23:30:08',NULL),(3198,'PN-10446','CAMPEADOR','2014-01-04 00:00:00',3199,3384,NULL,'2016-02-18 23:30:08','2016-02-18 23:30:08',NULL),(3199,NULL,'CAMPEADORA',NULL,NULL,NULL,'female','2016-02-18 23:30:08','2016-02-18 23:30:08',NULL),(3200,'CN-02479','CANCILLER-TE','2011-01-15 00:00:00',3293,3119,NULL,'2016-02-18 23:30:08','2016-02-18 23:30:08',NULL),(3201,NULL,'CANDELA',NULL,NULL,NULL,'female','2016-02-18 23:30:08','2016-02-18 23:30:08',NULL),(3202,NULL,'CANDELARIA',NULL,NULL,NULL,'female','2016-02-18 23:30:08','2016-02-18 23:30:08',NULL),(3203,'YN-16277','CANDELARIA','2012-07-01 00:00:00',3408,3478,NULL,'2016-02-18 23:30:08','2016-02-18 23:30:08',NULL),(3204,NULL,'CANDILEJA',NULL,NULL,NULL,'female','2016-02-18 23:30:08','2016-02-18 23:30:08',NULL),(3205,NULL,'CANELA',NULL,NULL,NULL,'female','2016-02-18 23:30:08','2016-02-18 23:30:08',NULL),(3206,NULL,'CAPITANA',NULL,NULL,NULL,'female','2016-02-18 23:30:08','2016-02-18 23:30:08',NULL),(3207,NULL,'CAPRICHO',NULL,NULL,NULL,'female','2016-02-18 23:30:08','2016-02-18 23:30:08',NULL),(3208,'YN-16899','CAPRICHOSA','2012-03-01 00:00:00',3227,3119,NULL,'2016-02-18 23:30:08','2016-02-18 23:30:08',NULL),(3209,NULL,'CAPULI',NULL,NULL,NULL,'female','2016-02-18 23:30:08','2016-02-18 23:30:08',NULL),(3210,'CN-01468','CARACOL','2004-01-16 00:00:00',3211,3416,NULL,'2016-02-18 23:30:08','2016-02-18 23:30:08',NULL),(3211,NULL,'CARACOLETA',NULL,NULL,NULL,'female','2016-02-18 23:30:08','2016-02-18 23:30:08',NULL),(3212,'PN-09609','CARLO MAGNO','2012-04-27 00:00:00',3391,3514,NULL,'2016-02-18 23:30:08','2016-02-18 23:30:08',NULL),(3213,'CN-02083','CARLO MAGNO','2008-09-13 00:00:00',3569,3464,NULL,'2016-02-18 23:30:08','2016-02-18 23:30:08',NULL),(3214,'YN-17561','CAROZA','2013-01-12 00:00:00',3207,3308,NULL,'2016-02-18 23:30:08','2016-02-18 23:30:08',NULL),(3215,'PN-08642','CASIQUE','2008-04-15 00:00:00',3470,3465,NULL,'2016-02-18 23:30:08','2016-02-18 23:30:08',NULL),(3216,NULL,'CATALANA',NULL,NULL,NULL,'female','2016-02-18 23:30:08','2016-02-18 23:30:08',NULL),(3217,'YN-16744','CATARINA','2012-01-10 00:00:00',3374,3421,NULL,'2016-02-18 23:30:08','2016-02-18 23:30:08',NULL),(3218,NULL,'CATON',NULL,NULL,NULL,'male','2016-02-18 23:30:08','2016-02-18 23:30:08',NULL),(3219,'PN-09974','CAYETANO','2012-12-05 00:00:00',3412,3363,NULL,'2016-02-18 23:30:08','2016-02-18 23:30:08',NULL),(3220,NULL,'CELESTE',NULL,NULL,NULL,'female','2016-02-18 23:30:08','2016-02-18 23:30:08',NULL),(3221,'YN-15097','CENTELLA','2010-02-25 00:00:00',3124,3295,NULL,'2016-02-18 23:30:08','2016-02-18 23:30:08',NULL),(3222,NULL,'CENTENARIA',NULL,NULL,NULL,'female','2016-02-18 23:30:08','2016-02-18 23:30:08',NULL),(3223,'CN-02416','CENTURION-TE','2010-01-11 00:00:00',3222,3247,NULL,'2016-02-18 23:30:08','2016-02-18 23:30:08',NULL),(3224,NULL,'CEREZA',NULL,NULL,NULL,'female','2016-02-18 23:30:08','2016-02-18 23:30:08',NULL),(3225,NULL,'CEREZO',NULL,NULL,NULL,'male','2016-02-18 23:30:08','2016-02-18 23:30:08',NULL),(3226,'PN-10386','CERTERO','2013-04-15 00:00:00',3568,3126,NULL,'2016-02-18 23:30:08','2016-02-18 23:30:08',NULL),(3227,NULL,'CHICAMA',NULL,NULL,NULL,'female','2016-02-18 23:30:08','2016-02-18 23:30:08',NULL),(3228,NULL,'CHICUELINA',NULL,NULL,NULL,'female','2016-02-18 23:30:08','2016-02-18 23:30:08',NULL),(3229,NULL,'CHINA LINDA',NULL,NULL,NULL,'female','2016-02-18 23:30:08','2016-02-18 23:30:08',NULL),(3230,'YN-11561','CHIQUITA BONITA','2003-09-24 00:00:00',3413,3195,NULL,'2016-02-18 23:30:08','2016-02-18 23:30:08',NULL),(3231,'CN-02229','CHOLOLOLO','2009-09-23 00:00:00',3205,3295,NULL,'2016-02-18 23:30:08','2016-02-18 23:30:08',NULL),(3232,NULL,'CISNE',NULL,NULL,NULL,'male','2016-02-18 23:30:08','2016-02-18 23:30:08',NULL),(3233,NULL,'CITA',NULL,NULL,NULL,'female','2016-02-18 23:30:08','2016-02-18 23:30:08',NULL),(3234,'PN-09927','CITADINO-TE','2013-05-03 00:00:00',3233,3119,NULL,'2016-02-18 23:30:08','2016-02-18 23:30:08',NULL),(3235,NULL,'CLAVELINA',NULL,NULL,NULL,'female','2016-02-18 23:30:08','2016-02-18 23:30:08',NULL),(3236,'PN-10559','CLAVIJO','2011-11-20 00:00:00',3351,3302,NULL,'2016-02-18 23:30:08','2016-02-18 23:30:08',NULL),(3237,'YN-15782','CONSISTENCIA','2011-12-18 00:00:00',3354,3478,NULL,'2016-02-18 23:30:08','2016-02-18 23:30:08',NULL),(3238,NULL,'COPETINERA',NULL,NULL,NULL,'female','2016-02-18 23:30:08','2016-02-18 23:30:08',NULL),(3239,NULL,'COQUETA',NULL,NULL,NULL,'female','2016-02-18 23:30:08','2016-02-18 23:30:08',NULL),(3240,'PN-08965','CORSARIO I','2010-10-03 00:00:00',3239,3485,NULL,'2016-02-18 23:30:08','2016-02-18 23:30:08',NULL),(3241,'PN-10125','CORTESANO','2012-12-22 00:00:00',3304,3483,NULL,'2016-02-18 23:30:08','2016-02-18 23:30:08',NULL),(3242,NULL,'CORTESIA',NULL,NULL,NULL,'female','2016-02-18 23:30:08','2016-02-18 23:30:08',NULL),(3243,NULL,'DANDY-TE',NULL,NULL,NULL,'male','2016-02-18 23:30:08','2016-02-18 23:30:08',NULL),(3244,'CN-02126','DANUBIO','2009-12-09 00:00:00',3568,3282,NULL,'2016-02-18 23:30:08','2016-02-18 23:30:08',NULL),(3245,NULL,'DECIDIDA',NULL,NULL,NULL,'female','2016-02-18 23:30:08','2016-02-18 23:30:08',NULL),(3246,'YN-16060','DEIDAD-TE','2012-01-20 00:00:00',3263,3119,NULL,'2016-02-18 23:30:08','2016-02-18 23:30:08',NULL),(3247,NULL,'DELIRIO',NULL,NULL,NULL,'male','2016-02-18 23:30:08','2016-02-18 23:30:08',NULL),(3248,NULL,'DIANA',NULL,NULL,NULL,'female','2016-02-18 23:30:08','2016-02-18 23:30:08',NULL),(3249,'YN-15604','DIFERENCIA','2010-02-25 00:00:00',3166,3232,NULL,'2016-02-18 23:30:08','2016-02-18 23:30:08',NULL),(3250,NULL,'DIFERENTE',NULL,NULL,NULL,'male','2016-02-18 23:30:08','2016-02-18 23:30:08',NULL),(3251,NULL,'DIFORZADA',NULL,NULL,NULL,'female','2016-02-18 23:30:08','2016-02-18 23:30:08',NULL),(3252,NULL,'DIGNATARIO',NULL,NULL,NULL,'male','2016-02-18 23:30:08','2016-02-18 23:30:08',NULL),(3253,NULL,'DINASTIA',NULL,NULL,NULL,'female','2016-02-18 23:30:08','2016-02-18 23:30:08',NULL),(3254,'YN-17333','DIPLOMATICA','2013-12-29 00:00:00',3453,3292,NULL,'2016-02-18 23:30:08','2016-02-18 23:30:08',NULL),(3255,NULL,'DISCORDIA',NULL,NULL,NULL,'female','2016-02-18 23:30:08','2016-02-18 23:30:08',NULL),(3256,NULL,'DIVINA',NULL,NULL,NULL,'female','2016-02-18 23:30:08','2016-02-18 23:30:08',NULL),(3257,'YN-17529','DO?A ANDREA-TE','2010-07-20 00:00:00',3331,3570,NULL,'2016-02-18 23:30:08','2016-02-18 23:30:08',NULL),(3258,'YN-17739','DO?A ANTONIETA','2014-04-03 00:00:00',3207,3450,NULL,'2016-02-18 23:30:08','2016-02-18 23:30:08',NULL),(3259,'YN-13904','DO?A G II','2008-09-15 00:00:00',3131,3556,NULL,'2016-02-18 23:30:08','2016-02-18 23:30:08',NULL),(3260,'YN-12926','DO?A JIMENA','2006-09-20 00:00:00',3563,3252,NULL,'2016-02-18 23:30:08','2016-02-18 23:30:08',NULL),(3261,'YN-16317','DO?A LUCIANA-TE','2010-01-21 00:00:00',3369,3570,NULL,'2016-02-18 23:30:08','2016-02-18 23:30:08',NULL),(3262,'YN-16321','DO?A MARINA -TE','2009-10-23 00:00:00',3534,3555,NULL,'2016-02-18 23:30:08','2016-02-18 23:30:08',NULL),(3263,NULL,'DO?A TILA',NULL,NULL,NULL,'female','2016-02-18 23:30:08','2016-02-18 23:30:08',NULL),(3264,'YN-16942','DO?A TITA','2013-01-08 00:00:00',3228,3590,NULL,'2016-02-18 23:30:08','2016-02-18 23:30:08',NULL),(3265,'CN-02504','DOCTOR','2011-02-07 00:00:00',3121,3492,NULL,'2016-02-18 23:30:08','2016-02-18 23:30:08',NULL),(3266,NULL,'DOMINICA',NULL,NULL,NULL,NULL,'2016-02-18 23:30:08','2016-02-18 23:30:08',NULL),(3267,NULL,'DON ANTONIO',NULL,NULL,NULL,'male','2016-02-18 23:30:08','2016-02-18 23:30:08',NULL),(3268,'CN-02426','DON BARTOLO','2006-09-15 00:00:00',3193,3504,NULL,'2016-02-18 23:30:08','2016-02-18 23:30:08',NULL),(3269,'CN-01917','DON ERNESTO','2007-10-19 00:00:00',3564,3267,NULL,'2016-02-18 23:30:08','2016-02-18 23:30:08',NULL),(3270,'PN-08995','DON GABRIEL','2008-04-07 00:00:00',3424,3287,NULL,'2016-02-18 23:30:08','2016-02-18 23:30:08',NULL),(3271,'PN-07489','DON LUIS','2007-06-28 00:00:00',3330,3316,NULL,'2016-02-18 23:30:08','2016-02-18 23:30:08',NULL),(3272,'PN-10521','DON SOL-TE','2014-01-28 00:00:00',3515,3580,NULL,'2016-02-18 23:30:08','2016-02-18 23:30:08',NULL),(3273,NULL,'DON VICENTE',NULL,NULL,NULL,'male','2016-02-18 23:30:08','2016-02-18 23:30:08',NULL),(3274,NULL,'DORADA',NULL,NULL,NULL,'female','2016-02-18 23:30:08','2016-02-18 23:30:08',NULL),(3275,'CN-02036','DORADO','2005-08-15 00:00:00',3274,3562,NULL,'2016-02-18 23:30:08','2016-02-18 23:30:08',NULL),(3276,NULL,'DUQUESA',NULL,NULL,NULL,'female','2016-02-18 23:30:08','2016-02-18 23:30:08',NULL),(3277,NULL,'DYANGO',NULL,NULL,NULL,'male','2016-02-18 23:30:08','2016-02-18 23:30:08',NULL),(3278,NULL,'ECIJANO',NULL,NULL,NULL,'male','2016-02-18 23:30:08','2016-02-18 23:30:08',NULL),(3279,NULL,'ECIJANO',NULL,NULL,NULL,'male','2016-02-18 23:30:08','2016-02-18 23:30:08',NULL),(3280,'PN-08927','ECLIPSE','2010-03-06 00:00:00',3227,3282,NULL,'2016-02-18 23:30:08','2016-02-18 23:30:08',NULL),(3281,'CN-02235','ECLIPSE-TE','2008-10-19 00:00:00',3451,3556,NULL,'2016-02-18 23:30:08','2016-02-18 23:30:08',NULL),(3282,NULL,'EJECUTIVO',NULL,NULL,NULL,'male','2016-02-18 23:30:08','2016-02-18 23:30:08',NULL),(3283,'PN-09540','EL CAMPEADOR','2011-09-14 00:00:00',3309,3143,NULL,'2016-02-18 23:30:08','2016-02-18 23:30:08',NULL),(3284,'CN-02528','EL MAJO','2007-12-24 00:00:00',3407,3180,NULL,'2016-02-18 23:30:08','2016-02-18 23:30:08',NULL),(3285,NULL,'EL MELLIZO-TE',NULL,NULL,NULL,'male','2016-02-18 23:30:08','2016-02-18 23:30:08',NULL),(3286,NULL,'EL NEGRO',NULL,NULL,NULL,'male','2016-02-18 23:30:08','2016-02-18 23:30:08',NULL),(3287,NULL,'EL PATRICIO',NULL,NULL,NULL,'male','2016-02-18 23:30:08','2016-02-18 23:30:08',NULL),(3288,'PN-10430','EL SORO','2014-01-23 00:00:00',3552,3285,NULL,'2016-02-18 23:30:08','2016-02-18 23:30:08',NULL),(3289,'PN-09538','EL SULTAN-TE','2009-07-06 00:00:00',3362,3570,NULL,'2016-02-18 23:30:08','2016-02-18 23:30:08',NULL),(3290,NULL,'ELEGIDO',NULL,NULL,NULL,'male','2016-02-18 23:30:08','2016-02-18 23:30:08',NULL),(3291,NULL,'ELEONORA',NULL,NULL,NULL,'female','2016-02-18 23:30:08','2016-02-18 23:30:08',NULL),(3292,NULL,'EMBAJADOR',NULL,NULL,NULL,'male','2016-02-18 23:30:08','2016-02-18 23:30:08',NULL),(3293,NULL,'EMBAJADORA-TE',NULL,NULL,NULL,'female','2016-02-18 23:30:08','2016-02-18 23:30:08',NULL),(3294,NULL,'EMBRUJO DE CACHICHE',NULL,NULL,NULL,'male','2016-02-18 23:30:08','2016-02-18 23:30:08',NULL),(3295,NULL,'EMISARIO',NULL,NULL,NULL,'male','2016-02-18 23:30:08','2016-02-18 23:30:08',NULL),(3296,'PI-00314','EMPERADOR','2004-03-17 00:00:00',3299,3444,NULL,'2016-02-18 23:30:08','2016-02-18 23:30:08',NULL),(3297,NULL,'EMPERADOR',NULL,NULL,NULL,'male','2016-02-18 23:30:08','2016-02-18 23:30:08',NULL),(3298,'YN-16319','EMPERADORA-TE','2010-01-08 00:00:00',3532,3297,NULL,'2016-02-18 23:30:08','2016-02-18 23:30:08',NULL),(3299,NULL,'EMPERATRIZ DE ROMA',NULL,NULL,NULL,'female','2016-02-18 23:30:08','2016-02-18 23:30:08',NULL),(3300,'CN-02381','EMPRESARIO','2011-08-14 00:00:00',3155,3118,NULL,'2016-02-18 23:30:08','2016-02-18 23:30:08',NULL),(3301,'YN-17787','ENCANDILADA','2013-11-02 00:00:00',3574,3363,NULL,'2016-02-18 23:30:08','2016-02-18 23:30:08',NULL),(3302,NULL,'ENGREIDO',NULL,NULL,NULL,'male','2016-02-18 23:30:08','2016-02-18 23:30:08',NULL),(3303,'YN-15011','ENSUE?O','2010-01-07 00:00:00',3204,3575,NULL,'2016-02-18 23:30:08','2016-02-18 23:30:08',NULL),(3304,NULL,'EROILA',NULL,NULL,NULL,'female','2016-02-18 23:30:08','2016-02-18 23:30:08',NULL),(3305,NULL,'ESCENCIA',NULL,NULL,NULL,'female','2016-02-18 23:30:08','2016-02-18 23:30:08',NULL),(3306,'YN-15747','ESENCIA','2011-03-18 00:00:00',3229,3252,NULL,'2016-02-18 23:30:08','2016-02-18 23:30:08',NULL),(3307,'CN-02383','ESPARTANO','2010-07-22 00:00:00',3529,3401,NULL,'2016-02-18 23:30:08','2016-02-18 23:30:08',NULL),(3308,NULL,'ESPONTANEO',NULL,NULL,NULL,'male','2016-02-18 23:30:08','2016-02-18 23:30:08',NULL),(3309,NULL,'ESTAMPA',NULL,NULL,NULL,'female','2016-02-18 23:30:08','2016-02-18 23:30:08',NULL),(3310,NULL,'ESTANCIERA V',NULL,NULL,NULL,'female','2016-02-18 23:30:08','2016-02-18 23:30:08',NULL),(3311,NULL,'ESTIRPE',NULL,NULL,NULL,'male','2016-02-18 23:30:08','2016-02-18 23:30:08',NULL),(3312,'YN-15679','EXCELENCIA I','2010-11-17 00:00:00',3276,3218,NULL,'2016-02-18 23:30:08','2016-02-18 23:30:08',NULL),(3313,'PN-08692','EXCLUSIVO DE MALA','2009-02-04 00:00:00',3327,3417,NULL,'2016-02-18 23:30:08','2016-02-18 23:30:08',NULL),(3314,'PN-07538','EXIGENTE','2007-02-06 00:00:00',3149,3361,NULL,'2016-02-18 23:30:08','2016-02-18 23:30:08',NULL),(3315,NULL,'EXPRESO',NULL,NULL,NULL,'male','2016-02-18 23:30:08','2016-02-18 23:30:08',NULL),(3316,NULL,'FABULOSO',NULL,NULL,NULL,'male','2016-02-18 23:30:08','2016-02-18 23:30:08',NULL),(3317,NULL,'FANTASIA',NULL,NULL,NULL,'female','2016-02-18 23:30:08','2016-02-18 23:30:08',NULL),(3318,'PN-08376','FARSANTE','2009-08-12 00:00:00',3251,3232,NULL,'2016-02-18 23:30:08','2016-02-18 23:30:08',NULL),(3319,'YN-17093','FAVORITA-TE','2013-04-07 00:00:00',3317,3308,NULL,'2016-02-18 23:30:08','2016-02-18 23:30:08',NULL),(3320,'PN-08444','FAVORITO','2009-12-13 00:00:00',3379,3295,NULL,'2016-02-18 23:30:08','2016-02-18 23:30:08',NULL),(3321,'PN-10221','FESTEJO','2013-09-24 00:00:00',3201,3141,NULL,'2016-02-18 23:30:08','2016-02-18 23:30:08',NULL),(3322,NULL,'FIESTAS PATRIAS',NULL,NULL,NULL,'female','2016-02-18 23:30:08','2016-02-18 23:30:08',NULL),(3323,'YN-17926','FILARMONIA','2014-06-02 00:00:00',3255,3522,NULL,'2016-02-18 23:30:08','2016-02-18 23:30:08',NULL),(3324,NULL,'FILIGRANA',NULL,NULL,NULL,'female','2016-02-18 23:30:08','2016-02-18 23:30:08',NULL),(3325,NULL,'FINA ESTAMPA',NULL,NULL,NULL,'male','2016-02-18 23:30:08','2016-02-18 23:30:08',NULL),(3326,NULL,'FINURA',NULL,NULL,NULL,'female','2016-02-18 23:30:08','2016-02-18 23:30:08',NULL),(3327,NULL,'FINURA DE MALA',NULL,NULL,NULL,'female','2016-02-18 23:30:08','2016-02-18 23:30:08',NULL),(3328,'YN-15464','FIRMEZA-TE','2009-12-23 00:00:00',3326,3526,NULL,'2016-02-18 23:30:08','2016-02-18 23:30:08',NULL),(3329,'PN-09100','FISCAL-TE','2011-01-28 00:00:00',3382,3315,NULL,'2016-02-18 23:30:08','2016-02-18 23:30:08',NULL),(3330,NULL,'FLOR DE AZPITIA',NULL,NULL,NULL,'female','2016-02-18 23:30:08','2016-02-18 23:30:08',NULL),(3331,NULL,'FLOR SALVAJE',NULL,NULL,NULL,'female','2016-02-18 23:30:08','2016-02-18 23:30:08',NULL),(3332,'YN-17927','FRAGANCIA-TE','2014-04-17 00:00:00',3305,3290,NULL,'2016-02-18 23:30:08','2016-02-18 23:30:08',NULL),(3333,'YN-16195','FRONTERA-TE','2012-04-14 00:00:00',3229,3119,NULL,'2016-02-18 23:30:08','2016-02-18 23:30:08',NULL),(3334,'YN-13704','GALA','2007-10-11 00:00:00',3338,3282,NULL,'2016-02-18 23:30:08','2016-02-18 23:30:08',NULL),(3335,NULL,'GALERA',NULL,NULL,NULL,'female','2016-02-18 23:30:08','2016-02-18 23:30:08',NULL),(3336,NULL,'GALLEGA',NULL,NULL,NULL,'female','2016-02-18 23:30:08','2016-02-18 23:30:08',NULL),(3337,'YN-16357','GALLEGA - TE','2012-05-05 00:00:00',3336,3160,NULL,'2016-02-18 23:30:08','2016-02-18 23:30:08',NULL),(3338,NULL,'GARUA',NULL,NULL,NULL,'female','2016-02-18 23:30:08','2016-02-18 23:30:08',NULL),(3339,'CN-02540','GENERALIFE','2010-10-11 00:00:00',3510,3119,NULL,'2016-02-18 23:30:08','2016-02-18 23:30:08',NULL),(3340,'YN-13951','GENEROSA','2008-09-10 00:00:00',3347,3405,'female','2016-02-18 23:30:08','2016-02-18 23:30:08',NULL),(3341,'PN-09511','GENTIL','2012-03-11 00:00:00',3340,3243,NULL,'2016-02-18 23:30:08','2016-02-18 23:30:08',NULL),(3342,'YN-17696','GENUINA','2014-01-02 00:00:00',3340,3292,NULL,'2016-02-18 23:30:08','2016-02-18 23:30:08',NULL),(3343,NULL,'GITANILLA',NULL,NULL,NULL,'female','2016-02-18 23:30:08','2016-02-18 23:30:08',NULL),(3344,NULL,'GRACIOSA',NULL,NULL,NULL,'female','2016-02-18 23:30:08','2016-02-18 23:30:08',NULL),(3345,NULL,'GRAN SE?OR',NULL,NULL,NULL,'male','2016-02-18 23:30:08','2016-02-18 23:30:08',NULL),(3346,'YN-17261','GRANADA II-TE','2013-01-31 00:00:00',3224,3287,NULL,'2016-02-18 23:30:08','2016-02-18 23:30:08',NULL),(3347,NULL,'GRANADILLA',NULL,NULL,NULL,'female','2016-02-18 23:30:08','2016-02-18 23:30:08',NULL),(3348,'PN-10557','GRANDIOSO','2013-10-03 00:00:00',3458,3252,NULL,'2016-02-18 23:30:08','2016-02-18 23:30:08',NULL),(3349,'YN-14566','HEREDERA','2009-09-01 00:00:00',3386,3308,NULL,'2016-02-18 23:30:08','2016-02-18 23:30:08',NULL),(3350,'PN-09199','HEREDERO','2011-09-14 00:00:00',3477,3590,NULL,'2016-02-18 23:30:08','2016-02-18 23:30:08',NULL),(3351,NULL,'HERENCIA',NULL,NULL,NULL,'female','2016-02-18 23:30:08','2016-02-18 23:30:08',NULL),(3352,NULL,'HORUS',NULL,NULL,NULL,'male','2016-02-18 23:30:08','2016-02-18 23:30:08',NULL),(3353,NULL,'IBERICA',NULL,NULL,NULL,'female','2016-02-18 23:30:08','2016-02-18 23:30:08',NULL),(3354,NULL,'IBIZA',NULL,NULL,NULL,'female','2016-02-18 23:30:08','2016-02-18 23:30:08',NULL),(3355,NULL,'IDOLO',NULL,NULL,NULL,'male','2016-02-18 23:30:08','2016-02-18 23:30:08',NULL),(3356,NULL,'II CALAMBUCO',NULL,NULL,NULL,NULL,'2016-02-18 23:30:08','2016-02-18 23:30:08',NULL),(3357,'CN-02074','IMPACTO','2007-03-14 00:00:00',3353,3556,NULL,'2016-02-18 23:30:08','2016-02-18 23:30:08',NULL),(3358,'PN-10128','IMPACTO','2013-10-17 00:00:00',3365,3352,NULL,'2016-02-18 23:30:08','2016-02-18 23:30:08',NULL),(3359,'CN-02086','IMPACTO','2008-10-24 00:00:00',3377,3556,NULL,'2016-02-18 23:30:08','2016-02-18 23:30:08',NULL),(3360,'YN-16157','INFANTA','2012-01-14 00:00:00',3515,3252,NULL,'2016-02-18 23:30:08','2016-02-18 23:30:08',NULL),(3361,NULL,'INSURGENTE',NULL,NULL,NULL,'male','2016-02-18 23:30:08','2016-02-18 23:30:08',NULL),(3362,NULL,'IRONIA',NULL,NULL,NULL,'female','2016-02-18 23:30:08','2016-02-18 23:30:08',NULL),(3363,NULL,'IRREVERENTE',NULL,NULL,NULL,'male','2016-02-18 23:30:08','2016-02-18 23:30:08',NULL),(3364,NULL,'ISABELLA',NULL,NULL,NULL,'female','2016-02-18 23:30:08','2016-02-18 23:30:08',NULL),(3365,'YN-13788','ISIS','2007-04-12 00:00:00',3538,3366,'female','2016-02-18 23:30:08','2016-02-18 23:30:08',NULL),(3366,NULL,'JERARCA',NULL,NULL,NULL,'male','2016-02-18 23:30:08','2016-02-18 23:30:08',NULL),(3367,NULL,'JERARCA',NULL,NULL,NULL,'male','2016-02-18 23:30:08','2016-02-18 23:30:08',NULL),(3368,'YN-16080','JERARQUIA','2011-12-16 00:00:00',3133,3367,NULL,'2016-02-18 23:30:08','2016-02-18 23:30:08',NULL),(3369,NULL,'JEREZANA',NULL,NULL,NULL,'female','2016-02-18 23:30:08','2016-02-18 23:30:08',NULL),(3370,NULL,'JEREZANO',NULL,NULL,NULL,'male','2016-02-18 23:30:08','2016-02-18 23:30:08',NULL),(3371,'PN-08386','JOSELITO','2006-06-02 00:00:00',3474,3521,NULL,'2016-02-18 23:30:08','2016-02-18 23:30:08',NULL),(3372,'CN-02507','JUPITER','2008-07-03 00:00:00',3517,3282,NULL,'2016-02-18 23:30:08','2016-02-18 23:30:08',NULL),(3373,'YN-12463','JUSHAPE','2005-08-13 00:00:00',3148,3562,NULL,'2016-02-18 23:30:08','2016-02-18 23:30:08',NULL),(3374,NULL,'JUSTICIA',NULL,NULL,NULL,'female','2016-02-18 23:30:08','2016-02-18 23:30:08',NULL),(3375,NULL,'JUSTICIERO',NULL,NULL,NULL,'male','2016-02-18 23:30:08','2016-02-18 23:30:08',NULL),(3376,NULL,'KEOMA',NULL,NULL,NULL,'male','2016-02-18 23:30:08','2016-02-18 23:30:08',NULL),(3377,NULL,'LA DIVA',NULL,NULL,NULL,'female','2016-02-18 23:30:08','2016-02-18 23:30:08',NULL),(3378,NULL,'LA DO?A',NULL,NULL,NULL,'female','2016-02-18 23:30:08','2016-02-18 23:30:08',NULL),(3379,NULL,'LA FAVORITA',NULL,NULL,NULL,'female','2016-02-18 23:30:08','2016-02-18 23:30:08',NULL),(3380,'YN-16425','LA MOZA','2012-10-14 00:00:00',3546,3243,NULL,'2016-02-18 23:30:08','2016-02-18 23:30:08',NULL),(3381,'YN-14286','LA PAYASA','2006-10-06 00:00:00',3171,3295,NULL,'2016-02-18 23:30:08','2016-02-18 23:30:08',NULL),(3382,NULL,'LA SO?ADA',NULL,NULL,NULL,'female','2016-02-18 23:30:08','2016-02-18 23:30:08',NULL),(3383,NULL,'LA VERBENA',NULL,NULL,NULL,'female','2016-02-18 23:30:08','2016-02-18 23:30:08',NULL),(3384,NULL,'LABRADOR',NULL,NULL,NULL,'male','2016-02-18 23:30:08','2016-02-18 23:30:08',NULL),(3385,'PN-10444','LABRIEGO','2013-05-09 00:00:00',3423,3384,NULL,'2016-02-18 23:30:08','2016-02-18 23:30:08',NULL),(3386,NULL,'LAGRIMA',NULL,NULL,NULL,'female','2016-02-18 23:30:08','2016-02-18 23:30:08',NULL),(3387,'PN-09769','LE?ADOR','2012-05-05 00:00:00',3568,3384,NULL,'2016-02-18 23:30:08','2016-02-18 23:30:08',NULL),(3388,'YN-13935','LETICIA','2008-07-01 00:00:00',3248,3355,NULL,'2016-02-18 23:30:08','2016-02-18 23:30:08',NULL),(3389,NULL,'LIA',NULL,NULL,NULL,'female','2016-02-18 23:30:08','2016-02-18 23:30:08',NULL),(3390,NULL,'LIBERA',NULL,NULL,NULL,'female','2016-02-18 23:30:08','2016-02-18 23:30:08',NULL),(3391,NULL,'LIME?A',NULL,NULL,NULL,'female','2016-02-18 23:30:08','2016-02-18 23:30:08',NULL),(3392,'YN-15373','LIRICA','2010-09-01 00:00:00',3390,3290,NULL,'2016-02-18 23:30:08','2016-02-18 23:30:08',NULL),(3393,NULL,'LLUVIA',NULL,NULL,NULL,'female','2016-02-18 23:30:08','2016-02-18 23:30:08',NULL),(3394,'YN-14081','LUCERO','2008-02-26 00:00:00',3310,3252,NULL,'2016-02-18 23:30:08','2016-02-18 23:30:08',NULL),(3395,'CN-02330','LUCHADOR','2010-07-03 00:00:00',3490,3294,NULL,'2016-02-18 23:30:08','2016-02-18 23:30:08',NULL),(3396,NULL,'LUCUMA',NULL,NULL,NULL,'female','2016-02-18 23:30:08','2016-02-18 23:30:08',NULL),(3397,NULL,'LUCUMO',NULL,NULL,NULL,'male','2016-02-18 23:30:08','2016-02-18 23:30:08',NULL),(3398,NULL,'LUJURIA',NULL,NULL,NULL,'female','2016-02-18 23:30:08','2016-02-18 23:30:08',NULL),(3399,NULL,'LUNA DE MIEL',NULL,NULL,NULL,'female','2016-02-18 23:30:08','2016-02-18 23:30:08',NULL),(3400,'YN-16314','LUNA NUEVA-TE','2012-11-11 00:00:00',3547,3384,NULL,'2016-02-18 23:30:08','2016-02-18 23:30:08',NULL),(3401,NULL,'LUNAREJO',NULL,NULL,NULL,'male','2016-02-18 23:30:08','2016-02-18 23:30:08',NULL),(3402,NULL,'LUZ DE ORO',NULL,NULL,NULL,'female','2016-02-18 23:30:08','2016-02-18 23:30:08',NULL),(3403,NULL,'MACARENO',NULL,NULL,NULL,'male','2016-02-18 23:30:08','2016-02-18 23:30:08',NULL),(3404,'YN-14172','MAGISTRADA','2006-09-20 00:00:00',3202,3405,NULL,'2016-02-18 23:30:08','2016-02-18 23:30:08',NULL),(3405,NULL,'MAGISTRADO',NULL,NULL,NULL,'male','2016-02-18 23:30:08','2016-02-18 23:30:08',NULL),(3406,NULL,'MAGISTRAL',NULL,NULL,NULL,'male','2016-02-18 23:30:08','2016-02-18 23:30:08',NULL),(3407,NULL,'MAJADERA',NULL,NULL,NULL,'female','2016-02-18 23:30:08','2016-02-18 23:30:08',NULL),(3408,NULL,'MAJADERA',NULL,NULL,NULL,'female','2016-02-18 23:30:08','2016-02-18 23:30:08',NULL),(3409,NULL,'MAJESTUOSA',NULL,NULL,NULL,'female','2016-02-18 23:30:08','2016-02-18 23:30:08',NULL),(3410,'CN-02347','MAJESTUOSO','2006-04-30 00:00:00',3409,3523,NULL,'2016-02-18 23:30:08','2016-02-18 23:30:08',NULL),(3411,'CN-01915','MALABRIGO','2008-08-31 00:00:00',3577,3273,NULL,'2016-02-18 23:30:08','2016-02-18 23:30:08',NULL),(3412,NULL,'MALAGA',NULL,NULL,NULL,'female','2016-02-18 23:30:08','2016-02-18 23:30:08',NULL),(3413,NULL,'MALAGUE?A',NULL,NULL,NULL,'female','2016-02-18 23:30:08','2016-02-18 23:30:08',NULL),(3414,'CN-02198','MALAMBO','2010-01-21 00:00:00',3574,3282,NULL,'2016-02-18 23:30:08','2016-02-18 23:30:08',NULL),(3415,NULL,'MALAYA',NULL,NULL,NULL,'female','2016-02-18 23:30:08','2016-02-18 23:30:08',NULL),(3416,NULL,'MALVAVISCO',NULL,NULL,NULL,'male','2016-02-18 23:30:08','2016-02-18 23:30:08',NULL),(3417,NULL,'MANDAMAS',NULL,NULL,NULL,'male','2016-02-18 23:30:08','2016-02-18 23:30:08',NULL),(3418,'PN-10491','MANDARIN','2013-10-02 00:00:00',3415,3363,NULL,'2016-02-18 23:30:08','2016-02-18 23:30:08',NULL),(3419,NULL,'MANDATARIO',NULL,NULL,NULL,'male','2016-02-18 23:30:08','2016-02-18 23:30:08',NULL),(3420,'YN-13119','MANDOLINA','2006-11-25 00:00:00',3500,3287,'female','2016-02-18 23:30:08','2016-02-18 23:30:08',NULL),(3421,NULL,'MARCIAL',NULL,NULL,NULL,'male','2016-02-18 23:30:08','2016-02-18 23:30:08',NULL),(3422,NULL,'MARIA CAMPERA',NULL,NULL,NULL,'female','2016-02-18 23:30:08','2016-02-18 23:30:08',NULL),(3423,NULL,'MARIA FIESTA',NULL,NULL,NULL,'female','2016-02-18 23:30:08','2016-02-18 23:30:08',NULL),(3424,NULL,'MARIA MILAGROS',NULL,NULL,NULL,'female','2016-02-18 23:30:08','2016-02-18 23:30:08',NULL),(3425,NULL,'MARIONETA',NULL,NULL,NULL,'female','2016-02-18 23:30:08','2016-02-18 23:30:08',NULL),(3426,NULL,'MARROQUI',NULL,NULL,NULL,'male','2016-02-18 23:30:08','2016-02-18 23:30:08',NULL),(3427,'YN-16471','MATILDE','2011-01-02 00:00:00',3135,3295,NULL,'2016-02-18 23:30:08','2016-02-18 23:30:08',NULL),(3428,'YN-16199','MAYA','2010-07-29 00:00:00',3389,3485,NULL,'2016-02-18 23:30:08','2016-02-18 23:30:08',NULL),(3429,'YN-12518','MELODISTA','2004-09-27 00:00:00',3235,3521,NULL,'2016-02-18 23:30:08','2016-02-18 23:30:08',NULL),(3430,NULL,'MENSAJERA',NULL,NULL,NULL,'female','2016-02-18 23:30:08','2016-02-18 23:30:08',NULL),(3431,'YN-16350','MI CHINA-TE','2012-10-12 00:00:00',3434,3243,NULL,'2016-02-18 23:30:08','2016-02-18 23:30:08',NULL),(3432,'CN-02050','MI NEGRITO','2006-11-27 00:00:00',3396,3286,NULL,'2016-02-18 23:30:08','2016-02-18 23:30:08',NULL),(3433,'YN-14207','MICAELA','2007-10-16 00:00:00',3435,3485,NULL,'2016-02-18 23:30:08','2016-02-18 23:30:08',NULL),(3434,NULL,'MICHINA',NULL,NULL,NULL,'female','2016-02-18 23:30:08','2016-02-18 23:30:08',NULL),(3435,NULL,'MILENARIA',NULL,NULL,NULL,'female','2016-02-18 23:30:08','2016-02-18 23:30:08',NULL),(3436,'YN-16815','MILENARIA','2012-07-27 00:00:00',3222,3363,NULL,'2016-02-18 23:30:08','2016-02-18 23:30:08',NULL),(3437,'YN-17334','MILENARIA','2013-10-29 00:00:00',3420,3292,NULL,'2016-02-18 23:30:08','2016-02-18 23:30:08',NULL),(3438,NULL,'MILONGA',NULL,NULL,NULL,'female','2016-02-18 23:30:08','2016-02-18 23:30:08',NULL),(3439,NULL,'MINERVA',NULL,NULL,NULL,'female','2016-02-18 23:30:08','2016-02-18 23:30:08',NULL),(3440,'YN-17010','MIRA-TE','2013-08-10 00:00:00',3425,3243,NULL,'2016-02-18 23:30:08','2016-02-18 23:30:08',NULL),(3441,'CN-02396','MISTERIOSO','2010-02-05 00:00:00',3586,3417,NULL,'2016-02-18 23:30:08','2016-02-18 23:30:08',NULL),(3442,'PN-09595','MISTICO-TE','2012-12-03 00:00:00',3425,3478,NULL,'2016-02-18 23:30:08','2016-02-18 23:30:08',NULL),(3443,NULL,'MOCITA DEL SUR',NULL,NULL,NULL,'female','2016-02-18 23:30:08','2016-02-18 23:30:08',NULL),(3444,NULL,'MONTERO',NULL,NULL,NULL,'male','2016-02-18 23:30:08','2016-02-18 23:30:08',NULL),(3445,'CN-02476','MOVADO','2009-11-27 00:00:00',3220,3528,NULL,'2016-02-18 23:30:08','2016-02-18 23:30:08',NULL),(3446,NULL,'MOZA MALA',NULL,NULL,NULL,'female','2016-02-18 23:30:08','2016-02-18 23:30:08',NULL),(3447,NULL,'MULATO',NULL,NULL,NULL,NULL,'2016-02-18 23:30:08','2016-02-18 23:30:08',NULL),(3448,'YN-16917','NAVARRA II-TE','2012-01-27 00:00:00',3593,3478,NULL,'2016-02-18 23:30:08','2016-02-18 23:30:08',NULL),(3449,'YN-15196','NI?A BELLA-TE','2010-12-19 00:00:00',3515,3218,NULL,'2016-02-18 23:30:08','2016-02-18 23:30:08',NULL),(3450,NULL,'NOBLE REY',NULL,NULL,NULL,'male','2016-02-18 23:30:08','2016-02-18 23:30:08',NULL),(3451,NULL,'NOCHE LINDA',NULL,NULL,NULL,'female','2016-02-18 23:30:08','2016-02-18 23:30:08',NULL),(3452,'YN-15060','NOVA','2009-09-21 00:00:00',3438,3455,NULL,'2016-02-18 23:30:08','2016-02-18 23:30:08',NULL),(3453,NULL,'NUEVA ESPERANZA',NULL,NULL,NULL,'female','2016-02-18 23:30:08','2016-02-18 23:30:08',NULL),(3454,'YN-17543','NUEVA PROMESA-TE','2013-08-26 00:00:00',3453,3384,NULL,'2016-02-18 23:30:08','2016-02-18 23:30:08',NULL),(3455,NULL,'NUEVO REY',NULL,NULL,NULL,'male','2016-02-18 23:30:08','2016-02-18 23:30:08',NULL),(3456,'CN-02343','ODISEO-TE','2011-03-19 00:00:00',3136,3252,NULL,'2016-02-18 23:30:08','2016-02-18 23:30:08',NULL),(3457,'PN-07943','OLIVO','2007-12-07 00:00:00',3364,3154,NULL,'2016-02-18 23:30:08','2016-02-18 23:30:08',NULL),(3458,NULL,'OSADIA',NULL,NULL,NULL,'female','2016-02-18 23:30:08','2016-02-18 23:30:08',NULL),(3459,NULL,'PALANGANA',NULL,NULL,NULL,'female','2016-02-18 23:30:08','2016-02-18 23:30:08',NULL),(3460,'PN-09535','PALANGANO','2012-07-26 00:00:00',3459,3397,NULL,'2016-02-18 23:30:08','2016-02-18 23:30:08',NULL),(3461,'CN-01728','PALOMO','2005-11-11 00:00:00',3594,3527,NULL,'2016-02-18 23:30:08','2016-02-18 23:30:08',NULL),(3462,NULL,'PANDORA',NULL,NULL,NULL,'female','2016-02-18 23:30:08','2016-02-18 23:30:08',NULL),(3463,'YN-13994','PARACAS','2007-08-14 00:00:00',3238,3252,NULL,'2016-02-18 23:30:08','2016-02-18 23:30:08',NULL),(3464,'CN-01971','PATRIARCA','2005-05-10 00:00:00',3122,3370,'male','2016-02-18 23:30:08','2016-02-18 23:30:08',NULL),(3465,NULL,'PAYANDE',NULL,NULL,NULL,'male','2016-02-18 23:30:08','2016-02-18 23:30:08',NULL),(3466,NULL,'PECANA',NULL,NULL,NULL,'female','2016-02-18 23:30:08','2016-02-18 23:30:08',NULL),(3467,NULL,'PEPITA DEL SUR',NULL,NULL,NULL,'female','2016-02-18 23:30:08','2016-02-18 23:30:08',NULL),(3468,'PN-10556','PEREGRINO','2012-01-15 00:00:00',3156,3325,NULL,'2016-02-18 23:30:08','2016-02-18 23:30:08',NULL),(3469,NULL,'PERFUME',NULL,NULL,NULL,'female','2016-02-18 23:30:08','2016-02-18 23:30:08',NULL),(3470,NULL,'PERFUME',NULL,NULL,NULL,'female','2016-02-18 23:30:08','2016-02-18 23:30:08',NULL),(3471,NULL,'PERFUME DE',NULL,NULL,NULL,'female','2016-02-18 23:30:08','2016-02-18 23:30:08',NULL),(3472,NULL,'PERICLES',NULL,NULL,NULL,'male','2016-02-18 23:30:08','2016-02-18 23:30:08',NULL),(3473,'YN-15367','PERLA','2010-12-03 00:00:00',3476,3478,NULL,'2016-02-18 23:30:08','2016-02-18 23:30:08',NULL),(3474,NULL,'PERLA II',NULL,NULL,NULL,'female','2016-02-18 23:30:08','2016-02-18 23:30:08',NULL),(3475,NULL,'PERRICHOLI',NULL,NULL,NULL,'female','2016-02-18 23:30:08','2016-02-18 23:30:08',NULL),(3476,NULL,'PERUANISIMA',NULL,NULL,NULL,'female','2016-02-18 23:30:08','2016-02-18 23:30:08',NULL),(3477,NULL,'PIEDRA ROMI',NULL,NULL,NULL,'female','2016-02-18 23:30:08','2016-02-18 23:30:08',NULL),(3478,NULL,'PINCEL',NULL,NULL,NULL,'male','2016-02-18 23:30:08','2016-02-18 23:30:08',NULL),(3479,NULL,'PINCELADA',NULL,NULL,NULL,'female','2016-02-18 23:30:08','2016-02-18 23:30:08',NULL),(3480,'CN-01315','PINTADO','2001-07-02 00:00:00',3469,3505,NULL,'2016-02-18 23:30:08','2016-02-18 23:30:08',NULL),(3481,'PN-08916','PINTON','2010-10-04 00:00:00',3484,3308,NULL,'2016-02-18 23:30:08','2016-02-18 23:30:08',NULL),(3482,'YN-15368','PINTURA','2010-10-17 00:00:00',3378,3478,NULL,'2016-02-18 23:30:08','2016-02-18 23:30:08',NULL),(3483,NULL,'PINTURERO',NULL,NULL,NULL,'male','2016-02-18 23:30:08','2016-02-18 23:30:08',NULL),(3484,NULL,'PIZPIRETA',NULL,NULL,NULL,'female','2016-02-18 23:30:08','2016-02-18 23:30:08',NULL),(3485,NULL,'POTRILLAZO',NULL,NULL,NULL,'male','2016-02-18 23:30:08','2016-02-18 23:30:08',NULL),(3486,'PN-05871','PREAMBULO','2002-07-02 00:00:00',3144,3498,'male','2016-02-18 23:30:08','2016-02-18 23:30:08',NULL),(3487,'YN-17439','PRECIOSA','2013-07-23 00:00:00',3488,3243,NULL,'2016-02-18 23:30:08','2016-02-18 23:30:08',NULL),(3488,NULL,'PRECIOSURA',NULL,NULL,NULL,'female','2016-02-18 23:30:08','2016-02-18 23:30:08',NULL),(3489,'PN-10059','PREFERENTE','2013-02-17 00:00:00',3467,3363,NULL,'2016-02-18 23:30:08','2016-02-18 23:30:08',NULL),(3490,NULL,'PREFERIDA',NULL,NULL,NULL,'female','2016-02-18 23:30:08','2016-02-18 23:30:08',NULL),(3491,'YN-15699','PREMISA','2011-04-20 00:00:00',3467,3486,NULL,'2016-02-18 23:30:08','2016-02-18 23:30:08',NULL),(3492,NULL,'PRESTIGIO',NULL,NULL,NULL,'male','2016-02-18 23:30:08','2016-02-18 23:30:08',NULL),(3493,'YN-13719','PRESUMIDA','2007-09-22 00:00:00',3139,3419,NULL,'2016-02-18 23:30:08','2016-02-18 23:30:08',NULL),(3494,NULL,'PRESUMIDA',NULL,NULL,NULL,'female','2016-02-18 23:30:08','2016-02-18 23:30:08',NULL),(3495,'YN-14182','PRETENCIOSA','2007-06-09 00:00:00',3561,3513,NULL,'2016-02-18 23:30:08','2016-02-18 23:30:08',NULL),(3496,'YN-17203','PRETENCIOSA','2013-02-12 00:00:00',3497,3308,NULL,'2016-02-18 23:30:08','2016-02-18 23:30:08',NULL),(3497,NULL,'PRETENCIOSA',NULL,NULL,NULL,'female','2016-02-18 23:30:08','2016-02-18 23:30:08',NULL),(3498,NULL,'PRETENDIDO',NULL,NULL,NULL,'male','2016-02-18 23:30:08','2016-02-18 23:30:08',NULL),(3499,'PN-08635','PRETENDIENTE','2009-11-17 00:00:00',3502,3311,NULL,'2016-02-18 23:30:08','2016-02-18 23:30:08',NULL),(3500,NULL,'PRETORIANA',NULL,NULL,NULL,'female','2016-02-18 23:30:08','2016-02-18 23:30:08',NULL),(3501,NULL,'PRIMACIA',NULL,NULL,NULL,'female','2016-02-18 23:30:08','2016-02-18 23:30:08',NULL),(3502,NULL,'PRIMOGENITA',NULL,NULL,NULL,'female','2016-02-18 23:30:08','2016-02-18 23:30:08',NULL),(3503,'CN-02402','PRIMOGENITO','2010-12-17 00:00:00',3501,3218,NULL,'2016-02-18 23:30:08','2016-02-18 23:30:08',NULL),(3504,NULL,'PRIMOROSO',NULL,NULL,NULL,'male','2016-02-18 23:30:08','2016-02-18 23:30:08',NULL),(3505,NULL,'PRIVILEGIO',NULL,NULL,NULL,'male','2016-02-18 23:30:08','2016-02-18 23:30:08',NULL),(3506,NULL,'PROCURADORA',NULL,NULL,NULL,'female','2016-02-18 23:30:08','2016-02-18 23:30:08',NULL),(3507,'YN-17455','PROCURADORA I','2011-11-15 00:00:00',3506,3119,NULL,'2016-02-18 23:30:08','2016-02-18 23:30:08',NULL),(3508,'YN-13005','PROLIJA','2006-04-19 00:00:00',3229,3252,NULL,'2016-02-18 23:30:08','2016-02-18 23:30:08',NULL),(3509,'YN-16081','PROMESA','2011-10-01 00:00:00',3511,3525,NULL,'2016-02-18 23:30:08','2016-02-18 23:30:08',NULL),(3510,NULL,'PROMESA',NULL,NULL,NULL,'female','2016-02-18 23:30:08','2016-02-18 23:30:08',NULL),(3511,NULL,'PROMESA',NULL,NULL,NULL,'female','2016-02-18 23:30:08','2016-02-18 23:30:08',NULL),(3512,'YN-16881','PROMETIDA I','2012-10-13 00:00:00',3511,3243,NULL,'2016-02-18 23:30:08','2016-02-18 23:30:08',NULL),(3513,NULL,'PROMETIDO',NULL,NULL,NULL,'male','2016-02-18 23:30:08','2016-02-18 23:30:08',NULL),(3514,NULL,'RAJADIABLOS',NULL,NULL,NULL,'male','2016-02-18 23:30:08','2016-02-18 23:30:08',NULL),(3515,NULL,'REALEZA',NULL,NULL,NULL,'female','2016-02-18 23:30:08','2016-02-18 23:30:08',NULL),(3516,'YN-14700','RECUPERADA','2009-12-13 00:00:00',3399,3295,NULL,'2016-02-18 23:30:08','2016-02-18 23:30:08',NULL),(3517,NULL,'RECUPERADA',NULL,NULL,NULL,'female','2016-02-18 23:30:08','2016-02-18 23:30:08',NULL),(3518,'PN-08806','REFLEJO','2007-10-16 00:00:00',3430,3524,NULL,'2016-02-18 23:30:08','2016-02-18 23:30:08',NULL),(3519,NULL,'REHEN',NULL,NULL,NULL,'male','2016-02-18 23:30:08','2016-02-18 23:30:08',NULL),(3520,NULL,'RELIQUIA',NULL,NULL,NULL,'female','2016-02-18 23:30:08','2016-02-18 23:30:08',NULL),(3521,NULL,'RESPLANDOR',NULL,NULL,NULL,'male','2016-02-18 23:30:08','2016-02-18 23:30:08',NULL),(3522,NULL,'RETADOR',NULL,NULL,NULL,'male','2016-02-18 23:30:08','2016-02-18 23:30:08',NULL),(3523,NULL,'RETORNO',NULL,NULL,NULL,'male','2016-02-18 23:30:08','2016-02-18 23:30:08',NULL),(3524,NULL,'RETRATO',NULL,NULL,NULL,'male','2016-02-18 23:30:08','2016-02-18 23:30:08',NULL),(3525,NULL,'REVOLUCIONARIO',NULL,NULL,NULL,'male','2016-02-18 23:30:08','2016-02-18 23:30:08',NULL),(3526,NULL,'REVUELO',NULL,NULL,NULL,'male','2016-02-18 23:30:08','2016-02-18 23:30:08',NULL),(3527,NULL,'REY SOL',NULL,NULL,NULL,'male','2016-02-18 23:30:08','2016-02-18 23:30:08',NULL),(3528,NULL,'ROLEX',NULL,NULL,NULL,'male','2016-02-18 23:30:08','2016-02-18 23:30:08',NULL),(3529,NULL,'ROMA',NULL,NULL,NULL,'female','2016-02-18 23:30:08','2016-02-18 23:30:08',NULL),(3530,'PN-10500','ROMANO','2009-04-14 00:00:00',3125,3282,NULL,'2016-02-18 23:30:08','2016-02-18 23:30:08',NULL),(3531,NULL,'RONDA',NULL,NULL,NULL,'female','2016-02-18 23:30:08','2016-02-18 23:30:08',NULL),(3532,NULL,'ROSA DEL PERU',NULL,NULL,NULL,'female','2016-02-18 23:30:08','2016-02-18 23:30:08',NULL),(3533,'YN-16174','ROSA LUZ','2011-10-14 00:00:00',3402,3252,NULL,'2016-02-18 23:30:08','2016-02-18 23:30:08',NULL),(3534,NULL,'SAETA',NULL,NULL,NULL,'female','2016-02-18 23:30:08','2016-02-18 23:30:08',NULL),(3535,NULL,'SALAMANCA',NULL,NULL,NULL,'female','2016-02-18 23:30:08','2016-02-18 23:30:08',NULL),(3536,'CN-02328','SALVADOR','2010-02-17 00:00:00',3121,3492,NULL,'2016-02-18 23:30:08','2016-02-18 23:30:08',NULL),(3537,NULL,'SAN GRACIANO',NULL,NULL,NULL,'male','2016-02-18 23:30:08','2016-02-18 23:30:08',NULL),(3538,NULL,'SANANDA',NULL,NULL,NULL,'female','2016-02-18 23:30:08','2016-02-18 23:30:08',NULL),(3539,NULL,'SANTA BARBARA',NULL,NULL,NULL,'female','2016-02-18 23:30:08','2016-02-18 23:30:08',NULL),(3540,'YN-11835','SANTA INES','2004-09-11 00:00:00',3541,3405,NULL,'2016-02-18 23:30:08','2016-02-18 23:30:08',NULL),(3541,NULL,'SANTA PATRICIA',NULL,NULL,NULL,'female','2016-02-18 23:30:08','2016-02-18 23:30:08',NULL),(3542,'YN-14089','SARASARA','2008-10-27 00:00:00',3535,3308,NULL,'2016-02-18 23:30:08','2016-02-18 23:30:08',NULL),(3543,NULL,'SARRACENO',NULL,NULL,NULL,'male','2016-02-18 23:30:08','2016-02-18 23:30:08',NULL),(3544,'CN-02210','SATURNO','2007-02-17 00:00:00',3123,3521,NULL,'2016-02-18 23:30:08','2016-02-18 23:30:08',NULL),(3545,'PN-07898','SE?OR DE SE?ORES','2007-08-04 00:00:00',3256,3345,NULL,'2016-02-18 23:30:08','2016-02-18 23:30:08',NULL),(3546,NULL,'SE?ORITA CAYALTI',NULL,NULL,NULL,'female','2016-02-18 23:30:08','2016-02-18 23:30:08',NULL),(3547,NULL,'SE?ORITA PERU',NULL,NULL,NULL,'female','2016-02-18 23:30:08','2016-02-18 23:30:08',NULL),(3548,'CN-02394','SEDUCTOR','2008-01-03 00:00:00',3520,3311,NULL,'2016-02-18 23:30:08','2016-02-18 23:30:08',NULL),(3549,'PN-08725','SENADOR','2010-10-01 00:00:00',3377,3119,NULL,'2016-02-18 23:30:08','2016-02-18 23:30:08',NULL),(3550,'YN-12175','SIVANA','2005-11-27 00:00:00',3382,3519,'female','2016-02-18 23:30:08','2016-02-18 23:30:08',NULL),(3551,NULL,'SOBERANA',NULL,NULL,NULL,'female','2016-02-18 23:30:08','2016-02-18 23:30:08',NULL),(3552,NULL,'SOBERANA I',NULL,NULL,NULL,'female','2016-02-18 23:30:08','2016-02-18 23:30:08',NULL),(3553,'YN-14936','SOBERBIA','2007-06-14 00:00:00',3474,3521,NULL,'2016-02-18 23:30:08','2016-02-18 23:30:08',NULL),(3554,'PN-10423','SOBERBIO','2013-09-08 00:00:00',3324,3287,NULL,'2016-02-18 23:30:08','2016-02-18 23:30:08',NULL),(3555,NULL,'SOCRATES',NULL,NULL,NULL,'male','2016-02-18 23:30:08','2016-02-18 23:30:08',NULL),(3556,NULL,'SOL BRILLANTE',NULL,NULL,NULL,'male','2016-02-18 23:30:08','2016-02-18 23:30:08',NULL),(3557,NULL,'SOL DE PIURA',NULL,NULL,NULL,'male','2016-02-18 23:30:08','2016-02-18 23:30:08',NULL),(3558,'PN-07031','SOL DEL PERU','2006-01-17 00:00:00',3475,3417,NULL,'2016-02-18 23:30:08','2016-02-18 23:30:08',NULL),(3559,'CN-02483','SOLERO','2011-02-02 00:00:00',3568,3316,NULL,'2016-02-18 23:30:08','2016-02-18 23:30:08',NULL),(3560,'PN-05584','SOLIMAN','2002-02-05 00:00:00',3253,3195,NULL,'2016-02-18 23:30:08','2016-02-18 23:30:08',NULL),(3561,NULL,'SORPRESA',NULL,NULL,NULL,'female','2016-02-18 23:30:08','2016-02-18 23:30:08',NULL),(3562,NULL,'SOY DEL PERU',NULL,NULL,NULL,'male','2016-02-18 23:30:08','2016-02-18 23:30:08',NULL),(3563,NULL,'SU MAJESTAD',NULL,NULL,NULL,'female','2016-02-18 23:30:08','2016-02-18 23:30:08',NULL),(3564,NULL,'SULLANERA',NULL,NULL,NULL,'female','2016-02-18 23:30:08','2016-02-18 23:30:08',NULL),(3565,'YN-16749','SULTANA','2010-01-09 00:00:00',3462,3308,NULL,'2016-02-18 23:30:08','2016-02-18 23:30:08',NULL),(3566,'PN-10807','SUMAQ','2012-01-19 00:00:00',3220,3290,NULL,'2016-02-18 23:30:08','2016-02-18 23:30:08',NULL),(3567,'CN-02446','SUPER','2008-03-12 00:00:00',3393,3173,NULL,'2016-02-18 23:30:08','2016-02-18 23:30:08',NULL),(3568,NULL,'SUSPIRO',NULL,NULL,NULL,'female','2016-02-18 23:30:08','2016-02-18 23:30:08',NULL),(3569,'YN-09976','SUSURRO','2002-11-28 00:00:00',3471,3250,'female','2016-02-18 23:30:08','2016-02-18 23:30:08',NULL),(3570,NULL,'TELEMACO',NULL,NULL,NULL,'male','2016-02-18 23:30:08','2016-02-18 23:30:08',NULL),(3571,'CN-01882','TENOR','2007-08-27 00:00:00',3305,3524,NULL,'2016-02-18 23:30:08','2016-02-18 23:30:08',NULL),(3572,'PN-09800','TIBETANO','2012-09-13 00:00:00',3550,3243,NULL,'2016-02-18 23:30:08','2016-02-18 23:30:08',NULL),(3573,'YN-17580','TOMBOLA-TE','2013-03-17 00:00:00',3386,3384,NULL,'2016-02-18 23:30:08','2016-02-18 23:30:08',NULL),(3574,NULL,'TORMENTA',NULL,NULL,NULL,'female','2016-02-18 23:30:08','2016-02-18 23:30:08',NULL),(3575,NULL,'TRADICION',NULL,NULL,NULL,'male','2016-02-18 23:30:08','2016-02-18 23:30:08',NULL),(3576,NULL,'TRIBUNO',NULL,NULL,NULL,'male','2016-02-18 23:30:08','2016-02-18 23:30:08',NULL),(3577,NULL,'TRUJILLANA',NULL,NULL,NULL,'female','2016-02-18 23:30:08','2016-02-18 23:30:08',NULL),(3578,'PN-09037','TULIPAN','2010-09-02 00:00:00',3291,3492,NULL,'2016-02-18 23:30:08','2016-02-18 23:30:08',NULL),(3579,'YN-09770','UTOPIA','2000-10-30 00:00:00',3439,3277,NULL,'2016-02-18 23:30:08','2016-02-18 23:30:08',NULL),(3580,NULL,'VALENTINO',NULL,NULL,NULL,'male','2016-02-18 23:30:08','2016-02-18 23:30:08',NULL),(3581,'CN-02349','VALEROSO','2010-01-09 00:00:00',3443,3295,NULL,'2016-02-18 23:30:08','2016-02-18 23:30:08',NULL),(3582,NULL,'VASCONGADA',NULL,NULL,NULL,'female','2016-02-18 23:30:08','2016-02-18 23:30:08',NULL),(3583,'YN-14338','VENECIANA','2009-01-10 00:00:00',3582,3426,NULL,'2016-02-18 23:30:08','2016-02-18 23:30:08',NULL),(3584,'CN-02564','VENGADOR','2009-09-28 00:00:00',3484,3525,NULL,'2016-02-18 23:30:08','2016-02-18 23:30:08',NULL),(3585,NULL,'VENTARRON',NULL,NULL,NULL,'male','2016-02-18 23:30:08','2016-02-18 23:30:08',NULL),(3586,NULL,'VENUS',NULL,NULL,NULL,'female','2016-02-18 23:30:08','2016-02-18 23:30:08',NULL),(3587,'PN-10538','VERBENERO','2012-06-05 00:00:00',3383,3279,NULL,'2016-02-18 23:30:08','2016-02-18 23:30:08',NULL),(3588,NULL,'VI?A',NULL,NULL,NULL,'female','2016-02-18 23:30:08','2016-02-18 23:30:08',NULL),(3589,'YN-12225','VI?A HUARALINA','2004-09-24 00:00:00',3588,3180,NULL,'2016-02-18 23:30:08','2016-02-18 23:30:08',NULL),(3590,NULL,'VIAJERO',NULL,NULL,NULL,'male','2016-02-18 23:30:08','2016-02-18 23:30:08',NULL),(3591,'PN-09955','VICTORIOSO','2011-11-30 00:00:00',3494,3557,NULL,'2016-02-18 23:30:08','2016-02-18 23:30:08',NULL),(3592,'PN-10448','VICTORIOSO - TE','2014-01-01 00:00:00',3169,3576,NULL,'2016-02-18 23:30:08','2016-02-18 23:30:08',NULL),(3593,NULL,'YERBA BUENA',NULL,NULL,NULL,'female','2016-02-18 23:30:08','2016-02-18 23:30:08',NULL),(3594,NULL,'ZAFRA',NULL,NULL,NULL,'female','2016-02-18 23:30:08','2016-02-18 23:30:08',NULL),(3595,'YN-13613','ZALAMANDRA','2007-10-09 00:00:00',3535,3153,NULL,'2016-02-18 23:30:08','2016-02-18 23:30:08',NULL),(3596,'YN-14461','ZARZUELA','2008-12-11 00:00:00',3422,3403,NULL,'2016-02-18 23:30:08','2016-02-18 23:30:08',NULL);

/*Table structure for table `catalogs` */

DROP TABLE IF EXISTS `catalogs`;

CREATE TABLE `catalogs` (
  `id` int(10) unsigned NOT NULL AUTO_INCREMENT,
  `number` smallint(5) unsigned DEFAULT NULL,
  `category_id` int(11) DEFAULT NULL,
  `tournament_id` int(10) unsigned NOT NULL,
  `animal_id` int(10) unsigned NOT NULL,
  PRIMARY KEY (`id`),
  KEY `fk_catalog_tournaments1_idx` (`tournament_id`),
  KEY `fk_catalog_animals1_idx` (`animal_id`),
  CONSTRAINT `fk_catalog_animals1` FOREIGN KEY (`animal_id`) REFERENCES `animals` (`id`) ON DELETE NO ACTION ON UPDATE NO ACTION,
  CONSTRAINT `fk_catalog_tournaments1` FOREIGN KEY (`tournament_id`) REFERENCES `tournaments` (`id`) ON DELETE NO ACTION ON UPDATE NO ACTION
) ENGINE=InnoDB AUTO_INCREMENT=1741 DEFAULT CHARSET=utf8;

/*Data for the table `catalogs` */

insert  into `catalogs`(`id`,`number`,`category_id`,`tournament_id`,`animal_id`) values (1230,93,12,1,3120),(1231,7,52,1,3127),(1232,161,33,1,3128),(1233,119,26,1,3130),(1234,72,10,1,3132),(1235,5,52,1,3134),(1236,13,3,1,3137),(1237,202,23,1,3140),(1238,107,26,1,3146),(1239,32,7,1,3150),(1240,6,52,1,3151),(1241,49,9,1,3152),(1242,167,20,1,3158),(1243,67,10,1,3159),(1244,25,51,1,3161),(1245,74,11,1,3163),(1246,17,3,1,3164),(1247,113,26,1,3165),(1248,79,11,1,3170),(1249,43,7,1,3172),(1250,123,27,1,3174),(1251,78,11,1,3175),(1252,78,15,1,3175),(1253,100,12,1,3176),(1254,69,10,1,3177),(1255,46,7,1,3178),(1256,46,16,1,3178),(1257,10,3,1,3179),(1258,31,5,1,3182),(1259,83,11,1,3184),(1260,159,33,1,3185),(1261,1,52,1,3187),(1262,171,20,1,3189),(1263,171,25,1,3189),(1264,51,9,1,3190),(1265,18,3,1,3191),(1266,162,33,1,3192),(1267,116,26,1,3194),(1268,47,7,1,3196),(1269,47,15,1,3196),(1270,47,16,1,3196),(1271,47,34,1,3196),(1272,148,31,1,3197),(1273,148,44,1,3197),(1274,110,26,1,3198),(1275,170,20,1,3200),(1276,170,55,1,3200),(1277,170,41,1,3200),(1278,204,15,1,3203),(1279,204,34,1,3203),(1280,35,7,1,3208),(1281,213,22,1,3210),(1282,131,29,1,3212),(1283,131,30,1,3212),(1284,186,21,1,3213),(1285,23,51,1,3214),(1286,152,32,1,3215),(1287,39,7,1,3217),(1288,126,27,1,3219),(1289,60,9,1,3221),(1290,179,20,1,3223),(1291,122,27,1,3226),(1292,104,12,1,3230),(1293,184,20,1,3231),(1294,121,27,1,3234),(1295,136,29,1,3236),(1296,40,7,1,3237),(1297,40,15,1,3237),(1298,141,31,1,3240),(1299,141,35,1,3240),(1300,141,37,1,3240),(1301,141,43,1,3240),(1302,141,47,1,3240),(1303,125,27,1,3241),(1304,181,20,1,3244),(1305,37,7,1,3246),(1306,61,10,1,3249),(1307,61,16,1,3249),(1308,9,3,1,3254),(1309,59,9,1,3257),(1310,4,52,1,3258),(1311,80,11,1,3259),(1312,97,12,1,3260),(1313,62,10,1,3261),(1314,70,10,1,3262),(1315,24,51,1,3264),(1316,169,20,1,3265),(1317,211,1,1,3266),(1318,197,22,1,3268),(1319,197,55,1,3268),(1320,197,41,1,3268),(1321,197,45,1,3268),(1322,192,21,1,3269),(1323,153,32,1,3270),(1324,208,47,1,3271),(1325,108,26,1,3272),(1326,200,22,1,3275),(1327,144,31,1,3280),(1328,185,21,1,3281),(1329,138,29,1,3283),(1330,191,21,1,3284),(1331,109,26,1,3288),(1332,149,31,1,3289),(1333,163,33,1,3296),(1334,64,10,1,3298),(1335,166,53,1,3300),(1336,166,19,1,3300),(1337,166,44,1,3300),(1338,11,3,1,3301),(1339,65,10,1,3303),(1340,50,9,1,3306),(1341,50,15,1,3306),(1342,50,16,1,3306),(1343,174,20,1,3307),(1344,174,25,1,3307),(1345,55,9,1,3312),(1346,151,32,1,3313),(1347,157,33,1,3314),(1348,147,31,1,3318),(1349,19,51,1,3319),(1350,145,31,1,3320),(1351,117,26,1,3321),(1352,2,52,1,3323),(1353,66,10,1,3328),(1354,139,31,1,3329),(1355,3,52,1,3332),(1356,34,7,1,3333),(1357,86,11,1,3334),(1358,33,7,1,3337),(1359,173,20,1,3339),(1360,81,11,1,3340),(1361,81,16,1,3340),(1362,132,29,1,3341),(1363,8,52,1,3342),(1364,22,51,1,3346),(1365,114,26,1,3348),(1366,73,10,1,3349),(1367,73,16,1,3349),(1368,137,29,1,3350),(1369,210,1,1,3356),(1370,194,22,1,3357),(1371,112,26,1,3358),(1372,207,45,1,3359),(1373,38,7,1,3360),(1374,92,12,1,3365),(1375,41,7,1,3368),(1376,158,33,1,3371),(1377,158,34,1,3371),(1378,188,21,1,3372),(1379,99,12,1,3373),(1380,27,5,1,3380),(1381,95,12,1,3381),(1382,120,27,1,3385),(1383,130,29,1,3387),(1384,82,11,1,3388),(1385,57,9,1,3392),(1386,57,13,1,3392),(1387,57,17,1,3392),(1388,57,64,1,3392),(1389,57,46,1,3392),(1390,84,11,1,3394),(1391,175,20,1,3395),(1392,175,25,1,3395),(1393,26,5,1,3400),(1394,96,12,1,3404),(1395,198,22,1,3410),(1396,187,21,1,3411),(1397,187,25,1,3411),(1398,178,20,1,3414),(1399,178,25,1,3414),(1400,115,26,1,3418),(1401,115,28,1,3418),(1402,94,12,1,3420),(1403,52,9,1,3427),(1404,58,9,1,3428),(1405,101,12,1,3429),(1406,101,34,1,3429),(1407,29,5,1,3431),(1408,196,22,1,3432),(1409,85,11,1,3433),(1410,30,5,1,3436),(1411,12,3,1,3437),(1412,15,3,1,3440),(1413,177,20,1,3441),(1414,206,34,1,3442),(1415,182,20,1,3445),(1416,212,1,1,3447),(1417,36,7,1,3448),(1418,53,9,1,3449),(1419,71,10,1,3452),(1420,71,64,1,3452),(1421,14,3,1,3454),(1422,168,20,1,3456),(1423,154,32,1,3457),(1424,128,27,1,3460),(1425,199,22,1,3461),(1426,89,11,1,3463),(1427,201,22,1,3464),(1428,134,29,1,3468),(1429,54,9,1,3473),(1430,54,13,1,3473),(1431,54,16,1,3473),(1432,54,34,1,3473),(1433,203,23,1,3480),(1434,140,31,1,3481),(1435,56,9,1,3482),(1436,56,16,1,3482),(1437,56,34,1,3482),(1438,164,33,1,3486),(1439,16,3,1,3487),(1440,124,27,1,3489),(1441,48,9,1,3491),(1442,88,11,1,3493),(1443,91,12,1,3495),(1444,21,51,1,3496),(1445,146,31,1,3499),(1446,172,20,1,3503),(1447,172,25,1,3503),(1448,42,7,1,3507),(1449,205,46,1,3508),(1450,205,15,1,3508),(1451,205,16,1,3508),(1452,205,44,1,3508),(1453,45,7,1,3509),(1454,28,5,1,3512),(1455,68,10,1,3516),(1456,155,32,1,3518),(1457,150,32,1,3530),(1458,44,7,1,3533),(1459,176,20,1,3536),(1460,103,12,1,3540),(1461,77,11,1,3542),(1462,195,45,1,3544),(1463,195,34,1,3544),(1464,156,32,1,3545),(1465,156,35,1,3545),(1466,156,37,1,3545),(1467,156,43,1,3545),(1468,190,21,1,3548),(1469,142,31,1,3549),(1470,98,12,1,3550),(1471,90,12,1,3553),(1472,90,34,1,3553),(1473,118,26,1,3554),(1474,160,33,1,3558),(1475,214,53,1,3559),(1476,165,33,1,3560),(1477,165,47,1,3560),(1478,63,10,1,3565),(1479,133,29,1,3566),(1480,189,21,1,3567),(1481,105,12,1,3569),(1482,193,21,1,3571),(1483,127,27,1,3572),(1484,20,51,1,3573),(1485,20,6,1,3573),(1486,143,31,1,3578),(1487,106,12,1,3579),(1488,180,20,1,3581),(1489,75,11,1,3583),(1490,183,20,1,3584),(1491,129,29,1,3587),(1492,102,12,1,3589),(1493,135,29,1,3591),(1494,111,26,1,3592),(1495,87,11,1,3595),(1496,76,11,1,3596);

/*Table structure for table `categories` */

DROP TABLE IF EXISTS `categories`;

CREATE TABLE `categories` (
  `id` int(10) unsigned NOT NULL AUTO_INCREMENT,
  `description` varchar(200) NOT NULL,
  `type` enum('selection','wselection') NOT NULL DEFAULT 'selection',
  `mode` enum('personal','group') NOT NULL DEFAULT 'personal',
  `status` enum('inactive','active','final','deleted') NOT NULL DEFAULT 'inactive',
  `actual_stage` enum('assistance','selection','classify_1','classify_2') DEFAULT NULL,
  `num_begin` int(11) NOT NULL DEFAULT '1',
  `order` smallint(5) unsigned DEFAULT '1',
  `count_competitors` tinyint(4) NOT NULL DEFAULT '0',
  `count_presents` tinyint(4) NOT NULL DEFAULT '0',
  `tournament_id` int(10) unsigned NOT NULL,
  PRIMARY KEY (`id`),
  KEY `fk_categories_tournaments1_idx` (`tournament_id`),
  CONSTRAINT `fk_categories_tournaments1` FOREIGN KEY (`tournament_id`) REFERENCES `tournaments` (`id`) ON DELETE NO ACTION ON UPDATE NO ACTION
) ENGINE=InnoDB AUTO_INCREMENT=65 DEFAULT CHARSET=utf8;

/*Data for the table `categories` */

insert  into `categories`(`id`,`description`,`type`,`mode`,`status`,`actual_stage`,`num_begin`,`order`,`count_competitors`,`count_presents`,`tournament_id`) values (1,'MULARES','selection','personal','final','classify_2',1,1,3,0,1),(3,'CATEGORIA DE POTRANCAS AL CABESTRO DE 1 1/2 A 2 AOS','selection','personal','final','classify_2',1,4,10,0,1),(5,'CATEGORIA DE POTRANCAS AL CABESTRO DE 2 1/2 A 3 AOS','selection','personal','final','classify_2',1,6,6,0,1),(6,'PREMIO A LA MEJOR POTRANCA PRESENTADA AL CABESTRO','selection','personal','final','classify_2',1,7,4,0,1),(7,'CATEGORIA DE POTRANCAS DE BOZAL DE 3 A 4 AOS','selection','personal','final','classify_2',1,8,16,0,1),(8,'CAMPEONA DE BOZAL HEMBRA','selection','personal','inactive',NULL,1,9,0,0,1),(9,'CATEGORIA DE YEGUAS DE FRENO Y ESPUELAS DE 4 A 6 AOS - GRUPO 1','selection','personal','final','classify_2',1,10,13,0,1),(10,'CATEGORIA DE YEGUAS DE FRENO Y ESPUELAS DE 4 A 6 AOS - GRUPO 2','selection','personal','final','classify_2',1,11,13,0,1),(11,'CATEGORIA DE YEGUAS DE FRENO Y ESPUELAS DE 6 A 8 AOS','selection','personal','final','classify_2',1,12,16,0,1),(12,'CATEGORIA DE YEGUAS DE FRENO Y ESPUELAS DE MAS DE 8 AOS','selection','personal','final','classify_2',1,13,17,0,1),(13,'PREMIO PISOS PARA YEGUAS','selection','personal','final','classify_2',1,14,9,0,1),(14,'PREMIO MADRE E HIJA','selection','personal','inactive',NULL,1,15,0,0,1),(15,'PREMIO PROGENIE DE MADRE','selection','group','final','classify_2',1,16,4,0,1),(16,'PREMIO CONJUNTO DE YEGUAS','selection','group','final','classify_2',1,17,3,0,1),(17,'PREMIO MERITO ZOOTECNICO HEMBRA','selection','personal','final','classify_2',1,18,9,0,1),(19,'CAMPEON DE BOZAL CAPON','selection','personal','inactive',NULL,1,20,0,0,1),(20,'CATEGORIA DE CAPONES DE FRENO Y ESPUELAS DE 4 A 6 AOS','selection','personal','final','classify_2',1,21,18,0,1),(21,'CATEGORIA DE CAPONES DE FRENO Y ESPUELAS DE 6 A 8 AOS','selection','personal','final','classify_2',1,22,9,0,1),(22,'CATEGORIA DE CAPONES DE FRENO Y ESPUELAS DE 8 A 12 AOS','selection','personal','final','classify_2',1,23,8,0,1),(23,'CATEGORIA DE CAPONES DE FRENO Y ESPUELAS DE MAS DE 12 AOS','selection','personal','final','classify_2',1,24,2,0,1),(25,'PREMIO CONJUNTO DE CAPONES','selection','group','final','classify_2',1,26,2,0,1),(26,'CATEGORIA DE POTRILLOS AL CABESTRO DE 1 A 2 AOS','selection','personal','final','classify_2',1,27,13,0,1),(27,'CATEGORIA DE POTRILLOS AL CABESTRO DE 2 A 3 AOS','selection','personal','final','classify_2',1,28,9,0,1),(28,'PREMIO AL MEJOR POTRILLO PRESENTADO AL CABESTRO','selection','personal','final','classify_2',1,29,2,0,1),(29,'CATEGORIA DE POTRILLOS DE BOZAL DE 3 A 4 AOS','selection','personal','final','classify_2',1,30,10,0,1),(30,'CAMPEON DE BOZAL MACHO','selection','personal','inactive',NULL,1,31,0,0,1),(31,'CATEGORIA DE POTROS DE FRENO Y ESPUELAS DE 4 A 6 AOS','selection','personal','final','classify_2',1,32,11,0,1),(32,'CATEGORIA DE POTROS DE FRENO Y ESPUELAS DE 6 A 8 AOS','selection','personal','final','classify_2',1,33,7,0,1),(33,'CATEGORIA DE POTROS DE FRENO Y ESPUELAS DE MAS DE 8 AOS','selection','personal','final','classify_2',1,34,9,0,1),(34,'PREMIO PROGENIE DE PADRE','selection','group','final','classify_2',1,35,2,0,1),(35,'PREMIO PISOS PARA POTROS','selection','personal','final','classify_2',1,36,6,0,1),(36,'PREMIO CONJUNTO DE POTROS','selection','personal','inactive',NULL,1,37,0,0,1),(37,'PREMIO MERITO ZOOTECNICO MACHO','selection','personal','final','classify_2',1,38,6,0,1),(40,'PRUEBA DE ENFRENADURA','selection','personal','inactive',NULL,1,43,0,0,1),(41,'CAMPEON Y RESERVA DE CAMPEON DEL AO CAPON','selection','personal','final','classify_2',1,44,8,0,1),(43,'CAMPEON Y RESERVA DE CAMPEON DEL AO MACHO','selection','personal','final','classify_2',1,46,6,0,1),(44,'PREMIO AFICION','selection','group','final','classify_2',1,47,1,0,1),(45,'CAMPEON DE CAMPEONES CAPON','selection','personal','final','classify_2',1,48,3,0,1),(46,'CAMPEONA DE CAMPEONAS HEMBRA','selection','personal','final','classify_2',1,49,2,0,1),(47,'CAMPEON DE CAMPEONES MACHO','selection','personal','final','classify_2',1,50,3,0,1),(49,'POTROS MULETEROS','selection','personal','final','classify_2',1,2,1,0,1),(51,'CATEGORIA DE POTRANCAS AL CABESTRO DE 2 A 2 1/2 AOS','selection','personal','final','classify_2',1,5,7,0,1),(52,'CATEGORIA DE POTRANCAS AL CABESTRO DE 1 A 1 1/2 AOS','selection','personal','final','classify_2',1,3,8,0,1),(53,'CATEGORIA DE CAPONES DE BOZAL DE 3 A 4 AOS','selection','personal','final','classify_2',1,19,2,0,1),(55,'PREMIO PISOS PARA CAPONES','selection','personal','final','classify_2',1,25,9,0,1),(57,'PRUEBA DE MENORES DE 6 A 9 AOS (NIOS)','selection','personal','inactive',NULL,1,39,0,0,1),(58,'PRUEBA DE MENORES DE 6 A 9 AOS (NIAS)','selection','personal','final','classify_2',1,40,1,0,1),(59,'PRUEBA DE MENORES DE 10 A 12 AOS (NIOS)','selection','personal','final','classify_2',1,41,1,0,1),(60,'PRUEBA DE MENORES DE 10 A 12 AOS (NIAS)','selection','personal','final','classify_2',1,42,1,0,1),(62,'CONJUNTO DE MULARES','selection','personal','inactive',NULL,1,1,0,0,1),(64,'CAMPEONA Y RESERVA DE CAMPEONA DEL AO HEMBRA','selection','personal','final','classify_2',1,45,8,0,1);

/*Table structure for table `category_users` */

DROP TABLE IF EXISTS `category_users`;

CREATE TABLE `category_users` (
  `id` bigint(20) unsigned NOT NULL AUTO_INCREMENT,
  `dirimente` tinyint(1) unsigned NOT NULL DEFAULT '0',
  `actual_stage` enum('assistance','selection','classify_1','classify_2') DEFAULT NULL,
  `category_id` int(10) unsigned NOT NULL,
  `user_id` int(10) unsigned NOT NULL,
  PRIMARY KEY (`id`),
  KEY `fk_category_users_categories1_idx` (`category_id`),
  KEY `fk_category_users_users1_idx` (`user_id`),
  CONSTRAINT `fk_category_users_categories1` FOREIGN KEY (`category_id`) REFERENCES `categories` (`id`) ON DELETE NO ACTION ON UPDATE NO ACTION,
  CONSTRAINT `fk_category_users_users1` FOREIGN KEY (`user_id`) REFERENCES `users` (`id`) ON DELETE NO ACTION ON UPDATE NO ACTION
) ENGINE=InnoDB AUTO_INCREMENT=241 DEFAULT CHARSET=utf8;

/*Data for the table `category_users` */

insert  into `category_users`(`id`,`dirimente`,`actual_stage`,`category_id`,`user_id`) values (10,0,'classify_2',1,3),(11,1,'classify_2',1,4),(12,0,'classify_2',1,5),(13,0,'classify_2',49,3),(14,0,'classify_2',49,4),(15,1,'classify_2',49,5),(28,0,'classify_2',3,3),(29,1,'classify_2',3,4),(30,0,'classify_2',3,5),(31,0,'classify_2',51,3),(32,1,'classify_2',51,4),(33,0,'classify_2',51,5),(34,0,'classify_2',5,3),(35,0,'classify_2',5,4),(36,1,'classify_2',5,5),(40,0,'classify_2',6,3),(41,1,'classify_2',6,4),(42,0,'classify_2',6,5),(46,1,'classify_2',7,3),(47,0,'classify_2',7,4),(48,0,'classify_2',7,5),(55,0,'classify_2',9,3),(56,0,'classify_2',9,4),(57,1,'classify_2',9,5),(58,0,'classify_2',10,3),(59,1,'classify_2',10,4),(60,0,'classify_2',10,5),(61,1,'classify_2',11,3),(62,0,'classify_2',11,4),(63,0,'classify_2',11,5),(64,0,'classify_2',12,3),(65,0,'classify_2',12,4),(66,1,'classify_2',12,5),(70,0,'classify_2',13,3),(71,1,'classify_2',13,4),(72,0,'classify_2',13,5),(73,1,'classify_2',15,3),(74,0,'classify_2',15,4),(75,0,'classify_2',15,5),(82,0,'classify_2',16,3),(83,0,'classify_2',16,4),(84,1,'classify_2',16,5),(91,0,'classify_2',17,3),(92,1,'classify_2',17,4),(93,0,'classify_2',17,5),(94,0,'classify_2',52,3),(95,0,'classify_2',52,4),(96,1,'classify_2',52,5),(100,0,'classify_2',53,3),(101,1,'classify_2',53,4),(102,0,'classify_2',53,5),(103,1,'classify_2',20,3),(104,0,'classify_2',20,4),(105,0,'classify_2',20,5),(106,0,'classify_2',21,3),(107,0,'classify_2',21,4),(108,1,'classify_2',21,5),(109,0,'classify_2',22,3),(110,1,'classify_2',22,4),(111,0,'classify_2',22,5),(112,1,'classify_2',23,3),(113,0,'classify_2',23,4),(114,0,'classify_2',23,5),(130,0,'classify_2',26,3),(131,1,'classify_2',26,4),(132,0,'classify_2',26,5),(133,1,'classify_2',27,3),(134,0,'classify_2',27,4),(135,0,'classify_2',27,5),(136,0,'classify_2',28,3),(137,0,'classify_2',28,4),(138,1,'classify_2',28,5),(139,0,'classify_2',29,3),(140,1,'classify_2',29,4),(141,0,'classify_2',29,5),(142,1,'classify_2',31,3),(143,0,'classify_2',31,4),(144,0,'classify_2',31,5),(145,0,'classify_2',32,3),(146,0,'classify_2',32,4),(147,1,'classify_2',32,5),(148,0,'classify_2',33,3),(149,1,'classify_2',33,4),(150,0,'classify_2',33,5),(151,1,'classify_2',34,3),(152,0,'classify_2',34,4),(153,0,'classify_2',34,5),(154,0,'classify_2',35,3),(155,0,'classify_2',35,4),(156,1,'classify_2',35,5),(157,0,'classify_2',37,3),(158,1,'classify_2',37,4),(159,0,'classify_2',37,5),(184,0,'classify_2',41,3),(185,1,'classify_2',41,4),(186,0,'classify_2',41,5),(190,0,'classify_2',43,3),(191,0,'classify_2',43,4),(192,1,'classify_2',43,5),(202,0,'classify_2',44,3),(203,1,'classify_2',44,4),(204,0,'classify_2',44,5),(208,1,'classify_2',45,3),(209,0,'classify_2',45,4),(210,0,'classify_2',45,5),(211,0,'classify_2',46,3),(212,0,'classify_2',46,4),(213,1,'classify_2',46,5),(214,0,'classify_2',47,3),(215,1,'classify_2',47,4),(216,0,'classify_2',47,5),(217,0,'classify_2',60,3),(218,0,'classify_2',60,4),(219,1,'classify_2',60,5),(220,1,'classify_2',59,3),(221,0,'classify_2',59,4),(222,0,'classify_2',59,5),(223,0,'classify_2',58,3),(224,1,'classify_2',58,4),(225,0,'classify_2',58,5),(226,0,'classify_2',55,3),(227,0,'classify_2',55,4),(228,1,'classify_2',55,5),(235,1,'classify_2',64,3),(236,0,'classify_2',64,4),(237,0,'classify_2',64,5),(238,0,'classify_2',25,3),(239,1,'classify_2',25,4),(240,0,'classify_2',25,5);

/*Table structure for table `competitors` */

DROP TABLE IF EXISTS `competitors`;

CREATE TABLE `competitors` (
  `id` int(10) unsigned NOT NULL AUTO_INCREMENT,
  `number` tinyint(3) unsigned NOT NULL,
  `position` tinyint(3) unsigned DEFAULT NULL,
  `points` smallint(5) unsigned DEFAULT NULL,
  `catalog` varchar(45) DEFAULT NULL,
  `status` enum('present','missing') DEFAULT NULL,
  `category_id` int(10) unsigned NOT NULL,
  PRIMARY KEY (`id`),
  KEY `fk_competitors_categories1_idx` (`category_id`),
  CONSTRAINT `fk_competitors_categories1` FOREIGN KEY (`category_id`) REFERENCES `categories` (`id`) ON DELETE NO ACTION ON UPDATE NO ACTION
) ENGINE=InnoDB AUTO_INCREMENT=346 DEFAULT CHARSET=utf8;

/*Data for the table `competitors` */

insert  into `competitors`(`id`,`number`,`position`,`points`,`catalog`,`status`,`category_id`) values (1,1,3,9,'210',NULL,1),(2,2,1,3,'211',NULL,1),(3,3,2,6,'212',NULL,1),(4,1,1,3,NULL,NULL,49),(5,1,NULL,NULL,NULL,NULL,49),(22,1,9,26,'9',NULL,3),(23,2,7,23,'10',NULL,3),(24,3,8,24,'11',NULL,3),(25,4,10,27,'12',NULL,3),(26,5,6,16,'13',NULL,3),(27,6,4,13,'14',NULL,3),(28,7,2,7,'15',NULL,3),(29,8,1,3,'16',NULL,3),(30,9,3,9,'17',NULL,3),(31,10,5,15,'18',NULL,3),(32,1,7,19,'19',NULL,51),(33,2,1,3,'20',NULL,51),(34,3,3,8,'21',NULL,51),(35,4,5,15,'22',NULL,51),(36,5,4,12,'23',NULL,51),(37,6,6,18,'24',NULL,51),(38,7,2,7,'25',NULL,51),(39,1,5,15,'26',NULL,5),(40,2,6,17,'27',NULL,5),(41,3,4,13,'28',NULL,5),(42,4,1,4,'29',NULL,5),(43,5,2,7,'30',NULL,5),(44,6,3,7,'31',NULL,5),(45,1,4,11,NULL,NULL,6),(46,2,2,6,NULL,NULL,6),(47,3,1,3,NULL,NULL,6),(48,4,3,10,NULL,NULL,6),(49,1,NULL,NULL,'32',NULL,7),(50,2,9,26,'33',NULL,7),(51,3,10,29,'34',NULL,7),(52,4,4,11,'35',NULL,7),(53,5,5,14,'36',NULL,7),(54,6,3,9,'37',NULL,7),(55,7,NULL,NULL,'38',NULL,7),(56,8,NULL,NULL,'39',NULL,7),(57,9,1,4,'40',NULL,7),(58,10,6,17,'41',NULL,7),(59,11,8,22,'42',NULL,7),(60,12,NULL,NULL,'43',NULL,7),(61,13,11,33,'44',NULL,7),(62,14,2,8,'45',NULL,7),(63,15,NULL,NULL,'46',NULL,7),(64,16,7,21,'47',NULL,7),(65,1,7,18,'48',NULL,9),(66,2,4,14,'49',NULL,9),(67,3,3,7,'50',NULL,9),(68,4,9,25,'51',NULL,9),(69,5,NULL,NULL,'52',NULL,9),(70,6,10,28,'53',NULL,9),(71,7,2,7,'54',NULL,9),(72,8,6,17,'55',NULL,9),(73,9,5,14,'56',NULL,9),(74,10,1,4,'57',NULL,9),(75,11,NULL,NULL,'58',NULL,9),(76,12,NULL,NULL,'59',NULL,9),(77,13,8,19,'60',NULL,9),(78,1,2,6,'61',NULL,10),(79,2,NULL,NULL,'62',NULL,10),(80,3,4,12,'63',NULL,10),(81,4,7,23,'64',NULL,10),(82,5,5,14,'65',NULL,10),(83,6,6,18,'66',NULL,10),(84,7,9,26,'67',NULL,10),(85,8,NULL,NULL,'68',NULL,10),(86,9,NULL,NULL,'69',NULL,10),(87,10,10,27,'70',NULL,10),(88,11,1,3,'71',NULL,10),(89,12,3,10,'72',NULL,10),(90,13,8,25,'73',NULL,10),(91,1,10,26,'74',NULL,11),(92,2,NULL,NULL,'75',NULL,11),(93,3,NULL,NULL,'76',NULL,11),(94,4,11,27,'77',NULL,11),(95,5,2,6,'78',NULL,11),(96,7,5,15,'80',NULL,11),(97,8,7,22,'81',NULL,11),(98,9,1,3,'82',NULL,11),(99,11,3,10,'84',NULL,11),(100,12,9,24,'85',NULL,11),(101,13,NULL,NULL,'86',NULL,11),(102,14,4,13,'87',NULL,11),(103,15,8,22,'88',NULL,11),(104,16,6,16,'89',NULL,11),(105,1,3,10,'90',NULL,12),(106,2,4,11,'91',NULL,12),(107,3,NULL,NULL,'92',NULL,12),(108,4,1,3,'93',NULL,12),(109,5,8,22,'94',NULL,12),(110,6,NULL,NULL,'95',NULL,12),(111,7,5,14,'96',NULL,12),(112,8,NULL,NULL,'97',NULL,12),(113,10,6,17,'99',NULL,12),(114,11,7,21,'100',NULL,12),(115,12,9,26,'101',NULL,12),(116,13,NULL,NULL,'102',NULL,12),(117,14,2,8,'103',NULL,12),(118,15,NULL,NULL,'104',NULL,12),(119,16,NULL,NULL,'105',NULL,12),(120,17,NULL,NULL,'106',NULL,12),(121,1,1,7,'57',NULL,13),(122,2,2,8,'54',NULL,13),(123,3,5,11,'71',NULL,13),(124,4,NULL,NULL,'61',NULL,13),(125,5,3,9,'82',NULL,13),(126,6,NULL,NULL,'78',NULL,13),(127,7,4,10,'93',NULL,13),(128,8,NULL,NULL,'103',NULL,13),(129,9,NULL,NULL,'90',NULL,13),(130,1,1,3,'40,78',NULL,15),(131,2,2,7,'50,205',NULL,15),(132,3,3,8,'204,47',NULL,15),(133,1,2,6,'50,61,205',NULL,16),(134,2,1,3,'46,47,54,56,81',NULL,16),(135,3,3,9,'51,90,101',NULL,16),(136,1,1,7,'57',NULL,17),(137,2,NULL,NULL,'54',NULL,17),(138,3,3,9,'71',NULL,17),(139,4,2,7,'61',NULL,17),(140,5,4,11,'82',NULL,17),(141,6,NULL,NULL,'78',NULL,17),(142,7,5,11,'93',NULL,17),(143,8,NULL,NULL,'103',NULL,17),(144,9,NULL,NULL,'56',NULL,17),(145,1,6,17,'1',NULL,52),(146,2,3,9,'2',NULL,52),(147,3,5,16,'3',NULL,52),(148,4,7,19,'4',NULL,52),(149,5,4,11,'5',NULL,52),(150,6,2,7,'6',NULL,52),(151,7,1,3,'7',NULL,52),(152,8,8,24,'8',NULL,52),(155,1,1,3,'166',NULL,53),(156,2,2,6,'214',NULL,53),(157,1,NULL,NULL,NULL,NULL,53),(158,2,NULL,NULL,NULL,NULL,53),(159,2,2,7,'168',NULL,20),(160,3,NULL,NULL,'169',NULL,20),(161,4,1,3,'170',NULL,20),(162,5,3,10,'171',NULL,20),(163,6,NULL,NULL,'172',NULL,20),(164,7,4,13,'173',NULL,20),(165,8,NULL,NULL,'174',NULL,20),(166,9,6,16,'175',NULL,20),(167,10,NULL,NULL,'176',NULL,20),(168,11,NULL,NULL,'177',NULL,20),(169,12,7,18,'178',NULL,20),(170,13,8,21,'179',NULL,20),(171,14,NULL,NULL,'180',NULL,20),(172,15,9,21,'181',NULL,20),(173,16,NULL,NULL,'182',NULL,20),(174,17,5,14,'183',NULL,20),(175,1,5,15,'185',NULL,21),(176,2,NULL,NULL,'186',NULL,21),(177,3,2,7,'187',NULL,21),(178,4,NULL,NULL,'188',NULL,21),(179,5,6,16,'189',NULL,21),(180,6,3,8,'190',NULL,21),(181,7,7,20,'191',NULL,21),(182,8,4,14,'192',NULL,21),(183,9,1,3,'193',NULL,21),(184,1,NULL,NULL,'194',NULL,22),(185,2,6,18,'196(CL)',NULL,22),(186,3,1,3,'197',NULL,22),(187,4,3,9,'198',NULL,22),(188,5,2,8,'199',NULL,22),(189,6,4,10,'200',NULL,22),(190,8,5,15,'213',NULL,22),(191,1,2,6,'202',NULL,23),(192,2,1,3,'203',NULL,23),(193,1,NULL,NULL,NULL,NULL,23),(194,2,NULL,NULL,NULL,NULL,23),(195,1,NULL,NULL,NULL,NULL,23),(196,2,NULL,NULL,NULL,NULL,23),(213,1,NULL,NULL,'107',NULL,26),(214,2,NULL,NULL,'108',NULL,26),(215,3,3,12,'109',NULL,26),(216,4,6,13,'110',NULL,26),(217,5,NULL,NULL,'111',NULL,26),(218,6,5,12,'112',NULL,26),(219,7,NULL,NULL,'113',NULL,26),(220,8,NULL,NULL,'114',NULL,26),(221,9,1,5,'115',NULL,26),(222,10,7,18,'116',NULL,26),(223,12,2,9,'118',NULL,26),(224,13,4,12,'119',NULL,26),(225,1,5,14,'120',NULL,27),(226,2,NULL,NULL,'121',NULL,27),(227,3,3,10,'122',NULL,27),(228,4,4,13,'123',NULL,27),(229,5,2,5,'124',NULL,27),(230,6,7,19,'125',NULL,27),(231,7,1,4,'126',NULL,27),(232,9,6,17,'128',NULL,27),(233,1,2,5,'115',NULL,28),(234,2,1,4,'126',NULL,28),(235,1,5,16,'129',NULL,29),(236,2,3,9,'130',NULL,29),(237,3,1,3,'131',NULL,29),(238,4,4,11,'132',NULL,29),(239,5,NULL,NULL,'133',NULL,29),(240,6,NULL,NULL,'134',NULL,29),(241,7,NULL,NULL,'135',NULL,29),(242,8,NULL,NULL,'136',NULL,29),(243,9,6,17,'137',NULL,29),(244,10,2,7,'138',NULL,29),(245,2,3,12,'140',NULL,31),(246,3,1,3,'141',NULL,31),(247,5,NULL,NULL,'143',NULL,31),(248,6,2,6,'144',NULL,31),(249,7,4,12,'145',NULL,31),(250,8,NULL,NULL,'146',NULL,31),(251,9,6,15,'147',NULL,31),(252,10,5,15,'148',NULL,31),(253,11,7,17,'149',NULL,31),(254,1,NULL,NULL,'150',NULL,32),(255,2,4,12,'151',NULL,32),(256,3,2,6,'152',NULL,32),(257,4,3,9,'153',NULL,32),(258,5,NULL,NULL,'154',NULL,32),(259,7,1,3,'156',NULL,32),(260,1,NULL,NULL,'157',NULL,33),(261,2,5,15,'158',NULL,33),(262,3,7,21,'159',NULL,33),(263,4,1,5,'160',NULL,33),(264,5,8,22,'161',NULL,33),(265,6,3,10,'162',NULL,33),(266,7,4,11,'163',NULL,33),(267,8,6,15,'164',NULL,33),(268,9,2,7,'165',NULL,33),(269,1,1,4,'46,47,54,56,204,206',NULL,34),(270,2,2,5,'90,101,158,195',NULL,34),(271,1,2,5,'141',NULL,35),(272,3,1,4,'156',NULL,35),(273,4,3,9,'152',NULL,35),(274,5,4,12,'160',NULL,35),(275,6,5,15,'165',NULL,35),(276,1,1,3,'141',NULL,37),(277,3,2,7,'156',NULL,37),(278,4,4,13,'152',NULL,37),(279,5,3,9,'160',NULL,37),(280,6,5,13,'165',NULL,37),(284,1,2,5,'170',NULL,41),(285,3,3,8,'193',NULL,41),(286,5,1,5,'197',NULL,41),(287,6,4,12,'196',NULL,41),(302,1,1,3,'141',NULL,43),(303,3,2,6,'156',NULL,43),(304,5,NULL,NULL,'160',NULL,43),(305,1,1,3,'205,166,148',NULL,44),(306,1,1,4,'207',NULL,45),(307,2,3,8,'195',NULL,45),(308,3,2,6,'197',NULL,45),(309,1,2,6,'205',NULL,46),(310,2,1,3,'57',NULL,46),(311,1,2,6,'208',NULL,47),(312,2,3,9,'165',NULL,47),(313,3,1,3,'141',NULL,47),(314,1,1,3,NULL,NULL,60),(315,1,1,3,NULL,NULL,59),(316,1,1,3,NULL,NULL,58),(317,1,2,7,'170',NULL,55),(318,3,3,8,'193',NULL,55),(319,4,4,13,'187',NULL,55),(320,5,1,3,'197',NULL,55),(321,7,5,14,'203',NULL,55),(337,1,1,4,'57',NULL,64),(338,2,4,12,'54',NULL,64),(339,3,2,5,'71',NULL,64),(340,4,6,18,'61',NULL,64),(341,5,3,9,'82',NULL,64),(342,7,5,15,'93',NULL,64),(343,8,7,21,'103',NULL,64),(344,1,1,3,'171,178,187',NULL,25),(345,2,2,6,'172,174,175',NULL,25);

/*Table structure for table `stages` */

DROP TABLE IF EXISTS `stages`;

CREATE TABLE `stages` (
  `id` bigint(20) unsigned NOT NULL AUTO_INCREMENT,
  `position` int(11) NOT NULL,
  `stage` enum('assistance','selection','classify_1','classify_2') NOT NULL,
  `status` enum('active','final') NOT NULL DEFAULT 'active',
  `category_id` int(11) NOT NULL DEFAULT '1',
  `competitor_id` int(10) unsigned NOT NULL,
  `user_id` int(10) unsigned NOT NULL,
  PRIMARY KEY (`id`),
  KEY `fk_stages_competitors1_idx` (`competitor_id`),
  KEY `fk_stages_users1_idx` (`user_id`),
  CONSTRAINT `fk_stages_competitors1` FOREIGN KEY (`competitor_id`) REFERENCES `competitors` (`id`) ON DELETE NO ACTION ON UPDATE NO ACTION,
  CONSTRAINT `fk_stages_users1` FOREIGN KEY (`user_id`) REFERENCES `users` (`id`) ON DELETE NO ACTION ON UPDATE NO ACTION
) ENGINE=InnoDB AUTO_INCREMENT=2113 DEFAULT CHARSET=utf8;

/*Data for the table `stages` */

insert  into `stages`(`id`,`position`,`stage`,`status`,`category_id`,`competitor_id`,`user_id`) values (1,1,'selection','final',1,1,3),(2,1,'selection','final',1,2,3),(3,1,'selection','final',1,3,3),(4,1,'selection','final',1,1,4),(5,1,'selection','final',1,2,4),(6,1,'selection','final',1,3,4),(7,1,'classify_1','final',1,2,3),(8,2,'classify_1','final',1,3,3),(9,3,'classify_1','final',1,1,3),(10,1,'classify_1','final',1,1,4),(11,2,'classify_1','final',1,2,4),(12,3,'classify_1','final',1,3,4),(13,1,'classify_1','final',1,2,5),(14,2,'classify_1','final',1,3,5),(15,3,'classify_1','final',1,1,5),(16,1,'classify_2','final',1,2,3),(17,2,'classify_2','final',1,3,3),(18,3,'classify_2','final',1,1,3),(19,1,'classify_2','final',1,2,5),(20,2,'classify_2','final',1,3,5),(21,3,'classify_2','final',1,1,5),(22,1,'classify_2','final',1,2,4),(23,2,'classify_2','final',1,3,4),(24,3,'classify_2','final',1,1,4),(25,1,'selection','final',49,4,5),(26,1,'selection','final',49,4,4),(28,1,'selection','final',49,4,3),(29,1,'classify_1','final',49,4,3),(30,1,'classify_1','final',49,4,5),(31,1,'classify_1','final',49,4,4),(32,1,'classify_2','final',49,4,4),(33,1,'classify_2','final',49,4,3),(34,1,'classify_2','final',49,4,5),(73,1,'selection','final',3,22,3),(74,1,'selection','final',3,23,3),(75,1,'selection','final',3,24,3),(76,1,'selection','final',3,25,3),(77,1,'selection','final',3,26,3),(78,1,'selection','final',3,27,3),(79,1,'selection','final',3,28,3),(80,1,'selection','final',3,29,3),(81,1,'selection','final',3,30,3),(82,1,'selection','final',3,31,3),(83,1,'selection','final',3,22,4),(84,1,'selection','final',3,23,4),(85,1,'selection','final',3,24,4),(86,1,'selection','final',3,25,4),(87,1,'selection','final',3,26,4),(88,1,'selection','final',3,27,4),(89,1,'selection','final',3,28,4),(90,1,'selection','final',3,29,4),(91,1,'selection','final',3,30,4),(92,1,'selection','final',3,31,4),(93,1,'selection','final',3,23,5),(94,1,'selection','final',3,24,5),(95,1,'selection','final',3,26,5),(96,1,'selection','final',3,27,5),(97,1,'selection','final',3,28,5),(98,1,'selection','final',3,29,5),(99,1,'selection','final',3,30,5),(100,1,'selection','final',3,31,5),(101,1,'classify_1','final',3,29,5),(102,2,'classify_1','final',3,30,5),(103,3,'classify_1','final',3,28,5),(104,4,'classify_1','final',3,27,5),(105,5,'classify_1','final',3,26,5),(106,6,'classify_1','final',3,23,5),(107,7,'classify_1','final',3,24,5),(108,8,'classify_1','final',3,31,5),(109,9,'classify_1','final',3,22,5),(110,10,'classify_1','final',3,25,5),(111,1,'classify_1','final',3,29,4),(112,2,'classify_1','final',3,28,4),(113,3,'classify_1','final',3,30,4),(114,4,'classify_1','final',3,27,4),(115,5,'classify_1','final',3,26,4),(116,6,'classify_1','final',3,31,4),(117,7,'classify_1','final',3,24,4),(118,8,'classify_1','final',3,23,4),(119,9,'classify_1','final',3,22,4),(120,10,'classify_1','final',3,25,4),(121,1,'classify_1','final',3,29,3),(122,2,'classify_1','final',3,28,3),(123,3,'classify_1','final',3,31,3),(124,4,'classify_1','final',3,30,3),(125,5,'classify_1','final',3,27,3),(126,6,'classify_1','final',3,26,3),(127,7,'classify_1','final',3,25,3),(128,8,'classify_1','final',3,22,3),(129,9,'classify_1','final',3,23,3),(130,10,'classify_1','final',3,24,3),(131,1,'classify_2','final',3,29,4),(132,2,'classify_2','final',3,28,4),(133,3,'classify_2','final',3,30,4),(134,4,'classify_2','final',3,27,4),(135,5,'classify_2','final',3,26,4),(136,6,'classify_2','final',3,31,4),(137,1,'classify_2','final',3,29,5),(138,2,'classify_2','final',3,30,5),(139,3,'classify_2','final',3,28,5),(140,4,'classify_2','final',3,27,5),(141,5,'classify_2','final',3,26,5),(142,6,'classify_2','final',3,31,5),(143,1,'classify_2','final',3,29,3),(144,2,'classify_2','final',3,28,3),(145,3,'classify_2','final',3,31,3),(146,4,'classify_2','final',3,30,3),(147,5,'classify_2','final',3,27,3),(148,6,'classify_2','final',3,26,3),(149,1,'selection','final',51,32,3),(150,1,'selection','final',51,33,3),(151,1,'selection','final',51,34,3),(152,1,'selection','final',51,35,3),(153,1,'selection','final',51,36,3),(154,1,'selection','final',51,37,3),(155,1,'selection','final',51,38,3),(156,1,'selection','final',51,33,5),(157,1,'selection','final',51,34,5),(158,1,'selection','final',51,35,5),(159,1,'selection','final',51,36,5),(160,1,'selection','final',51,37,5),(161,1,'selection','final',51,38,5),(162,1,'selection','final',51,32,4),(163,1,'selection','final',51,33,4),(164,1,'selection','final',51,34,4),(165,1,'selection','final',51,35,4),(166,1,'selection','final',51,36,4),(167,1,'selection','final',51,37,4),(168,1,'selection','final',51,38,4),(169,1,'classify_1','final',51,33,3),(170,2,'classify_1','final',51,34,3),(171,3,'classify_1','final',51,38,3),(172,4,'classify_1','final',51,36,3),(173,5,'classify_1','final',51,32,3),(174,6,'classify_1','final',51,35,3),(175,7,'classify_1','final',51,37,3),(176,1,'classify_1','final',51,33,5),(177,2,'classify_1','final',51,38,5),(178,3,'classify_1','final',51,34,5),(179,4,'classify_1','final',51,36,5),(180,5,'classify_1','final',51,35,5),(181,6,'classify_1','final',51,37,5),(182,7,'classify_1','final',51,32,5),(183,1,'classify_1','final',51,33,4),(184,2,'classify_1','final',51,38,4),(185,3,'classify_1','final',51,34,4),(186,4,'classify_1','final',51,36,4),(187,5,'classify_1','final',51,35,4),(188,6,'classify_1','final',51,37,4),(189,7,'classify_1','final',51,32,4),(190,1,'classify_2','final',51,33,4),(191,2,'classify_2','final',51,38,4),(192,3,'classify_2','final',51,34,4),(193,4,'classify_2','final',51,36,4),(194,5,'classify_2','final',51,35,4),(195,6,'classify_2','final',51,37,4),(196,1,'classify_2','final',51,33,3),(197,2,'classify_2','final',51,34,3),(198,3,'classify_2','final',51,38,3),(199,4,'classify_2','final',51,36,3),(200,5,'classify_2','final',51,35,3),(201,6,'classify_2','final',51,37,3),(202,1,'classify_2','final',51,33,5),(203,2,'classify_2','final',51,38,5),(204,3,'classify_2','final',51,34,5),(205,4,'classify_2','final',51,36,5),(206,5,'classify_2','final',51,35,5),(207,6,'classify_2','final',51,37,5),(208,1,'selection','final',5,39,5),(209,1,'selection','final',5,40,5),(210,1,'selection','final',5,41,5),(211,1,'selection','final',5,42,5),(212,1,'selection','final',5,43,5),(213,1,'selection','final',5,44,5),(214,1,'selection','final',5,39,3),(215,1,'selection','final',5,40,3),(216,1,'selection','final',5,41,3),(217,1,'selection','final',5,42,3),(218,1,'selection','final',5,43,3),(219,1,'selection','final',5,44,3),(220,1,'selection','final',5,39,4),(221,1,'selection','final',5,40,4),(222,1,'selection','final',5,41,4),(223,1,'selection','final',5,42,4),(224,1,'selection','final',5,43,4),(225,1,'selection','final',5,44,4),(232,1,'classify_1','final',5,42,3),(233,2,'classify_1','final',5,43,3),(234,3,'classify_1','final',5,44,3),(235,4,'classify_1','final',5,39,3),(236,5,'classify_1','final',5,41,3),(237,6,'classify_1','final',5,40,3),(238,1,'classify_1','final',5,44,4),(239,2,'classify_1','final',5,42,4),(240,3,'classify_1','final',5,43,4),(241,4,'classify_1','final',5,41,4),(242,5,'classify_1','final',5,39,4),(243,6,'classify_1','final',5,40,4),(244,1,'classify_1','final',5,42,5),(245,2,'classify_1','final',5,43,5),(246,3,'classify_1','final',5,44,5),(247,4,'classify_1','final',5,41,5),(248,5,'classify_1','final',5,40,5),(249,6,'classify_1','final',5,39,5),(250,1,'classify_2','final',5,44,4),(251,2,'classify_2','final',5,42,4),(252,3,'classify_2','final',5,43,4),(253,4,'classify_2','final',5,41,4),(254,5,'classify_2','final',5,39,4),(255,6,'classify_2','final',5,40,4),(256,1,'classify_2','final',5,42,3),(257,2,'classify_2','final',5,43,3),(258,3,'classify_2','final',5,44,3),(259,4,'classify_2','final',5,39,3),(260,5,'classify_2','final',5,41,3),(261,6,'classify_2','final',5,40,3),(262,1,'classify_2','final',5,42,5),(263,2,'classify_2','final',5,43,5),(264,3,'classify_2','final',5,44,5),(265,4,'classify_2','final',5,41,5),(266,5,'classify_2','final',5,40,5),(267,6,'classify_2','final',5,39,5),(268,1,'selection','final',6,45,3),(269,1,'selection','final',6,46,3),(270,1,'selection','final',6,47,3),(271,1,'selection','final',6,48,3),(272,1,'selection','final',6,45,5),(273,1,'selection','final',6,46,5),(274,1,'selection','final',6,47,5),(275,1,'selection','final',6,48,5),(276,1,'selection','final',6,45,4),(277,1,'selection','final',6,46,4),(278,1,'selection','final',6,47,4),(279,1,'selection','final',6,48,4),(280,1,'classify_1','final',6,47,4),(281,2,'classify_1','final',6,46,4),(282,3,'classify_1','final',6,48,4),(283,4,'classify_1','final',6,45,4),(288,1,'classify_1','final',6,47,3),(289,2,'classify_1','final',6,46,3),(290,3,'classify_1','final',6,45,3),(291,4,'classify_1','final',6,48,3),(292,1,'classify_1','final',6,47,5),(293,2,'classify_1','final',6,45,5),(294,3,'classify_1','final',6,48,5),(295,4,'classify_1','final',6,46,5),(296,1,'classify_2','final',6,47,4),(297,2,'classify_2','final',6,46,4),(298,3,'classify_2','final',6,48,4),(299,4,'classify_2','final',6,45,4),(304,1,'classify_2','final',6,47,3),(305,2,'classify_2','final',6,46,3),(306,3,'classify_2','final',6,45,3),(307,4,'classify_2','final',6,48,3),(308,1,'classify_2','final',6,47,5),(309,2,'classify_2','final',6,46,5),(310,3,'classify_2','final',6,48,5),(311,4,'classify_2','final',6,45,5),(312,1,'selection','final',7,50,3),(313,1,'selection','final',7,51,3),(314,1,'selection','final',7,52,3),(315,1,'selection','final',7,53,3),(316,1,'selection','final',7,54,3),(317,1,'selection','final',7,57,3),(318,1,'selection','final',7,58,3),(319,1,'selection','final',7,62,3),(320,1,'selection','final',7,63,3),(321,1,'selection','final',7,49,5),(322,1,'selection','final',7,50,5),(323,1,'selection','final',7,52,5),(324,1,'selection','final',7,54,5),(325,1,'selection','final',7,55,5),(326,1,'selection','final',7,57,5),(327,1,'selection','final',7,58,5),(328,1,'selection','final',7,59,5),(329,1,'selection','final',7,60,5),(330,1,'selection','final',7,61,5),(331,1,'selection','final',7,62,5),(332,1,'selection','final',7,64,5),(333,1,'selection','final',7,50,4),(334,1,'selection','final',7,51,4),(335,1,'selection','final',7,52,4),(336,1,'selection','final',7,53,4),(337,1,'selection','final',7,54,4),(338,1,'selection','final',7,56,4),(339,1,'selection','final',7,57,4),(340,1,'selection','final',7,58,4),(341,1,'selection','final',7,59,4),(342,1,'selection','final',7,61,4),(343,1,'selection','final',7,62,4),(344,1,'selection','final',7,64,4),(345,1,'classify_1','final',7,62,4),(346,2,'classify_1','final',7,58,4),(347,3,'classify_1','final',7,57,4),(348,4,'classify_1','final',7,52,4),(349,5,'classify_1','final',7,53,4),(350,6,'classify_1','final',7,54,4),(351,7,'classify_1','final',7,59,4),(352,8,'classify_1','final',7,64,4),(353,9,'classify_1','final',7,50,4),(354,10,'classify_1','final',7,51,4),(355,11,'classify_1','final',7,61,4),(356,1,'classify_1','final',7,57,5),(357,2,'classify_1','final',7,62,5),(358,3,'classify_1','final',7,54,5),(359,4,'classify_1','final',7,52,5),(360,5,'classify_1','final',7,59,5),(361,6,'classify_1','final',7,64,5),(362,7,'classify_1','final',7,53,5),(363,8,'classify_1','final',7,58,5),(364,9,'classify_1','final',7,50,5),(365,10,'classify_1','final',7,51,5),(366,11,'classify_1','final',7,61,5),(367,1,'classify_1','final',7,57,3),(368,2,'classify_1','final',7,54,3),(369,3,'classify_1','final',7,53,3),(370,4,'classify_1','final',7,52,3),(371,5,'classify_1','final',7,62,3),(372,6,'classify_1','final',7,58,3),(373,7,'classify_1','final',7,64,3),(374,8,'classify_1','final',7,50,3),(375,9,'classify_1','final',7,51,3),(376,10,'classify_1','final',7,59,3),(377,11,'classify_1','final',7,61,3),(378,1,'classify_2','final',7,62,4),(379,2,'classify_2','final',7,57,4),(380,3,'classify_2','final',7,52,4),(381,4,'classify_2','final',7,54,4),(382,5,'classify_2','final',7,53,4),(383,6,'classify_2','final',7,58,4),(384,1,'classify_2','final',7,57,3),(385,2,'classify_2','final',7,54,3),(386,3,'classify_2','final',7,53,3),(387,4,'classify_2','final',7,52,3),(388,5,'classify_2','final',7,62,3),(389,6,'classify_2','final',7,58,3),(390,1,'classify_2','final',7,57,5),(391,2,'classify_2','final',7,62,5),(392,3,'classify_2','final',7,54,5),(393,4,'classify_2','final',7,52,5),(394,5,'classify_2','final',7,58,5),(395,6,'classify_2','final',7,53,5),(396,1,'selection','final',9,65,4),(397,1,'selection','final',9,66,4),(398,1,'selection','final',9,67,4),(399,1,'selection','final',9,68,4),(400,1,'selection','final',9,70,4),(401,1,'selection','final',9,71,4),(402,1,'selection','final',9,72,4),(403,1,'selection','final',9,73,4),(404,1,'selection','final',9,74,4),(405,1,'selection','final',9,76,4),(406,1,'selection','final',9,77,4),(407,1,'selection','final',9,65,5),(408,1,'selection','final',9,66,5),(409,1,'selection','final',9,67,5),(410,1,'selection','final',9,68,5),(411,1,'selection','final',9,70,5),(412,1,'selection','final',9,71,5),(413,1,'selection','final',9,72,5),(414,1,'selection','final',9,74,5),(415,1,'selection','final',9,77,5),(426,1,'selection','final',9,65,3),(427,1,'selection','final',9,66,3),(428,1,'selection','final',9,67,3),(429,1,'selection','final',9,69,3),(430,1,'selection','final',9,71,3),(431,1,'selection','final',9,72,3),(432,1,'selection','final',9,73,3),(433,1,'selection','final',9,74,3),(434,1,'selection','final',9,75,3),(435,1,'selection','final',9,77,3),(436,1,'classify_1','final',9,67,4),(437,2,'classify_1','final',9,66,4),(438,3,'classify_1','final',9,74,4),(439,4,'classify_1','final',9,73,4),(440,5,'classify_1','final',9,72,4),(441,6,'classify_1','final',9,71,4),(442,7,'classify_1','final',9,77,4),(443,8,'classify_1','final',9,65,4),(444,9,'classify_1','final',9,70,4),(445,10,'classify_1','final',9,68,4),(446,1,'classify_1','final',9,74,3),(447,2,'classify_1','final',9,72,3),(448,3,'classify_1','final',9,73,3),(449,4,'classify_1','final',9,67,3),(450,5,'classify_1','final',9,65,3),(451,6,'classify_1','final',9,77,3),(452,7,'classify_1','final',9,71,3),(453,8,'classify_1','final',9,68,3),(454,9,'classify_1','final',9,66,3),(455,10,'classify_1','final',9,70,3),(456,1,'classify_1','final',9,74,5),(457,2,'classify_1','final',9,71,5),(458,3,'classify_1','final',9,67,5),(459,4,'classify_1','final',9,66,5),(460,5,'classify_1','final',9,65,5),(461,6,'classify_1','final',9,77,5),(462,7,'classify_1','final',9,68,5),(463,8,'classify_1','final',9,73,5),(464,9,'classify_1','final',9,70,5),(465,10,'classify_1','final',9,72,5),(466,1,'classify_2','final',9,74,4),(467,2,'classify_2','final',9,67,4),(468,3,'classify_2','final',9,71,4),(469,4,'classify_2','final',9,66,4),(470,5,'classify_2','final',9,73,4),(471,6,'classify_2','final',9,72,4),(472,1,'classify_2','final',9,74,3),(473,2,'classify_2','final',9,67,3),(474,3,'classify_2','final',9,71,3),(475,4,'classify_2','final',9,73,3),(476,5,'classify_2','final',9,72,3),(477,6,'classify_2','final',9,66,3),(478,1,'classify_2','final',9,71,5),(479,2,'classify_2','final',9,74,5),(480,3,'classify_2','final',9,67,5),(481,4,'classify_2','final',9,66,5),(482,5,'classify_2','final',9,73,5),(483,6,'classify_2','final',9,72,5),(484,1,'selection','final',10,78,3),(485,1,'selection','final',10,79,3),(486,1,'selection','final',10,80,3),(487,1,'selection','final',10,81,3),(488,1,'selection','final',10,82,3),(489,1,'selection','final',10,83,3),(490,1,'selection','final',10,85,3),(491,1,'selection','final',10,88,3),(492,1,'selection','final',10,89,3),(493,1,'selection','final',10,90,3),(494,1,'selection','final',10,78,4),(495,1,'selection','final',10,80,4),(496,1,'selection','final',10,81,4),(497,1,'selection','final',10,82,4),(498,1,'selection','final',10,83,4),(499,1,'selection','final',10,84,4),(500,1,'selection','final',10,86,4),(501,1,'selection','final',10,87,4),(502,1,'selection','final',10,88,4),(503,1,'selection','final',10,89,4),(504,1,'selection','final',10,90,4),(505,1,'selection','final',10,78,5),(506,1,'selection','final',10,80,5),(507,1,'selection','final',10,81,5),(508,1,'selection','final',10,82,5),(509,1,'selection','final',10,83,5),(510,1,'selection','final',10,84,5),(511,1,'selection','final',10,87,5),(512,1,'selection','final',10,88,5),(513,1,'selection','final',10,89,5),(514,1,'selection','final',10,90,5),(515,1,'classify_1','final',10,88,3),(516,2,'classify_1','final',10,78,3),(517,3,'classify_1','final',10,89,3),(518,4,'classify_1','final',10,80,3),(519,5,'classify_1','final',10,82,3),(520,6,'classify_1','final',10,81,3),(521,7,'classify_1','final',10,83,3),(522,8,'classify_1','final',10,90,3),(523,9,'classify_1','final',10,84,3),(524,10,'classify_1','final',10,87,3),(525,1,'classify_1','final',10,88,5),(526,2,'classify_1','final',10,78,5),(527,3,'classify_1','final',10,82,5),(528,4,'classify_1','final',10,89,5),(529,5,'classify_1','final',10,80,5),(530,6,'classify_1','final',10,83,5),(531,7,'classify_1','final',10,81,5),(532,8,'classify_1','final',10,84,5),(533,9,'classify_1','final',10,87,5),(534,10,'classify_1','final',10,90,5),(535,1,'classify_1','final',10,88,4),(536,2,'classify_1','final',10,78,4),(537,3,'classify_1','final',10,80,4),(538,4,'classify_1','final',10,89,4),(539,5,'classify_1','final',10,82,4),(540,6,'classify_1','final',10,83,4),(541,7,'classify_1','final',10,90,4),(542,8,'classify_1','final',10,87,4),(543,9,'classify_1','final',10,84,4),(544,10,'classify_1','final',10,81,4),(545,1,'classify_2','final',10,88,5),(546,2,'classify_2','final',10,78,5),(547,3,'classify_2','final',10,89,5),(548,4,'classify_2','final',10,82,5),(549,5,'classify_2','final',10,80,5),(550,6,'classify_2','final',10,83,5),(551,1,'classify_2','final',10,88,3),(552,2,'classify_2','final',10,78,3),(553,3,'classify_2','final',10,89,3),(554,4,'classify_2','final',10,80,3),(555,5,'classify_2','final',10,82,3),(556,6,'classify_2','final',10,83,3),(557,1,'classify_2','final',10,88,4),(558,2,'classify_2','final',10,78,4),(559,3,'classify_2','final',10,80,4),(560,4,'classify_2','final',10,89,4),(561,5,'classify_2','final',10,82,4),(562,6,'classify_2','final',10,83,4),(563,1,'selection','final',11,92,5),(564,1,'selection','final',11,94,5),(565,1,'selection','final',11,95,5),(566,1,'selection','final',11,97,5),(567,1,'selection','final',11,98,5),(568,1,'selection','final',11,99,5),(569,1,'selection','final',11,100,5),(570,1,'selection','final',11,102,5),(571,1,'selection','final',11,103,5),(572,1,'selection','final',11,104,5),(573,1,'selection','final',11,91,4),(574,1,'selection','final',11,94,4),(575,1,'selection','final',11,95,4),(576,1,'selection','final',11,96,4),(577,1,'selection','final',11,97,4),(578,1,'selection','final',11,98,4),(579,1,'selection','final',11,99,4),(580,1,'selection','final',11,102,4),(581,1,'selection','final',11,103,4),(582,1,'selection','final',11,104,4),(583,1,'selection','final',11,91,3),(584,1,'selection','final',11,93,3),(585,1,'selection','final',11,94,3),(586,1,'selection','final',11,95,3),(587,1,'selection','final',11,96,3),(588,1,'selection','final',11,97,3),(589,1,'selection','final',11,98,3),(590,1,'selection','final',11,100,3),(591,1,'selection','final',11,102,3),(592,1,'selection','final',11,103,3),(593,1,'selection','final',11,104,3),(594,1,'classify_1','final',11,95,4),(595,2,'classify_1','final',11,98,4),(596,3,'classify_1','final',11,103,4),(597,4,'classify_1','final',11,96,4),(598,5,'classify_1','final',11,99,4),(599,6,'classify_1','final',11,94,4),(600,7,'classify_1','final',11,97,4),(601,8,'classify_1','final',11,102,4),(602,9,'classify_1','final',11,104,4),(603,10,'classify_1','final',11,91,4),(604,11,'classify_1','final',11,100,4),(605,1,'classify_1','final',11,98,5),(606,2,'classify_1','final',11,95,5),(607,3,'classify_1','final',11,99,5),(608,4,'classify_1','final',11,100,5),(609,5,'classify_1','final',11,104,5),(610,6,'classify_1','final',11,102,5),(611,7,'classify_1','final',11,97,5),(612,8,'classify_1','final',11,103,5),(613,9,'classify_1','final',11,96,5),(614,10,'classify_1','final',11,91,5),(615,11,'classify_1','final',11,94,5),(627,1,'classify_1','final',11,98,3),(628,2,'classify_1','final',11,95,3),(629,3,'classify_1','final',11,102,3),(630,4,'classify_1','final',11,99,3),(631,5,'classify_1','final',11,96,3),(632,6,'classify_1','final',11,91,3),(633,7,'classify_1','final',11,104,3),(634,8,'classify_1','final',11,97,3),(635,9,'classify_1','final',11,100,3),(636,10,'classify_1','final',11,94,3),(637,11,'classify_1','final',11,103,3),(638,1,'classify_2','final',11,98,5),(639,2,'classify_2','final',11,95,5),(640,3,'classify_2','final',11,99,5),(641,4,'classify_2','final',11,104,5),(642,5,'classify_2','final',11,102,5),(643,6,'classify_2','final',11,96,5),(644,1,'classify_2','final',11,98,4),(645,2,'classify_2','final',11,95,4),(646,3,'classify_2','final',11,99,4),(647,4,'classify_2','final',11,96,4),(648,5,'classify_2','final',11,102,4),(649,6,'classify_2','final',11,104,4),(650,1,'classify_2','final',11,98,3),(651,2,'classify_2','final',11,95,3),(652,3,'classify_2','final',11,102,3),(653,4,'classify_2','final',11,99,3),(654,5,'classify_2','final',11,96,3),(655,6,'classify_2','final',11,104,3),(656,1,'selection','final',12,105,5),(657,1,'selection','final',12,106,5),(658,1,'selection','final',12,108,5),(659,1,'selection','final',12,109,5),(660,1,'selection','final',12,111,5),(661,1,'selection','final',12,113,5),(662,1,'selection','final',12,114,5),(663,1,'selection','final',12,115,5),(664,1,'selection','final',12,117,5),(665,1,'selection','final',12,105,4),(666,1,'selection','final',12,106,4),(667,1,'selection','final',12,107,4),(668,1,'selection','final',12,108,4),(669,1,'selection','final',12,110,4),(670,1,'selection','final',12,111,4),(671,1,'selection','final',12,113,4),(672,1,'selection','final',12,114,4),(673,1,'selection','final',12,115,4),(674,1,'selection','final',12,117,4),(675,1,'selection','final',12,120,4),(676,1,'selection','final',12,105,3),(677,1,'selection','final',12,106,3),(678,1,'selection','final',12,108,3),(679,1,'selection','final',12,109,3),(680,1,'selection','final',12,111,3),(681,1,'selection','final',12,114,3),(682,1,'selection','final',12,117,3),(683,1,'selection','final',12,119,3),(684,1,'classify_1','final',12,106,4),(685,2,'classify_1','final',12,108,4),(686,3,'classify_1','final',12,105,4),(687,4,'classify_1','final',12,111,4),(688,5,'classify_1','final',12,113,4),(689,6,'classify_1','final',12,114,4),(690,7,'classify_1','final',12,117,4),(691,8,'classify_1','final',12,109,4),(692,9,'classify_1','final',12,115,4),(693,1,'classify_1','final',12,108,3),(694,2,'classify_1','final',12,117,3),(695,3,'classify_1','final',12,105,3),(696,4,'classify_1','final',12,111,3),(697,5,'classify_1','final',12,113,3),(698,6,'classify_1','final',12,114,3),(699,7,'classify_1','final',12,109,3),(700,8,'classify_1','final',12,106,3),(701,9,'classify_1','final',12,115,3),(702,1,'classify_1','final',12,108,5),(703,2,'classify_1','final',12,117,5),(704,3,'classify_1','final',12,106,5),(705,4,'classify_1','final',12,105,5),(706,5,'classify_1','final',12,111,5),(707,6,'classify_1','final',12,113,5),(708,7,'classify_1','final',12,109,5),(709,8,'classify_1','final',12,115,5),(710,9,'classify_1','final',12,114,5),(711,1,'classify_2','final',12,108,4),(712,2,'classify_2','final',12,106,4),(713,3,'classify_2','final',12,105,4),(714,4,'classify_2','final',12,117,4),(715,5,'classify_2','final',12,111,4),(716,6,'classify_2','final',12,113,4),(717,1,'classify_2','final',12,108,3),(718,2,'classify_2','final',12,117,3),(719,3,'classify_2','final',12,105,3),(720,4,'classify_2','final',12,111,3),(721,5,'classify_2','final',12,113,3),(722,6,'classify_2','final',12,106,3),(723,1,'classify_2','final',12,108,5),(724,2,'classify_2','final',12,117,5),(725,3,'classify_2','final',12,106,5),(726,4,'classify_2','final',12,105,5),(727,5,'classify_2','final',12,111,5),(728,6,'classify_2','final',12,113,5),(729,1,'selection','final',13,121,4),(730,1,'selection','final',13,122,4),(731,1,'selection','final',13,123,4),(732,1,'selection','final',13,125,4),(733,1,'selection','final',13,127,4),(734,1,'selection','final',13,129,4),(735,1,'selection','final',13,121,3),(736,1,'selection','final',13,123,3),(737,1,'selection','final',13,124,3),(738,1,'selection','final',13,125,3),(739,1,'selection','final',13,127,3),(740,1,'selection','final',13,121,5),(741,1,'selection','final',13,122,5),(742,1,'selection','final',13,123,5),(743,1,'selection','final',13,125,5),(744,1,'selection','final',13,126,5),(745,1,'selection','final',13,127,5),(746,1,'classify_1','final',13,121,3),(747,2,'classify_1','final',13,127,3),(748,3,'classify_1','final',13,123,3),(749,4,'classify_1','final',13,125,3),(750,5,'classify_1','final',13,122,3),(751,1,'classify_1','final',13,125,4),(752,2,'classify_1','final',13,122,4),(753,3,'classify_1','final',13,127,4),(754,4,'classify_1','final',13,121,4),(755,5,'classify_1','final',13,123,4),(756,1,'classify_1','final',13,122,5),(757,2,'classify_1','final',13,121,5),(758,3,'classify_1','final',13,123,5),(759,4,'classify_1','final',13,125,5),(760,5,'classify_1','final',13,127,5),(761,1,'classify_2','final',13,125,4),(762,2,'classify_2','final',13,122,4),(763,3,'classify_2','final',13,127,4),(764,4,'classify_2','final',13,121,4),(765,5,'classify_2','final',13,123,4),(766,1,'classify_2','final',13,122,5),(767,2,'classify_2','final',13,121,5),(768,3,'classify_2','final',13,123,5),(769,4,'classify_2','final',13,125,5),(770,5,'classify_2','final',13,127,5),(771,1,'classify_2','final',13,121,3),(772,2,'classify_2','final',13,127,3),(773,3,'classify_2','final',13,123,3),(774,4,'classify_2','final',13,125,3),(775,5,'classify_2','final',13,122,3),(776,1,'selection','final',15,130,5),(777,1,'selection','final',15,131,5),(778,1,'selection','final',15,132,5),(779,1,'selection','final',15,130,3),(780,1,'selection','final',15,131,3),(781,1,'selection','final',15,132,3),(782,1,'selection','final',15,130,4),(783,1,'selection','final',15,131,4),(784,1,'selection','final',15,132,4),(785,1,'classify_1','final',15,130,4),(786,2,'classify_1','final',15,131,4),(787,3,'classify_1','final',15,132,4),(788,1,'classify_1','final',15,130,3),(789,2,'classify_1','final',15,131,3),(790,3,'classify_1','final',15,132,3),(791,1,'classify_1','final',15,130,5),(792,2,'classify_1','final',15,132,5),(793,3,'classify_1','final',15,131,5),(794,1,'classify_2','final',15,130,3),(795,2,'classify_2','final',15,131,3),(796,3,'classify_2','final',15,132,3),(797,1,'classify_2','final',15,130,4),(798,2,'classify_2','final',15,131,4),(799,3,'classify_2','final',15,132,4),(800,1,'classify_2','final',15,130,5),(801,2,'classify_2','final',15,132,5),(802,3,'classify_2','final',15,131,5),(803,1,'selection','final',16,133,5),(804,1,'selection','final',16,134,5),(805,1,'selection','final',16,135,5),(806,1,'selection','final',16,133,3),(807,1,'selection','final',16,134,3),(808,1,'selection','final',16,135,3),(809,1,'selection','final',16,133,4),(810,1,'selection','final',16,134,4),(811,1,'selection','final',16,135,4),(812,1,'classify_1','final',16,134,5),(813,2,'classify_1','final',16,133,5),(814,3,'classify_1','final',16,135,5),(815,1,'classify_1','final',16,134,3),(816,2,'classify_1','final',16,133,3),(817,3,'classify_1','final',16,135,3),(818,1,'classify_1','final',16,134,4),(819,2,'classify_1','final',16,133,4),(820,3,'classify_1','final',16,135,4),(821,1,'classify_2','final',16,134,5),(822,2,'classify_2','final',16,133,5),(823,3,'classify_2','final',16,135,5),(824,1,'classify_2','final',16,134,4),(825,2,'classify_2','final',16,133,4),(826,3,'classify_2','final',16,135,4),(827,1,'classify_2','final',16,134,3),(828,2,'classify_2','final',16,133,3),(829,3,'classify_2','final',16,135,3),(830,1,'selection','final',17,136,4),(831,1,'selection','final',17,138,4),(832,1,'selection','final',17,139,4),(833,1,'selection','final',17,140,4),(834,1,'selection','final',17,142,4),(835,1,'selection','final',17,144,4),(836,1,'selection','final',17,138,3),(837,1,'selection','final',17,139,3),(838,1,'selection','final',17,140,3),(839,1,'selection','final',17,142,3),(840,1,'selection','final',17,136,5),(841,1,'selection','final',17,137,5),(842,1,'selection','final',17,139,5),(843,1,'selection','final',17,140,5),(844,1,'classify_1','final',17,136,5),(845,2,'classify_1','final',17,139,5),(846,3,'classify_1','final',17,140,5),(847,4,'classify_1','final',17,138,5),(848,5,'classify_1','final',17,142,5),(849,1,'classify_1','final',17,142,3),(850,2,'classify_1','final',17,139,3),(851,3,'classify_1','final',17,138,3),(852,4,'classify_1','final',17,140,3),(853,5,'classify_1','final',17,136,3),(854,1,'classify_1','final',17,136,4),(855,2,'classify_1','final',17,138,4),(856,3,'classify_1','final',17,139,4),(857,4,'classify_1','final',17,140,4),(858,5,'classify_1','final',17,142,4),(859,1,'classify_2','final',17,142,3),(860,2,'classify_2','final',17,139,3),(861,3,'classify_2','final',17,138,3),(862,4,'classify_2','final',17,140,3),(863,5,'classify_2','final',17,136,3),(869,1,'classify_2','final',17,136,4),(870,2,'classify_2','final',17,138,4),(871,3,'classify_2','final',17,139,4),(872,4,'classify_2','final',17,140,4),(873,5,'classify_2','final',17,142,4),(874,1,'classify_2','active',17,136,5),(875,2,'classify_2','active',17,139,5),(876,3,'classify_2','active',17,140,5),(877,4,'classify_2','active',17,138,5),(878,5,'classify_2','active',17,142,5),(879,1,'selection','final',52,145,3),(880,1,'selection','final',52,146,3),(881,1,'selection','final',52,147,3),(882,1,'selection','final',52,148,3),(883,1,'selection','final',52,149,3),(884,1,'selection','final',52,150,3),(885,1,'selection','final',52,151,3),(886,1,'selection','final',52,152,3),(887,1,'selection','final',52,145,4),(888,1,'selection','final',52,146,4),(889,1,'selection','final',52,147,4),(890,1,'selection','final',52,148,4),(891,1,'selection','final',52,149,4),(892,1,'selection','final',52,150,4),(893,1,'selection','final',52,151,4),(894,1,'selection','final',52,152,4),(895,1,'selection','final',52,145,5),(896,1,'selection','final',52,146,5),(897,1,'selection','final',52,147,5),(898,1,'selection','final',52,148,5),(899,1,'selection','final',52,149,5),(900,1,'selection','final',52,150,5),(901,1,'selection','final',52,151,5),(902,1,'selection','final',52,152,5),(903,1,'classify_1','final',52,151,3),(904,2,'classify_1','final',52,146,3),(905,3,'classify_1','final',52,150,3),(906,4,'classify_1','final',52,149,3),(907,5,'classify_1','final',52,148,3),(908,6,'classify_1','final',52,145,3),(909,7,'classify_1','final',52,147,3),(910,8,'classify_1','final',52,152,3),(911,1,'classify_1','final',52,151,4),(912,2,'classify_1','final',52,150,4),(913,3,'classify_1','final',52,146,4),(914,4,'classify_1','final',52,147,4),(915,5,'classify_1','final',52,149,4),(916,6,'classify_1','final',52,145,4),(917,7,'classify_1','final',52,148,4),(918,8,'classify_1','final',52,152,4),(919,1,'classify_1','final',52,151,5),(920,2,'classify_1','final',52,150,5),(921,3,'classify_1','final',52,146,5),(922,4,'classify_1','final',52,147,5),(923,5,'classify_1','final',52,149,5),(924,6,'classify_1','final',52,145,5),(925,7,'classify_1','final',52,148,5),(926,8,'classify_1','final',52,152,5),(927,1,'classify_2','final',52,151,3),(928,2,'classify_2','final',52,146,3),(929,3,'classify_2','final',52,150,3),(930,4,'classify_2','final',52,149,3),(931,5,'classify_2','final',52,147,3),(932,6,'classify_2','final',52,145,3),(933,1,'classify_2','final',52,151,4),(934,2,'classify_2','final',52,150,4),(935,3,'classify_2','final',52,149,4),(936,4,'classify_2','final',52,146,4),(937,5,'classify_2','final',52,147,4),(938,6,'classify_2','final',52,145,4),(939,1,'classify_2','final',52,151,5),(940,2,'classify_2','final',52,150,5),(941,3,'classify_2','final',52,146,5),(942,4,'classify_2','final',52,149,5),(943,5,'classify_2','final',52,145,5),(944,6,'classify_2','final',52,147,5),(953,1,'selection','final',53,155,4),(954,1,'selection','final',53,157,4),(955,1,'selection','final',53,156,4),(956,1,'selection','final',53,158,4),(957,1,'selection','final',53,155,3),(958,1,'selection','final',53,156,3),(959,1,'selection','final',53,155,5),(960,1,'selection','final',53,156,5),(961,1,'classify_1','final',53,155,5),(962,2,'classify_1','final',53,156,5),(963,1,'classify_1','final',53,155,3),(964,2,'classify_1','final',53,156,3),(965,1,'classify_1','final',53,155,4),(966,2,'classify_1','final',53,156,4),(967,1,'classify_2','final',53,155,4),(968,2,'classify_2','final',53,156,4),(969,1,'classify_2','final',53,155,3),(970,2,'classify_2','final',53,156,3),(971,1,'classify_2','final',53,155,5),(972,2,'classify_2','final',53,156,5),(973,1,'selection','final',20,159,4),(974,1,'selection','final',20,161,4),(975,1,'selection','final',20,162,4),(976,1,'selection','final',20,164,4),(977,1,'selection','final',20,166,4),(978,1,'selection','final',20,169,4),(979,1,'selection','final',20,170,4),(980,1,'selection','final',20,171,4),(981,1,'selection','final',20,172,4),(982,1,'selection','final',20,174,4),(983,1,'selection','final',20,159,5),(984,1,'selection','final',20,161,5),(985,1,'selection','final',20,162,5),(986,1,'selection','final',20,164,5),(987,1,'selection','final',20,165,5),(988,1,'selection','final',20,166,5),(989,1,'selection','final',20,168,5),(990,1,'selection','final',20,169,5),(991,1,'selection','final',20,170,5),(992,1,'selection','final',20,172,5),(993,1,'selection','final',20,174,5),(994,1,'selection','final',20,159,3),(995,1,'selection','final',20,161,3),(996,1,'selection','final',20,162,3),(997,1,'selection','final',20,163,3),(998,1,'selection','final',20,164,3),(999,1,'selection','final',20,166,3),(1000,1,'selection','final',20,167,3),(1001,1,'selection','final',20,169,3),(1002,1,'selection','final',20,170,3),(1003,1,'selection','final',20,174,3),(1004,1,'classify_1','final',20,166,4),(1005,2,'classify_1','final',20,161,4),(1006,3,'classify_1','final',20,169,4),(1007,4,'classify_1','final',20,159,4),(1008,5,'classify_1','final',20,172,4),(1009,6,'classify_1','final',20,164,4),(1010,7,'classify_1','final',20,174,4),(1011,8,'classify_1','final',20,170,4),(1012,9,'classify_1','final',20,162,4),(1013,1,'classify_1','final',20,161,5),(1014,2,'classify_1','final',20,159,5),(1015,3,'classify_1','final',20,162,5),(1016,4,'classify_1','final',20,166,5),(1017,5,'classify_1','final',20,164,5),(1018,6,'classify_1','final',20,169,5),(1019,7,'classify_1','final',20,174,5),(1020,8,'classify_1','final',20,170,5),(1021,9,'classify_1','final',20,172,5),(1022,1,'classify_1','final',20,161,3),(1023,2,'classify_1','final',20,162,3),(1024,3,'classify_1','final',20,159,3),(1025,4,'classify_1','final',20,174,3),(1026,5,'classify_1','final',20,170,3),(1027,6,'classify_1','final',20,164,3),(1028,7,'classify_1','final',20,172,3),(1029,8,'classify_1','final',20,166,3),(1030,9,'classify_1','final',20,169,3),(1031,1,'classify_2','final',20,161,5),(1032,2,'classify_2','final',20,159,5),(1033,3,'classify_2','final',20,162,5),(1034,4,'classify_2','final',20,166,5),(1035,5,'classify_2','final',20,164,5),(1036,6,'classify_2','final',20,174,5),(1037,1,'classify_2','final',20,161,4),(1038,2,'classify_2','final',20,159,4),(1039,3,'classify_2','final',20,164,4),(1040,4,'classify_2','final',20,174,4),(1041,5,'classify_2','final',20,162,4),(1042,6,'classify_2','final',20,166,4),(1043,1,'classify_2','final',20,161,3),(1044,2,'classify_2','final',20,162,3),(1045,3,'classify_2','final',20,159,3),(1046,4,'classify_2','final',20,174,3),(1047,5,'classify_2','final',20,164,3),(1048,6,'classify_2','final',20,166,3),(1049,1,'selection','final',21,175,4),(1050,1,'selection','final',21,176,4),(1051,1,'selection','final',21,177,4),(1052,1,'selection','final',21,178,4),(1053,1,'selection','final',21,179,4),(1054,1,'selection','final',21,180,4),(1055,1,'selection','final',21,181,4),(1056,1,'selection','final',21,182,4),(1057,1,'selection','final',21,183,4),(1058,1,'selection','final',21,177,3),(1059,1,'selection','final',21,179,3),(1060,1,'selection','final',21,180,3),(1061,1,'selection','final',21,181,3),(1062,1,'selection','final',21,183,3),(1063,1,'selection','final',21,175,5),(1064,1,'selection','final',21,177,5),(1065,1,'selection','final',21,180,5),(1066,1,'selection','final',21,182,5),(1067,1,'selection','final',21,183,5),(1068,1,'classify_1','final',21,183,4),(1069,2,'classify_1','final',21,177,4),(1070,3,'classify_1','final',21,180,4),(1071,4,'classify_1','final',21,182,4),(1072,5,'classify_1','final',21,175,4),(1073,6,'classify_1','final',21,179,4),(1074,7,'classify_1','final',21,181,4),(1075,1,'classify_1','final',21,183,3),(1076,2,'classify_1','final',21,180,3),(1077,3,'classify_1','final',21,177,3),(1078,4,'classify_1','final',21,175,3),(1079,5,'classify_1','final',21,179,3),(1080,6,'classify_1','final',21,181,3),(1081,7,'classify_1','final',21,182,3),(1082,1,'classify_1','final',21,183,5),(1083,2,'classify_1','final',21,177,5),(1084,3,'classify_1','final',21,180,5),(1085,4,'classify_1','final',21,182,5),(1086,5,'classify_1','final',21,179,5),(1087,6,'classify_1','final',21,175,5),(1088,7,'classify_1','final',21,181,5),(1089,1,'classify_2','final',21,183,3),(1090,2,'classify_2','final',21,180,3),(1091,3,'classify_2','final',21,177,3),(1092,4,'classify_2','final',21,175,3),(1093,5,'classify_2','final',21,179,3),(1094,6,'classify_2','final',21,182,3),(1095,1,'classify_2','final',21,183,4),(1096,2,'classify_2','final',21,177,4),(1097,3,'classify_2','final',21,180,4),(1098,4,'classify_2','final',21,182,4),(1099,5,'classify_2','final',21,175,4),(1100,6,'classify_2','final',21,179,4),(1101,1,'classify_2','final',21,183,5),(1102,2,'classify_2','final',21,177,5),(1103,3,'classify_2','final',21,180,5),(1104,4,'classify_2','final',21,182,5),(1105,5,'classify_2','final',21,179,5),(1106,6,'classify_2','final',21,175,5),(1107,1,'selection','final',22,185,5),(1108,1,'selection','final',22,186,5),(1109,1,'selection','final',22,187,5),(1110,1,'selection','final',22,188,5),(1111,1,'selection','final',22,189,5),(1112,1,'selection','final',22,190,5),(1113,1,'selection','final',22,184,3),(1114,1,'selection','final',22,185,3),(1115,1,'selection','final',22,186,3),(1116,1,'selection','final',22,187,3),(1117,1,'selection','final',22,188,3),(1118,1,'selection','final',22,189,3),(1119,1,'selection','final',22,190,3),(1120,1,'selection','final',22,186,4),(1121,1,'selection','final',22,187,4),(1122,1,'selection','final',22,188,4),(1123,1,'selection','final',22,189,4),(1124,1,'classify_1','final',22,186,3),(1125,2,'classify_1','final',22,188,3),(1126,3,'classify_1','final',22,187,3),(1127,4,'classify_1','final',22,189,3),(1128,5,'classify_1','final',22,190,3),(1129,6,'classify_1','final',22,185,3),(1130,1,'classify_1','final',22,186,5),(1131,2,'classify_1','final',22,188,5),(1132,3,'classify_1','final',22,189,5),(1133,4,'classify_1','final',22,187,5),(1134,5,'classify_1','final',22,190,5),(1135,6,'classify_1','final',22,185,5),(1136,1,'classify_1','final',22,186,4),(1137,2,'classify_1','final',22,187,4),(1138,3,'classify_1','final',22,189,4),(1139,4,'classify_1','final',22,188,4),(1140,5,'classify_1','final',22,190,4),(1141,6,'classify_1','final',22,185,4),(1142,1,'classify_2','final',22,186,3),(1143,2,'classify_2','final',22,188,3),(1144,3,'classify_2','final',22,187,3),(1145,4,'classify_2','final',22,189,3),(1146,5,'classify_2','final',22,190,3),(1147,6,'classify_2','final',22,185,3),(1148,1,'classify_2','final',22,186,4),(1149,2,'classify_2','final',22,187,4),(1150,3,'classify_2','final',22,189,4),(1151,4,'classify_2','final',22,188,4),(1152,5,'classify_2','final',22,190,4),(1153,6,'classify_2','final',22,185,4),(1154,1,'classify_2','final',22,186,5),(1155,2,'classify_2','final',22,188,5),(1156,3,'classify_2','final',22,189,5),(1157,4,'classify_2','final',22,187,5),(1158,5,'classify_2','final',22,190,5),(1159,6,'classify_2','final',22,185,5),(1160,1,'selection','final',23,191,5),(1161,1,'selection','final',23,192,5),(1162,1,'selection','final',23,191,4),(1163,1,'selection','final',23,192,4),(1164,1,'selection','final',23,191,3),(1165,1,'selection','final',23,192,3),(1166,1,'classify_1','final',23,192,4),(1167,2,'classify_1','final',23,191,4),(1168,1,'classify_1','final',23,192,5),(1169,2,'classify_1','final',23,191,5),(1170,1,'classify_1','final',23,192,3),(1171,2,'classify_1','final',23,191,3),(1172,1,'classify_2','final',23,192,5),(1173,2,'classify_2','final',23,191,5),(1174,1,'classify_2','final',23,192,4),(1175,2,'classify_2','final',23,191,4),(1176,1,'classify_2','final',23,192,3),(1177,2,'classify_2','final',23,191,3),(1240,1,'selection','final',26,213,5),(1241,1,'selection','final',26,215,5),(1242,1,'selection','final',26,216,5),(1243,1,'selection','final',26,217,5),(1244,1,'selection','final',26,218,5),(1245,1,'selection','final',26,221,5),(1246,1,'selection','final',26,222,5),(1247,1,'selection','final',26,223,5),(1248,1,'selection','final',26,224,5),(1249,1,'selection','final',26,215,3),(1250,1,'selection','final',26,216,3),(1251,1,'selection','final',26,218,3),(1252,1,'selection','final',26,221,3),(1253,1,'selection','final',26,222,3),(1254,1,'selection','final',26,223,3),(1255,1,'selection','final',26,224,3),(1256,1,'selection','final',26,215,4),(1257,1,'selection','final',26,216,4),(1258,1,'selection','final',26,218,4),(1259,1,'selection','final',26,219,4),(1260,1,'selection','final',26,221,4),(1261,1,'selection','final',26,222,4),(1262,1,'selection','final',26,223,4),(1263,1,'selection','final',26,224,4),(1264,1,'classify_1','final',26,218,3),(1265,2,'classify_1','final',26,216,3),(1266,3,'classify_1','final',26,224,3),(1267,4,'classify_1','final',26,221,3),(1268,5,'classify_1','final',26,223,3),(1269,6,'classify_1','final',26,222,3),(1270,7,'classify_1','final',26,215,3),(1271,1,'classify_1','final',26,221,5),(1272,2,'classify_1','final',26,223,5),(1273,3,'classify_1','final',26,224,5),(1274,4,'classify_1','final',26,215,5),(1275,5,'classify_1','final',26,216,5),(1276,6,'classify_1','final',26,218,5),(1277,7,'classify_1','final',26,222,5),(1278,1,'classify_1','final',26,221,4),(1279,2,'classify_1','final',26,223,4),(1280,3,'classify_1','final',26,215,4),(1281,4,'classify_1','final',26,224,4),(1282,5,'classify_1','final',26,222,4),(1283,6,'classify_1','final',26,216,4),(1284,7,'classify_1','final',26,218,4),(1285,1,'classify_2','final',26,221,5),(1286,2,'classify_2','final',26,223,5),(1287,3,'classify_2','final',26,215,5),(1288,4,'classify_2','final',26,224,5),(1289,5,'classify_2','final',26,218,5),(1290,6,'classify_2','final',26,216,5),(1291,1,'classify_2','final',26,221,4),(1292,2,'classify_2','final',26,223,4),(1293,3,'classify_2','final',26,215,4),(1294,4,'classify_2','final',26,224,4),(1295,5,'classify_2','final',26,216,4),(1296,6,'classify_2','final',26,218,4),(1297,1,'classify_2','final',26,218,3),(1298,2,'classify_2','final',26,216,3),(1299,3,'classify_2','final',26,221,3),(1300,4,'classify_2','final',26,224,3),(1301,5,'classify_2','final',26,223,3),(1302,6,'classify_2','final',26,215,3),(1303,1,'selection','final',27,225,3),(1304,1,'selection','final',27,226,3),(1305,1,'selection','final',27,227,3),(1306,1,'selection','final',27,228,3),(1307,1,'selection','final',27,229,3),(1308,1,'selection','final',27,231,3),(1309,1,'selection','final',27,232,3),(1310,1,'selection','final',27,227,5),(1311,1,'selection','final',27,228,5),(1312,1,'selection','final',27,229,5),(1313,1,'selection','final',27,230,5),(1314,1,'selection','final',27,231,5),(1315,1,'selection','final',27,232,5),(1316,1,'selection','final',27,225,4),(1317,1,'selection','final',27,227,4),(1318,1,'selection','final',27,228,4),(1319,1,'selection','final',27,229,4),(1320,1,'selection','final',27,230,4),(1321,1,'selection','final',27,231,4),(1322,1,'selection','final',27,232,4),(1323,1,'classify_1','final',27,231,4),(1324,2,'classify_1','final',27,228,4),(1325,3,'classify_1','final',27,229,4),(1326,4,'classify_1','final',27,225,4),(1327,5,'classify_1','final',27,227,4),(1328,6,'classify_1','final',27,232,4),(1329,7,'classify_1','final',27,230,4),(1330,1,'classify_1','final',27,231,5),(1331,2,'classify_1','final',27,229,5),(1332,3,'classify_1','final',27,227,5),(1333,4,'classify_1','final',27,228,5),(1334,5,'classify_1','final',27,230,5),(1335,6,'classify_1','final',27,232,5),(1336,7,'classify_1','final',27,225,5),(1337,1,'classify_1','final',27,229,3),(1338,2,'classify_1','final',27,231,3),(1339,3,'classify_1','final',27,225,3),(1340,4,'classify_1','final',27,227,3),(1341,5,'classify_1','final',27,228,3),(1342,6,'classify_1','final',27,232,3),(1343,7,'classify_1','final',27,230,3),(1344,1,'classify_2','final',27,231,4),(1345,2,'classify_2','final',27,229,4),(1346,3,'classify_2','final',27,227,4),(1347,4,'classify_2','final',27,228,4),(1348,5,'classify_2','final',27,225,4),(1349,6,'classify_2','final',27,232,4),(1350,1,'classify_2','final',27,229,3),(1351,2,'classify_2','final',27,231,3),(1352,3,'classify_2','final',27,225,3),(1353,4,'classify_2','final',27,227,3),(1354,5,'classify_2','final',27,228,3),(1355,6,'classify_2','final',27,232,3),(1356,1,'classify_2','final',27,231,5),(1357,2,'classify_2','final',27,229,5),(1358,3,'classify_2','final',27,227,5),(1359,4,'classify_2','final',27,228,5),(1360,5,'classify_2','final',27,232,5),(1361,6,'classify_2','final',27,225,5),(1362,1,'selection','final',28,233,3),(1363,1,'selection','final',28,234,3),(1364,1,'selection','final',28,233,5),(1365,1,'selection','final',28,234,5),(1366,1,'selection','final',28,233,4),(1367,1,'selection','final',28,234,4),(1368,1,'classify_1','final',28,233,4),(1369,2,'classify_1','final',28,234,4),(1370,1,'classify_1','final',28,234,3),(1371,2,'classify_1','final',28,233,3),(1374,1,'classify_1','final',28,234,5),(1375,2,'classify_1','final',28,233,5),(1376,1,'classify_2','final',28,234,5),(1377,2,'classify_2','final',28,233,5),(1378,1,'classify_2','final',28,233,4),(1379,2,'classify_2','final',28,234,4),(1380,1,'classify_2','final',28,234,3),(1381,2,'classify_2','final',28,233,3),(1382,1,'selection','final',29,236,3),(1383,1,'selection','final',29,237,3),(1384,1,'selection','final',29,238,3),(1385,1,'selection','final',29,240,3),(1386,1,'selection','final',29,241,3),(1387,1,'selection','final',29,242,3),(1388,1,'selection','final',29,243,3),(1389,1,'selection','final',29,244,3),(1390,1,'selection','final',29,235,4),(1391,1,'selection','final',29,236,4),(1392,1,'selection','final',29,237,4),(1393,1,'selection','final',29,238,4),(1394,1,'selection','final',29,239,4),(1395,1,'selection','final',29,243,4),(1396,1,'selection','final',29,244,4),(1397,1,'selection','final',29,235,5),(1398,1,'selection','final',29,236,5),(1399,1,'selection','final',29,237,5),(1400,1,'selection','final',29,238,5),(1401,1,'selection','final',29,243,5),(1402,1,'selection','final',29,244,5),(1403,1,'classify_1','final',29,237,3),(1404,2,'classify_1','final',29,236,3),(1405,3,'classify_1','final',29,244,3),(1406,4,'classify_1','final',29,238,3),(1407,5,'classify_1','final',29,243,3),(1408,6,'classify_1','final',29,235,3),(1409,1,'classify_1','final',29,237,5),(1410,2,'classify_1','final',29,244,5),(1411,3,'classify_1','final',29,238,5),(1412,4,'classify_1','final',29,236,5),(1413,5,'classify_1','final',29,235,5),(1414,6,'classify_1','final',29,243,5),(1415,1,'classify_1','final',29,237,4),(1416,2,'classify_1','final',29,244,4),(1417,3,'classify_1','final',29,236,4),(1418,4,'classify_1','final',29,238,4),(1419,5,'classify_1','final',29,235,4),(1420,6,'classify_1','final',29,243,4),(1421,1,'classify_2','final',29,237,3),(1422,2,'classify_2','final',29,236,3),(1423,3,'classify_2','final',29,244,3),(1424,4,'classify_2','final',29,238,3),(1425,5,'classify_2','final',29,243,3),(1426,6,'classify_2','final',29,235,3),(1427,1,'classify_2','final',29,237,5),(1428,2,'classify_2','final',29,244,5),(1429,3,'classify_2','final',29,238,5),(1430,4,'classify_2','final',29,236,5),(1431,5,'classify_2','final',29,235,5),(1432,6,'classify_2','final',29,243,5),(1433,1,'classify_2','final',29,237,4),(1434,2,'classify_2','final',29,244,4),(1435,3,'classify_2','final',29,236,4),(1436,4,'classify_2','final',29,238,4),(1437,5,'classify_2','final',29,235,4),(1438,6,'classify_2','final',29,243,4),(1439,1,'selection','final',31,245,4),(1440,1,'selection','final',31,246,4),(1441,1,'selection','final',31,248,4),(1442,1,'selection','final',31,249,4),(1443,1,'selection','final',31,252,4),(1444,1,'selection','final',31,246,5),(1445,1,'selection','final',31,248,5),(1446,1,'selection','final',31,249,5),(1447,1,'selection','final',31,251,5),(1448,1,'selection','final',31,252,5),(1449,1,'selection','final',31,253,5),(1450,1,'selection','final',31,245,3),(1451,1,'selection','final',31,246,3),(1452,1,'selection','final',31,248,3),(1453,1,'selection','final',31,249,3),(1454,1,'selection','final',31,251,3),(1455,1,'selection','final',31,252,3),(1456,1,'selection','final',31,253,3),(1457,1,'classify_1','final',31,246,4),(1458,2,'classify_1','final',31,249,4),(1459,3,'classify_1','final',31,248,4),(1460,4,'classify_1','final',31,245,4),(1461,5,'classify_1','final',31,251,4),(1462,6,'classify_1','final',31,253,4),(1463,7,'classify_1','final',31,252,4),(1464,1,'classify_1','final',31,246,5),(1465,2,'classify_1','final',31,248,5),(1466,3,'classify_1','final',31,249,5),(1467,4,'classify_1','final',31,253,5),(1468,5,'classify_1','final',31,252,5),(1469,6,'classify_1','final',31,251,5),(1470,7,'classify_1','final',31,245,5),(1471,1,'classify_1','final',31,246,3),(1472,2,'classify_1','final',31,248,3),(1473,3,'classify_1','final',31,245,3),(1474,4,'classify_1','final',31,249,3),(1475,5,'classify_1','final',31,252,3),(1476,6,'classify_1','final',31,251,3),(1477,7,'classify_1','final',31,253,3),(1478,1,'classify_2','final',31,246,4),(1479,2,'classify_2','final',31,248,4),(1480,3,'classify_2','final',31,245,4),(1481,4,'classify_2','final',31,249,4),(1482,5,'classify_2','final',31,251,4),(1483,6,'classify_2','final',31,252,4),(1484,1,'classify_2','final',31,246,5),(1485,2,'classify_2','final',31,248,5),(1486,3,'classify_2','final',31,249,5),(1487,4,'classify_2','final',31,251,5),(1488,5,'classify_2','final',31,252,5),(1489,6,'classify_2','final',31,245,5),(1490,1,'classify_2','final',31,246,3),(1491,2,'classify_2','final',31,248,3),(1492,3,'classify_2','final',31,245,3),(1493,4,'classify_2','final',31,252,3),(1494,5,'classify_2','final',31,249,3),(1495,6,'classify_2','final',31,251,3),(1500,1,'selection','final',32,255,5),(1501,1,'selection','final',32,255,5),(1502,1,'selection','final',32,256,5),(1503,1,'selection','final',32,256,5),(1504,1,'selection','final',32,257,5),(1505,1,'selection','final',32,257,5),(1506,1,'selection','final',32,259,5),(1507,1,'selection','final',32,259,5),(1508,1,'selection','final',32,254,4),(1509,1,'selection','final',32,255,4),(1510,1,'selection','final',32,256,4),(1511,1,'selection','final',32,257,4),(1512,1,'selection','final',32,259,4),(1513,1,'classify_1','final',32,259,3),(1514,2,'classify_1','final',32,256,3),(1515,3,'classify_1','final',32,257,3),(1516,4,'classify_1','final',32,255,3),(1517,1,'classify_1','final',32,259,4),(1518,2,'classify_1','final',32,256,4),(1519,3,'classify_1','final',32,257,4),(1520,4,'classify_1','final',32,255,4),(1521,1,'classify_1','final',32,259,5),(1522,2,'classify_1','final',32,256,5),(1523,3,'classify_1','final',32,257,5),(1524,4,'classify_1','final',32,255,5),(1525,1,'classify_2','final',32,259,4),(1526,2,'classify_2','final',32,256,4),(1527,3,'classify_2','final',32,257,4),(1528,4,'classify_2','final',32,255,4),(1529,1,'classify_2','final',32,259,3),(1530,2,'classify_2','final',32,256,3),(1531,3,'classify_2','final',32,257,3),(1532,4,'classify_2','final',32,255,3),(1533,1,'classify_2','final',32,259,5),(1534,2,'classify_2','final',32,256,5),(1535,3,'classify_2','final',32,257,5),(1536,4,'classify_2','final',32,255,5),(1537,1,'selection','final',33,261,3),(1538,1,'selection','final',33,262,3),(1539,1,'selection','final',33,263,3),(1540,1,'selection','final',33,264,3),(1541,1,'selection','final',33,265,3),(1542,1,'selection','final',33,266,3),(1543,1,'selection','final',33,267,3),(1544,1,'selection','final',33,268,3),(1545,1,'selection','final',33,261,4),(1546,1,'selection','final',33,263,4),(1547,1,'selection','final',33,264,4),(1548,1,'selection','final',33,266,4),(1549,1,'selection','final',33,268,4),(1557,1,'selection','final',33,260,5),(1558,1,'selection','final',33,262,5),(1559,1,'selection','final',33,263,5),(1560,1,'selection','final',33,264,5),(1561,1,'selection','final',33,265,5),(1562,1,'selection','final',33,266,5),(1563,1,'selection','final',33,267,5),(1564,1,'classify_1','final',33,268,3),(1565,2,'classify_1','final',33,263,3),(1566,3,'classify_1','final',33,266,3),(1567,4,'classify_1','final',33,265,3),(1568,5,'classify_1','final',33,261,3),(1569,6,'classify_1','final',33,267,3),(1570,7,'classify_1','final',33,262,3),(1571,8,'classify_1','final',33,264,3),(1572,1,'classify_1','final',33,265,5),(1573,2,'classify_1','final',33,263,5),(1574,3,'classify_1','final',33,268,5),(1575,4,'classify_1','final',33,267,5),(1576,5,'classify_1','final',33,266,5),(1577,6,'classify_1','final',33,261,5),(1578,7,'classify_1','final',33,262,5),(1579,8,'classify_1','final',33,264,5),(1580,1,'classify_1','final',33,263,4),(1581,2,'classify_1','final',33,268,4),(1582,3,'classify_1','final',33,266,4),(1583,4,'classify_1','final',33,261,4),(1584,5,'classify_1','final',33,265,4),(1585,6,'classify_1','final',33,264,4),(1586,7,'classify_1','final',33,262,4),(1587,8,'classify_1','final',33,267,4),(1588,1,'classify_2','final',33,265,5),(1589,2,'classify_2','final',33,263,5),(1590,3,'classify_2','final',33,267,5),(1591,4,'classify_2','final',33,268,5),(1592,5,'classify_2','final',33,266,5),(1593,6,'classify_2','final',33,261,5),(1594,1,'classify_2','final',33,268,3),(1595,2,'classify_2','final',33,263,3),(1596,3,'classify_2','final',33,266,3),(1597,4,'classify_2','final',33,265,3),(1598,5,'classify_2','final',33,261,3),(1599,6,'classify_2','final',33,267,3),(1600,1,'classify_2','final',33,263,4),(1601,2,'classify_2','final',33,268,4),(1602,3,'classify_2','final',33,266,4),(1603,4,'classify_2','final',33,261,4),(1604,5,'classify_2','final',33,265,4),(1605,6,'classify_2','final',33,267,4),(1606,1,'selection','final',34,269,5),(1607,1,'selection','final',34,270,5),(1608,1,'selection','final',34,269,4),(1609,1,'selection','final',34,270,4),(1610,1,'selection','final',34,269,3),(1611,1,'selection','final',34,270,3),(1612,1,'classify_1','final',34,269,5),(1613,2,'classify_1','final',34,270,5),(1614,1,'classify_1','final',34,269,4),(1615,2,'classify_1','final',34,270,4),(1616,1,'classify_1','final',34,270,3),(1617,2,'classify_1','final',34,269,3),(1618,1,'classify_2','final',34,270,3),(1619,2,'classify_2','final',34,269,3),(1620,1,'classify_2','final',34,269,5),(1621,2,'classify_2','final',34,270,5),(1622,1,'classify_2','final',34,269,4),(1623,2,'classify_2','final',34,270,4),(1624,1,'selection','final',35,271,3),(1625,1,'selection','final',35,272,3),(1626,1,'selection','final',35,273,3),(1627,1,'selection','final',35,274,3),(1628,1,'selection','final',35,275,3),(1629,1,'selection','final',35,271,4),(1630,1,'selection','final',35,272,4),(1631,1,'selection','final',35,273,4),(1632,1,'selection','final',35,274,4),(1633,1,'selection','final',35,275,4),(1634,1,'selection','final',35,271,5),(1635,1,'selection','final',35,272,5),(1636,1,'selection','final',35,273,5),(1637,1,'classify_1','final',35,272,4),(1638,2,'classify_1','final',35,271,4),(1639,3,'classify_1','final',35,273,4),(1640,4,'classify_1','final',35,274,4),(1641,5,'classify_1','final',35,275,4),(1642,1,'classify_1','final',35,271,3),(1643,2,'classify_1','final',35,272,3),(1644,3,'classify_1','final',35,273,3),(1645,4,'classify_1','final',35,274,3),(1646,5,'classify_1','final',35,275,3),(1647,1,'classify_1','final',35,271,5),(1648,2,'classify_1','final',35,272,5),(1649,3,'classify_1','final',35,273,5),(1650,4,'classify_1','final',35,274,5),(1651,5,'classify_1','final',35,275,5),(1652,1,'classify_2','final',35,272,4),(1653,2,'classify_2','final',35,271,4),(1654,3,'classify_2','final',35,273,4),(1655,4,'classify_2','final',35,274,4),(1656,5,'classify_2','final',35,275,4),(1657,1,'classify_2','final',35,271,3),(1658,2,'classify_2','final',35,272,3),(1659,3,'classify_2','final',35,273,3),(1660,4,'classify_2','final',35,274,3),(1661,5,'classify_2','final',35,275,3),(1662,1,'classify_2','final',35,272,5),(1663,2,'classify_2','final',35,271,5),(1664,3,'classify_2','final',35,273,5),(1665,4,'classify_2','final',35,274,5),(1666,5,'classify_2','final',35,275,5),(1667,1,'selection','final',37,276,5),(1668,1,'selection','final',37,277,5),(1669,1,'selection','final',37,276,4),(1670,1,'selection','final',37,277,4),(1671,1,'selection','final',37,278,4),(1672,1,'selection','final',37,279,4),(1673,1,'selection','final',37,280,4),(1674,1,'selection','final',37,276,3),(1675,1,'selection','final',37,277,3),(1676,1,'selection','final',37,278,3),(1677,1,'selection','final',37,279,3),(1678,1,'selection','final',37,280,3),(1679,1,'classify_1','final',37,276,4),(1680,2,'classify_1','final',37,277,4),(1681,3,'classify_1','final',37,279,4),(1682,4,'classify_1','final',37,278,4),(1683,5,'classify_1','final',37,280,4),(1684,1,'classify_1','final',37,276,3),(1685,2,'classify_1','final',37,279,3),(1686,3,'classify_1','final',37,277,3),(1687,4,'classify_1','final',37,278,3),(1688,5,'classify_1','final',37,280,3),(1689,1,'classify_1','final',37,276,5),(1690,2,'classify_1','final',37,277,5),(1691,3,'classify_1','final',37,280,5),(1692,4,'classify_1','final',37,279,5),(1693,5,'classify_1','final',37,278,5),(1694,1,'classify_2','final',37,276,5),(1695,2,'classify_2','final',37,277,5),(1696,3,'classify_2','final',37,280,5),(1697,4,'classify_2','final',37,279,5),(1698,5,'classify_2','final',37,278,5),(1699,1,'classify_2','final',37,276,4),(1700,2,'classify_2','final',37,277,4),(1701,3,'classify_2','final',37,279,4),(1702,4,'classify_2','final',37,278,4),(1703,5,'classify_2','final',37,280,4),(1704,1,'classify_2','final',37,276,3),(1705,2,'classify_2','final',37,279,3),(1706,3,'classify_2','final',37,277,3),(1707,4,'classify_2','final',37,278,3),(1708,5,'classify_2','final',37,280,3),(1722,1,'selection','final',41,284,5),(1723,1,'selection','final',41,285,5),(1724,1,'selection','final',41,286,5),(1725,1,'selection','final',41,284,3),(1726,1,'selection','final',41,285,3),(1727,1,'selection','final',41,286,3),(1728,1,'selection','final',41,287,3),(1729,1,'selection','final',41,284,4),(1730,1,'selection','final',41,285,4),(1731,1,'selection','final',41,286,4),(1732,1,'selection','final',41,287,4),(1733,1,'classify_1','final',41,286,3),(1734,2,'classify_1','final',41,284,3),(1735,3,'classify_1','final',41,285,3),(1736,4,'classify_1','final',41,287,3),(1737,1,'classify_1','final',41,286,4),(1738,2,'classify_1','final',41,284,4),(1739,3,'classify_1','final',41,285,4),(1740,4,'classify_1','final',41,287,4),(1741,1,'classify_1','final',41,284,5),(1742,2,'classify_1','final',41,286,5),(1743,3,'classify_1','final',41,285,5),(1744,4,'classify_1','final',41,287,5),(1745,1,'classify_2','final',41,286,4),(1746,2,'classify_2','final',41,284,4),(1747,3,'classify_2','final',41,285,4),(1748,4,'classify_2','final',41,287,4),(1749,1,'classify_2','final',41,284,5),(1750,2,'classify_2','final',41,285,5),(1751,3,'classify_2','final',41,286,5),(1752,4,'classify_2','final',41,287,5),(1753,1,'classify_2','final',41,286,3),(1754,2,'classify_2','final',41,284,3),(1755,3,'classify_2','final',41,285,3),(1756,4,'classify_2','final',41,287,3),(1803,1,'selection','final',43,302,3),(1804,1,'selection','final',43,303,3),(1805,1,'selection','final',43,304,3),(1806,1,'selection','final',43,302,5),(1807,1,'selection','final',43,303,5),(1808,1,'selection','final',43,302,4),(1809,1,'selection','final',43,303,4),(1810,1,'classify_1','final',43,302,5),(1811,2,'classify_1','final',43,303,5),(1812,1,'classify_1','final',43,302,4),(1813,2,'classify_1','final',43,303,4),(1814,1,'classify_1','final',43,302,3),(1815,2,'classify_1','final',43,303,3),(1816,1,'classify_2','final',43,302,3),(1817,2,'classify_2','final',43,303,3),(1818,1,'classify_2','final',43,302,5),(1819,2,'classify_2','final',43,303,5),(1820,1,'classify_2','final',43,302,4),(1821,2,'classify_2','final',43,303,4),(1822,1,'selection','final',44,305,4),(1823,1,'selection','final',44,305,5),(1824,1,'selection','final',44,305,3),(1825,1,'classify_1','final',44,305,5),(1826,1,'classify_1','final',44,305,4),(1827,1,'classify_1','final',44,305,3),(1828,1,'classify_2','final',44,305,3),(1829,1,'classify_2','final',44,305,5),(1830,1,'classify_2','final',44,305,4),(1831,1,'selection','final',45,306,5),(1832,1,'selection','final',45,307,5),(1833,1,'selection','final',45,308,5),(1834,1,'selection','final',45,306,3),(1835,1,'selection','final',45,307,3),(1836,1,'selection','final',45,308,3),(1837,1,'selection','final',45,306,4),(1838,1,'selection','final',45,307,4),(1839,1,'selection','final',45,308,4),(1840,1,'classify_1','final',45,306,5),(1841,2,'classify_1','final',45,307,5),(1842,3,'classify_1','final',45,308,5),(1843,1,'classify_1','final',45,306,4),(1844,2,'classify_1','final',45,307,4),(1845,3,'classify_1','final',45,308,4),(1846,1,'classify_1','final',45,308,3),(1847,2,'classify_1','final',45,306,3),(1848,3,'classify_1','final',45,307,3),(1849,1,'classify_2','final',45,308,3),(1850,2,'classify_2','final',45,306,3),(1851,3,'classify_2','final',45,307,3),(1852,1,'classify_2','final',45,306,4),(1853,2,'classify_2','final',45,307,4),(1854,3,'classify_2','final',45,308,4),(1855,1,'classify_2','final',45,306,5),(1856,2,'classify_2','final',45,308,5),(1857,3,'classify_2','final',45,307,5),(1858,1,'selection','final',46,309,5),(1859,1,'selection','final',46,310,5),(1860,1,'selection','final',46,309,3),(1861,1,'selection','final',46,310,3),(1862,1,'selection','final',46,309,4),(1863,1,'selection','final',46,310,4),(1864,1,'classify_1','final',46,310,5),(1865,2,'classify_1','final',46,309,5),(1866,1,'classify_1','final',46,310,4),(1867,2,'classify_1','final',46,309,4),(1868,1,'classify_1','final',46,310,3),(1869,2,'classify_1','final',46,309,3),(1870,1,'classify_2','final',46,310,4),(1871,2,'classify_2','final',46,309,4),(1872,1,'classify_2','final',46,310,3),(1873,2,'classify_2','final',46,309,3),(1874,1,'classify_2','final',46,310,5),(1875,2,'classify_2','final',46,309,5),(1876,1,'selection','final',47,311,3),(1877,1,'selection','final',47,312,3),(1878,1,'selection','final',47,313,3),(1879,1,'selection','final',47,311,5),(1880,1,'selection','final',47,312,5),(1881,1,'selection','final',47,313,5),(1882,1,'selection','final',47,311,4),(1883,1,'selection','final',47,312,4),(1884,1,'selection','final',47,313,4),(1885,1,'classify_1','final',47,313,4),(1886,2,'classify_1','final',47,311,4),(1887,3,'classify_1','final',47,312,4),(1888,1,'classify_1','final',47,313,5),(1889,2,'classify_1','final',47,312,5),(1890,3,'classify_1','final',47,311,5),(1891,1,'classify_1','final',47,313,3),(1892,2,'classify_1','final',47,311,3),(1893,3,'classify_1','final',47,312,3),(1894,1,'classify_2','final',47,313,3),(1895,2,'classify_2','final',47,311,3),(1896,3,'classify_2','final',47,312,3),(1897,1,'classify_2','final',47,313,5),(1898,2,'classify_2','final',47,311,5),(1899,3,'classify_2','final',47,312,5),(1900,1,'classify_2','final',47,313,4),(1901,2,'classify_2','final',47,311,4),(1902,3,'classify_2','final',47,312,4),(1903,1,'selection','final',60,314,3),(1904,1,'selection','final',60,314,4),(1905,1,'selection','final',60,314,5),(1906,1,'classify_1','final',60,314,3),(1907,1,'classify_1','final',60,314,4),(1908,1,'classify_1','final',60,314,5),(1909,1,'classify_2','final',60,314,3),(1910,1,'classify_2','final',60,314,4),(1911,1,'classify_2','final',60,314,5),(1912,1,'selection','final',59,315,3),(1913,1,'selection','final',59,315,4),(1914,1,'selection','final',59,315,5),(1915,1,'classify_1','final',59,315,5),(1916,1,'classify_1','final',59,315,4),(1917,1,'classify_1','final',59,315,3),(1918,1,'classify_2','final',59,315,3),(1919,1,'classify_2','final',59,315,4),(1920,1,'classify_2','final',59,315,5),(1921,1,'selection','final',58,316,3),(1922,1,'selection','final',58,316,4),(1923,1,'selection','final',58,316,5),(1924,1,'classify_1','final',58,316,5),(1925,1,'classify_1','final',58,316,4),(1926,1,'classify_1','final',58,316,3),(1927,1,'classify_2','final',58,316,3),(1928,1,'classify_2','final',58,316,4),(1929,1,'classify_2','final',58,316,5),(1930,1,'selection','final',55,317,3),(1931,1,'selection','final',55,318,3),(1932,1,'selection','final',55,319,3),(1933,1,'selection','final',55,320,3),(1934,1,'selection','final',55,321,3),(1935,1,'selection','final',55,317,4),(1936,1,'selection','final',55,318,4),(1937,1,'selection','final',55,319,4),(1938,1,'selection','final',55,320,4),(1939,1,'selection','final',55,321,4),(1940,1,'selection','final',55,317,5),(1941,1,'selection','final',55,318,5),(1942,1,'selection','final',55,319,5),(1943,1,'selection','final',55,320,5),(1944,1,'selection','final',55,321,5),(1945,1,'classify_1','final',55,320,5),(1946,2,'classify_1','final',55,317,5),(1947,3,'classify_1','final',55,318,5),(1948,4,'classify_1','final',55,321,5),(1949,5,'classify_1','final',55,319,5),(1950,1,'classify_1','final',55,320,4),(1951,2,'classify_1','final',55,317,4),(1952,3,'classify_1','final',55,318,4),(1953,4,'classify_1','final',55,319,4),(1954,5,'classify_1','final',55,321,4),(1955,1,'classify_1','final',55,320,3),(1956,2,'classify_1','final',55,318,3),(1957,3,'classify_1','final',55,317,3),(1958,4,'classify_1','final',55,321,3),(1959,5,'classify_1','final',55,319,3),(1960,1,'classify_2','final',55,320,3),(1961,2,'classify_2','final',55,318,3),(1962,3,'classify_2','final',55,317,3),(1963,4,'classify_2','final',55,321,3),(1964,5,'classify_2','final',55,319,3),(1965,1,'classify_2','final',55,320,4),(1966,2,'classify_2','final',55,317,4),(1967,3,'classify_2','final',55,318,4),(1968,4,'classify_2','final',55,319,4),(1969,5,'classify_2','final',55,321,4),(1970,1,'classify_2','final',55,320,5),(1971,2,'classify_2','final',55,317,5),(1972,3,'classify_2','final',55,318,5),(1973,4,'classify_2','final',55,319,5),(1974,5,'classify_2','final',55,321,5),(2035,1,'selection','final',64,337,3),(2036,1,'selection','final',64,338,3),(2037,1,'selection','final',64,339,3),(2038,1,'selection','final',64,340,3),(2039,1,'selection','final',64,341,3),(2040,1,'selection','final',64,342,3),(2041,1,'selection','final',64,343,3),(2042,1,'selection','final',64,337,4),(2043,1,'selection','final',64,338,4),(2044,1,'selection','final',64,339,4),(2045,1,'selection','final',64,340,4),(2046,1,'selection','final',64,341,4),(2047,1,'selection','final',64,342,4),(2048,1,'selection','final',64,343,4),(2049,1,'selection','final',64,337,5),(2050,1,'selection','final',64,338,5),(2051,1,'selection','final',64,339,5),(2052,1,'selection','final',64,340,5),(2053,1,'selection','final',64,341,5),(2054,1,'selection','final',64,342,5),(2055,1,'selection','final',64,343,5),(2056,1,'classify_1','final',64,337,5),(2057,2,'classify_1','final',64,339,5),(2058,3,'classify_1','final',64,341,5),(2059,4,'classify_1','final',64,338,5),(2060,5,'classify_1','final',64,342,5),(2061,6,'classify_1','final',64,340,5),(2062,7,'classify_1','final',64,343,5),(2063,1,'classify_1','final',64,339,4),(2064,2,'classify_1','final',64,337,4),(2065,3,'classify_1','final',64,341,4),(2066,4,'classify_1','final',64,338,4),(2067,5,'classify_1','final',64,342,4),(2068,6,'classify_1','final',64,340,4),(2069,7,'classify_1','final',64,343,4),(2070,1,'classify_1','final',64,337,3),(2071,2,'classify_1','final',64,339,3),(2072,3,'classify_1','final',64,341,3),(2073,4,'classify_1','final',64,338,3),(2074,5,'classify_1','final',64,342,3),(2075,6,'classify_1','final',64,340,3),(2076,7,'classify_1','final',64,343,3),(2077,1,'classify_2','final',64,337,3),(2078,2,'classify_2','final',64,339,3),(2079,3,'classify_2','final',64,341,3),(2080,4,'classify_2','final',64,338,3),(2081,5,'classify_2','final',64,342,3),(2082,6,'classify_2','final',64,340,3),(2083,1,'classify_2','final',64,339,4),(2084,2,'classify_2','final',64,337,4),(2085,3,'classify_2','final',64,341,4),(2086,4,'classify_2','final',64,338,4),(2087,5,'classify_2','final',64,342,4),(2088,6,'classify_2','final',64,340,4),(2089,1,'classify_2','final',64,337,5),(2090,2,'classify_2','final',64,339,5),(2091,3,'classify_2','final',64,341,5),(2092,4,'classify_2','final',64,338,5),(2093,5,'classify_2','final',64,342,5),(2094,6,'classify_2','final',64,340,5),(2095,1,'selection','final',25,344,3),(2096,1,'selection','final',25,345,3),(2097,1,'selection','final',25,344,4),(2098,1,'selection','final',25,345,4),(2099,1,'selection','final',25,344,5),(2100,1,'selection','final',25,345,5),(2101,1,'classify_1','final',25,344,5),(2102,2,'classify_1','final',25,345,5),(2103,1,'classify_1','final',25,344,4),(2104,2,'classify_1','final',25,345,4),(2105,1,'classify_1','final',25,344,3),(2106,2,'classify_1','final',25,345,3),(2107,1,'classify_2','final',25,344,3),(2108,2,'classify_2','final',25,345,3),(2109,1,'classify_2','final',25,344,4),(2110,2,'classify_2','final',25,345,4),(2111,1,'classify_2','final',25,344,5),(2112,2,'classify_2','final',25,345,5);

/*Table structure for table `temp1` */

DROP TABLE IF EXISTS `temp1`;

CREATE TABLE `temp1` (
  `category` varchar(5) DEFAULT NULL,
  `number` varchar(5) DEFAULT NULL,
  `catalog` varchar(5) DEFAULT NULL,
  `prefix` varchar(20) DEFAULT NULL,
  `NAME` varchar(45) DEFAULT NULL,
  `CODE` varchar(20) DEFAULT NULL,
  `birthdate` varchar(15) DEFAULT NULL,
  `dad_prefix` varchar(20) DEFAULT NULL,
  `dad_name` varchar(45) DEFAULT NULL,
  `mom_prefix` varchar(20) DEFAULT NULL,
  `mom_name` varchar(45) DEFAULT NULL,
  `breeder` varchar(100) DEFAULT NULL,
  `OWNER` varchar(100) DEFAULT NULL
) ENGINE=InnoDB DEFAULT CHARSET=utf8;

/*Data for the table `temp1` */

insert  into `temp1`(`category`,`number`,`catalog`,`prefix`,`NAME`,`CODE`,`birthdate`,`dad_prefix`,`dad_name`,`mom_prefix`,`mom_name`,`breeder`,`OWNER`) values ('1','2','211','','DOMINICA','','','','','','','JUAN TUDELA ARAMBURU','JUAN TUDELA ARAMBURU\r'),('1','3','212','','MULATO','','','','','','','WILFREDO MONTALVO BERNILLA','CESAR VERA ARBAIZA\r'),('1','1','210','','II CALAMBUCO','','','','','','','CARLOS RAMIREZ CHUPICA','CARLOS RAMIREZ CHUPICA\r'),('52','7','7','JCDCH','AGRESORA-TE','YN-18021','21/03/2014','JMLL','AGRESOR','JD','AZUCAR','JOSE CARLOS DEXTRE CHACON','JOSE CARLOS DEXTRE CHACON\r'),('52','6','6','JAGT','ANTICUARIA','YN-18074','22/03/2014','AEV','PERICLES','JAGT','AMBROSIA','JOSE ALEJANDRO GOMEZ DE LA TORRE MIRANDA','JOSE ALEJANDRO GOMEZ DE LA TORRE MIRANDA\r'),('52','2','2','JOR','FILARMONIA','YN-17926','02/06/2014','JOR','RETADOR','JRM','DISCORDIA','CRIADERO JOSE ANTONIO ONRUBIA ROMERO S.A.','CRIADERO JOSE ANTONIO ONRUBIA ROMERO S.A.\r'),('52','5','5','JPT','ALGECIRAS','YN-18047','25/03/2014','AHT','SARRACENO','JPT','CATALANA','JORGE AUGUSTO PEREZ TAIMAN','JORGE AUGUSTO PEREZ TAIMAN\r'),('52','3','3','JOR','FRAGANCIA-TE','YN-17927','17/04/2014','ERM','ELEGIDO','JOR','ESCENCIA','CRIADERO JOSE ANTONIO ONRUBIA ROMERO S.A.','CRIADERO JOSE ANTONIO ONRUBIA ROMERO S.A.\r'),('52','1','1','MRA','BUENA MOZA','YN-18213','05/06/2014','JEB','IRREVERENTE','MRA','MOZA MALA','MIGUEL ARBULU ALVA','MIGUEL ARBULU ALVA\r'),('52','4','4','JCDCH','DO?A ANTONIETA','YN-17739','03/04/2014','JVDZ','NOBLE REY','JVDZ','CAPRICHO','JOSE CARLOS DEXTRE CHACON','JOSE CARLOS DEXTRE CHACON\r'),('52','8','8','JR','GENUINA','YN-17696','02/01/2014','*WF','EMBAJADOR','JR','GENEROSA','JOSE RISSO MONTES','JOSE RISSO MONTES\r'),('3','8','16','ERPB','PRECIOSA','YN-17439','23/07/2013','JEB','DANDY-TE','JRM','PRECIOSURA','ENRIQUE RIZO PATRON BAZO','ENRIQUE RIZO PATRON BAZO / HACIENDA MAMACONA\r'),('3','7','15','JR','MIRA-TE','YN-17010','10/08/2013','JEB','DANDY-TE','JRM','MARIONETA','JOSE RISSO MONTES','JOSE RISSO MONTES\r'),('3','9','17','MRA','ASOMBRADA','YN-17731','18/07/2013','JEB','IRREVERENTE','RVB','SOBERANA','MIGUEL ARBULU ALVA','MIGUEL ARBULU ALVA\r'),('3','6','14','JAGT','NUEVA PROMESA-TE','YN-17543','26/08/2013','JRM','LABRADOR','AEV','NUEVA ESPERANZA','JOSE ALEJANDRO GOMEZ DE LA TORRE MIRANDA','JOSE ALEJANDRO GOMEZ DE LA TORRE MIRANDA\r'),('3','10','18','JR','BURUNDANGA','YN-17007','01/07/2013','JEB','DANDY-TE','JR','BUENA LUZ','JOSE RISSO MONTES','JOSE RISSO MONTES\r'),('3','5','13','MRA','ALMIBARADA','YN-17786','23/10/2013','JEB','IRREVERENTE','MRA','GITANILLA','MIGUEL ARBULU ALVA','GINO GUIULFO GARCIA\r'),('3','1','9','*FJ','DIPLOMATICA','YN-17333','29/12/2013','*WF','EMBAJADOR','AEV','NUEVA ESPERANZA','FERNANDO JARQUIN PIRA','FERNANDO JARQUIN PIRA\r'),('3','2','10','JZ','BISKAIA-TE','YN-16997','03/11/2013','ERM','IDOLO','JZ','GRACIOSA','JAIME URANGA BUSTOS/CRIADERO J.J.','RAFAEL FRANCO MONTES\r'),('3','3','11','MRA','ENCANDILADA','YN-17787','02/11/2013','JEB','IRREVERENTE','MRA','TORMENTA','MIGUEL ARBULU ALVA','MIGUEL ARBULU ALVA\r'),('3','4','12','RFM','MILENARIA','YN-17334','29/10/2013','*WF','EMBAJADOR','JRM','MANDOLINA','RAFAEL FRANCO MONTES','RAFAEL FRANCO MONTES\r'),('51','2','20','R','TOMBOLA-TE','YN-17580','17/03/2013','JRM','LABRADOR','JRM','LAGRIMA','CRIADERO R S.A.C.','CRIADERO R S.A.C.\r'),('51','7','25','CBM','ARROGANCIA','YN-17530','01/01/2013','LV','ACTOR','LV','ESTAMPA','CESAR BENITES MENDOZA','CESAR BENITES MENDOZA\r'),('51','3','21','ERPB','PRETENCIOSA','YN-17203','12/02/2013','ERM','ESPONTANEO','LBL','PRETENCIOSA','ENRIQUE RIZO PATRON BAZO','ENRIQUE RIZO PATRON BAZO / HACIENDA MAMACONA\r'),('51','5','23','JCDCH','CAROZA','YN-17561','12/01/2013','ERM','ESPONTANEO','JVDZ','CAPRICHO','JOSE CARLOS DEXTRE CHACON','JOSE CARLOS DEXTRE CHACON\r'),('51','4','22','MSCRL','GRANADA II-TE','YN-17261','31/01/2013','AEV','EL PATRICIO','MSCRL','CEREZA','CRIADERO LA MAESTRANZA SCRL','CRIADERO LA MAESTRANZA SCRL\r'),('51','6','24','RCM','DO?A TITA','YN-16942','08/01/2013','CEC','VIAJERO','INP','CHICUELINA','RENZO CAROZZI MORALES/CRIADERO EL CRIOLLO','RENZO CAROZZI M/FABRIZIO Y ALESSANDRO CAROZZI S\r'),('51','1','19','AZF','FAVORITA-TE','YN-17093','07/04/2013','ERM','ESPONTANEO','AZF','FANTASIA','ABRAHAM ZAVALA FALCON','ABRAHAM ZAVALA FALCON\r'),('5','4','29','JR','MI CHINA-TE','YN-16350','12/10/2012','JEB','DANDY-TE','JRM','MICHINA','JOSE RISSO MONTES','JOSE RISSO MONTES\r'),('5','5','30','KRA','MILENARIA','YN-16815','27/07/2012','JEB','IRREVERENTE','LBL','CENTENARIA','KARL WILHELM REUSCHE ARAMBULO','MIGUEL ARBULU ALVA\r'),('5','6','31','JAGT','BRISA','YN-16766','01/07/2012','JEB','DANDY-TE','JAGT','AZAROSA','JOSE ALEJANDRO GOMEZ DE LA TORRE MIRANDA','JOSE ALEJANDRO GOMEZ DE LA TORRE MIRANDA\r'),('5','3','28','ERPB','PROMETIDA I','YN-16881','13/10/2012','JEB','DANDY-TE','JR','PROMESA','ENRIQUE RIZO PATRON BAZO','ENRIQUE RIZO PATRON BAZO / HACIENDA MAMACONA\r'),('5','1','26','MSCRL','LUNA NUEVA-TE','YN-16314','11/11/2012','JRM','LABRADOR','AECH','SE?ORITA PERU','CRIADERO LA MAESTRANZA SCRL','GINO GUIULFO GARCIA\r'),('5','2','27','MSCRL','LA MOZA','YN-16425','14/10/2012','JEB','DANDY-TE','MSCRL','SE?ORITA CAYALTI','CRIADERO LA MAESTRANZA SCRL','CRIADERO LA MAESTRANZA SCRL\r'),('6','2','20','R','TOMBOLA-TE','YN-17580','17/03/2013','JRM','LABRADOR','JRM','LAGRIMA','CRIADERO R S.A.C.','CRIADERO R S.A.C.\r'),('7','9','40','AZF','CONSISTENCIA','YN-15782','18/12/2011','JRM','PINCEL','AZF','IBIZA','ABRAHAM ZAVALA FALCON','ABRAHAM ZAVALA FALCON\r'),('7','14','45','ERPB','PROMESA','YN-16081','01/10/2011','ERM','REVOLUCIONARIO','JR','PROMESA','ENRIQUE RIZO PATRON BAZO','ENRIQUE RIZO PATRON BAZO / HACIENDA MAMACONA\r'),('7','6','37','NEC','DEIDAD-TE','YN-16060','20/01/2012','LV','ACTOR','ACL','DO?A TILA','NATALIA ESTEVES CALDERON','NATALIA ESTEVES CALDERON\r'),('7','4','35','CBM','CAPRICHOSA','YN-16899','01/03/2012','LV','ACTOR','CCC','CHICAMA','CESAR BENITES MENDOZA','CESAR BENITES MENDOZA\r'),('7','5','36','JZ','NAVARRA II-TE','YN-16917','27/01/2012','JRM','PINCEL','JZ','YERBA BUENA','JAIME URANGA BUSTOS/CRIADERO J.J.','FERNANDO JARQUIN PIRA\r'),('7','10','41','ERPB','JERARQUIA','YN-16080','16/12/2011','ERPB','JERARCA','MEAA','ALENTADORA','ENRIQUE RIZO PATRON BAZO','ENRIQUE RIZO PATRON BAZO / HACIENDA MAMACONA\r'),('7','2','33','AZF','GALLEGA - TE','YN-16357','05/05/2012','AZF','ARRIBA PERU','JRM','GALLEGA','ABRAHAM ZAVALA FALCON','FERNANDO RISSO MONTES\r'),('7','3','34','FyEP','FRONTERA-TE','YN-16195','14/04/2012','LV','ACTOR','FyEP','CHINA LINDA','FERNANDO Y ELSA PUGA','FERNANDO Y ELSA PUGA\r'),('7','11','42','AZ','PROCURADORA I','YN-17455','15/11/2011','LV','ACTOR','AZ','PROCURADORA','ALBERTO DE AZAMBUJA PASARA','ALBERTO DE AZAMBUJA PASARA\r'),('7','13','44','CFF','ROSA LUZ','YN-16174','14/10/2011','AEV','DIGNATARIO','CFF','LUZ DE ORO','CARLOS FUKUDA FUKUDA','CARLOS FUKUDA FUKUDA\r'),('7','16','47','JR','CAMELIA','YN-15773','20/07/2011','JRM','PINCEL','JRM','MAJADERA','JOSE RISSO MONTES','JOSE RISSO MONTES\r'),('7','1','32','JAGT','ANFITRIONA-TE','YN-16131','06/05/2012','JRM','LABRADOR','JRM','LUJURIA','JOSE ALEJANDRO GOMEZ DE LA TORRE MIRANDA','JOSE ALEJANDRO GOMEZ DE LA TORRE MIRANDA\r'),('7','7','38','JCDCH','INFANTA','YN-16157','14/01/2012','AEV','DIGNATARIO','AZ','REALEZA','JOSE CARLOS DEXTRE CHACON','JOSE CARLOS DEXTRE CHACON\r'),('7','8','39','JMLL','CATARINA','YN-16744','10/01/2012','JMLL','MARCIAL','JMLL','JUSTICIA','JUAN MANUEL LLANOS RODRIGUEZ','JUAN MANUEL LLANOS RODRIGUEZ\r'),('7','12','43','JAGT','AZUCENA-TE','YN-16021','10/11/2011','JRM','LABRADOR','JRM','CAPITANA','JOSE ALEJANDRO GOMEZ DE LA TORRE MIRANDA','JOSE ALEJANDRO GOMEZ DE LA TORRE MIRANDA\r'),('7','15','46','JR','BELLEZA','YN-15775','16/09/2011','JRM','PINCEL','AZF','BONANZA','JOSE RISSO MONTES','JOSE RISSO MONTES\r'),('9','10','57','JRM','LIRICA','YN-15373','01/09/2010','ERM','ELEGIDO','JRM','LIBERA','JOSE RISSO MATELLINI','ABRAHAM ZAVALA FALCON\r'),('9','7','54','JR','PERLA','YN-15367','03/12/2010','JRM','PINCEL','JRM','PERUANISIMA','JOSE RISSO MONTES','JOSE RISSO MONTES\r'),('9','3','50','FyEP','ESENCIA','YN-15747','18/03/2011','AEV','DIGNATARIO','FyEP','CHINA LINDA','FERNANDO Y ELSA PUGA','FERNANDO Y ELSA PUGA\r'),('9','2','49','ERPB','ANTOLOGIA','YN-15897','24/03/2011','RHG','CATON','ERPB','ALTIVA','ENRIQUE RIZO PATRON BAZO','ENRIQUE RIZO PATRON BAZO / HACIENDA MAMACONA\r'),('9','9','56','JR','PINTURA','YN-15368','17/10/2010','JRM','PINCEL','JR','LA DO?A','JOSE RISSO MONTES','JOSE RISSO MONTES\r'),('9','8','55','ERPB','EXCELENCIA I','YN-15679','17/11/2010','RHG','CATON','ERPB','DUQUESA','ENRIQUE RIZO PATRON BAZO','ENRIQUE RIZO PATRON BAZO / HACIENDA MAMACONA\r'),('9','1','48','JCDCH','PREMISA','YN-15699','20/04/2011','JD','PREAMBULO','JCDCH','PEPITA DEL SUR','JOSE CARLOS DEXTRE CHACON','JOSE CARLOS DEXTRE CHACON\r'),('9','4','51','JMLL','BULERIA','YN-16542','20/02/2011','MLL','ESTIRPE','HNS','ALBILLA','JUAN MANUEL LLANOS RODRIGUEZ','JUAN MANUEL LLANOS RODRIGUEZ\r'),('9','6','53','JCDCH','NI?A BELLA-TE','YN-15196','19/12/2010','RHG','CATON','AZ','REALEZA','JOSE CARLOS DEXTRE CHACON','JOSE CARLOS DEXTRE CHACON\r'),('9','13','60','JD','CENTELLA','YN-15097','25/02/2010','CCY','EMISARIO','JD','AFRICA','JORGE DYER DE LAS CASAS','JORGE DYER DE LAS CASAS\r'),('9','5','52','JTA','MATILDE','YN-16471','02/01/2011','CCY','EMISARIO','JTA','ALHELI','JUAN TUDELA ARAMBURU','JUAN TUDELA ARAMBURU\r'),('9','11','58','VHHP','MAYA','YN-16199','29/07/2010','PK','POTRILLAZO','HHP','LIA','HUGO HUERTAS DEL PINO UTRILLA','HUGO HUERTAS DEL PINO UTRILLA\r'),('9','12','59','FESA','DO?A ANDREA-TE','YN-17529','20/07/2010','MSP','TELEMACO','LV','FLOR SALVAJE','FIDEL ERNESTO SANCHEZ ALAYO','FIDEL ERNESTO SANCHEZ ALAYO\r'),('10','11','71','LAG','NOVA','YN-15060','21/09/2009','AEV','NUEVO REY','LAG','MILONGA','LUIS ALEJANDRO GONZALEZ LEOPARDI','ALFONSO VALMORE GARCIA GARCIA\r'),('10','1','61','FyEP','DIFERENCIA','YN-15604','25/02/2010','AEV','CISNE','FyEP','AVENTURA','FERNANDO Y ELSA PUGA','FERNANDO Y ELSA PUGA\r'),('10','12','72','JRM','ALEGRIA','YN-15152','08/09/2009','ERM','ESPONTANEO','JRM','CORTESIA','JOSE RISSO MATELLINI','HACIENDA SANTA ROSA S.A.C.\r'),('10','3','63','JRM','SULTANA','YN-16749','09/01/2010','ERM','ESPONTANEO','JRM','PANDORA','JOSE RISSO MATELLINI','RAFAEL FRANCO MONTES\r'),('10','5','65','FBB','ENSUE?O','YN-15011','07/01/2010','FBB','TRADICION','FBB','CANDILEJA','FERNANDO BUSTAMANTE BELAUNDE','FIDEL ERNESTO SANCHEZ ALAYO\r'),('10','6','66','AZ','FIRMEZA-TE','YN-15464','23/12/2009','AZ','REVUELO','AZ','FINURA','ALBERTO DE AZAMBUJA PASARA','ALBERTO DE AZAMBUJA PASARA\r'),('10','4','64','FESA','EMPERADORA-TE','YN-16319','08/01/2010','MSP','EMPERADOR','AEV','ROSA DEL PERU','FIDEL ERNESTO SANCHEZ ALAYO','FIDEL ERNESTO SANCHEZ ALAYO\r'),('10','13','73','JRM','HEREDERA','YN-14566','01/09/2009','ERM','ESPONTANEO','JRM','LAGRIMA','JOSE RISSO MATELLINI','JOSE RISSO MONTES\r'),('10','7','67','JCK','AROMATICA','YN-14775','20/12/2009','AV','EJECUTIVO','JD','ALOMA','JAVIER CLAUX KOECHLIN','JAVIER CLAUX KOECHLIN\r'),('10','10','70','FESA','DO?A MARINA -TE','YN-16321','23/10/2009','OSP','SOCRATES','AV','SAETA','FIDEL ERNESTO SANCHEZ ALAYO','FIDEL ERNESTO SANCHEZ ALAYO\r'),('10','2','62','FESA','DO?A LUCIANA-TE','YN-16317','21/01/2010','MSP','TELEMACO','LV','JEREZANA','FIDEL ERNESTO SANCHEZ ALAYO','FIDEL ERNESTO SANCHEZ ALAYO\r'),('10','8','68','CEC','RECUPERADA','YN-14700','13/12/2009','CCY','EMISARIO','FOX','LUNA DE MIEL','RENZO Y ROSSANA CAROZZI MORALES/CRIADERO EL CRIOLLO','RENZO CAROZZI MORALES/CRIADERO EL CRIOLLO\r'),('10','9','69','CFF','BELLA LUZ','YN-15428','05/12/2009','AZ','VENTARRON','CFF','LUZ DE ORO','CARLOS FUKUDA FUKUDA','CARLOS FUKUDA FUKUDA\r'),('11','9','82','MLM','LETICIA','YN-13935','01/07/2008','ERM','IDOLO','MLM','DIANA','MICHAEL Y LINDA MEWHINNEY','CESAR BENITES MENDOZA\r'),('11','5','78','AZF','BARCELONA','YN-14029','27/09/2008','AEV','EL PATRICIO','AZF','IBIZA','ABRAHAM ZAVALA FALCON','ABRAHAM ZAVALA FALCON\r'),('11','11','84','AHT','LUCERO','YN-14081','26/02/2008','AEV','DIGNATARIO','AHT','ESTANCIERA V','ANTONIO HUDTWALCKER TEIXEIRA','ANTONIO HUDTWALCKER TEIXEIRA\r'),('11','14','87','JZ','ZALAMANDRA','YN-13613','09/10/2007','JZ','APOLO','JZ','SALAMANCA','JAIME URANGA BUSTOS/CRIADERO J.J.','FIDEL ERNESTO SANCHEZ ALAYO\r'),('11','7','80','BC','DO?A G II','YN-13904','15/09/2008','LV','SOL BRILLANTE','BC','ALEGRIA','BELISARIO DE LAS CASAS PIEDRA','BELISARIO DE LAS CASAS D\'ONOFRIO\r'),('11','16','89','MRA','PARACAS','YN-13994','14/08/2007','AEV','DIGNATARIO','AHT','COPETINERA','MIGUEL ARBULU ALVA','CESAR BENITES MENDOZA\r'),('11','8','81','JR','GENEROSA','YN-13951','10/09/2008','MSCRL','MAGISTRADO','MSCRL','GRANADILLA','JOSE RISSO MONTES','JOSE RISSO MONTES\r'),('11','15','88','FC','PRESUMIDA','YN-13719','22/09/2007','FC','MANDATARIO','FC','ALTANERA','FERNANDO CERUTI COGORNO','HARAS EL MAYOR  S.A.\r'),('11','12','85','AZ','MICAELA','YN-14207','16/10/2007','PK','POTRILLAZO','AZ','MILENARIA','ALBERTO DE AZAMBUJA PASARA','ALBERTO DE AZAMBUJA PASARA\r'),('11','1','74','MEAA','ASIA II','YN-14374','19/05/2009','JD','CALUPE?O','MEAA','ASIA','MANUEL ENRIQUE ACU?A ALFARO','MANUEL ENRIQUE ACU?A ALFARO\r'),('11','4','77','JZ','SARASARA','YN-14089','27/10/2008','ERM','ESPONTANEO','JZ','SALAMANCA','JAIME URANGA BUSTOS/CRIADERO J.J.','FIDEL ERNESTO SANCHEZ ALAYO\r'),('11','13','86','RHM','GALA','YN-13704','11/10/2007','AV','EJECUTIVO','RHM','GARUA','ROBERTO HOYLE MC CALLUM','ROBERTO HOYLE MC CALLUM\r'),('11','2','75','MMC','VENECIANA','YN-14338','10/01/2009','SM','MARROQUI','MMC','VASCONGADA','MANUEL MAZZI CASAS','JAVIER CLAUX KOECHLIN\r'),('11','3','76','MRA','ZARZUELA','YN-14461','11/12/2008','LV','MACARENO','AHT','MARIA CAMPERA','MIGUEL ARBULU ALVA','CESAR BENITES MENDOZA\r'),('11','6','79','ARL','AZUCENA','YN-16983','15/09/2008','ABB','SAN GRACIANO','GCLP','CAPULI','ALFREDO RUZO LOPEZ DE LA FUENTE','ALFREDO RUZO LOPEZ DE LA FUENTE\r'),('11','10','83','FyEP','BRUMA','YN-14067','02/06/2008','MSCRL','CEREZO','FyEP','PECANA','FERNANDO Y ELSA PUGA','FERNANDO Y ELSA PUGA\r'),('12','4','93','LV','ACTORA','YN-13760','28/12/2006','LV','ACTOR','LV','PINCELADA','LUIS VASQUEZ NACARINO','RENZO CAROZZI MORALES/CRIADERO EL CRIOLLO\r'),('12','14','103','JFRN','SANTA INES','YN-11835','11/09/2004','MSCRL','MAGISTRADO','FNC','SANTA PATRICIA','JUAN FRANCISCO RAFFO NOVELLI / CRIADERO ALTO PRADO','ALFONSO VALMORE GARCIA GARCIA\r'),('12','1','90','JMLL','SOBERBIA','YN-14936','14/06/2007','JRM','RESPLANDOR','HNS','PERLA II','JUAN MANUEL LLANOS RODRIGUEZ','JUAN MANUEL LLANOS RODRIGUEZ\r'),('12','2','91','BSP','PRETENCIOSA','YN-14182','09/06/2007','BSP','PROMETIDO','BSP','SORPRESA','BLANCA SALCEDO DE PONCE','BLANCA SALCEDO DE PONCE\r'),('12','7','96','SRT','MAGISTRADA','YN-14172','20/09/2006','MSCRL','MAGISTRADO','AND','CANDELARIA','SANTA ROSA Y TOMABAL S.A.C.','SANTA ROSA Y TOMABAL S.A.C.\r'),('12','10','99','CCMV','JUSHAPE','YN-12463','13/08/2005','JR','SOY DEL PERU','AZ','ANASTASIA','CECILIA MANNUCCI VEGA','ALBERTO DE AZAMBUJA PASARA\r'),('12','11','100','BC','BELLA HURI','YN-12842','09/10/2004','BC','ECIJANO','BC','DECIDIDA','BELISARIO DE LAS CASAS PIEDRA','BELISARIO DE LAS CASAS D\'ONOFRIO\r'),('12','5','94','JRM','MANDOLINA','YN-13119','25/11/2006','AEV','EL PATRICIO','JRM','PRETORIANA','JOSE RISSO MATELLINI','RAFAEL FRANCO MONTES\r'),('12','12','101','JMLL','MELODISTA','YN-12518','27/09/2004','JRM','RESPLANDOR','MSP','CLAVELINA','JUAN MANUEL LLANOS RODRIGUEZ','JUAN MANUEL LLANOS RODRIGUEZ\r'),('12','3','92','SFL','ISIS','YN-13788','12/04/2007','AZ','JERARCA','CFF','SANANDA','SUMIKO ROCIO FUKUDA LENCI','SUMIKO ROCIO FUKUDA LENCI\r'),('12','6','95','JTA','LA PAYASA','YN-14286','06/10/2006','CCY','EMISARIO','JTA','AZUCENA','JUAN TUDELA ARAMBURU','JUAN TUDELA ARAMBURU\r'),('12','8','97','FBB','DO?A JIMENA','YN-12926','20/09/2006','AEV','DIGNATARIO','FBB','SU MAJESTAD','FERNANDO BUSTAMANTE BELAUNDE','FIDEL ERNESTO SANCHEZ ALAYO\r'),('12','9','98','JM','SIVANA','YN-12175','27/11/2005','CMV','REHEN','JM','LA SO?ADA','JUAN MANUEL RIZO PATRON B. E HIJAS','JUAN MANUEL RIZO PATRON B. E HIJAS\r'),('12','13','102','BRR','VI?A HUARALINA','YN-12225','24/09/2004','AHT','BOLERO','LMMP','VI?A','BELISARIO ROSAS RAZETO','BELISARIO ROSAS RAZETO\r'),('12','15','104','ByEP','CHIQUITA BONITA','YN-11561','24/09/2003','JD','CALUPE?O','JCL','MALAGUE?A','BARBARA Y ENRIQUE PRADO','BARBARA Y ENRIQUE PRADO\r'),('12','16','105','INP','SUSURRO','YN-09976','28/11/2002','MD','DIFERENTE','ABM','PERFUME DE','ISMAEL NOYA DE LA PIEDRA','ISMAEL NOYA DE LA PIEDRA\r'),('12','17','106','CN','UTOPIA','YN-09770','30/10/2000','AEV','DYANGO','CN','MINERVA','CERVECERIAS PERUANAS BACKUS S.A.A.','FIDEL ERNESTO SANCHEZ ALAYO\r'),('13','10','57','JRM','LIRICA','YN-15373','01/09/2010','ERM','ELEGIDO','JRM','LIBERA','JOSE RISSO MATELLINI','ABRAHAM ZAVALA FALCON\r'),('13','7','54','JR','PERLA','YN-15367','03/12/2010','JRM','PINCEL','JRM','PERUANISIMA','JOSE RISSO MONTES','JOSE RISSO MONTES\r'),('17','10','57','JRM','LIRICA','YN-15373','01/09/2010','ERM','ELEGIDO','JRM','LIBERA','JOSE RISSO MATELLINI','ABRAHAM ZAVALA FALCON\r'),('53','1','166','FyEP','EMPRESARIO','CN-02381','14/08/2011','FyEP','ACIERTO','MEAA','APURIMAC','FERNANDO Y ELSA PUGA','FERNANDO Y ELSA PUGA\r'),('53','4','214','GAN','SOLERO','CN-02483','02/02/2011','LB','FABULOSO','BC','SUSPIRO','GONZALO ANDRADE NICOLI','GONZALO ANDRADE NICOLI\r'),('19','1','166','FyEP','EMPRESARIO','CN-02381','14/08/2011','FyEP','ACIERTO','MEAA','APURIMAC','FERNANDO Y ELSA PUGA','FERNANDO Y ELSA PUGA\r'),('20','4','170','FESA','CANCILLER-TE','CN-02479','15/01/2011','LV','ACTOR','FESA','EMBAJADORA-TE','FIDEL ERNESTO SANCHEZ ALAYO','FIDEL ERNESTO SANCHEZ ALAYO\r'),('20','2','168','MSCRL','ODISEO-TE','CN-02343','19/03/2011','AEV','DIGNATARIO','JFRN','ALIESKA','CRIADERO LA MAESTRANZA SCRL','CRIADERO LA MAESTRANZA SCRL\r'),('20','5','171','MRA','BUJAMERO','CN-02503','03/01/2011','ERM','JUSTICIERO','MRA','TORMENTA','MIGUEL ARBULU ALVA','CESAR BENITES MENDOZA\r'),('20','7','173','JOR','GENERALIFE','CN-02540','11/10/2010','LV','ACTOR','JOR','PROMESA','CRIADERO JOSE ANTONIO ONRUBIA ROMERO S.A.','RAFAEL FRANCO MONTES\r'),('20','17','183','JRM','VENGADOR','CN-02564','28/09/2009','ERM','REVOLUCIONARIO','JRM','PIZPIRETA','JOSE RISSO MATELLINI','ABRAHAM ZAVALA FALCON\r'),('20','9','175','RBC','LUCHADOR','CN-02330','03/07/2010','ERM','EMBRUJO DE CACHICHE','RBC','PREFERIDA','RICARDO BUSTAMANTE CILLONIZ','GINO GUIULFO GARCIA\r'),('20','12','178','MRA','MALAMBO','CN-02198','21/01/2010','AV','EJECUTIVO','MRA','TORMENTA','MIGUEL ARBULU ALVA','CESAR BENITES MENDOZA\r'),('20','13','179','AZ','CENTURION-TE','CN-02416','11/01/2010','GAR','DELIRIO','LBL','CENTENARIA','ALBERTO DE AZAMBUJA PASARA','ALBERTO DE AZAMBUJA PASARA\r'),('20','15','181','BCD','DANUBIO','CN-02126','09/12/2009','AV','EJECUTIVO','BC','SUSPIRO','BELISARIO DE LAS CASAS D\'ONOFRIO','BELISARIO DE LAS CASAS D\'ONOFRIO\r'),('20','3','169','ACZ','DOCTOR','CN-02504','07/02/2011','*JAI','PRESTIGIO','CLVL','ACTRIZ','ARTURO CAVERO ZAVALA','ARTURO CAVERO ZAVALA\r'),('20','1','167','JCDCH','ARMERO','CN-02601','30/06/2011','JD','PREAMBULO','JD','ARMENIA','JOSE CARLOS DEXTRE CHACON','JOSE CARLOS DEXTRE CHACON\r'),('20','6','172','ERPB','PRIMOGENITO','CN-02402','17/12/2010','RHG','CATON','ERPB','PRIMACIA','ENRIQUE RIZO PATRON BAZO','GINO GUIULFO GARCIA\r'),('20','8','174','ERM','ESPARTANO','CN-02383','22/07/2010','ERM','LUNAREJO','ERM','ROMA','EDUARDO RISSO MONTES','GINO GUIULFO GARCIA\r'),('20','10','176','ACZ','SALVADOR','CN-02328','17/02/2010','*JAI','PRESTIGIO','CLVL','ACTRIZ','ARTURO CAVERO ZAVALA','ARTURO CAVERO ZAVALA\r'),('20','11','177','JBL','MISTERIOSO','CN-02396','05/02/2010','LV','MANDAMAS','CN','VENUS','JUAN ARTURO BRESCIA LUGON','JUAN ARTURO BRESCIA LUGON\r'),('20','14','180','JCDCH','VALEROSO','CN-02349','09/01/2010','CCY','EMISARIO','JCDCH','MOCITA DEL SUR','JOSE CARLOS DEXTRE CHACON','JOSE LUIS NOGUERA ZAVALA / ANA SLOCOVICH DE NOGUERA\r'),('20','16','182','MLM','MOVADO','CN-02476','27/11/2009','ERM','ROLEX','ERM','CELESTE','MICHAEL Y LINDA MEWHINNEY','RAFAEL FRANCO MONTES\r'),('20','18','184','JCDCH','CHOLOLOLO','CN-02229','23/09/2009','CCY','EMISARIO','JHBC','CANELA','JOSE CARLOS DEXTRE CHACON','JOSE CARLOS DEXTRE CHACON\r'),('21','9','193','JOR','TENOR','CN-01882','27/08/2007','LV','RETRATO','JOR','ESCENCIA','CRIADERO JOSE ANTONIO ONRUBIA ROMERO S.A.','CRIADERO JOSE ANTONIO ONRUBIA ROMERO S.A.\r'),('21','3','187','MRA','MALABRIGO','CN-01915','31/08/2008','CVD','DON VICENTE','CN','TRUJILLANA','MIGUEL ARBULU ALVA','CESAR BENITES MENDOZA\r'),('21','6','190','JMLL','SEDUCTOR','CN-02394','03/01/2008','MLL','ESTIRPE','GCD','RELIQUIA','JUAN MANUEL LLANOS RODRIGUEZ','JUAN MANUEL LLANOS RODRIGUEZ\r'),('21','8','192','JVDZ','DON ERNESTO','CN-01917','19/10/2007','GS','DON ANTONIO','JVDZ','SULLANERA','JORGE VILLACORTA DIAZ / CRIADERO LAZCAN','JENNY VILLAFUERTE FALCON\r'),('21','1','185','FESA','ECLIPSE-TE','CN-02235','19/10/2008','LV','SOL BRILLANTE','AEV','NOCHE LINDA','FIDEL ERNESTO SANCHEZ ALAYO','FIDEL ERNESTO SANCHEZ ALAYO\r'),('21','5','189','LSR','SUPER','CN-02446','12/03/2008','ASR','BANDOLERO','LSR','LLUVIA','LUIS JOSE  SAENZ RAEZ','LUIS JOSE  SAENZ RAEZ\r'),('21','7','191','BRR','EL MAJO','CN-02528','24/12/2007','AHT','BOLERO','BRR','MAJADERA','BELISARIO ROSAS RAZETO','BELISARIO ROSAS RAZETO\r'),('21','2','186','INP','CARLO MAGNO','CN-02083','13/09/2008','CVD','PATRIARCA','INP','SUSURRO','ISMAEL NOYA DE LA PIEDRA','ISMAEL NOYA DE LA PIEDRA\r'),('21','4','188','GCLP','JUPITER','CN-02507','03/07/2008','AV','EJECUTIVO','GCLP','RECUPERADA','GIORGIO CROLLE LORO PIANA','CESAR VERA ARBAIZA\r'),('22','3','197','DMCB','DON BARTOLO','CN-02426','15/09/2006','PK','PRIMOROSO','DMCB','CACHINA','DANIEL MEZA CUADRA BUCKLEY','DANIEL MEZA CUADRA BUCKLEY\r'),('22','5','199','JD','PALOMO','CN-01728','11/11/2005','ERB','REY SOL','JD','ZAFRA','JORGE DYER DE LAS CASAS','JORGE LUIS OTOYA CABRERA\r'),('22','4','198','FESA','MAJESTUOSO','CN-02347','30/04/2006','JRM','RETORNO','JR','MAJESTUOSA','FIDEL ERNESTO SANCHEZ ALAYO','FIDEL ERNESTO SANCHEZ ALAYO\r'),('22','6','200','CFF','DORADO','CN-02036','15/08/2005','JR','SOY DEL PERU','CFF','DORADA','CARLOS FUKUDA FUKUDA','CARLOS FUKUDA FUKUDA\r'),('22','8','213','INP','CARACOL','CN-01468','16/01/2004','AV','MALVAVISCO','INP','CARACOLETA','ISMAEL NOYA DE LA PIEDRA','GLADYS NELLY ALARCON CANCHARI\r'),('22','2','196','VCB','MI NEGRITO','CN-02050','27/11/2006','HNS','EL NEGRO','VCB','LUCUMA','VICTOR CASTRO BARBIERI','GLADYS NELLY ALARCON CANCHARI\r'),('22','7','201','CVD','PATRIARCA','CN-01971','10/05/2005','LV','JEREZANO','AZ','ACUARELA','CARLOS VICENTE VILLACORTA DIAZ','ALFONSO VALMORE GARCIA GARCIA\r'),('22','1','194','AZF','IMPACTO','CN-02074','14/03/2007','LV','SOL BRILLANTE','VGB','IBERICA','ABRAHAM ZAVALA FALCON','FIORELLA NADIA TOMATIS KORRODI\r'),('23','2','203','JyEP','PINTADO','CN-01315','02/07/2001','JyEP','PRIVILEGIO','JyEP','PERFUME','JULIO Y EDITH PESCHIERA','ISMAEL NOYA DE LA PIEDRA\r'),('23','1','202','ACZ','ALTANERO','CN-01260','14/06/2003','LV','MAGISTRAL','JAF','FIESTAS PATRIAS','ARTURO CAVERO ZAVALA','ARTURO CAVERO ZAVALA\r'),('55','5','197','DMCB','DON BARTOLO','CN-02426','15/09/2006','PK','PRIMOROSO','DMCB','CACHINA','DANIEL MEZA CUADRA BUCKLEY','DANIEL MEZA CUADRA BUCKLEY\r'),('55','1','170','FESA','CANCILLER-TE','CN-02479','15/01/2011','LV','ACTOR','FESA','EMBAJADORA-TE','FIDEL ERNESTO SANCHEZ ALAYO','FIDEL ERNESTO SANCHEZ ALAYO\r'),('26','9','115','MRA','MANDARIN','PN-10491','02/10/2013','JEB','IRREVERENTE','MRA','MALAYA','MIGUEL ARBULU ALVA','MIGUEL ARBULU ALVA\r'),('26','12','118','JOR','SOBERBIO','PN-10423','08/09/2013','AEV','EL PATRICIO','JOR','FILIGRANA','CRIADERO JOSE ANTONIO ONRUBIA ROMERO S.A.','CRIADERO JOSE ANTONIO ONRUBIA ROMERO S.A.\r'),('26','3','109','FER','EL SORO','PN-10430','23/01/2014','AEV','EL MELLIZO-TE','AV','SOBERANA I','FERNANDO RISSO MONTES','FERNANDO RISSO MONTES\r'),('26','13','119','JR','ALBOROTO','PN-09981','01/08/2013','JEB','DANDY-TE','MEAA','AVENTURA','JOSE RISSO MONTES','JOSE RISSO MONTES\r'),('26','6','112','CFF','IMPACTO','PN-10128','17/10/2013','CFF','HORUS','SFL','ISIS','CARLOS FUKUDA FUKUDA','CARLOS FUKUDA FUKUDA\r'),('26','4','110','CFF','CAMPEADOR','PN-10446','04/01/2014','JRM','LABRADOR','CFF','CAMPEADORA','CARLOS FUKUDA FUKUDA','CARLOS FUKUDA FUKUDA\r'),('26','10','116','ERPB','CADIZ','PN-10389','26/09/2013','JEB','DANDY-TE','ERPB','RONDA','ENRIQUE RIZO PATRON BAZO','ENRIQUE RIZO PATRON BAZO / HACIENDA MAMACONA\r'),('26','1','107','RCCL','AMIGO-TE','PN-10649','25/03/2014','AHT','SARRACENO','RCCL','SANTA BARBARA','RENZO CROLLE CLAUX','GIORGIO CROLLE LORO PIANA / ARTURO CAVERO ZAVALA\r'),('26','2','108','JCDCH','DON SOL-TE','PN-10521','28/01/2014','LAG','VALENTINO','AZ','REALEZA','JOSE CARLOS DEXTRE CHACON','JOSE CARLOS DEXTRE CHACON\r'),('26','5','111','JCDCH','VICTORIOSO - TE','PN-10448','01/01/2014','LAG','TRIBUNO','JD','AZUCAR','JOSE CARLOS DEXTRE CHACON','JOSE CARLOS DEXTRE CHACON\r'),('26','7','113','JAGT','AUTOR','PN-10374','11/10/2013','JEB','IRREVERENTE','JRM','LUJURIA','JOSE ALEJANDRO GOMEZ DE LA TORRE MIRANDA','JOSE ALEJANDRO GOMEZ DE LA TORRE MIRANDA\r'),('26','8','114','GBC','GRANDIOSO','PN-10557','03/10/2013','AEV','DIGNATARIO','JMLL','OSADIA','GEETA BALANI','GEETA BALANI\r'),('26','11','117','OAMS','FESTEJO','PN-10221','24/09/2013','OAMS','ALTANERO','OAMS','CANDELA','ALBERTO MASSARO SILVA','ALBERTO MASSARO SILVA\r'),('27','7','126','MRA','CAYETANO','PN-09974','05/12/2012','JEB','IRREVERENTE','MRA','MALAGA','MIGUEL ARBULU ALVA','MIGUEL ARBULU ALVA\r'),('27','5','124','JCDCH','PREFERENTE','PN-10059','17/02/2013','JEB','IRREVERENTE','JCDCH','PEPITA DEL SUR','JOSE CARLOS DEXTRE CHACON','JOSE CARLOS DEXTRE CHACON\r'),('27','3','122','GAN','CERTERO','PN-10386','15/04/2013','JMLL','AGRESOR','BC','SUSPIRO','GONZALO ANDRADE NICOLI','GONZALO ANDRADE NICOLI\r'),('27','4','123','JAGT','BARBARESCO','PN-10057','03/04/2013','JAGT','AMIR','JAGT','AMBROSIA','JOSE ALEJANDRO GOMEZ DE LA TORRE MIRANDA','JOSE ALEJANDRO GOMEZ DE LA TORRE MIRANDA\r'),('27','1','120','GAN','LABRIEGO','PN-10444','09/05/2013','JRM','LABRADOR','GAN','MARIA FIESTA','GONZALO ANDRADE NICOLI','GONZALO ANDRADE NICOLI/ASOC. TRADICIONES COSTUMBRISTAS\r'),('27','9','128','MSCRL','PALANGANO','PN-09535','26/07/2012','MSCRL','LUCUMO','CBB','PALANGANA','CRIADERO LA MAESTRANZA SCRL','CRIADERO LA MAESTRANZA SCRL\r'),('27','6','125','WPA','CORTESANO','PN-10125','22/12/2012','AV','PINTURERO','PBV','EROILA','WALTER NERY PE?A ALDEA','WALTER NERY PE?A ALDEA\r'),('27','2','121','RCM','CITADINO-TE','PN-09927','03/05/2013','LV','ACTOR','LV','CITA','RENZO CAROZZI MORALES/CRIADERO EL CRIOLLO','RENZO CAROZZI M/FABRIZIO Y ALESSANDRO CAROZZI S\r'),('27','8','127','JM','TIBETANO','PN-09800','13/09/2012','JEB','DANDY-TE','JM','SIVANA','JUAN MANUEL RIZO PATRON B. E HIJAS','JUAN MANUEL RIZO PATRON B. E HIJAS\r'),('28','2','115','MRA','MANDARIN','PN-10491','02/10/2013','JEB','IRREVERENTE','MRA','MALAYA','MIGUEL ARBULU ALVA','MIGUEL ARBULU ALVA\r'),('29','3','131','AHT','CARLO MAGNO','PN-09609','27/04/2012','AHT','RAJADIABLOS','AHT','LIME?A','ANTONIO HUDTWALCKER TEIXEIRA','ANTONIO HUDTWALCKER TEIXEIRA\r'),('29','10','138','LV','EL CAMPEADOR','PN-09540','14/09/2011','LV','ALTIVO','LV','ESTAMPA','LUIS VASQUEZ NACARINO','CESAR BENITES MENDOZA\r'),('29','2','130','GAN','LE?ADOR','PN-09769','05/05/2012','JRM','LABRADOR','BC','SUSPIRO','GONZALO ANDRADE NICOLI','GONZALO ANDRADE NICOLI\r'),('29','4','132','JR','GENTIL','PN-09511','11/03/2012','JEB','DANDY-TE','JR','GENEROSA','JOSE RISSO MONTES','JOSE RISSO MONTES\r'),('29','1','129','FC','VERBENERO','PN-10538','05/06/2012','FC','ECIJANO','FC','LA VERBENA','FERNANDO CERUTI COGORNO','FERNANDO CERUTI COGORNO\r'),('29','9','137','NVG','HEREDERO','PN-09199','14/09/2011','CEC','VIAJERO','NVG','PIEDRA ROMI','NAZARIO VILLAFUERTE GUARDIA','NAZARIO VILLAFUERTE GUARDIA/NAZARIO VILLAFUERTE FALCON\r'),('29','5','133','FESA','SUMAQ','PN-10807','19/01/2012','ERM','ELEGIDO','ERM','CELESTE','FIDEL ERNESTO SANCHEZ ALAYO','FIDEL ERNESTO SANCHEZ ALAYO\r'),('29','6','134','GBC','PEREGRINO','PN-10556','15/01/2012','MLL','FINA ESTAMPA','GBC','ARIANA','GEETA BALANI','GEETA BALANI\r'),('29','7','135','PYR','VICTORIOSO','PN-09955','30/11/2011','JJP','SOL DE PIURA','PYR','PRESUMIDA','PABLO YSAUL RIVERA CHAVEZ','ANIBAL ANTONIO LAVADO OLIVERA\r'),('29','8','136','JJP','CLAVIJO','PN-10559','20/11/2011','FPC','ENGREIDO','JJP','HERENCIA','CRIADERO JORGE JUAN PINILLOS COX','CRIADERO JORGE JUAN PINILLOS COX\r'),('30','3','131','AHT','CARLO MAGNO','PN-09609','27/04/2012','AHT','RAJADIABLOS','AHT','LIME?A','ANTONIO HUDTWALCKER TEIXEIRA','ANTONIO HUDTWALCKER TEIXEIRA\r'),('31','3','141','AZ','CORSARIO I','PN-08965','03/10/2010','PK','POTRILLAZO','RCC','COQUETA','ALBERTO DE AZAMBUJA PASARA','ALBERTO DE AZAMBUJA PASARA\r'),('31','6','144','CBM','ECLIPSE','PN-08927','06/03/2010','AV','EJECUTIVO','CCC','CHICAMA','CESAR BENITES MENDOZA','CESAR BENITES MENDOZA\r'),('31','2','140','JRM','PINTON','PN-08916','04/10/2010','ERM','ESPONTANEO','JRM','PIZPIRETA','JOSE RISSO MATELLINI','CRIADERO R S.A.C.\r'),('31','7','145','CEC','FAVORITO','PN-08444','13/12/2009','CCY','EMISARIO','PK','LA FAVORITA','RENZO Y ROSSANA CAROZZI MORALES/CRIADERO EL CRIOLLO','RENZO CAROZZI MORALES/CRIADERO EL CRIOLLO\r'),('31','10','148','FyEP','CAMINANTE','PN-08371','17/07/2009','LV','ACTOR','FyEP','CHINA LINDA','FERNANDO Y ELSA PUGA','FERNANDO Y ELSA PUGA\r'),('31','9','147','AHT','FARSANTE','PN-08376','12/08/2009','AEV','CISNE','JRM','DIFORZADA','ANTONIO HUDTWALCKER TEIXEIRA','MICHAEL FOX RUDVALL\r'),('31','11','149','FESA','EL SULTAN-TE','PN-09538','06/07/2009','MSP','TELEMACO','JZ','IRONIA','FIDEL ERNESTO SANCHEZ ALAYO','FIDEL ERNESTO SANCHEZ ALAYO\r'),('31','1','139','JM','FISCAL-TE','PN-09100','28/01/2011','LV','EXPRESO','JM','LA SO?ADA','JUAN MANUEL RIZO PATRON B. E HIJAS','JUAN MANUEL RIZO PATRON B. E HIJAS\r'),('31','4','142','JOR','SENADOR','PN-08725','01/10/2010','LV','ACTOR','JOR','LA DIVA','CRIADERO JOSE ANTONIO ONRUBIA ROMERO S.A.','CRIADERO JOSE ANTONIO ONRUBIA ROMERO S.A.\r'),('31','5','143','ACZ','TULIPAN','PN-09037','02/09/2010','*JAI','PRESTIGIO','*AR','ELEONORA','ARTURO CAVERO ZAVALA','ARTURO CAVERO ZAVALA\r'),('31','8','146','NVF','PRETENDIENTE','PN-08635','17/11/2009','MLL','ESTIRPE','NVF','PRIMOGENITA','NAZARIO VILLAFUERTE FALCON','NAZARIO VILLAFUERTE GUARDIA/NAZARIO VILLAFUERTE FALCON\r'),('32','7','156','JOR','SE?OR DE SE?ORES','PN-07898','04/08/2007','JLR','GRAN SE?OR','JOR','DIVINA','CRIADERO JOSE ANTONIO ONRUBIA ROMERO S.A.','CRIADERO JOSE ANTONIO ONRUBIA ROMERO S.A.\r'),('32','3','152','OV','CASIQUE','PN-08642','15/04/2008','FTV','PAYANDE','OV','PERFUME','OSCAR VILCHEZ CHAMOCHUMBI','CARLOS PACHECO VILLAVICENCIO\r'),('32','4','153','JFRN','DON GABRIEL','PN-08995','07/04/2008','AEV','EL PATRICIO','JFRN','MARIA MILAGROS','JUAN FRANCISCO RAFFO NOVELLI / CRIADERO ALTO PRADO','CRIADERO LA MAESTRANZA SCRL\r'),('32','2','151','ALM','EXCLUSIVO DE MALA','PN-08692','04/02/2009','LV','MANDAMAS','ALM','FINURA DE MALA','AURELIO LORET DE MOLA BOHME','AURELIO LORET DE MOLA BOHME\r'),('32','1','150','ABB','ROMANO','PN-10500','14/04/2009','AV','EJECUTIVO','JRM','AFRICANA','JOSE ALBERTO BARRENA BERROSPI','JOSE ALBERTO BARRENA BERROSPI\r'),('32','5','154','FNC','OLIVO','PN-07943','07/12/2007','MEAA','APRECIADO','FNC','ISABELLA','JOSE LUIS NORIEGA ZEGARRA / CRIADERO NORIEGA HERMANOS','JORGE FRANCISCO DE LA FLOR BARATTA\r'),('32','6','155','JLK','REFLEJO','PN-08806','16/10/2007','LV','RETRATO','JLK','MENSAJERA','JUAN LUIS KRUGER CARRION','MANUEL ANTONIO MANRIQUE FIGUEROA\r'),('33','4','160','JVDZ','SOL DEL PERU','PN-07031','17/01/2006','LV','MANDAMAS','CFF','PERRICHOLI','JORGE VILLACORTA DIAZ / CRIADERO LAZCAN','JORGE VILLACORTA DIAZ / CRIADERO LAZCAN\r'),('33','9','165','RHG','SOLIMAN','PN-05584','05/02/2002','JD','CALUPE?O','CFF','DINASTIA','RICHARD HALE GARCIA','FIDEL ERNESTO SANCHEZ ALAYO\r'),('33','6','162','LSC','CACHICHE','PN-09965','28/08/2005','VCB','KEOMA','LSC','BRUJA DE CACHICHE','LUIS FERNANDO SUAREZ CA?EDO','LUIS FERNANDO SUAREZ CA?EDO\r'),('33','7','163','*EG','EMPERADOR','PI-00314','17/03/2004','EG','MONTERO','MCD','EMPERATRIZ DE ROMA','EDIE GANDY','MICHAEL FOX RUDVALL\r'),('33','2','158','JMLL','JOSELITO','PN-08386','02/06/2006','JRM','RESPLANDOR','HNS','PERLA II','JUAN MANUEL LLANOS RODRIGUEZ','JUAN MANUEL LLANOS RODRIGUEZ\r'),('33','8','164','JD','PREAMBULO','PN-05871','02/07/2002','JD','PRETENDIDO','JD','AMBAR','JORGE DYER DE LAS CASAS','JORGE DYER DE LAS CASAS\r'),('33','3','159','FCY','BUEN MOZO','PN-07644','19/04/2006','CYU','INSURGENTE','ASR','BUGAMBILLA','FRANCO CORNO YORI','FRANCO CORNO YORI / HUGO HUERTAS DEL PINO UTRILLA\r'),('33','5','161','RML','AGUAYMANTO','PN-07275','06/11/2005','LV','ACTOR','GMC','GALERA','RAIMUNDO MORALES LLOSA','LUIS CARLOS IGLESIAS LEON\r'),('33','1','157','CYU','EXIGENTE','PN-07538','06/02/2007','CYU','INSURGENTE','CYU','ANDARITA','CARLOS YORI UMLAUFF','LUIS HUMBERTO TRAVERSO RAMIREZ\r'),('35','3','156','JOR','SE?OR DE SE?ORES','PN-07898','04/08/2007','JLR','GRAN SE?OR','JOR','DIVINA','CRIADERO JOSE ANTONIO ONRUBIA ROMERO S.A.','CRIADERO JOSE ANTONIO ONRUBIA ROMERO S.A.\r'),('35','1','141','AZ','CORSARIO I','PN-08965','03/10/2010','PK','POTRILLAZO','RCC','COQUETA','ALBERTO DE AZAMBUJA PASARA','ALBERTO DE AZAMBUJA PASARA\r'),('37','1','141','AZ','CORSARIO I','PN-08965','03/10/2010','PK','POTRILLAZO','RCC','COQUETA','ALBERTO DE AZAMBUJA PASARA','ALBERTO DE AZAMBUJA PASARA\r'),('37','3','156','JOR','SE?OR DE SE?ORES','PN-07898','04/08/2007','JLR','GRAN SE?OR','JOR','DIVINA','CRIADERO JOSE ANTONIO ONRUBIA ROMERO S.A.','CRIADERO JOSE ANTONIO ONRUBIA ROMERO S.A.\r'),('41','5','197','DMCB','DON BARTOLO','CN-02426','15/09/2006','PK','PRIMOROSO','DMCB','CACHINA','DANIEL MEZA CUADRA BUCKLEY','DANIEL MEZA CUADRA BUCKLEY\r'),('41','1','170','FESA','CANCILLER-TE','CN-02479','15/01/2011','LV','ACTOR','FESA','EMBAJADORA-TE','FIDEL ERNESTO SANCHEZ ALAYO','FIDEL ERNESTO SANCHEZ ALAYO\r'),('64','1','57','JRM','LIRICA','YN-15373','01/09/2010','ERM','ELEGIDO','JRM','LIBERA','JOSE RISSO MATELLINI','ABRAHAM ZAVALA FALCON\r'),('64','3','71','LAG','NOVA','YN-15060','21/09/2009','AEV','NUEVO REY','LAG','MILONGA','LUIS ALEJANDRO GONZALEZ LEOPARDI','ALFONSO VALMORE GARCIA GARCIA\r'),('43','1','141','AZ','CORSARIO I','PN-08965','03/10/2010','PK','POTRILLAZO','RCC','COQUETA','ALBERTO DE AZAMBUJA PASARA','ALBERTO DE AZAMBUJA PASARA\r'),('43','3','156','JOR','SE?OR DE SE?ORES','PN-07898','04/08/2007','JLR','GRAN SE?OR','JOR','DIVINA','CRIADERO JOSE ANTONIO ONRUBIA ROMERO S.A.','CRIADERO JOSE ANTONIO ONRUBIA ROMERO S.A.\r'),('45','1','207','JOR','IMPACTO','CN-02086','24/10/2008','LV','SOL BRILLANTE','JOR','LA DIVA','CRIADERO JOSE ANTONIO ONRUBIA ROMERO S.A.','CRIADERO JOSE ANTONIO ONRUBIA ROMERO S.A.\r'),('45','2','195','JMLL','SATURNO','CN-02210','17/02/2007','JRM','RESPLANDOR','','ADINERADA CAYALTI','JUAN MANUEL LLANOS RODRIGUEZ','JUAN MANUEL LLANOS RODRIGUEZ\r'),('45','3','197','DMCB','DON BARTOLO','CN-02426','15/09/2006','PK','PRIMOROSO','DMCB','CACHINA','DANIEL MEZA CUADRA BUCKLEY','DANIEL MEZA CUADRA BUCKLEY\r'),('46','2','57','JRM','LIRICA','YN-15373','01/09/2010','ERM','ELEGIDO','JRM','LIBERA','JOSE RISSO MATELLINI','ABRAHAM ZAVALA FALCON\r'),('46','1','205','FyEP','PROLIJA','YN-13005','19/04/2006','AEV','DIGNATARIO','FyEP','CHINA LINDA','FERNANDO Y ELSA PUGA','FERNANDO Y ELSA PUGA\r'),('47','3','141','AZ','CORSARIO I','PN-08965','03/10/2010','PK','POTRILLAZO','RCC','COQUETA','ALBERTO DE AZAMBUJA PASARA','ALBERTO DE AZAMBUJA PASARA\r'),('47','1','208','JVDZ','DON LUIS','PN-07489','28/06/2007','LB','FABULOSO','JVDZ','FLOR DE AZPITIA','JORGE VILLACORTA DIAZ / CRIADERO LAZCAN','JORGE VILLACORTA DIAZ / CRIADERO LAZCAN\r'),('47','2','165','RHG','SOLIMAN','PN-05584','05/02/2002','JD','CALUPE?O','CFF','DINASTIA','RICHARD HALE GARCIA','FIDEL ERNESTO SANCHEZ ALAYO\r'),('15','1','40','AZF','CONSISTENCIA','YN-15782','18/12/2011','JRM','PINCEL','AZF','IBIZA','ABRAHAM ZAVALA FALCON','ABRAHAM ZAVALA FALCON\r'),('15','1','78','AZF','BARCELONA','YN-14029','27/09/2008','AEV','EL PATRICIO','AZF','IBIZA','ABRAHAM ZAVALA FALCON','ABRAHAM ZAVALA FALCON\r'),('15','2','50','FyEP','ESENCIA','YN-15747','18/03/2011','AEV','DIGNATARIO','FyEP','CHINA LINDA','FERNANDO Y ELSA PUGA','FERNANDO Y ELSA PUGA\r'),('15','2','205','FyEP','PROLIJA','YN-13005','19/04/2006','AEV','DIGNATARIO','FyEP','CHINA LINDA','FERNANDO Y ELSA PUGA','FERNANDO Y ELSA PUGA\r'),('15','3','204','JR','CANDELARIA','YN-16277','01/07/2012','JRM','PINCEL','JRM','MAJADERA','JOSE RISSO MONTES','JOSE RISSO MONTES\r'),('15','3','47','JR','CAMELIA','YN-15773','20/07/2011','JRM','PINCEL','JRM','MAJADERA','JOSE RISSO MONTES','JOSE RISSO MONTES\r'),('16','2','46','JR','BELLEZA','YN-15775','16/09/2011','JRM','PINCEL','AZF','BONANZA','JOSE RISSO MONTES','JOSE RISSO MONTES\r'),('16','2','47','JR','CAMELIA','YN-15773','20/07/2011','JRM','PINCEL','JRM','MAJADERA','JOSE RISSO MONTES','JOSE RISSO MONTES\r'),('16','2','54','JR','PERLA','YN-15367','03/12/2010','JRM','PINCEL','JRM','PERUANISIMA','JOSE RISSO MONTES','JOSE RISSO MONTES\r'),('16','2','56','JR','PINTURA','YN-15368','17/10/2010','JRM','PINCEL','JR','LA DO?A','JOSE RISSO MONTES','JOSE RISSO MONTES\r'),('16','2','81','JR','GENEROSA','YN-13951','10/09/2008','MSCRL','MAGISTRADO','MSCRL','GRANADILLA','JOSE RISSO MONTES','JOSE RISSO MONTES\r'),('16','1','50','FyEP','ESENCIA','YN-15747','18/03/2011','AEV','DIGNATARIO','FyEP','CHINA LINDA','FERNANDO Y ELSA PUGA','FERNANDO Y ELSA PUGA\r'),('16','1','61','FyEP','DIFERENCIA','YN-15604','25/02/2010','AEV','CISNE','FyEP','AVENTURA','FERNANDO Y ELSA PUGA','FERNANDO Y ELSA PUGA\r'),('16','1','205','FyEP','PROLIJA','YN-13005','19/04/2006','AEV','DIGNATARIO','FyEP','CHINA LINDA','FERNANDO Y ELSA PUGA','FERNANDO Y ELSA PUGA\r'),('16','2','73','JRM','HEREDERA','YN-14566','01/09/2009','ERM','ESPONTANEO','JRM','LAGRIMA','JOSE RISSO MATELLINI','JOSE RISSO MONTES\r'),('25','1','171','MRA','BUJAMERO','CN-02503','03/01/2011','ERM','JUSTICIERO','MRA','TORMENTA','MIGUEL ARBULU ALVA','CESAR BENITES MENDOZA\r'),('25','1','178','MRA','MALAMBO','CN-02198','21/01/2010','AV','EJECUTIVO','MRA','TORMENTA','MIGUEL ARBULU ALVA','CESAR BENITES MENDOZA\r'),('25','1','187','MRA','MALABRIGO','CN-01915','31/08/2008','CVD','DON VICENTE','CN','TRUJILLANA','MIGUEL ARBULU ALVA','CESAR BENITES MENDOZA\r'),('25','2','172','ERPB','PRIMOGENITO','CN-02402','17/12/2010','RHG','CATON','ERPB','PRIMACIA','ENRIQUE RIZO PATRON BAZO','GINO GUIULFO GARCIA\r'),('25','2','174','ERM','ESPARTANO','CN-02383','22/07/2010','ERM','LUNAREJO','ERM','ROMA','EDUARDO RISSO MONTES','GINO GUIULFO GARCIA\r'),('25','2','175','RBC','LUCHADOR','CN-02330','03/07/2010','ERM','EMBRUJO DE CACHICHE','RBC','PREFERIDA','RICARDO BUSTAMANTE CILLONIZ','GINO GUIULFO GARCIA\r'),('34','1','47','JR','CAMELIA','YN-15773','20/07/2011','JRM','PINCEL','JRM','MAJADERA','JOSE RISSO MONTES','JOSE RISSO MONTES\r'),('34','1','54','JR','PERLA','YN-15367','03/12/2010','JRM','PINCEL','JRM','PERUANISIMA','JOSE RISSO MONTES','JOSE RISSO MONTES\r'),('34','1','56','JR','PINTURA','YN-15368','17/10/2010','JRM','PINCEL','JR','LA DO?A','JOSE RISSO MONTES','JOSE RISSO MONTES\r'),('34','1','204','JR','CANDELARIA','YN-16277','01/07/2012','JRM','PINCEL','JRM','MAJADERA','JOSE RISSO MONTES','JOSE RISSO MONTES\r'),('34','1','206','JR','MISTICO-TE','PN-09595','03/12/2012','JRM','PINCEL','JRM','MARIONETA','JOSE RISSO MONTES','JOSE RISSO MONTES\r'),('34','2','90','JMLL','SOBERBIA','YN-14936','14/06/2007','JRM','RESPLANDOR','HNS','PERLA II','JUAN MANUEL LLANOS RODRIGUEZ','JUAN MANUEL LLANOS RODRIGUEZ\r'),('34','2','101','JMLL','MELODISTA','YN-12518','27/09/2004','JRM','RESPLANDOR','MSP','CLAVELINA','JUAN MANUEL LLANOS RODRIGUEZ','JUAN MANUEL LLANOS RODRIGUEZ\r'),('34','2','195','JMLL','SATURNO','CN-02210','17/02/2007','JRM','RESPLANDOR','','ADINERADA CAYALTI','JUAN MANUEL LLANOS RODRIGUEZ','JUAN MANUEL LLANOS RODRIGUEZ\r'),('34','2','158','JMLL','JOSELITO','PN-08386','02/06/2006','JRM','RESPLANDOR','HNS','PERLA II','JUAN MANUEL LLANOS RODRIGUEZ','JUAN MANUEL LLANOS RODRIGUEZ\r'),('44','1','205','FyEP','PROLIJA','YN-13005','19/04/2006','AEV','DIGNATARIO','FyEP','CHINA LINDA','FERNANDO Y ELSA PUGA','FERNANDO Y ELSA PUGA\r'),('44','1','166','FyEP','EMPRESARIO','CN-02381','14/08/2011','FyEP','ACIERTO','MEAA','APURIMAC','FERNANDO Y ELSA PUGA','FERNANDO Y ELSA PUGA\r'),('44','1','148','FyEP','CAMINANTE','PN-08371','17/07/2009','LV','ACTOR','FyEP','CHINA LINDA','FERNANDO Y ELSA PUGA','FERNANDO Y ELSA PUGA\r');

/*Table structure for table `tournaments` */

DROP TABLE IF EXISTS `tournaments`;

CREATE TABLE `tournaments` (
  `id` int(10) unsigned NOT NULL AUTO_INCREMENT,
  `description` varchar(200) NOT NULL,
  `date_begin` date DEFAULT NULL,
  `date_end` date DEFAULT NULL,
  `type` enum('jury','wjury') NOT NULL DEFAULT 'jury',
  `status` enum('inactive','active','journal','final','deleted') NOT NULL DEFAULT 'inactive',
  PRIMARY KEY (`id`)
) ENGINE=InnoDB AUTO_INCREMENT=2 DEFAULT CHARSET=utf8;

/*Data for the table `tournaments` */

insert  into `tournaments`(`id`,`description`,`date_begin`,`date_end`,`type`,`status`) values (1,'XXXVII CONCURSO DEPARTAMENTAL DEL CABALLO PERUANO DE PASO','2015-11-06','2015-11-08','jury','active');

/*Table structure for table `users` */

DROP TABLE IF EXISTS `users`;

CREATE TABLE `users` (
  `id` int(10) unsigned NOT NULL AUTO_INCREMENT,
  `names` varchar(50) NOT NULL,
  `lastname` varchar(80) NOT NULL,
  `user` varchar(15) NOT NULL,
  `password` varchar(100) NOT NULL,
  `login` tinyint(1) unsigned NOT NULL,
  `remember_token` varchar(50) DEFAULT NULL,
  `profile` enum('admin','commissar','jury','operator','general_commissar') NOT NULL,
  `status` enum('active','inactive') NOT NULL DEFAULT 'active',
  PRIMARY KEY (`id`)
) ENGINE=InnoDB AUTO_INCREMENT=8 DEFAULT CHARSET=utf8;

/*Data for the table `users` */

insert  into `users`(`id`,`names`,`lastname`,`user`,`password`,`login`,`remember_token`,`profile`,`status`) values (1,'Miguel','Pazo Snchez','admin','$2y$10$4H4J2nPfxtfujPYxdcqAROboWri0X2C2La1FJY9KEQ6nY8TwIhS2e',0,'N9QIUqwo7XCG9xXboAfEQftoipgEtYMrBO7PfPO685jylZFlHM','admin','active'),(2,'Jose','Canario','comisario','$2y$10$jj9x0cNGKCb4YhnFzvSXZ.giSRpcpzT5LP8CcCQ.Az7l8CHNXWtom',0,'Ni18MUHYqeNBRcW52vpqqfqqc8UbNlqDGcphXIcJhbjTvX53yE','commissar','active'),(3,'Roque','Benavides','jurado1','$2y$10$ZtAzyg6gtEH72hw6GpRUwOgOvcU87N4duubTA2pK7Eo78kHSaxVIi',0,'xoibyx91cpJDnnLmNOIfZb3TBd3gwhArcmZYWyesjUW38hAThS','jury','active'),(4,'Ernesto','Roca','jurado2','$2y$10$8fkJzO2lkPqx3egjIjGs1O8Vidti87xFDzmEwKAKCEoc4UQlKvI9a',0,'FSxtisDstb4WidlMrYnLFQA9qlMQ9yOK8Ltef8tyCPyiAbeJnl','jury','active'),(5,'Luis Pablo','Vasquez','jurado3','$2y$10$4xwAE8n0d2c54cWdmt5RLurNiHk9hCIKw19ktKbmmoOXD15K5G.Aq',0,'AA1936hXh6qxvY2naBU8Id2mDrmRHsRMGu1xYTynwS3plnBzHf','jury','active'),(6,'Miguel','Pazo','oper1','$2y$10$xPvEW6GhjsdO5o49ff1wJ.9EeNYrTKqcPqWFKLmHBty412BBUf44u',1,'hurAZsXfKF2MtJlhNvlJ613hOVvPKzpAAjYJkaxVQFze9Qrn8i','operator','active'),(7,'miguel','pazo','gcomisario','$2y$10$9VAlEPyT2z6plFO/HcxziuCTyraI6bdN./MMzTvyt4YBS3qm.NTtq',1,NULL,'general_commissar','active');

/*Table structure for table `animal_report` */

DROP TABLE IF EXISTS `animal_report`;

/*!50001 DROP VIEW IF EXISTS `animal_report` */;
/*!50001 DROP TABLE IF EXISTS `animal_report` */;

/*!50001 CREATE TABLE  `animal_report`(
 `id` int(10) unsigned ,
 `code` varchar(20) ,
 `name` varchar(60) ,
 `birthdate` varchar(10) ,
 `prefix` varchar(20) ,
 `breeder` varchar(201) ,
 `owner` varchar(201) ,
 `mom_prefix` varchar(20) ,
 `mom_name` varchar(60) ,
 `dad_prefix` varchar(20) ,
 `dad_name` varchar(60) 
)*/;

/*Table structure for table `animal_report_short` */

DROP TABLE IF EXISTS `animal_report_short`;

/*!50001 DROP VIEW IF EXISTS `animal_report_short` */;
/*!50001 DROP TABLE IF EXISTS `animal_report_short` */;

/*!50001 CREATE TABLE  `animal_report_short`(
 `id` int(10) unsigned ,
 `name` varchar(60) ,
 `prefix` varchar(20) ,
 `names` varchar(100) ,
 `lastnames` varchar(100) 
)*/;

/*Table structure for table `animal_tournament` */

DROP TABLE IF EXISTS `animal_tournament`;

/*!50001 DROP VIEW IF EXISTS `animal_tournament` */;
/*!50001 DROP TABLE IF EXISTS `animal_tournament` */;

/*!50001 CREATE TABLE  `animal_tournament`(
 `tournament_id` int(10) unsigned ,
 `animal_id` int(10) unsigned ,
 `total_categories` bigint(21) ,
 `prefix` varchar(20) ,
 `name` varchar(60) ,
 `code` varchar(20) ,
 `birthdate` varchar(10) ,
 `owner` varchar(100) 
)*/;

/*Table structure for table `animal_tournament_short` */

DROP TABLE IF EXISTS `animal_tournament_short`;

/*!50001 DROP VIEW IF EXISTS `animal_tournament_short` */;
/*!50001 DROP TABLE IF EXISTS `animal_tournament_short` */;

/*!50001 CREATE TABLE  `animal_tournament_short`(
 `tournament_id` int(10) unsigned ,
 `animal_id` int(10) unsigned ,
 `total_categories` bigint(21) 
)*/;

/*View structure for view animal_report */

/*!50001 DROP TABLE IF EXISTS `animal_report` */;
/*!50001 DROP VIEW IF EXISTS `animal_report` */;

/*!50001 CREATE ALGORITHM=UNDEFINED DEFINER=`root`@`localhost` SQL SECURITY DEFINER VIEW `animal_report` AS select `a`.`id` AS `id`,`a`.`code` AS `code`,`a`.`name` AS `name`,date_format(`a`.`birthdate`,'%d-%m-%Y') AS `birthdate`,`c`.`prefix` AS `prefix`,trim(concat(if(isnull(`c`.`names`),'',`c`.`names`),' ',if(isnull(`c`.`lastnames`),'',`c`.`lastnames`))) AS `breeder`,trim(concat(if(isnull(`e`.`names`),'',`e`.`names`),' ',if(isnull(`e`.`lastnames`),'',`e`.`lastnames`))) AS `owner`,`mom`.`prefix` AS `mom_prefix`,`mom`.`name` AS `mom_name`,`dad`.`prefix` AS `dad_prefix`,`dad`.`name` AS `dad_name` from ((((((`animals` `a` left join `animal_agent` `b` on(((`b`.`animal_id` = `a`.`id`) and (`b`.`type` = 'breeder')))) left join `agents` `c` on((`c`.`id` = `b`.`agent_id`))) left join `animal_agent` `d` on(((`d`.`animal_id` = `a`.`id`) and (`d`.`type` = 'owner')))) left join `agents` `e` on((`e`.`id` = `d`.`agent_id`))) left join `animal_report_short` `mom` on((`mom`.`id` = `a`.`mom`))) left join `animal_report_short` `dad` on((`dad`.`id` = `a`.`dad`))) where isnull(`a`.`deleted_at`) */;

/*View structure for view animal_report_short */

/*!50001 DROP TABLE IF EXISTS `animal_report_short` */;
/*!50001 DROP VIEW IF EXISTS `animal_report_short` */;

/*!50001 CREATE ALGORITHM=UNDEFINED DEFINER=`root`@`localhost` SQL SECURITY DEFINER VIEW `animal_report_short` AS select `a`.`id` AS `id`,`a`.`name` AS `name`,`c`.`prefix` AS `prefix`,`c`.`names` AS `names`,`c`.`lastnames` AS `lastnames` from ((`animals` `a` left join `animal_agent` `b` on(((`b`.`animal_id` = `a`.`id`) and (`b`.`type` = 'breeder')))) left join `agents` `c` on((`c`.`id` = `b`.`agent_id`))) where isnull(`a`.`deleted_at`) */;

/*View structure for view animal_tournament */

/*!50001 DROP TABLE IF EXISTS `animal_tournament` */;
/*!50001 DROP VIEW IF EXISTS `animal_tournament` */;

/*!50001 CREATE ALGORITHM=UNDEFINED DEFINER=`root`@`localhost` SQL SECURITY DEFINER VIEW `animal_tournament` AS select `a`.`tournament_id` AS `tournament_id`,`a`.`animal_id` AS `animal_id`,`a`.`total_categories` AS `total_categories`,`d`.`prefix` AS `prefix`,`b`.`name` AS `name`,`b`.`code` AS `code`,date_format(`b`.`birthdate`,'%d-%m-%Y') AS `birthdate`,`d`.`names` AS `owner` from (((`animal_tournament_short` `a` join `animals` `b` on((`b`.`id` = `a`.`animal_id`))) left join `animal_agent` `c` on(((`c`.`animal_id` = `b`.`id`) and (`c`.`type` = 'breeder')))) left join `agents` `d` on((`d`.`id` = `c`.`agent_id`))) */;

/*View structure for view animal_tournament_short */

/*!50001 DROP TABLE IF EXISTS `animal_tournament_short` */;
/*!50001 DROP VIEW IF EXISTS `animal_tournament_short` */;

/*!50001 CREATE ALGORITHM=UNDEFINED DEFINER=`root`@`localhost` SQL SECURITY DEFINER VIEW `animal_tournament_short` AS select `catalogs`.`tournament_id` AS `tournament_id`,`catalogs`.`animal_id` AS `animal_id`,count(0) AS `total_categories` from `catalogs` group by `catalogs`.`animal_id`,`catalogs`.`tournament_id` */;

/*!40101 SET SQL_MODE=@OLD_SQL_MODE */;
/*!40014 SET FOREIGN_KEY_CHECKS=@OLD_FOREIGN_KEY_CHECKS */;
/*!40014 SET UNIQUE_CHECKS=@OLD_UNIQUE_CHECKS */;
/*!40111 SET SQL_NOTES=@OLD_SQL_NOTES */;
