/*
SQLyog Community v12.09 (64 bit)
MySQL - 10.1.9-MariaDB : Database - horses
*********************************************************************
*/

/*!40101 SET NAMES utf8 */;

/*!40101 SET SQL_MODE=''*/;

/*!40014 SET @OLD_UNIQUE_CHECKS=@@UNIQUE_CHECKS, UNIQUE_CHECKS=0 */;
/*!40014 SET @OLD_FOREIGN_KEY_CHECKS=@@FOREIGN_KEY_CHECKS, FOREIGN_KEY_CHECKS=0 */;
/*!40101 SET @OLD_SQL_MODE=@@SQL_MODE, SQL_MODE='NO_AUTO_VALUE_ON_ZERO' */;
/*!40111 SET @OLD_SQL_NOTES=@@SQL_NOTES, SQL_NOTES=0 */;
/*Table structure for table `agents` */

DROP TABLE IF EXISTS `agents`;

CREATE TABLE `agents` (
  `id` int(10) unsigned NOT NULL AUTO_INCREMENT,
  `prefix` varchar(20) DEFAULT NULL,
  `names` varchar(100) NOT NULL,
  `lastnames` varchar(100) DEFAULT NULL,
  `created_at` timestamp NULL DEFAULT NULL,
  `updated_at` timestamp NULL DEFAULT NULL,
  `deleted_at` timestamp NULL DEFAULT NULL,
  PRIMARY KEY (`id`)
) ENGINE=InnoDB AUTO_INCREMENT=2049 DEFAULT CHARSET=utf8;

/*Data for the table `agents` */

insert  into `agents`(`id`,`prefix`,`names`,`lastnames`,`created_at`,`updated_at`,`deleted_at`) values (1714,'JTA','JUAN TUDELA ARAMBURU',NULL,'2016-02-18 23:35:36','2016-02-18 23:35:36',NULL),(1715,NULL,'WILFREDO MONTALVO BERNILLA',NULL,'2016-02-18 23:35:36','2016-02-18 23:35:36',NULL),(1716,NULL,'CARLOS RAMIREZ CHUPICA',NULL,'2016-02-18 23:35:36','2016-02-18 23:35:36',NULL),(1717,'JCDCH','JOSE CARLOS DEXTRE CHACON',NULL,'2016-02-18 23:35:36','2016-02-18 23:35:36',NULL),(1718,'JAGT','JOSE ALEJANDRO GOMEZ DE LA TORRE MIRANDA',NULL,'2016-02-18 23:35:36','2016-02-18 23:35:36',NULL),(1719,'JOR','CRIADERO JOSE ANTONIO ONRUBIA ROMERO S.A.',NULL,'2016-02-18 23:35:36','2016-02-18 23:35:36',NULL),(1720,'JPT','JORGE AUGUSTO PEREZ TAIMAN',NULL,'2016-02-18 23:35:36','2016-02-18 23:35:36',NULL),(1721,'MRA','MIGUEL ARBULU ALVA',NULL,'2016-02-18 23:35:36','2016-02-18 23:35:36',NULL),(1722,'JR','JOSE RISSO MONTES',NULL,'2016-02-18 23:35:36','2016-02-18 23:35:36',NULL),(1723,'ERPB','ENRIQUE RIZO PATRON BAZO',NULL,'2016-02-18 23:35:36','2016-02-18 23:35:36',NULL),(1724,'*FJ','FERNANDO JARQUIN PIRA',NULL,'2016-02-18 23:35:36','2016-02-18 23:35:36',NULL),(1725,'JZ','JAIME URANGA BUSTOS/CRIADERO J.J.',NULL,'2016-02-18 23:35:36','2016-02-18 23:35:36',NULL),(1726,'RFM','RAFAEL FRANCO MONTES',NULL,'2016-02-18 23:35:36','2016-02-18 23:35:36',NULL),(1727,'R','CRIADERO R S.A.C.',NULL,'2016-02-18 23:35:36','2016-02-18 23:35:36',NULL),(1728,'CBM','CESAR BENITES MENDOZA',NULL,'2016-02-18 23:35:36','2016-02-18 23:35:36',NULL),(1729,'MSCRL','CRIADERO LA MAESTRANZA SCRL',NULL,'2016-02-18 23:35:36','2016-02-18 23:35:36',NULL),(1730,'RCM','RENZO CAROZZI MORALES/CRIADERO EL CRIOLLO',NULL,'2016-02-18 23:35:36','2016-02-18 23:35:36',NULL),(1731,'AZF','ABRAHAM ZAVALA FALCON',NULL,'2016-02-18 23:35:36','2016-02-18 23:35:36',NULL),(1732,'KRA','KARL WILHELM REUSCHE ARAMBULO',NULL,'2016-02-18 23:35:36','2016-02-18 23:35:36',NULL),(1733,'NEC','NATALIA ESTEVES CALDERON',NULL,'2016-02-18 23:35:36','2016-02-18 23:35:36',NULL),(1734,'FyEP','FERNANDO Y ELSA PUGA',NULL,'2016-02-18 23:35:36','2016-02-18 23:35:36',NULL),(1735,'AZ','ALBERTO DE AZAMBUJA PASARA',NULL,'2016-02-18 23:35:36','2016-02-18 23:35:36',NULL),(1736,'CFF','CARLOS FUKUDA FUKUDA',NULL,'2016-02-18 23:35:36','2016-02-18 23:35:36',NULL),(1737,'JMLL','JUAN MANUEL LLANOS RODRIGUEZ',NULL,'2016-02-18 23:35:36','2016-02-18 23:35:36',NULL),(1738,'JRM','JOSE RISSO MATELLINI',NULL,'2016-02-18 23:35:36','2016-02-18 23:35:36',NULL),(1739,'JD','JORGE DYER DE LAS CASAS',NULL,'2016-02-18 23:35:36','2016-02-18 23:35:36',NULL),(1740,'VHHP','HUGO HUERTAS DEL PINO UTRILLA',NULL,'2016-02-18 23:35:36','2016-02-18 23:35:36',NULL),(1741,'FESA','FIDEL ERNESTO SANCHEZ ALAYO',NULL,'2016-02-18 23:35:36','2016-02-18 23:35:36',NULL),(1742,'LAG','LUIS ALEJANDRO GONZALEZ LEOPARDI',NULL,'2016-02-18 23:35:36','2016-02-18 23:35:36',NULL),(1743,'FBB','FERNANDO BUSTAMANTE BELAUNDE',NULL,'2016-02-18 23:35:36','2016-02-18 23:35:36',NULL),(1744,'JCK','JAVIER CLAUX KOECHLIN',NULL,'2016-02-18 23:35:36','2016-02-18 23:35:36',NULL),(1745,'CEC','RENZO Y ROSSANA CAROZZI MORALES/CRIADERO EL CRIOLLO',NULL,'2016-02-18 23:35:36','2016-02-18 23:35:36',NULL),(1746,'MLM','MICHAEL Y LINDA MEWHINNEY',NULL,'2016-02-18 23:35:36','2016-02-18 23:35:36',NULL),(1747,'AHT','ANTONIO HUDTWALCKER TEIXEIRA',NULL,'2016-02-18 23:35:36','2016-02-18 23:35:36',NULL),(1748,'BC','BELISARIO DE LAS CASAS PIEDRA',NULL,'2016-02-18 23:35:36','2016-02-18 23:35:36',NULL),(1749,'FC','FERNANDO CERUTI COGORNO',NULL,'2016-02-18 23:35:36','2016-02-18 23:35:36',NULL),(1750,'MEAA','MANUEL ENRIQUE ACUÑA ALFARO',NULL,'2016-02-18 23:35:36','2016-02-18 23:35:36',NULL),(1751,'RHM','ROBERTO HOYLE MC CALLUM',NULL,'2016-02-18 23:35:36','2016-02-18 23:35:36',NULL),(1752,'MMC','MANUEL MAZZI CASAS',NULL,'2016-02-18 23:35:36','2016-02-18 23:35:36',NULL),(1753,'ARL','ALFREDO RUZO LOPEZ DE LA FUENTE',NULL,'2016-02-18 23:35:36','2016-02-18 23:35:36',NULL),(1754,'LV','LUIS VASQUEZ NACARINO',NULL,'2016-02-18 23:35:36','2016-02-18 23:35:36',NULL),(1755,'JFRN','JUAN FRANCISCO RAFFO NOVELLI / CRIADERO ALTO PRADO',NULL,'2016-02-18 23:35:36','2016-02-18 23:35:36',NULL),(1756,'BSP','BLANCA SALCEDO DE PONCE',NULL,'2016-02-18 23:35:36','2016-02-18 23:35:36',NULL),(1757,'SRT','SANTA ROSA Y TOMABAL S.A.C.',NULL,'2016-02-18 23:35:36','2016-02-18 23:35:36',NULL),(1758,'CCMV','CECILIA MANNUCCI VEGA',NULL,'2016-02-18 23:35:36','2016-02-18 23:35:36',NULL),(1759,'SFL','SUMIKO ROCIO FUKUDA LENCI',NULL,'2016-02-18 23:35:36','2016-02-18 23:35:36',NULL),(1760,'JM','JUAN MANUEL RIZO PATRON B. E HIJAS',NULL,'2016-02-18 23:35:36','2016-02-18 23:35:36',NULL),(1761,'BRR','BELISARIO ROSAS RAZETO',NULL,'2016-02-18 23:35:36','2016-02-18 23:35:36',NULL),(1762,'ByEP','BARBARA Y ENRIQUE PRADO',NULL,'2016-02-18 23:35:36','2016-02-18 23:35:36',NULL),(1763,'INP','ISMAEL NOYA DE LA PIEDRA',NULL,'2016-02-18 23:35:36','2016-02-18 23:35:36',NULL),(1764,'CN','CERVECERIAS PERUANAS BACKUS S.A.A.',NULL,'2016-02-18 23:35:36','2016-02-18 23:35:36',NULL),(1765,'GAN','GONZALO ANDRADE NICOLI',NULL,'2016-02-18 23:35:36','2016-02-18 23:35:36',NULL),(1766,'RBC','RICARDO BUSTAMANTE CILLONIZ',NULL,'2016-02-18 23:35:36','2016-02-18 23:35:36',NULL),(1767,'BCD','BELISARIO DE LAS CASAS D\'ONOFRIO',NULL,'2016-02-18 23:35:36','2016-02-18 23:35:36',NULL),(1768,'ACZ','ARTURO CAVERO ZAVALA',NULL,'2016-02-18 23:35:36','2016-02-18 23:35:36',NULL),(1769,'ERM','EDUARDO RISSO MONTES',NULL,'2016-02-18 23:35:36','2016-02-18 23:35:36',NULL),(1770,'JBL','JUAN ARTURO BRESCIA LUGON',NULL,'2016-02-18 23:35:36','2016-02-18 23:35:36',NULL),(1771,'JVDZ','JORGE VILLACORTA DIAZ / CRIADERO LAZCAN',NULL,'2016-02-18 23:35:36','2016-02-18 23:35:36',NULL),(1772,'LSR','LUIS JOSE  SAENZ RAEZ',NULL,'2016-02-18 23:35:36','2016-02-18 23:35:36',NULL),(1773,'GCLP','GIORGIO CROLLE LORO PIANA',NULL,'2016-02-18 23:35:36','2016-02-18 23:35:36',NULL),(1774,'DMCB','DANIEL MEZA CUADRA BUCKLEY',NULL,'2016-02-18 23:35:36','2016-02-18 23:35:36',NULL),(1775,'VCB','VICTOR CASTRO BARBIERI',NULL,'2016-02-18 23:35:36','2016-02-18 23:35:36',NULL),(1776,'CVD','CARLOS VICENTE VILLACORTA DIAZ',NULL,'2016-02-18 23:35:36','2016-02-18 23:35:36',NULL),(1777,'JyEP','JULIO Y EDITH PESCHIERA',NULL,'2016-02-18 23:35:36','2016-02-18 23:35:36',NULL),(1778,'FER','FERNANDO RISSO MONTES',NULL,'2016-02-18 23:35:36','2016-02-18 23:35:36',NULL),(1779,'RCCL','RENZO CROLLE CLAUX',NULL,'2016-02-18 23:35:36','2016-02-18 23:35:36',NULL),(1780,'GBC','GEETA BALANI',NULL,'2016-02-18 23:35:36','2016-02-18 23:35:36',NULL),(1781,'OAMS','ALBERTO MASSARO SILVA',NULL,'2016-02-18 23:35:36','2016-02-18 23:35:36',NULL),(1782,'WPA','WALTER NERY PEÑA ALDEA',NULL,'2016-02-18 23:35:36','2016-02-18 23:35:36',NULL),(1783,'NVG','NAZARIO VILLAFUERTE GUARDIA',NULL,'2016-02-18 23:35:36','2016-02-18 23:35:36',NULL),(1784,'PYR','PABLO YSAUL RIVERA CHAVEZ',NULL,'2016-02-18 23:35:36','2016-02-18 23:35:36',NULL),(1785,'JJP','CRIADERO JORGE JUAN PINILLOS COX',NULL,'2016-02-18 23:35:36','2016-02-18 23:35:36',NULL),(1786,'NVF','NAZARIO VILLAFUERTE FALCON',NULL,'2016-02-18 23:35:36','2016-02-18 23:35:36',NULL),(1787,'OV','OSCAR VILCHEZ CHAMOCHUMBI',NULL,'2016-02-18 23:35:36','2016-02-18 23:35:36',NULL),(1788,'ALM','AURELIO LORET DE MOLA BOHME',NULL,'2016-02-18 23:35:36','2016-02-18 23:35:36',NULL),(1789,'ABB','JOSE ALBERTO BARRENA BERROSPI',NULL,'2016-02-18 23:35:36','2016-02-18 23:35:36',NULL),(1790,'FNC','JOSE LUIS NORIEGA ZEGARRA / CRIADERO NORIEGA HERMANOS',NULL,'2016-02-18 23:35:36','2016-02-18 23:35:36',NULL),(1791,'JLK','JUAN LUIS KRUGER CARRION',NULL,'2016-02-18 23:35:36','2016-02-18 23:35:36',NULL),(1792,'RHG','RICHARD HALE GARCIA',NULL,'2016-02-18 23:35:36','2016-02-18 23:35:36',NULL),(1793,'LSC','LUIS FERNANDO SUAREZ CAÑEDO',NULL,'2016-02-18 23:35:36','2016-02-18 23:35:36',NULL),(1794,'*EG','EDIE GANDY',NULL,'2016-02-18 23:35:36','2016-02-18 23:35:36',NULL),(1795,'FCY','FRANCO CORNO YORI',NULL,'2016-02-18 23:35:36','2016-02-18 23:35:36',NULL),(1796,'RML','RAIMUNDO MORALES LLOSA',NULL,'2016-02-18 23:35:36','2016-02-18 23:35:36',NULL),(1797,'CYU','CARLOS YORI UMLAUFF',NULL,'2016-02-18 23:35:36','2016-02-18 23:35:36',NULL),(1798,NULL,'JUAN TUDELA ARAMBURU\r',NULL,'2016-02-18 23:35:36','2016-02-18 23:35:36',NULL),(1799,NULL,'CESAR VERA ARBAIZA\r',NULL,'2016-02-18 23:35:36','2016-02-18 23:35:36',NULL),(1800,'CR','CARLOS RAMIREZ CHUPICA\r',NULL,'2016-02-18 23:35:36','2016-02-18 23:35:36',NULL),(1801,NULL,'JOSE CARLOS DEXTRE CHACON\r',NULL,'2016-02-18 23:35:36','2016-02-18 23:35:36',NULL),(1802,NULL,'JOSE ALEJANDRO GOMEZ DE LA TORRE MIRANDA\r',NULL,'2016-02-18 23:35:36','2016-02-18 23:35:36',NULL),(1803,'JOR','CRIADERO JOSE ANTONIO ONRUBIA ROMERO S.A.\r',NULL,'2016-02-18 23:35:36','2016-02-18 23:35:36',NULL),(1804,NULL,'JORGE AUGUSTO PEREZ TAIMAN\r',NULL,'2016-02-18 23:35:36','2016-02-18 23:35:36',NULL),(1805,NULL,'MIGUEL ARBULU ALVA\r',NULL,'2016-02-18 23:35:36','2016-02-18 23:35:36',NULL),(1806,NULL,'JOSE RISSO MONTES\r',NULL,'2016-02-18 23:35:36','2016-02-18 23:35:36',NULL),(1807,NULL,'ENRIQUE RIZO PATRON BAZO / HACIENDA MAMACONA\r',NULL,'2016-02-18 23:35:36','2016-02-18 23:35:36',NULL),(1808,NULL,'GINO GUIULFO GARCIA\r',NULL,'2016-02-18 23:35:36','2016-02-18 23:35:36',NULL),(1809,NULL,'FERNANDO JARQUIN PIRA\r',NULL,'2016-02-18 23:35:36','2016-02-18 23:35:36',NULL),(1810,'RFM','RAFAEL FRANCO MONTES\r',NULL,'2016-02-18 23:35:36','2016-02-18 23:35:36',NULL),(1811,NULL,'CRIADERO R S.A.C.\r',NULL,'2016-02-18 23:35:36','2016-02-18 23:35:36',NULL),(1812,NULL,'CESAR BENITES MENDOZA\r',NULL,'2016-02-18 23:35:36','2016-02-18 23:35:36',NULL),(1813,NULL,'CRIADERO LA MAESTRANZA SCRL\r',NULL,'2016-02-18 23:35:36','2016-02-18 23:35:36',NULL),(1814,NULL,'RENZO CAROZZI M/FABRIZIO Y ALESSANDRO CAROZZI S\r',NULL,'2016-02-18 23:35:36','2016-02-18 23:35:36',NULL),(1815,NULL,'ABRAHAM ZAVALA FALCON\r',NULL,'2016-02-18 23:35:36','2016-02-18 23:35:36',NULL),(1816,NULL,'NATALIA ESTEVES CALDERON\r',NULL,'2016-02-18 23:35:36','2016-02-18 23:35:36',NULL),(1817,NULL,'FERNANDO RISSO MONTES\r',NULL,'2016-02-18 23:35:36','2016-02-18 23:35:36',NULL),(1818,NULL,'FERNANDO Y ELSA PUGA\r',NULL,'2016-02-18 23:35:36','2016-02-18 23:35:36',NULL),(1819,NULL,'ALBERTO DE AZAMBUJA PASARA\r',NULL,'2016-02-18 23:35:36','2016-02-18 23:35:36',NULL),(1820,NULL,'CARLOS FUKUDA FUKUDA\r',NULL,'2016-02-18 23:35:36','2016-02-18 23:35:36',NULL),(1821,NULL,'JUAN MANUEL LLANOS RODRIGUEZ\r',NULL,'2016-02-18 23:35:36','2016-02-18 23:35:36',NULL),(1822,NULL,'JORGE DYER DE LAS CASAS\r',NULL,'2016-02-18 23:35:36','2016-02-18 23:35:36',NULL),(1823,NULL,'HUGO HUERTAS DEL PINO UTRILLA\r',NULL,'2016-02-18 23:35:36','2016-02-18 23:35:36',NULL),(1824,NULL,'FIDEL ERNESTO SANCHEZ ALAYO\r',NULL,'2016-02-18 23:35:36','2016-02-18 23:35:36',NULL),(1825,NULL,'ALFONSO VALMORE GARCIA GARCIA\r',NULL,'2016-02-18 23:35:36','2016-02-18 23:35:36',NULL),(1826,NULL,'HACIENDA SANTA ROSA S.A.C.\r',NULL,'2016-02-18 23:35:36','2016-02-18 23:35:36',NULL),(1827,NULL,'JAVIER CLAUX KOECHLIN\r',NULL,'2016-02-18 23:35:36','2016-02-18 23:35:36',NULL),(1828,NULL,'RENZO CAROZZI MORALES/CRIADERO EL CRIOLLO\r',NULL,'2016-02-18 23:35:36','2016-02-18 23:35:36',NULL),(1829,NULL,'ANTONIO HUDTWALCKER TEIXEIRA\r',NULL,'2016-02-18 23:35:36','2016-02-18 23:35:36',NULL),(1830,NULL,'BELISARIO DE LAS CASAS D\'ONOFRIO\r',NULL,'2016-02-18 23:35:36','2016-02-18 23:35:36',NULL),(1831,NULL,'HARAS EL MAYOR  S.A.\r',NULL,'2016-02-18 23:35:36','2016-02-18 23:35:36',NULL),(1832,NULL,'MANUEL ENRIQUE ACUÑA ALFARO\r',NULL,'2016-02-18 23:35:36','2016-02-18 23:35:36',NULL),(1833,NULL,'ROBERTO HOYLE MC CALLUM\r',NULL,'2016-02-18 23:35:36','2016-02-18 23:35:36',NULL),(1834,NULL,'ALFREDO RUZO LOPEZ DE LA FUENTE\r',NULL,'2016-02-18 23:35:36','2016-02-18 23:35:36',NULL),(1835,NULL,'BLANCA SALCEDO DE PONCE\r',NULL,'2016-02-18 23:35:36','2016-02-18 23:35:36',NULL),(1836,NULL,'SANTA ROSA Y TOMABAL S.A.C.\r',NULL,'2016-02-18 23:35:36','2016-02-18 23:35:36',NULL),(1837,NULL,'SUMIKO ROCIO FUKUDA LENCI\r',NULL,'2016-02-18 23:35:36','2016-02-18 23:35:36',NULL),(1838,NULL,'JUAN MANUEL RIZO PATRON B. E HIJAS\r',NULL,'2016-02-18 23:35:36','2016-02-18 23:35:36',NULL),(1839,NULL,'BELISARIO ROSAS RAZETO\r',NULL,'2016-02-18 23:35:36','2016-02-18 23:35:36',NULL),(1840,NULL,'BARBARA Y ENRIQUE PRADO\r',NULL,'2016-02-18 23:35:36','2016-02-18 23:35:36',NULL),(1841,NULL,'ISMAEL NOYA DE LA PIEDRA\r',NULL,'2016-02-18 23:35:36','2016-02-18 23:35:36',NULL),(1842,NULL,'GONZALO ANDRADE NICOLI\r',NULL,'2016-02-18 23:35:36','2016-02-18 23:35:36',NULL),(1843,NULL,'ARTURO CAVERO ZAVALA\r',NULL,'2016-02-18 23:35:36','2016-02-18 23:35:36',NULL),(1844,NULL,'JUAN ARTURO BRESCIA LUGON\r',NULL,'2016-02-18 23:35:36','2016-02-18 23:35:36',NULL),(1845,NULL,'JOSE LUIS NOGUERA ZAVALA / ANA SLOCOVICH DE NOGUERA\r',NULL,'2016-02-18 23:35:36','2016-02-18 23:35:36',NULL),(1846,NULL,'JENNY VILLAFUERTE FALCON\r',NULL,'2016-02-18 23:35:36','2016-02-18 23:35:36',NULL),(1847,NULL,'LUIS JOSE  SAENZ RAEZ\r',NULL,'2016-02-18 23:35:36','2016-02-18 23:35:36',NULL),(1848,NULL,'DANIEL MEZA CUADRA BUCKLEY\r',NULL,'2016-02-18 23:35:36','2016-02-18 23:35:36',NULL),(1849,NULL,'JORGE LUIS OTOYA CABRERA\r',NULL,'2016-02-18 23:35:36','2016-02-18 23:35:36',NULL),(1850,NULL,'GLADYS NELLY ALARCON CANCHARI\r',NULL,'2016-02-18 23:35:36','2016-02-18 23:35:36',NULL),(1851,NULL,'FIORELLA NADIA TOMATIS KORRODI\r',NULL,'2016-02-18 23:35:36','2016-02-18 23:35:36',NULL),(1852,NULL,'GIORGIO CROLLE LORO PIANA / ARTURO CAVERO ZAVALA\r',NULL,'2016-02-18 23:35:36','2016-02-18 23:35:36',NULL),(1853,NULL,'GEETA BALANI\r',NULL,'2016-02-18 23:35:36','2016-02-18 23:35:36',NULL),(1854,NULL,'ALBERTO MASSARO SILVA\r',NULL,'2016-02-18 23:35:36','2016-02-18 23:35:36',NULL),(1855,NULL,'GONZALO ANDRADE NICOLI/ASOC. TRADICIONES COSTUMBRISTAS\r',NULL,'2016-02-18 23:35:36','2016-02-18 23:35:36',NULL),(1856,NULL,'WALTER NERY PEÑA ALDEA\r',NULL,'2016-02-18 23:35:36','2016-02-18 23:35:36',NULL),(1857,NULL,'FERNANDO CERUTI COGORNO\r',NULL,'2016-02-18 23:35:36','2016-02-18 23:35:36',NULL),(1858,NULL,'NAZARIO VILLAFUERTE GUARDIA/NAZARIO VILLAFUERTE FALCON\r',NULL,'2016-02-18 23:35:36','2016-02-18 23:35:36',NULL),(1859,NULL,'ANIBAL ANTONIO LAVADO OLIVERA\r',NULL,'2016-02-18 23:35:36','2016-02-18 23:35:36',NULL),(1860,NULL,'CRIADERO JORGE JUAN PINILLOS COX\r',NULL,'2016-02-18 23:35:36','2016-02-18 23:35:36',NULL),(1861,NULL,'MICHAEL FOX RUDVALL\r',NULL,'2016-02-18 23:35:36','2016-02-18 23:35:36',NULL),(1862,NULL,'CARLOS PACHECO VILLAVICENCIO\r',NULL,'2016-02-18 23:35:36','2016-02-18 23:35:36',NULL),(1863,NULL,'AURELIO LORET DE MOLA BOHME\r',NULL,'2016-02-18 23:35:36','2016-02-18 23:35:36',NULL),(1864,NULL,'JOSE ALBERTO BARRENA BERROSPI\r',NULL,'2016-02-18 23:35:36','2016-02-18 23:35:36',NULL),(1865,NULL,'JORGE FRANCISCO DE LA FLOR BARATTA\r',NULL,'2016-02-18 23:35:36','2016-02-18 23:35:36',NULL),(1866,NULL,'MANUEL ANTONIO MANRIQUE FIGUEROA\r',NULL,'2016-02-18 23:35:36','2016-02-18 23:35:36',NULL),(1867,NULL,'JORGE VILLACORTA DIAZ / CRIADERO LAZCAN\r',NULL,'2016-02-18 23:35:36','2016-02-18 23:35:36',NULL),(1868,NULL,'LUIS FERNANDO SUAREZ CAÑEDO\r',NULL,'2016-02-18 23:35:36','2016-02-18 23:35:36',NULL),(1869,NULL,'FRANCO CORNO YORI / HUGO HUERTAS DEL PINO UTRILLA\r',NULL,'2016-02-18 23:35:36','2016-02-18 23:35:36',NULL),(1870,NULL,'LUIS CARLOS IGLESIAS LEON\r',NULL,'2016-02-18 23:35:36','2016-02-18 23:35:36',NULL),(1871,NULL,'LUIS HUMBERTO TRAVERSO RAMIREZ\r',NULL,'2016-02-18 23:35:36','2016-02-18 23:35:36',NULL),(1969,'ABE','ALICIA BARREDA DE ELIAS',NULL,NULL,NULL,NULL),(1970,'ECH','EDUARDO EDGARDO CHAMAN COMMOTTO',NULL,NULL,NULL,NULL),(1971,'JAO','JOSE ANTONIO ONRUBIA',NULL,NULL,NULL,NULL),(1972,'ASR','ALBERTO SALAVERRY REUSCHE',NULL,'2016-02-19 14:16:38','2016-02-19 14:16:38',NULL),(1973,NULL,'CARLOS CORNEJO BUSTILLO',NULL,'2016-02-19 14:23:03','2016-02-19 14:23:03',NULL),(1974,'HH','SALVADOR GUTIERREZ BENAVIDES',NULL,'2016-02-19 14:23:03','2016-02-19 14:23:03',NULL),(1975,'PMCC','PEDRO MIGUEL CAMAIORA CARCOVICH',NULL,'2016-02-18 23:35:36','2016-02-18 23:35:36',NULL),(1976,NULL,'JAIME EDUARDO SANCHEZ BERNAL',NULL,'2016-02-18 23:35:36','2016-02-18 23:35:36',NULL),(1977,NULL,'W.A VISION S.A.C',NULL,'2016-02-18 23:35:36','2016-02-18 23:35:36',NULL),(1978,'GP','HACIENDA EL CORTIJO S.A.C',NULL,'2016-02-18 23:35:36','2016-02-18 23:35:36',NULL),(1979,NULL,'NEGOCIACION AGROPECUARIA MONTALVAN S.A.C',NULL,'2016-02-18 23:35:36','2016-02-18 23:35:36',NULL),(1980,'JRR','JOSE ROBERTO RISSO DE LAS CASAS',NULL,'2016-02-18 23:35:36','2016-02-18 23:35:36',NULL),(1981,'RyJLG','RENZO LAZO GOMEZ / JULIO LAZO GOMEZ',NULL,'2016-02-18 23:35:36','2016-02-18 23:35:36',NULL),(1982,NULL,'MIGUEL ANGEL NEYRA CAUTI',NULL,'2016-02-18 23:35:36','2016-02-18 23:35:36',NULL),(1983,'RPC','RAFAEL PUGA CASTRO',NULL,'2016-02-18 23:35:36','2016-02-18 23:35:36',NULL),(1984,'ASR','ALBERTO SALAVERRY REUSCHE\r',NULL,'2016-02-19 19:08:54','2016-02-19 19:08:54',NULL),(1985,'EEE','ARMANDO E. ESPINOZA MONTES/EMER GUSTAVO ESPINOZA MONTES\r',NULL,'2016-02-19 19:08:54','2016-02-19 19:08:54',NULL),(1986,'HH','CARLOS CORNEJO BUSTILLO.\r',NULL,'2016-02-19 19:08:54','2016-02-19 19:08:54',NULL),(1987,'CCC','CRIADERO CUARTO CRECIENTE\r',NULL,'2016-02-19 19:08:54','2016-02-19 19:08:54',NULL),(1988,'JOR','CRIADERO JOSE ANTONIO ONRUBIA ROMERO S.A\r',NULL,'2016-02-19 19:08:54','2016-02-19 19:08:54',NULL),(1989,'LV','DANIELA FORTON OJEDA/JUAN CARLOS VELEZ GADEA\r',NULL,'2016-02-19 19:08:54','2016-02-19 19:08:54',NULL),(1990,'ECH','EDUARDO EDGARDO CHAMAN COMOTTO\r',NULL,'2016-02-19 19:08:54','2016-02-19 19:08:54',NULL),(1991,'FFL','FRANCISCO ALBERTO FUKUDA LENCI\r',NULL,'2016-02-19 19:08:54','2016-02-19 19:08:54',NULL),(1992,'JR','FRANKLIN R. RODRIGUEZ M.\r',NULL,'2016-02-19 19:08:54','2016-02-19 19:08:54',NULL),(1993,'AFS','GIANFRANCO VENTOLINI RAFFO / GIANPIER VENTOLINI RAFFO\r',NULL,'2016-02-19 19:08:54','2016-02-19 19:08:54',NULL),(1994,'GCLP','GIORGIO CROLLE LORO PIANA\r',NULL,'2016-02-19 19:08:54','2016-02-19 19:08:54',NULL),(1995,'SQ','GUILLERMO ALEJANDRO CHAVEZ AMADO\r',NULL,'2016-02-19 19:08:54','2016-02-19 19:08:54',NULL),(1996,'MRA','JAIME EDUARDO SANCHEZ BERNAL\r',NULL,'2016-02-19 19:08:54','2016-02-19 19:08:54',NULL),(1997,'JHL','JAIME RAUL HEREDIA LANDEO\r',NULL,'2016-02-19 19:08:54','2016-02-19 19:08:54',NULL),(1998,'CYU','JAVIER NAVARRO DEL RIO\r',NULL,'2016-02-19 19:08:54','2016-02-19 19:08:54',NULL),(1999,'JGH','JONAS GARCIA HERBOZO\r',NULL,'2016-02-19 19:08:54','2016-02-19 19:08:54',NULL),(2000,'ABB','JOSE MARIANO LAOS OSSIO\r',NULL,'2016-02-19 19:08:54','2016-02-19 19:08:54',NULL),(2001,'NC','JUAN FRANCISCO HIDALGO BARAHONA\r',NULL,'2016-02-19 19:08:54','2016-02-19 19:08:54',NULL),(2002,'JM','JUAN MANUEL RIZO PATRON BARUA\r',NULL,'2016-02-19 19:08:54','2016-02-19 19:08:54',NULL),(2003,'LSR','LUIS JOSE SAENZ RAEZ\r',NULL,'2016-02-19 19:08:54','2016-02-19 19:08:54',NULL),(2004,'JCR','MANUEL VALENCIA DE LA RIVA\r',NULL,'2016-02-19 19:08:54','2016-02-19 19:08:54',NULL),(2005,'VC','MARCELA  CAMPODONICO DE VALENTIN\r',NULL,'2016-02-19 19:08:54','2016-02-19 19:08:54',NULL),(2006,'ACZ','MARCO ANTONIO FRANCO SEVILLA\r',NULL,'2016-02-19 19:08:54','2016-02-19 19:08:54',NULL),(2007,'RPC','MIGUEL ANGEL NEYRA CAUTI\r',NULL,'2016-02-19 19:08:54','2016-02-19 19:08:54',NULL),(2008,'CR','NEGOCIACION AGROPECUARIA MONTALVAN S.A.C.\r',NULL,'2016-02-19 19:08:54','2016-02-19 19:08:54',NULL),(2009,'VHMC','PAUL ALFREDO BARREDA PEZO\r',NULL,'2016-02-19 19:08:54','2016-02-19 19:08:54',NULL),(2010,'PMCC','PEDRO MIGUEL CAMAIORA CARCOVICH\r',NULL,'2016-02-19 19:08:54','2016-02-19 19:08:54',NULL),(2011,'RCH','RAFAEL CORNEJO HEINRICH\r',NULL,'2016-02-19 19:08:54','2016-02-19 19:08:54',NULL),(2012,'RCCL','RENZO CROLLE CLAUX\r',NULL,'2016-02-19 19:08:54','2016-02-19 19:08:54',NULL),(2013,'RyJLG','RENZO LAZO GOMEZ / JULIO LAZO GOMEZ\r',NULL,'2016-02-19 19:08:54','2016-02-19 19:08:54',NULL),(2014,'PMCC','SEBASTIAN PEREZ ARIAS SCHREIBER\r',NULL,'2016-02-19 19:08:54','2016-02-19 19:08:54',NULL),(2015,'VCB','VICTOR CASTRO BARBIERI\r',NULL,'2016-02-19 19:08:54','2016-02-19 19:08:54',NULL),(2016,'GP','W.A. VISION S.A.C.\r',NULL,'2016-02-19 19:08:54','2016-02-19 19:08:54',NULL),(2017,'MSC','YOHNNY RAMIREZ NUÑEZ\r',NULL,'2016-02-19 19:08:54','2016-02-19 19:08:54',NULL),(2018,'AFS','ALBERT FORSYTH SOLARI',NULL,'2016-02-20 07:53:08','2016-02-20 07:53:08',NULL),(2019,'EEE','ARMANDO E. ESPINOZA MONTES/EMER GUSTAVO ESPINOZA MONTES',NULL,'2016-02-20 07:53:08','2016-02-20 07:53:08',NULL),(2020,'CCY','CARLOS CORNO YORI',NULL,'2016-02-20 07:53:08','2016-02-20 07:53:08',NULL),(2021,'CZ','CARMELA ZAPATA DE ARAMBURU',NULL,'2016-02-20 07:53:08','2016-02-20 07:53:08',NULL),(2022,'CCC','CRIADERO CUARTO CRECIENTE',NULL,'2016-02-20 07:53:08','2016-02-20 07:53:08',NULL),(2023,'JOR','CRIADERO JOSE ANTONIO ONRUBIA ROMERO S.A',NULL,'2016-02-20 07:53:08','2016-02-20 07:53:08',NULL),(2024,'ECH','EDUARDO EDGARDO CHAMAN COMOTTO',NULL,'2016-02-20 07:53:08','2016-02-20 07:53:08',NULL),(2025,'FFL','FRANCISCO ALBERTO FUKUDA LENCI',NULL,'2016-02-20 07:53:08','2016-02-20 07:53:08',NULL),(2026,'GLVI','GIANFRANCO VENTOLINI RAFFO / GIANPIER VENTOLINI RAFFO',NULL,'2016-02-20 07:53:08','2016-02-20 07:53:08',NULL),(2027,'GP','HACIENDA EL CORTIJO S.A.C.',NULL,'2016-02-20 07:53:08','2016-02-20 07:53:08',NULL),(2028,'JCR','JAIME CROSBY RUSSO',NULL,'2016-02-20 07:53:08','2016-02-20 07:53:08',NULL),(2029,'JHL','JAIME RAUL HEREDIA LANDEO',NULL,'2016-02-20 07:53:08','2016-02-20 07:53:08',NULL),(2030,'JGH','JONAS GARCIA HERBOZO',NULL,'2016-02-20 07:53:08','2016-02-20 07:53:08',NULL),(2031,'JAO','JOSE ANTONIO ONRUBIA HOLDER',NULL,'2016-02-20 07:53:08','2016-02-20 07:53:08',NULL),(2032,'VC','JOSE VALENTIN COQUIS',NULL,'2016-02-20 07:53:08','2016-02-20 07:53:08',NULL),(2033,'JM','JUAN MANUEL RIZO PATRON BARUA',NULL,'2016-02-20 07:53:08','2016-02-20 07:53:08',NULL),(2034,'LSR','LUIS JOSE SAENZ RAEZ',NULL,'2016-02-20 07:53:08','2016-02-20 07:53:08',NULL),(2035,'MSC','MANUEL JOSE SALAZAR CORVETTO',NULL,'2016-02-20 07:53:08','2016-02-20 07:53:08',NULL),(2036,'NC','NORMAN EDDIE CANCHAYA ORE',NULL,'2016-02-20 07:53:08','2016-02-20 07:53:08',NULL),(2037,'RCH','RAFAEL CORNEJO HEINRICH',NULL,'2016-02-20 07:53:08','2016-02-20 07:53:08',NULL),(2038,'SQ','SANTIAGO QUEIROLO CIUFFARDI',NULL,'2016-02-20 07:53:08','2016-02-20 07:53:08',NULL),(2039,'VHMC','VICTOR HUGO MAMANI COLQUE',NULL,'2016-02-20 07:53:08','2016-02-20 07:53:08',NULL),(2040,'YRN','YOHNNY RAMIREZ NUÑEZ',NULL,'2016-02-20 07:53:08','2016-02-20 07:53:08',NULL);

/*Table structure for table `animal_agent` */

DROP TABLE IF EXISTS `animal_agent`;

CREATE TABLE `animal_agent` (
  `id` int(10) unsigned NOT NULL AUTO_INCREMENT,
  `animal_id` int(10) unsigned NOT NULL,
  `agent_id` int(10) unsigned NOT NULL,
  `type` enum('breeder','owner') NOT NULL,
  PRIMARY KEY (`id`),
  KEY `fk_animal_agents_animals1_idx` (`animal_id`),
  KEY `fk_animal_agents_agents1_idx` (`agent_id`),
  CONSTRAINT `fk_animal_agents_agents1` FOREIGN KEY (`agent_id`) REFERENCES `agents` (`id`) ON DELETE NO ACTION ON UPDATE NO ACTION,
  CONSTRAINT `fk_animal_agents_animals1` FOREIGN KEY (`animal_id`) REFERENCES `animals` (`id`) ON DELETE NO ACTION ON UPDATE NO ACTION
) ENGINE=InnoDB AUTO_INCREMENT=4368 DEFAULT CHARSET=utf8;

/*Data for the table `animal_agent` */

insert  into `animal_agent`(`id`,`animal_id`,`agent_id`,`type`) values (3215,3631,1754,'breeder'),(3216,3638,1717,'breeder'),(3217,3639,1796,'breeder'),(3218,3641,1722,'breeder'),(3219,3643,1738,'breeder'),(3220,3645,1720,'breeder'),(3221,3648,1721,'breeder'),(3222,3651,1768,'breeder'),(3223,3657,1779,'breeder'),(3224,3661,1718,'breeder'),(3225,3662,1718,'breeder'),(3226,3663,1723,'breeder'),(3227,3669,1717,'breeder'),(3228,3670,1744,'breeder'),(3229,3672,1728,'breeder'),(3230,3674,1750,'breeder'),(3231,3675,1721,'breeder'),(3232,3676,1718,'breeder'),(3233,3681,1753,'breeder'),(3234,3683,1718,'breeder'),(3235,3685,1718,'breeder'),(3236,3686,1731,'breeder'),(3237,3687,1748,'breeder'),(3238,3688,1736,'breeder'),(3239,3689,1722,'breeder'),(3240,3690,1725,'breeder'),(3241,3693,1718,'breeder'),(3242,3695,1734,'breeder'),(3243,3696,1795,'breeder'),(3244,3698,1721,'breeder'),(3245,3700,1721,'breeder'),(3246,3701,1737,'breeder'),(3247,3702,1722,'breeder'),(3248,3703,1793,'breeder'),(3249,3705,1723,'breeder'),(3250,3707,1722,'breeder'),(3251,3708,1734,'breeder'),(3252,3709,1736,'breeder'),(3253,3711,1741,'breeder'),(3254,3714,1722,'breeder'),(3255,3719,1728,'breeder'),(3256,3721,1763,'breeder'),(3257,3723,1747,'breeder'),(3258,3724,1763,'breeder'),(3259,3725,1717,'breeder'),(3260,3726,1787,'breeder'),(3261,3728,1737,'breeder'),(3262,3730,1721,'breeder'),(3263,3732,1739,'breeder'),(3264,3734,1735,'breeder'),(3265,3737,1765,'breeder'),(3266,3741,1762,'breeder'),(3267,3742,1717,'breeder'),(3268,3745,1730,'breeder'),(3269,3747,1785,'breeder'),(3270,3748,1731,'breeder'),(3271,3751,1735,'breeder'),(3272,3752,1782,'breeder'),(3273,3755,1767,'breeder'),(3274,3757,1733,'breeder'),(3275,3760,1734,'breeder'),(3276,3765,1724,'breeder'),(3277,3768,1741,'breeder'),(3278,3769,1717,'breeder'),(3279,3770,1748,'breeder'),(3280,3771,1743,'breeder'),(3281,3772,1741,'breeder'),(3282,3773,1741,'breeder'),(3283,3775,1730,'breeder'),(3284,3776,1768,'breeder'),(3285,3779,1774,'breeder'),(3286,3780,1771,'breeder'),(3287,3781,1755,'breeder'),(3288,3782,1771,'breeder'),(3289,3783,1717,'breeder'),(3290,3786,1736,'breeder'),(3291,3791,1728,'breeder'),(3292,3792,1741,'breeder'),(3293,3794,1754,'breeder'),(3294,3795,1761,'breeder'),(3295,3799,1778,'breeder'),(3296,3800,1741,'breeder'),(3297,3807,1794,'breeder'),(3298,3809,1741,'breeder'),(3299,3811,1734,'breeder'),(3300,3812,1721,'breeder'),(3301,3814,1743,'breeder'),(3302,3817,1734,'breeder'),(3303,3818,1769,'breeder'),(3304,3823,1723,'breeder'),(3305,3824,1788,'breeder'),(3306,3825,1797,'breeder'),(3307,3829,1747,'breeder'),(3308,3830,1731,'breeder'),(3309,3831,1745,'breeder'),(3310,3832,1781,'breeder'),(3311,3834,1719,'breeder'),(3312,3839,1735,'breeder'),(3313,3840,1760,'breeder'),(3314,3843,1719,'breeder'),(3315,3844,1734,'breeder'),(3316,3845,1751,'breeder'),(3317,3848,1731,'breeder'),(3318,3850,1719,'breeder'),(3319,3851,1722,'breeder'),(3320,3852,1722,'breeder'),(3321,3853,1722,'breeder'),(3322,3857,1729,'breeder'),(3323,3859,1780,'breeder'),(3324,3860,1738,'breeder'),(3325,3861,1783,'breeder'),(3326,3868,1731,'breeder'),(3327,3869,1736,'breeder'),(3328,3870,1719,'breeder'),(3329,3871,1717,'breeder'),(3330,3876,1759,'breeder'),(3331,3879,1723,'breeder'),(3332,3882,1737,'breeder'),(3333,3883,1773,'breeder'),(3334,3884,1758,'breeder'),(3335,3891,1729,'breeder'),(3336,3892,1714,'breeder'),(3337,3896,1765,'breeder'),(3338,3898,1765,'breeder'),(3339,3899,1746,'breeder'),(3340,3903,1738,'breeder'),(3341,3905,1747,'breeder'),(3342,3906,1766,'breeder'),(3343,3911,1729,'breeder'),(3344,3915,1757,'breeder'),(3345,3921,1741,'breeder'),(3346,3922,1721,'breeder'),(3347,3925,1721,'breeder'),(3348,3929,1721,'breeder'),(3349,3931,1738,'breeder'),(3350,3938,1714,'breeder'),(3351,3939,1740,'breeder'),(3352,3940,1737,'breeder'),(3353,3942,1722,'breeder'),(3354,3943,1775,'breeder'),(3355,3944,1735,'breeder'),(3356,3947,1732,'breeder'),(3357,3948,1726,'breeder'),(3358,3951,1722,'breeder'),(3359,3952,1770,'breeder'),(3360,3953,1722,'breeder'),(3361,3956,1746,'breeder'),(3362,3959,1725,'breeder'),(3363,3960,1717,'breeder'),(3364,3963,1742,'breeder'),(3365,3965,1718,'breeder'),(3366,3967,1729,'breeder'),(3367,3968,1790,'breeder'),(3368,3971,1729,'breeder'),(3369,3972,1739,'breeder'),(3370,3974,1721,'breeder'),(3371,3975,1776,'breeder'),(3372,3979,1780,'breeder'),(3373,3984,1722,'breeder'),(3374,3991,1777,'breeder'),(3375,3992,1738,'breeder'),(3376,3993,1722,'breeder'),(3377,3997,1739,'breeder'),(3378,3998,1723,'breeder'),(3379,4000,1717,'breeder'),(3380,4002,1717,'breeder'),(3381,4004,1749,'breeder'),(3382,4006,1756,'breeder'),(3383,4007,1723,'breeder'),(3384,4010,1786,'breeder'),(3385,4014,1723,'breeder'),(3386,4018,1735,'breeder'),(3387,4019,1734,'breeder'),(3388,4020,1723,'breeder'),(3389,4023,1723,'breeder'),(3390,4027,1745,'breeder'),(3391,4029,1791,'breeder'),(3392,4041,1789,'breeder'),(3393,4044,1736,'breeder'),(3394,4047,1768,'breeder'),(3395,4051,1755,'breeder'),(3396,4053,1725,'breeder'),(3397,4055,1737,'breeder'),(3398,4056,1719,'breeder'),(3399,4059,1737,'breeder'),(3400,4060,1719,'breeder'),(3401,4061,1760,'breeder'),(3402,4064,1737,'breeder'),(3403,4065,1719,'breeder'),(3404,4069,1771,'breeder'),(3405,4070,1765,'breeder'),(3406,4071,1792,'breeder'),(3407,4076,1738,'breeder'),(3408,4077,1741,'breeder'),(3409,4078,1772,'breeder'),(3410,4080,1763,'breeder'),(3411,4082,1719,'breeder'),(3412,4083,1760,'breeder'),(3413,4084,1727,'breeder'),(3414,4089,1768,'breeder'),(3415,4090,1764,'breeder'),(3416,4092,1717,'breeder'),(3417,4094,1752,'breeder'),(3418,4095,1738,'breeder'),(3419,4098,1749,'breeder'),(3420,4100,1761,'breeder'),(3421,4102,1784,'breeder'),(3422,4103,1717,'breeder'),(3423,4106,1725,'breeder'),(3424,4107,1721,'breeder'),(3470,3631,1828,'owner'),(3471,3638,1801,'owner'),(3472,3639,1870,'owner'),(3473,3641,1806,'owner'),(3474,3643,1826,'owner'),(3475,3645,1804,'owner'),(3476,3648,1808,'owner'),(3477,3651,1843,'owner'),(3478,3657,1852,'owner'),(3479,3661,1802,'owner'),(3480,3662,1802,'owner'),(3481,3663,1807,'owner'),(3482,3669,1801,'owner'),(3483,3670,1827,'owner'),(3484,3672,1812,'owner'),(3485,3674,1832,'owner'),(3486,3675,1805,'owner'),(3487,3676,1802,'owner'),(3488,3681,1834,'owner'),(3489,3683,1802,'owner'),(3490,3685,1802,'owner'),(3491,3686,1815,'owner'),(3492,3687,1830,'owner'),(3493,3688,1820,'owner'),(3494,3689,1806,'owner'),(3495,3690,1810,'owner'),(3496,3693,1802,'owner'),(3497,3695,1818,'owner'),(3498,3696,1869,'owner'),(3499,3698,1805,'owner'),(3500,3700,1812,'owner'),(3501,3701,1821,'owner'),(3502,3702,1806,'owner'),(3503,3703,1868,'owner'),(3504,3705,1807,'owner'),(3505,3707,1806,'owner'),(3506,3708,1818,'owner'),(3507,3709,1820,'owner'),(3508,3711,1824,'owner'),(3509,3714,1806,'owner'),(3510,3719,1812,'owner'),(3511,3721,1850,'owner'),(3512,3723,1829,'owner'),(3513,3724,1841,'owner'),(3514,3725,1801,'owner'),(3515,3726,1862,'owner'),(3516,3728,1821,'owner'),(3517,3730,1805,'owner'),(3518,3732,1822,'owner'),(3519,3734,1819,'owner'),(3520,3737,1842,'owner'),(3521,3741,1840,'owner'),(3522,3742,1801,'owner'),(3523,3745,1814,'owner'),(3524,3747,1860,'owner'),(3525,3748,1815,'owner'),(3526,3751,1819,'owner'),(3527,3752,1856,'owner'),(3528,3755,1830,'owner'),(3529,3757,1816,'owner'),(3530,3760,1818,'owner'),(3531,3765,1809,'owner'),(3532,3768,1824,'owner'),(3533,3769,1801,'owner'),(3534,3770,1830,'owner'),(3535,3771,1824,'owner'),(3536,3772,1824,'owner'),(3537,3773,1824,'owner'),(3538,3775,1814,'owner'),(3539,3776,1843,'owner'),(3540,3777,1798,'owner'),(3541,3779,1848,'owner'),(3542,3780,1846,'owner'),(3543,3781,1813,'owner'),(3544,3782,1867,'owner'),(3545,3783,1801,'owner'),(3546,3786,1820,'owner'),(3547,3791,1812,'owner'),(3548,3792,1824,'owner'),(3549,3794,1812,'owner'),(3550,3795,1839,'owner'),(3551,3799,1817,'owner'),(3552,3800,1824,'owner'),(3553,3807,1861,'owner'),(3554,3809,1824,'owner'),(3555,3811,1818,'owner'),(3556,3812,1805,'owner'),(3557,3814,1824,'owner'),(3558,3817,1818,'owner'),(3559,3818,1808,'owner'),(3560,3823,1807,'owner'),(3561,3824,1863,'owner'),(3562,3825,1871,'owner'),(3563,3829,1861,'owner'),(3564,3830,1815,'owner'),(3565,3831,1828,'owner'),(3566,3832,1854,'owner'),(3567,3834,1803,'owner'),(3568,3839,1819,'owner'),(3569,3840,1838,'owner'),(3570,3843,1803,'owner'),(3571,3844,1818,'owner'),(3572,3845,1833,'owner'),(3573,3848,1817,'owner'),(3574,3850,1810,'owner'),(3575,3851,1806,'owner'),(3576,3852,1806,'owner'),(3577,3853,1806,'owner'),(3578,3857,1813,'owner'),(3579,3859,1853,'owner'),(3580,3860,1806,'owner'),(3581,3861,1858,'owner'),(3582,3867,1800,'owner'),(3583,3868,1851,'owner'),(3584,3869,1820,'owner'),(3585,3870,1803,'owner'),(3586,3871,1801,'owner'),(3587,3876,1837,'owner'),(3588,3879,1807,'owner'),(3589,3882,1821,'owner'),(3590,3883,1799,'owner'),(3591,3884,1819,'owner'),(3592,3891,1813,'owner'),(3593,3892,1798,'owner'),(3594,3896,1855,'owner'),(3595,3898,1842,'owner'),(3596,3899,1812,'owner'),(3597,3903,1815,'owner'),(3598,3905,1829,'owner'),(3599,3906,1808,'owner'),(3600,3911,1808,'owner'),(3601,3915,1836,'owner'),(3602,3921,1824,'owner'),(3603,3922,1812,'owner'),(3604,3925,1812,'owner'),(3605,3929,1805,'owner'),(3606,3931,1810,'owner'),(3607,3938,1798,'owner'),(3608,3939,1823,'owner'),(3609,3940,1821,'owner'),(3610,3942,1806,'owner'),(3611,3943,1850,'owner'),(3612,3944,1819,'owner'),(3613,3947,1805,'owner'),(3614,3948,1810,'owner'),(3615,3951,1806,'owner'),(3616,3952,1844,'owner'),(3617,3953,1806,'owner'),(3618,3956,1810,'owner'),(3619,3958,1799,'owner'),(3620,3959,1809,'owner'),(3621,3960,1801,'owner'),(3622,3963,1825,'owner'),(3623,3965,1802,'owner'),(3624,3967,1813,'owner'),(3625,3968,1865,'owner'),(3626,3971,1813,'owner'),(3627,3972,1849,'owner'),(3628,3974,1812,'owner'),(3629,3975,1825,'owner'),(3630,3979,1853,'owner'),(3631,3984,1806,'owner'),(3632,3991,1841,'owner'),(3633,3992,1811,'owner'),(3634,3993,1806,'owner'),(3635,3997,1822,'owner'),(3636,3998,1807,'owner'),(3637,4000,1801,'owner'),(3638,4002,1801,'owner'),(3639,4004,1831,'owner'),(3640,4006,1835,'owner'),(3641,4007,1807,'owner'),(3642,4010,1858,'owner'),(3643,4014,1808,'owner'),(3644,4018,1819,'owner'),(3645,4019,1818,'owner'),(3646,4020,1807,'owner'),(3647,4023,1807,'owner'),(3648,4027,1828,'owner'),(3649,4029,1866,'owner'),(3650,4041,1864,'owner'),(3651,4044,1820,'owner'),(3652,4047,1843,'owner'),(3653,4051,1825,'owner'),(3654,4053,1824,'owner'),(3655,4055,1821,'owner'),(3656,4056,1803,'owner'),(3657,4059,1821,'owner'),(3658,4060,1803,'owner'),(3659,4061,1838,'owner'),(3660,4064,1821,'owner'),(3661,4065,1803,'owner'),(3662,4069,1867,'owner'),(3663,4070,1842,'owner'),(3664,4071,1824,'owner'),(3665,4076,1810,'owner'),(3666,4077,1824,'owner'),(3667,4078,1847,'owner'),(3668,4080,1841,'owner'),(3669,4082,1803,'owner'),(3670,4083,1838,'owner'),(3671,4084,1811,'owner'),(3672,4089,1843,'owner'),(3673,4090,1824,'owner'),(3674,4092,1845,'owner'),(3675,4094,1827,'owner'),(3676,4095,1815,'owner'),(3677,4098,1857,'owner'),(3678,4100,1839,'owner'),(3679,4102,1859,'owner'),(3680,4103,1801,'owner'),(3681,4106,1824,'owner'),(3682,4107,1812,'owner'),(3725,3646,1714,'breeder'),(3726,3682,1714,'breeder'),(3727,3954,1717,'breeder'),(3728,3978,1717,'breeder'),(3729,3656,1718,'breeder'),(3730,3658,1718,'breeder'),(3731,3679,1718,'breeder'),(3732,4033,1719,'breeder'),(3733,3888,1719,'breeder'),(3734,3767,1719,'breeder'),(3735,3816,1719,'breeder'),(3736,4021,1719,'breeder'),(3737,3835,1719,'breeder'),(3738,3727,1720,'breeder'),(3739,3923,1721,'breeder'),(3740,4085,1721,'breeder'),(3741,3854,1721,'breeder'),(3742,3957,1721,'breeder'),(3743,3926,1721,'breeder'),(3744,3920,1722,'breeder'),(3745,3889,1722,'breeder'),(3746,3697,1722,'breeder'),(3747,4022,1722,'breeder'),(3748,4073,1722,'breeder'),(3749,4042,1723,'breeder'),(3750,4012,1723,'breeder'),(3751,3653,1723,'breeder'),(3752,3878,1723,'breeder'),(3753,3787,1723,'breeder'),(3754,4046,1725,'breeder'),(3755,4104,1725,'breeder'),(3756,3873,1725,'breeder'),(3757,3664,1725,'breeder'),(3758,3855,1725,'breeder'),(3759,3735,1729,'breeder'),(3760,3908,1729,'breeder'),(3761,3736,1729,'breeder'),(3762,3858,1729,'breeder'),(3763,4057,1729,'breeder'),(3764,3916,1729,'breeder'),(3765,3692,1731,'breeder'),(3766,3828,1731,'breeder'),(3767,3865,1731,'breeder'),(3768,3671,1731,'breeder'),(3769,3740,1734,'breeder'),(3770,3677,1734,'breeder'),(3771,3629,1734,'breeder'),(3772,3977,1734,'breeder'),(3773,3633,1735,'breeder'),(3774,4037,1735,'breeder'),(3775,4096,1735,'breeder'),(3776,3946,1735,'breeder'),(3777,3877,1735,'breeder'),(3778,4017,1735,'breeder'),(3779,3837,1735,'breeder'),(3780,4026,1735,'breeder'),(3781,3659,1735,'breeder'),(3782,3986,1736,'breeder'),(3783,3913,1736,'breeder'),(3784,3785,1736,'breeder'),(3785,4049,1736,'breeder'),(3786,3710,1736,'breeder'),(3787,3764,1736,'breeder'),(3788,3863,1736,'breeder'),(3789,3637,1737,'breeder'),(3790,3932,1737,'breeder'),(3791,3885,1737,'breeder'),(3792,3969,1737,'breeder'),(3793,3717,1738,'breeder'),(3794,3945,1738,'breeder'),(3795,4011,1738,'breeder'),(3796,3766,1738,'breeder'),(3797,3936,1738,'breeder'),(3798,3901,1738,'breeder'),(3799,4034,1738,'breeder'),(3800,3762,1738,'breeder'),(3801,3987,1738,'breeder'),(3802,3973,1738,'breeder'),(3803,3895,1738,'breeder'),(3804,3999,1738,'breeder'),(3805,3909,1738,'breeder'),(3806,3995,1738,'breeder'),(3807,3919,1738,'breeder'),(3808,3897,1738,'breeder'),(3809,3753,1738,'breeder'),(3810,3847,1738,'breeder'),(3811,4032,1738,'breeder'),(3812,3636,1738,'breeder'),(3813,3989,1738,'breeder'),(3814,3680,1739,'breeder'),(3815,3655,1739,'breeder'),(3816,3706,1739,'breeder'),(3817,3668,1739,'breeder'),(3818,4105,1739,'breeder'),(3819,3635,1739,'breeder'),(3820,3649,1739,'breeder'),(3821,4009,1739,'breeder'),(3822,3804,1741,'breeder'),(3823,4087,1742,'breeder'),(3824,3949,1742,'breeder'),(3825,4091,1742,'breeder'),(3826,4074,1743,'breeder'),(3827,3715,1743,'breeder'),(3828,4086,1743,'breeder'),(3829,4101,1745,'breeder'),(3830,3759,1746,'breeder'),(3831,3749,1747,'breeder'),(3832,4054,1747,'breeder'),(3833,3821,1747,'breeder'),(3834,3933,1747,'breeder'),(3835,4025,1747,'breeder'),(3836,3902,1747,'breeder'),(3837,3691,1747,'breeder'),(3838,3789,1748,'breeder'),(3839,3756,1748,'breeder'),(3840,3642,1748,'breeder'),(3841,4079,1748,'breeder'),(3842,3894,1749,'breeder'),(3843,3790,1749,'breeder'),(3844,3930,1749,'breeder'),(3845,3650,1749,'breeder'),(3846,3678,1750,'breeder'),(3847,3665,1750,'breeder'),(3848,3666,1750,'breeder'),(3849,3644,1750,'breeder'),(3850,3673,1750,'breeder'),(3851,3849,1751,'breeder'),(3852,4093,1752,'breeder'),(3853,3820,1754,'breeder'),(3854,3881,1754,'breeder'),(3855,3990,1754,'breeder'),(3856,4067,1754,'breeder'),(3857,3917,1754,'breeder'),(3858,3842,1754,'breeder'),(3859,3928,1754,'breeder'),(3860,3630,1754,'breeder'),(3861,4035,1754,'breeder'),(3862,3914,1754,'breeder'),(3863,3744,1754,'breeder'),(3864,3654,1754,'breeder'),(3865,3880,1754,'breeder'),(3866,3826,1754,'breeder'),(3867,3647,1755,'breeder'),(3868,3935,1755,'breeder'),(3869,4024,1756,'breeder'),(3870,4072,1756,'breeder'),(3871,3893,1760,'breeder'),(3872,3918,1761,'breeder'),(3873,3722,1763,'breeder'),(3874,3739,1763,'breeder'),(3875,4088,1764,'breeder'),(3876,4097,1764,'breeder'),(3877,3950,1764,'breeder'),(3878,3934,1765,'breeder'),(3879,4001,1766,'breeder'),(3880,3912,1769,'breeder'),(3881,3731,1769,'breeder'),(3882,3886,1769,'breeder'),(3883,4039,1769,'breeder'),(3884,3866,1769,'breeder'),(3885,3819,1769,'breeder'),(3886,4036,1769,'breeder'),(3887,3801,1769,'breeder'),(3888,4040,1769,'breeder'),(3889,3805,1769,'breeder'),(3890,3841,1771,'breeder'),(3891,3718,1771,'breeder'),(3892,4075,1771,'breeder'),(3893,3961,1771,'breeder'),(3894,3904,1772,'breeder'),(3895,4028,1773,'breeder'),(3896,3720,1773,'breeder'),(3897,3704,1774,'breeder'),(3898,3907,1775,'breeder'),(3899,3887,1775,'breeder'),(3900,3784,1776,'breeder'),(3901,4016,1777,'breeder'),(3902,3980,1777,'breeder'),(3903,4050,1779,'breeder'),(3904,3667,1780,'breeder'),(3905,3652,1781,'breeder'),(3906,3712,1781,'breeder'),(3907,3988,1783,'breeder'),(3908,4005,1784,'breeder'),(3909,4068,1785,'breeder'),(3910,3862,1785,'breeder'),(3911,4013,1786,'breeder'),(3912,3981,1787,'breeder'),(3913,3838,1788,'breeder'),(3914,4048,1789,'breeder'),(3915,4052,1790,'breeder'),(3916,3875,1790,'breeder'),(3917,3941,1791,'breeder'),(3918,3729,1792,'breeder'),(3919,3694,1793,'breeder'),(3920,3660,1797,'breeder'),(3921,3872,1797,'breeder'),(3980,4146,1739,'breeder'),(3981,4147,1722,'breeder'),(3982,4167,1783,'breeder'),(3983,4170,1724,'breeder'),(3984,4171,1781,'breeder'),(3985,4175,1773,'breeder'),(3986,4177,1781,'breeder'),(3987,4179,1736,'breeder'),(3988,4184,1722,'breeder'),(3989,4186,1722,'breeder'),(3990,4188,1721,'breeder'),(3991,4192,1768,'breeder'),(3992,4194,1723,'breeder'),(3993,4199,1721,'breeder'),(3994,4204,1781,'breeder'),(3995,4207,1783,'breeder'),(3996,4208,1773,'breeder'),(3997,4211,1773,'breeder'),(3998,4212,1733,'breeder'),(3999,4216,1734,'breeder'),(4000,4217,1741,'breeder'),(4001,4219,1734,'breeder'),(4002,4222,1759,'breeder'),(4003,4225,1717,'breeder'),(4004,4226,1775,'breeder'),(4005,4227,1779,'breeder'),(4006,4229,1749,'breeder'),(4007,4235,1789,'breeder'),(4008,4236,1724,'breeder'),(4009,4238,1723,'breeder'),(4010,4247,1734,'breeder'),(4011,4257,1769,'breeder'),(4013,4264,1747,'breeder'),(4014,4266,1797,'breeder'),(4015,4278,1781,'breeder'),(4016,4285,1730,'breeder'),(4017,4286,1778,'breeder'),(4018,4288,1754,'breeder'),(4019,4289,1724,'breeder'),(4020,4291,1714,'breeder'),(4021,4296,1722,'breeder'),(4022,4308,1749,'breeder'),(4023,4313,1721,'breeder'),(4024,4315,1773,'breeder'),(4025,4316,1721,'breeder'),(4026,4317,1727,'breeder'),(4027,4321,1768,'breeder'),(4028,4328,1723,'breeder'),(4029,4331,1723,'breeder'),(4030,4338,1730,'breeder'),(4031,4344,1722,'breeder'),(4032,4347,1723,'breeder'),(4033,4350,1722,'breeder'),(4034,4352,1779,'breeder'),(4035,4353,1773,'breeder'),(4036,4357,1726,'breeder'),(4037,4359,1727,'breeder'),(4038,4360,1736,'breeder'),(4039,4364,1749,'breeder'),(4040,4366,1773,'breeder'),(4041,4370,1773,'breeder'),(4042,4375,1730,'breeder'),(4043,3863,1820,'owner'),(4044,3999,1807,'owner'),(4045,4146,1822,'owner'),(4046,4147,1806,'owner'),(4047,4167,1858,'owner'),(4048,4170,1809,'owner'),(4049,4171,1854,'owner'),(4050,4177,1854,'owner'),(4051,4179,1820,'owner'),(4052,4184,1806,'owner'),(4053,4186,1806,'owner'),(4054,4188,1805,'owner'),(4055,4194,1807,'owner'),(4057,4204,1854,'owner'),(4058,4207,1858,'owner'),(4059,4211,1852,'owner'),(4060,4216,1825,'owner'),(4061,4217,1824,'owner'),(4062,4219,1818,'owner'),(4063,4222,1837,'owner'),(4064,4225,1801,'owner'),(4065,4229,1857,'owner'),(4066,4236,1809,'owner'),(4067,4238,1807,'owner'),(4068,4245,1810,'owner'),(4069,4247,1818,'owner'),(4070,4248,1811,'owner'),(4072,4264,1824,'owner'),(4073,4278,1854,'owner'),(4074,4285,1814,'owner'),(4075,4286,1817,'owner'),(4076,4289,1809,'owner'),(4077,4291,1798,'owner'),(4078,4296,1806,'owner'),(4079,4306,1810,'owner'),(4080,4308,1857,'owner'),(4081,4316,1805,'owner'),(4082,4317,1811,'owner'),(4083,4321,1843,'owner'),(4084,4328,1807,'owner'),(4085,4331,1807,'owner'),(4086,4338,1814,'owner'),(4087,4344,1806,'owner'),(4088,4347,1807,'owner'),(4090,4357,1810,'owner'),(4092,4359,1811,'owner'),(4093,4360,1820,'owner'),(4094,4364,1857,'owner'),(4095,4375,1828,'owner'),(4106,4220,1719,'breeder'),(4107,4356,1719,'breeder'),(4108,4309,1719,'breeder'),(4109,4244,1719,'breeder'),(4110,4265,1719,'breeder'),(4111,4240,1719,'breeder'),(4112,4144,1719,'breeder'),(4113,4162,1719,'breeder'),(4114,4340,1722,'breeder'),(4115,4294,1725,'breeder'),(4116,4262,1725,'breeder'),(4117,4333,1728,'breeder'),(4118,4332,1734,'breeder'),(4119,4143,1735,'breeder'),(4120,4159,1736,'breeder'),(4121,4334,1736,'breeder'),(4122,4156,1736,'breeder'),(4123,4324,1738,'breeder'),(4124,4164,1738,'breeder'),(4125,4272,1738,'breeder'),(4126,4290,1738,'breeder'),(4127,4274,1738,'breeder'),(4128,4241,1738,'breeder'),(4129,4301,1738,'breeder'),(4130,4165,1739,'breeder'),(4131,4293,1739,'breeder'),(4132,4218,1741,'breeder'),(4133,4368,1742,'breeder'),(4134,4361,1743,'breeder'),(4135,4182,1746,'breeder'),(4136,4318,1746,'breeder'),(4137,4189,1747,'breeder'),(4138,4271,1749,'breeder'),(4139,4176,1749,'breeder'),(4140,4169,1750,'breeder'),(4141,4228,1754,'breeder'),(4142,4141,1754,'breeder'),(4143,4367,1754,'breeder'),(4144,4254,1760,'breeder'),(4145,4304,1760,'breeder'),(4146,4209,1760,'breeder'),(4147,4232,1760,'breeder'),(4148,4351,1768,'breeder'),(4149,4281,1769,'breeder'),(4150,4322,1769,'breeder'),(4151,4202,1773,'breeder'),(4152,4205,1775,'breeder'),(4153,4203,1775,'breeder'),(4154,4374,1779,'breeder'),(4155,4155,1781,'breeder'),(4156,4346,1781,'breeder'),(4157,4213,1781,'breeder'),(4158,4373,1781,'breeder'),(4159,4242,1781,'breeder'),(4160,4206,1783,'breeder'),(4161,4158,1783,'breeder'),(4162,4173,1789,'breeder'),(4163,4201,1790,'breeder'),(4164,4307,1790,'breeder'),(4169,4352,1779,'owner'),(4170,4370,1773,'owner'),(4172,4306,1969,'breeder'),(4173,4353,1773,'owner'),(4174,4198,1970,'owner'),(4175,4198,1970,'breeder'),(4176,4243,1971,'breeder'),(4177,4145,1970,'owner'),(4178,4145,1972,'breeder'),(4179,4183,1973,'owner'),(4180,4183,1974,'breeder'),(4181,4228,1807,'owner'),(4182,4275,1975,'owner'),(4183,4275,1975,'breeder'),(4184,4237,1719,'owner'),(4185,4237,1719,'breeder'),(4186,4270,1719,'owner'),(4187,4270,1719,'breeder'),(4188,4199,1976,'owner'),(4189,4363,1971,'breeder'),(4190,4363,1803,'owner'),(4191,4259,1977,'owner'),(4192,4259,1978,'breeder'),(4195,4190,1847,'owner'),(4196,4190,1772,'breeder'),(4197,4252,1979,'owner'),(4198,4252,1800,'breeder'),(4199,4246,1719,'owner'),(4200,4246,1803,'breeder'),(4201,4245,1980,'breeder'),(4202,4248,1981,'breeder'),(4203,4261,1982,'owner'),(4204,4261,1983,'breeder'),(4205,4263,1725,'breeder'),(4206,4163,1972,'breeder'),(4207,4168,1975,'breeder'),(4208,4214,1975,'breeder'),(4209,4276,1975,'breeder'),(4210,4151,1975,'breeder'),(4211,4279,1975,'breeder'),(4212,4224,1981,'breeder'),(4213,4355,1983,'breeder'),(4282,4292,1985,'owner'),(4283,4341,1987,'owner'),(4284,4323,1988,'owner'),(4285,4300,1988,'owner'),(4286,4223,1988,'owner'),(4287,4256,1988,'owner'),(4288,4311,1991,'owner'),(4289,4354,1993,'owner'),(4290,4365,1993,'owner'),(4291,4305,1994,'owner'),(4292,4251,1995,'owner'),(4293,4230,1995,'owner'),(4294,4295,1997,'owner'),(4295,4312,1997,'owner'),(4296,4336,1997,'owner'),(4297,4348,1999,'owner'),(4298,4221,2001,'owner'),(4299,4193,2002,'owner'),(4300,4233,2002,'owner'),(4301,4215,2002,'owner'),(4302,4255,2002,'owner'),(4303,4369,2004,'owner'),(4304,4234,2005,'owner'),(4305,4267,2006,'owner'),(4306,4150,2006,'owner'),(4307,4372,2009,'owner'),(4308,4260,2011,'owner'),(4309,4277,2011,'owner'),(4310,4157,2011,'owner'),(4311,4297,2017,'owner'),(4312,4268,2017,'owner'),(4313,4365,2018,'breeder'),(4314,4305,2018,'breeder'),(4315,4292,2019,'breeder'),(4316,4150,2020,'breeder'),(4317,4267,2021,'breeder'),(4318,4341,2022,'breeder'),(4319,4323,2023,'breeder'),(4320,4300,2023,'breeder'),(4321,4223,2023,'breeder'),(4322,4256,2023,'breeder'),(4323,4311,2025,'breeder'),(4324,4354,2026,'breeder'),(4325,4369,2028,'breeder'),(4326,4295,2029,'breeder'),(4327,4312,2029,'breeder'),(4328,4336,2029,'breeder'),(4329,4348,2030,'breeder'),(4330,4234,2032,'breeder'),(4331,4193,2033,'breeder'),(4332,4233,2033,'breeder'),(4333,4215,2033,'breeder'),(4334,4255,2033,'breeder'),(4335,4268,2035,'breeder'),(4336,4221,2036,'breeder'),(4337,4260,2037,'breeder'),(4338,4277,2037,'breeder'),(4339,4157,2037,'breeder'),(4340,4251,2038,'breeder'),(4341,4230,2038,'breeder'),(4342,4372,2039,'breeder'),(4343,4297,2040,'breeder'),(4344,4355,1768,'owner'),(4345,4279,1975,'owner'),(4346,4350,1992,'owner'),(4347,4243,1719,'owner'),(4348,4266,1998,'owner'),(4349,4235,2000,'owner'),(4350,4288,1989,'owner'),(4351,4208,1773,'owner'),(4352,4168,1975,'owner'),(4353,4224,1981,'owner'),(4354,4151,1975,'owner'),(4355,4192,2006,'owner'),(4356,4214,2014,'owner'),(4357,4175,1773,'owner'),(4358,4315,1773,'owner'),(4359,4227,1779,'owner'),(4360,4263,1825,'owner'),(4361,4212,1773,'owner'),(4362,4257,1975,'owner'),(4363,4313,1990,'owner'),(4364,4226,1775,'owner'),(4365,4276,1975,'owner'),(4366,4163,1972,'owner'),(4367,4366,1773,'owner');

/*Table structure for table `animals` */

DROP TABLE IF EXISTS `animals`;

CREATE TABLE `animals` (
  `id` int(10) unsigned NOT NULL AUTO_INCREMENT,
  `code` varchar(20) DEFAULT NULL,
  `name` varchar(60) NOT NULL,
  `birthdate` datetime DEFAULT NULL,
  `mom` int(10) unsigned DEFAULT NULL,
  `dad` int(10) unsigned DEFAULT NULL,
  `gender` enum('female','male') DEFAULT NULL,
  `created_at` timestamp NULL DEFAULT NULL,
  `updated_at` timestamp NULL DEFAULT NULL,
  `deleted_at` timestamp NULL DEFAULT NULL,
  PRIMARY KEY (`id`),
  KEY `fk_animals_animals1_idx` (`dad`),
  CONSTRAINT `fk_animals_animals1` FOREIGN KEY (`dad`) REFERENCES `animals` (`id`) ON DELETE NO ACTION ON UPDATE NO ACTION
) ENGINE=InnoDB AUTO_INCREMENT=4397 DEFAULT CHARSET=utf8;

/*Data for the table `animals` */

insert  into `animals`(`id`,`code`,`name`,`birthdate`,`mom`,`dad`,`gender`,`created_at`,`updated_at`,`deleted_at`) values (3629,NULL,'ACIERTO',NULL,NULL,NULL,'male','2016-02-18 23:35:45','2016-02-18 23:35:45',NULL),(3630,NULL,'ACTOR',NULL,NULL,NULL,'male','2016-02-18 23:35:45','2016-02-18 23:35:45',NULL),(3631,'YN-13760','ACTORA','2006-12-28 00:00:00',NULL,NULL,NULL,'2016-02-18 23:35:45','2016-02-18 23:35:45',NULL),(3632,NULL,'ACTRIZ',NULL,NULL,NULL,'female','2016-02-18 23:35:45','2016-02-18 23:35:45',NULL),(3633,NULL,'ACUARELA',NULL,NULL,NULL,NULL,'2016-02-18 23:35:45','2016-02-18 23:35:45',NULL),(3634,NULL,'ADINERADA CAYALTI',NULL,NULL,NULL,NULL,'2016-02-18 23:35:45','2016-02-18 23:35:45',NULL),(3635,NULL,'AFRICA',NULL,NULL,NULL,'female','2016-02-18 23:35:45','2016-02-18 23:35:45',NULL),(3636,NULL,'AFRICANA',NULL,NULL,NULL,'female','2016-02-18 23:35:45','2016-02-18 23:35:45',NULL),(3637,NULL,'AGRESOR',NULL,NULL,NULL,NULL,'2016-02-18 23:35:45','2016-02-18 23:35:45',NULL),(3638,'YN-18021','AGRESORA-TE','2014-03-21 00:00:00',NULL,NULL,NULL,'2016-02-18 23:35:45','2016-02-18 23:35:45',NULL),(3639,'PN-07275','AGUAYMANTO','2005-11-06 00:00:00',NULL,NULL,NULL,'2016-02-18 23:35:45','2016-02-18 23:35:45',NULL),(3640,NULL,'ALBILLA',NULL,NULL,NULL,NULL,'2016-02-18 23:35:45','2016-02-18 23:35:45',NULL),(3641,'PN-09981','ALBOROTO','2013-08-01 00:00:00',3678,3754,NULL,'2016-02-18 23:35:45','2016-02-18 23:35:45',NULL),(3642,NULL,'ALEGRIA',NULL,NULL,NULL,NULL,'2016-02-18 23:35:45','2016-02-18 23:35:45',NULL),(3643,'YN-15152','ALEGRIA','2009-09-08 00:00:00',NULL,NULL,NULL,'2016-02-18 23:35:45','2016-02-18 23:35:45',NULL),(3644,NULL,'ALENTADORA',NULL,NULL,NULL,NULL,'2016-02-18 23:35:45','2016-02-18 23:35:45',NULL),(3645,'YN-18047','ALGECIRAS','2014-03-25 00:00:00',NULL,NULL,NULL,'2016-02-18 23:35:45','2016-02-18 23:35:45',NULL),(3646,NULL,'ALHELI',NULL,NULL,NULL,'female','2016-02-18 23:35:45','2016-02-18 23:35:45',NULL),(3647,NULL,'ALIESKA',NULL,NULL,NULL,NULL,'2016-02-18 23:35:45','2016-02-18 23:35:45',NULL),(3648,'YN-17786','ALMIBARADA','2013-10-23 00:00:00',NULL,NULL,NULL,'2016-02-18 23:35:45','2016-02-18 23:35:45',NULL),(3649,NULL,'ALOMA',NULL,NULL,NULL,NULL,'2016-02-18 23:35:45','2016-02-18 23:35:45',NULL),(3650,NULL,'ALTANERA',NULL,NULL,NULL,NULL,'2016-02-18 23:35:45','2016-02-18 23:35:45',NULL),(3651,'CN-01260','ALTANERO','2003-06-14 00:00:00',NULL,NULL,NULL,'2016-02-18 23:35:45','2016-02-18 23:35:45',NULL),(3652,NULL,'ALTANERO',NULL,NULL,NULL,'male','2016-02-18 23:35:45','2016-02-18 23:35:45',NULL),(3653,NULL,'ALTIVA',NULL,NULL,NULL,'female','2016-02-18 23:35:45','2016-02-18 23:35:45',NULL),(3654,NULL,'ALTIVO',NULL,NULL,NULL,NULL,'2016-02-18 23:35:45','2016-02-18 23:35:45',NULL),(3655,NULL,'AMBAR',NULL,NULL,NULL,'female','2016-02-18 23:35:45','2016-02-18 23:35:45',NULL),(3656,NULL,'AMBROSIA',NULL,NULL,NULL,NULL,'2016-02-18 23:35:45','2016-02-18 23:35:45',NULL),(3657,'PN-10649','AMIGO-TE','2014-03-25 00:00:00',4050,4054,NULL,'2016-02-18 23:35:45','2016-02-18 23:35:45',NULL),(3658,NULL,'AMIR',NULL,NULL,NULL,NULL,'2016-02-18 23:35:45','2016-02-18 23:35:45',NULL),(3659,NULL,'ANASTASIA',NULL,NULL,NULL,NULL,'2016-02-18 23:35:45','2016-02-18 23:35:45',NULL),(3660,NULL,'ANDARITA',NULL,NULL,NULL,'female','2016-02-18 23:35:45','2016-02-18 23:35:45',NULL),(3661,'YN-16131','ANFITRIONA-TE','2012-05-06 00:00:00',NULL,NULL,NULL,'2016-02-18 23:35:45','2016-02-18 23:35:45',NULL),(3662,'YN-18074','ANTICUARIA','2014-03-22 00:00:00',NULL,NULL,NULL,'2016-02-18 23:35:45','2016-02-18 23:35:45',NULL),(3663,'YN-15897','ANTOLOGIA','2011-03-24 00:00:00',3653,3729,NULL,'2016-02-18 23:35:45','2016-02-18 23:35:45',NULL),(3664,NULL,'APOLO',NULL,NULL,NULL,'male','2016-02-18 23:35:45','2016-02-18 23:35:45',NULL),(3665,NULL,'APRECIADO',NULL,NULL,NULL,'male','2016-02-18 23:35:45','2016-02-18 23:35:45',NULL),(3666,NULL,'APURIMAC',NULL,NULL,NULL,'female','2016-02-18 23:35:45','2016-02-18 23:35:45',NULL),(3667,NULL,'ARIANA',NULL,NULL,NULL,NULL,'2016-02-18 23:35:45','2016-02-18 23:35:45',NULL),(3668,NULL,'ARMENIA',NULL,NULL,NULL,NULL,'2016-02-18 23:35:45','2016-02-18 23:35:45',NULL),(3669,'CN-02601','ARMERO','2011-06-30 00:00:00',NULL,NULL,NULL,'2016-02-18 23:35:45','2016-02-18 23:35:45',NULL),(3670,'YN-14775','AROMATICA','2009-12-20 00:00:00',NULL,NULL,NULL,'2016-02-18 23:35:45','2016-02-18 23:35:45',NULL),(3671,NULL,'ARRIBA PERU',NULL,NULL,NULL,'male','2016-02-18 23:35:45','2016-02-18 23:35:45',NULL),(3672,'YN-17530','ARROGANCIA','2013-01-01 00:00:00',NULL,NULL,NULL,'2016-02-18 23:35:45','2016-02-18 23:35:45',NULL),(3673,NULL,'ASIA',NULL,NULL,NULL,NULL,'2016-02-18 23:35:45','2016-02-18 23:35:45',NULL),(3674,'YN-14374','ASIA II','2009-05-19 00:00:00',NULL,NULL,NULL,'2016-02-18 23:35:45','2016-02-18 23:35:45',NULL),(3675,'YN-17731','ASOMBRADA','2013-07-18 00:00:00',4062,3874,NULL,'2016-02-18 23:35:45','2016-02-18 23:35:45',NULL),(3676,'PN-10374','AUTOR','2013-10-11 00:00:00',NULL,NULL,NULL,'2016-02-18 23:35:45','2016-02-18 23:35:45',NULL),(3677,NULL,'AVENTURA',NULL,NULL,NULL,'female','2016-02-18 23:35:45','2016-02-18 23:35:45',NULL),(3678,NULL,'AVENTURA',NULL,NULL,NULL,'female','2016-02-18 23:35:45','2016-02-18 23:35:45',NULL),(3679,NULL,'AZAROSA',NULL,NULL,NULL,NULL,'2016-02-18 23:35:45','2016-02-18 23:35:45',NULL),(3680,NULL,'AZUCAR',NULL,NULL,NULL,NULL,'2016-02-18 23:35:45','2016-02-18 23:35:45',NULL),(3681,'YN-16983','AZUCENA','2008-09-15 00:00:00',3720,4048,NULL,'2016-02-18 23:35:45','2016-02-18 23:35:45',NULL),(3682,NULL,'AZUCENA',NULL,NULL,NULL,NULL,'2016-02-18 23:35:45','2016-02-18 23:35:45',NULL),(3683,'YN-16021','AZUCENA-TE','2011-11-10 00:00:00',NULL,NULL,NULL,'2016-02-18 23:35:45','2016-02-18 23:35:45',NULL),(3684,NULL,'BANDOLERO',NULL,NULL,NULL,NULL,'2016-02-18 23:35:45','2016-02-18 23:35:45',NULL),(3685,'PN-10057','BARBARESCO','2013-04-03 00:00:00',NULL,NULL,NULL,'2016-02-18 23:35:45','2016-02-18 23:35:45',NULL),(3686,'YN-14029','BARCELONA','2008-09-27 00:00:00',NULL,NULL,NULL,'2016-02-18 23:35:45','2016-02-18 23:35:45',NULL),(3687,'YN-12842','BELLA HURI','2004-10-09 00:00:00',NULL,NULL,NULL,'2016-02-18 23:35:45','2016-02-18 23:35:45',NULL),(3688,'YN-15428','BELLA LUZ','2009-12-05 00:00:00',NULL,NULL,NULL,'2016-02-18 23:35:45','2016-02-18 23:35:45',NULL),(3689,'YN-15775','BELLEZA','2011-09-16 00:00:00',3692,3989,NULL,'2016-02-18 23:35:45','2016-02-18 23:35:45',NULL),(3690,'YN-16997','BISKAIA-TE','2013-11-03 00:00:00',3855,3866,NULL,'2016-02-18 23:35:45','2016-02-18 23:35:45',NULL),(3691,NULL,'BOLERO',NULL,NULL,NULL,NULL,'2016-02-18 23:35:45','2016-02-18 23:35:45',NULL),(3692,NULL,'BONANZA',NULL,NULL,NULL,'female','2016-02-18 23:35:45','2016-02-18 23:35:45',NULL),(3693,'YN-16766','BRISA','2012-07-01 00:00:00',NULL,NULL,NULL,'2016-02-18 23:35:45','2016-02-18 23:35:45',NULL),(3694,NULL,'BRUJA DE CACHICHE',NULL,NULL,NULL,'female','2016-02-18 23:35:45','2016-02-18 23:35:45',NULL),(3695,'YN-14067','BRUMA','2008-06-02 00:00:00',NULL,NULL,NULL,'2016-02-18 23:35:45','2016-02-18 23:35:45',NULL),(3696,'PN-07644','BUEN MOZO','2006-04-19 00:00:00',NULL,NULL,NULL,'2016-02-18 23:35:45','2016-02-18 23:35:45',NULL),(3697,NULL,'BUENA LUZ',NULL,NULL,NULL,'female','2016-02-18 23:35:45','2016-02-18 23:35:45',NULL),(3698,'YN-18213','BUENA MOZA','2014-06-05 00:00:00',3957,3874,NULL,'2016-02-18 23:35:45','2016-02-18 23:35:45',NULL),(3699,NULL,'BUGAMBILLA',NULL,NULL,NULL,NULL,'2016-02-18 23:35:45','2016-02-18 23:35:45',NULL),(3700,'CN-02503','BUJAMERO','2011-01-03 00:00:00',NULL,NULL,NULL,'2016-02-18 23:35:45','2016-02-18 23:35:45',NULL),(3701,'YN-16542','BULERIA','2011-02-20 00:00:00',NULL,NULL,NULL,'2016-02-18 23:35:45','2016-02-18 23:35:45',NULL),(3702,'YN-17007','BURUNDANGA','2013-07-01 00:00:00',3697,3754,NULL,'2016-02-18 23:35:45','2016-02-18 23:35:45',NULL),(3703,'PN-09965','CACHICHE','2005-08-28 00:00:00',3694,3887,NULL,'2016-02-18 23:35:45','2016-02-18 23:35:45',NULL),(3704,NULL,'CACHINA',NULL,NULL,NULL,NULL,'2016-02-18 23:35:45','2016-02-18 23:35:45',NULL),(3705,'PN-10389','CADIZ','2013-09-26 00:00:00',NULL,NULL,NULL,'2016-02-18 23:35:45','2016-02-18 23:35:45',NULL),(3706,NULL,'CALUPEÑO',NULL,NULL,NULL,'male','2016-02-18 23:35:45','2016-02-18 23:35:45',NULL),(3707,'YN-15773','CAMELIA','2011-07-20 00:00:00',3919,3989,NULL,'2016-02-18 23:35:45','2016-02-18 23:35:45',NULL),(3708,'PN-08371','CAMINANTE','2009-07-17 00:00:00',NULL,NULL,NULL,'2016-02-18 23:35:45','2016-02-18 23:35:45',NULL),(3709,'PN-10446','CAMPEADOR','2014-01-04 00:00:00',3710,3895,NULL,'2016-02-18 23:35:45','2016-02-18 23:35:45',NULL),(3710,NULL,'CAMPEADORA',NULL,NULL,NULL,'female','2016-02-18 23:35:45','2016-02-18 23:35:45',NULL),(3711,'CN-02479','CANCILLER-TE','2011-01-15 00:00:00',3804,3630,NULL,'2016-02-18 23:35:45','2016-02-18 23:35:45',NULL),(3712,NULL,'CANDELA',NULL,NULL,NULL,'female','2016-02-18 23:35:45','2016-02-18 23:35:45',NULL),(3713,NULL,'CANDELARIA',NULL,NULL,NULL,NULL,'2016-02-18 23:35:45','2016-02-18 23:35:45',NULL),(3714,'YN-16277','CANDELARIA','2012-07-01 00:00:00',3919,3989,NULL,'2016-02-18 23:35:45','2016-02-18 23:35:45',NULL),(3715,NULL,'CANDILEJA',NULL,NULL,NULL,NULL,'2016-02-18 23:35:45','2016-02-18 23:35:45',NULL),(3716,NULL,'CANELA',NULL,NULL,NULL,NULL,'2016-02-18 23:35:45','2016-02-18 23:35:45',NULL),(3717,NULL,'CAPITANA',NULL,NULL,NULL,NULL,'2016-02-18 23:35:45','2016-02-18 23:35:45',NULL),(3718,NULL,'CAPRICHO',NULL,NULL,NULL,NULL,'2016-02-18 23:35:45','2016-02-18 23:35:45',NULL),(3719,'YN-16899','CAPRICHOSA','2012-03-01 00:00:00',NULL,NULL,NULL,'2016-02-18 23:35:45','2016-02-18 23:35:45',NULL),(3720,NULL,'CAPULI',NULL,NULL,NULL,'female','2016-02-18 23:35:45','2016-02-18 23:35:45',NULL),(3721,'CN-01468','CARACOL','2004-01-16 00:00:00',NULL,NULL,NULL,'2016-02-18 23:35:45','2016-02-18 23:35:45',NULL),(3722,NULL,'CARACOLETA',NULL,NULL,NULL,NULL,'2016-02-18 23:35:45','2016-02-18 23:35:45',NULL),(3723,'PN-09609','CARLO MAGNO','2012-04-27 00:00:00',NULL,NULL,NULL,'2016-02-18 23:35:45','2016-02-18 23:35:45',NULL),(3724,'CN-02083','CARLO MAGNO','2008-09-13 00:00:00',NULL,NULL,NULL,'2016-02-18 23:35:45','2016-02-18 23:35:45',NULL),(3725,'YN-17561','CAROZA','2013-01-12 00:00:00',NULL,NULL,NULL,'2016-02-18 23:35:45','2016-02-18 23:35:45',NULL),(3726,'PN-08642','CASIQUE','2008-04-15 00:00:00',3981,3976,NULL,'2016-02-18 23:35:45','2016-02-18 23:35:45',NULL),(3727,NULL,'CATALANA',NULL,NULL,NULL,NULL,'2016-02-18 23:35:45','2016-02-18 23:35:45',NULL),(3728,'YN-16744','CATARINA','2012-01-10 00:00:00',NULL,NULL,NULL,'2016-02-18 23:35:45','2016-02-18 23:35:45',NULL),(3729,NULL,'CATON',NULL,NULL,NULL,'male','2016-02-18 23:35:45','2016-02-18 23:35:45',NULL),(3730,'PN-09974','CAYETANO','2012-12-05 00:00:00',3923,3874,NULL,'2016-02-18 23:35:45','2016-02-18 23:35:45',NULL),(3731,NULL,'CELESTE',NULL,NULL,NULL,'female','2016-02-18 23:35:45','2016-02-18 23:35:45',NULL),(3732,'YN-15097','CENTELLA','2010-02-25 00:00:00',3635,3806,NULL,'2016-02-18 23:35:45','2016-02-18 23:35:45',NULL),(3733,NULL,'CENTENARIA',NULL,NULL,NULL,'female','2016-02-18 23:35:45','2016-02-18 23:35:45',NULL),(3734,'CN-02416','CENTURION-TE','2010-01-11 00:00:00',NULL,NULL,NULL,'2016-02-18 23:35:45','2016-02-18 23:35:45',NULL),(3735,NULL,'CEREZA',NULL,NULL,NULL,NULL,'2016-02-18 23:35:45','2016-02-18 23:35:45',NULL),(3736,NULL,'CEREZO',NULL,NULL,NULL,NULL,'2016-02-18 23:35:45','2016-02-18 23:35:45',NULL),(3737,'PN-10386','CERTERO','2013-04-15 00:00:00',NULL,NULL,NULL,'2016-02-18 23:35:45','2016-02-18 23:35:45',NULL),(3738,NULL,'CHICAMA',NULL,NULL,NULL,NULL,'2016-02-18 23:35:45','2016-02-18 23:35:45',NULL),(3739,NULL,'CHICUELINA',NULL,NULL,NULL,NULL,'2016-02-18 23:35:45','2016-02-18 23:35:45',NULL),(3740,NULL,'CHINA LINDA',NULL,NULL,NULL,'female','2016-02-18 23:35:45','2016-02-18 23:35:45',NULL),(3741,'YN-11561','CHIQUITA BONITA','2003-09-24 00:00:00',NULL,NULL,NULL,'2016-02-18 23:35:45','2016-02-18 23:35:45',NULL),(3742,'CN-02229','CHOLOLOLO','2009-09-23 00:00:00',NULL,NULL,NULL,'2016-02-18 23:35:45','2016-02-18 23:35:45',NULL),(3743,NULL,'CISNE',NULL,NULL,NULL,'male','2016-02-18 23:35:45','2016-02-18 23:35:45',NULL),(3744,NULL,'CITA',NULL,NULL,NULL,NULL,'2016-02-18 23:35:45','2016-02-18 23:35:45',NULL),(3745,'PN-09927','CITADINO-TE','2013-05-03 00:00:00',NULL,NULL,NULL,'2016-02-18 23:35:45','2016-02-18 23:35:45',NULL),(3746,NULL,'CLAVELINA',NULL,NULL,NULL,NULL,'2016-02-18 23:35:45','2016-02-18 23:35:45',NULL),(3747,'PN-10559','CLAVIJO','2011-11-20 00:00:00',NULL,NULL,NULL,'2016-02-18 23:35:45','2016-02-18 23:35:45',NULL),(3748,'YN-15782','CONSISTENCIA','2011-12-18 00:00:00',NULL,NULL,NULL,'2016-02-18 23:35:45','2016-02-18 23:35:45',NULL),(3749,NULL,'COPETINERA',NULL,NULL,NULL,'female','2016-02-18 23:35:45','2016-02-18 23:35:45',NULL),(3750,NULL,'COQUETA',NULL,NULL,NULL,NULL,'2016-02-18 23:35:45','2016-02-18 23:35:45',NULL),(3751,'PN-08965','CORSARIO I','2010-10-03 00:00:00',NULL,NULL,NULL,'2016-02-18 23:35:45','2016-02-18 23:35:45',NULL),(3752,'PN-10125','CORTESANO','2012-12-22 00:00:00',NULL,NULL,NULL,'2016-02-18 23:35:45','2016-02-18 23:35:45',NULL),(3753,NULL,'CORTESIA',NULL,NULL,NULL,NULL,'2016-02-18 23:35:45','2016-02-18 23:35:45',NULL),(3754,NULL,'DANDY-TE',NULL,NULL,NULL,'male','2016-02-18 23:35:45','2016-02-18 23:35:45',NULL),(3755,'CN-02126','DANUBIO','2009-12-09 00:00:00',NULL,NULL,NULL,'2016-02-18 23:35:45','2016-02-18 23:35:45',NULL),(3756,NULL,'DECIDIDA',NULL,NULL,NULL,NULL,'2016-02-18 23:35:45','2016-02-18 23:35:45',NULL),(3757,'YN-16060','DEIDAD-TE','2012-01-20 00:00:00',NULL,NULL,NULL,'2016-02-18 23:35:45','2016-02-18 23:35:45',NULL),(3758,NULL,'DELIRIO',NULL,NULL,NULL,NULL,'2016-02-18 23:35:45','2016-02-18 23:35:45',NULL),(3759,NULL,'DIANA',NULL,NULL,NULL,NULL,'2016-02-18 23:35:45','2016-02-18 23:35:45',NULL),(3760,'YN-15604','DIFERENCIA','2010-02-25 00:00:00',3677,3743,NULL,'2016-02-18 23:35:45','2016-02-18 23:35:45',NULL),(3761,NULL,'DIFERENTE',NULL,NULL,NULL,'male','2016-02-18 23:35:45','2016-02-18 23:35:45',NULL),(3762,NULL,'DIFORZADA',NULL,NULL,NULL,NULL,'2016-02-18 23:35:45','2016-02-18 23:35:45',NULL),(3763,NULL,'DIGNATARIO',NULL,NULL,NULL,'male','2016-02-18 23:35:45','2016-02-18 23:35:45',NULL),(3764,NULL,'DINASTIA',NULL,NULL,NULL,'female','2016-02-18 23:35:45','2016-02-18 23:35:45',NULL),(3765,'YN-17333','DIPLOMATICA','2013-12-29 00:00:00',3964,3803,NULL,'2016-02-18 23:35:45','2016-02-18 23:35:45',NULL),(3766,NULL,'DISCORDIA',NULL,NULL,NULL,NULL,'2016-02-18 23:35:45','2016-02-18 23:35:45',NULL),(3767,NULL,'DIVINA',NULL,NULL,NULL,'female','2016-02-18 23:35:45','2016-02-18 23:35:45',NULL),(3768,'YN-17529','DOÑA ANDREA-TE','2010-07-20 00:00:00',NULL,NULL,NULL,'2016-02-18 23:35:45','2016-02-18 23:35:45',NULL),(3769,'YN-17739','DOÑA ANTONIETA','2014-04-03 00:00:00',NULL,NULL,NULL,'2016-02-18 23:35:45','2016-02-18 23:35:45',NULL),(3770,'YN-13904','DOÑA G II','2008-09-15 00:00:00',NULL,NULL,NULL,'2016-02-18 23:35:45','2016-02-18 23:35:45',NULL),(3771,'YN-12926','DOÑA JIMENA','2006-09-20 00:00:00',NULL,NULL,NULL,'2016-02-18 23:35:45','2016-02-18 23:35:45',NULL),(3772,'YN-16317','DOÑA LUCIANA-TE','2010-01-21 00:00:00',NULL,NULL,NULL,'2016-02-18 23:35:45','2016-02-18 23:35:45',NULL),(3773,'YN-16321','DOÑA MARINA -TE','2009-10-23 00:00:00',NULL,NULL,NULL,'2016-02-18 23:35:45','2016-02-18 23:35:45',NULL),(3774,NULL,'DOÑA TILA',NULL,NULL,NULL,'female','2016-02-18 23:35:45','2016-02-18 23:35:45',NULL),(3775,'YN-16942','DOÑA TITA','2013-01-08 00:00:00',NULL,NULL,NULL,'2016-02-18 23:35:45','2016-02-18 23:35:45',NULL),(3776,'CN-02504','DOCTOR','2011-02-07 00:00:00',NULL,NULL,NULL,'2016-02-18 23:35:45','2016-02-18 23:35:45',NULL),(3777,NULL,'DOMINICA',NULL,NULL,NULL,NULL,'2016-02-18 23:35:45','2016-02-18 23:35:45',NULL),(3778,NULL,'DON ANTONIO',NULL,NULL,NULL,'male','2016-02-18 23:35:45','2016-02-18 23:35:45',NULL),(3779,'CN-02426','DON BARTOLO','2006-09-15 00:00:00',NULL,NULL,NULL,'2016-02-18 23:35:45','2016-02-18 23:35:45',NULL),(3780,'CN-01917','DON ERNESTO','2007-10-19 00:00:00',4075,3778,NULL,'2016-02-18 23:35:45','2016-02-18 23:35:45',NULL),(3781,'PN-08995','DON GABRIEL','2008-04-07 00:00:00',NULL,NULL,NULL,'2016-02-18 23:35:45','2016-02-18 23:35:45',NULL),(3782,'PN-07489','DON LUIS','2007-06-28 00:00:00',NULL,NULL,NULL,'2016-02-18 23:35:45','2016-02-18 23:35:45',NULL),(3783,'PN-10521','DON SOL-TE','2014-01-28 00:00:00',NULL,NULL,NULL,'2016-02-18 23:35:45','2016-02-18 23:35:45',NULL),(3784,NULL,'DON VICENTE',NULL,NULL,NULL,NULL,'2016-02-18 23:35:45','2016-02-18 23:35:45',NULL),(3785,NULL,'DORADA',NULL,NULL,NULL,'female','2016-02-18 23:35:45','2016-02-18 23:35:45',NULL),(3786,'CN-02036','DORADO','2005-08-15 00:00:00',3785,4073,NULL,'2016-02-18 23:35:45','2016-02-18 23:35:45',NULL),(3787,NULL,'DUQUESA',NULL,NULL,NULL,NULL,'2016-02-18 23:35:45','2016-02-18 23:35:45',NULL),(3788,NULL,'DYANGO',NULL,NULL,NULL,'male','2016-02-18 23:35:45','2016-02-18 23:35:45',NULL),(3789,NULL,'ECIJANO',NULL,NULL,NULL,'male','2016-02-18 23:35:45','2016-02-18 23:35:45',NULL),(3790,NULL,'ECIJANO',NULL,NULL,NULL,'male','2016-02-18 23:35:45','2016-02-18 23:35:45',NULL),(3791,'PN-08927','ECLIPSE','2010-03-06 00:00:00',NULL,NULL,NULL,'2016-02-18 23:35:45','2016-02-18 23:35:45',NULL),(3792,'CN-02235','ECLIPSE-TE','2008-10-19 00:00:00',NULL,NULL,NULL,'2016-02-18 23:35:45','2016-02-18 23:35:45',NULL),(3793,NULL,'EJECUTIVO',NULL,NULL,NULL,'male','2016-02-18 23:35:45','2016-02-18 23:35:45',NULL),(3794,'PN-09540','EL CAMPEADOR','2011-09-14 00:00:00',NULL,NULL,NULL,'2016-02-18 23:35:45','2016-02-18 23:35:45',NULL),(3795,'CN-02528','EL MAJO','2007-12-24 00:00:00',NULL,NULL,NULL,'2016-02-18 23:35:45','2016-02-18 23:35:45',NULL),(3796,NULL,'EL MELLIZO-TE',NULL,NULL,NULL,'male','2016-02-18 23:35:45','2016-02-18 23:35:45',NULL),(3797,NULL,'EL NEGRO',NULL,NULL,NULL,NULL,'2016-02-18 23:35:45','2016-02-18 23:35:45',NULL),(3798,NULL,'EL PATRICIO',NULL,NULL,NULL,'male','2016-02-18 23:35:45','2016-02-18 23:35:45',NULL),(3799,'PN-10430','EL SORO','2014-01-23 00:00:00',4063,3796,NULL,'2016-02-18 23:35:45','2016-02-18 23:35:45',NULL),(3800,'PN-09538','EL SULTAN-TE','2009-07-06 00:00:00',3873,4081,NULL,'2016-02-18 23:35:45','2016-02-18 23:35:45',NULL),(3801,NULL,'ELEGIDO',NULL,NULL,NULL,'male','2016-02-18 23:35:45','2016-02-18 23:35:45',NULL),(3802,NULL,'ELEONORA',NULL,NULL,NULL,NULL,'2016-02-18 23:35:45','2016-02-18 23:35:45',NULL),(3803,NULL,'EMBAJADOR',NULL,NULL,NULL,'male','2016-02-18 23:35:45','2016-02-18 23:35:45',NULL),(3804,NULL,'EMBAJADORA-TE',NULL,NULL,NULL,'female','2016-02-18 23:35:45','2016-02-18 23:35:45',NULL),(3805,NULL,'EMBRUJO DE CACHICHE',NULL,NULL,NULL,'male','2016-02-18 23:35:45','2016-02-18 23:35:45',NULL),(3806,NULL,'EMISARIO',NULL,NULL,NULL,'male','2016-02-18 23:35:45','2016-02-18 23:35:45',NULL),(3807,'PI-00314','EMPERADOR','2004-03-17 00:00:00',NULL,NULL,NULL,'2016-02-18 23:35:45','2016-02-18 23:35:45',NULL),(3808,NULL,'EMPERADOR',NULL,NULL,NULL,'male','2016-02-18 23:35:45','2016-02-18 23:35:45',NULL),(3809,'YN-16319','EMPERADORA-TE','2010-01-08 00:00:00',4043,3808,NULL,'2016-02-18 23:35:45','2016-02-18 23:35:45',NULL),(3810,NULL,'EMPERATRIZ DE ROMA',NULL,NULL,NULL,NULL,'2016-02-18 23:35:45','2016-02-18 23:35:45',NULL),(3811,'CN-02381','EMPRESARIO','2011-08-14 00:00:00',3666,3629,NULL,'2016-02-18 23:35:45','2016-02-18 23:35:45',NULL),(3812,'YN-17787','ENCANDILADA','2013-11-02 00:00:00',NULL,NULL,NULL,'2016-02-18 23:35:45','2016-02-18 23:35:45',NULL),(3813,NULL,'ENGREIDO',NULL,NULL,NULL,NULL,'2016-02-18 23:35:45','2016-02-18 23:35:45',NULL),(3814,'YN-15011','ENSUEÑO','2010-01-07 00:00:00',NULL,NULL,NULL,'2016-02-18 23:35:45','2016-02-18 23:35:45',NULL),(3815,NULL,'EROILA',NULL,NULL,NULL,NULL,'2016-02-18 23:35:45','2016-02-18 23:35:45',NULL),(3816,NULL,'ESCENCIA',NULL,NULL,NULL,'female','2016-02-18 23:35:45','2016-02-18 23:35:45',NULL),(3817,'YN-15747','ESENCIA','2011-03-18 00:00:00',3740,3763,NULL,'2016-02-18 23:35:45','2016-02-18 23:35:45',NULL),(3818,'CN-02383','ESPARTANO','2010-07-22 00:00:00',NULL,NULL,NULL,'2016-02-18 23:35:45','2016-02-18 23:35:45',NULL),(3819,NULL,'ESPONTANEO',NULL,NULL,NULL,'male','2016-02-18 23:35:45','2016-02-18 23:35:45',NULL),(3820,NULL,'ESTAMPA',NULL,NULL,NULL,NULL,'2016-02-18 23:35:45','2016-02-18 23:35:45',NULL),(3821,NULL,'ESTANCIERA V',NULL,NULL,NULL,NULL,'2016-02-18 23:35:45','2016-02-18 23:35:45',NULL),(3822,NULL,'ESTIRPE',NULL,NULL,NULL,'male','2016-02-18 23:35:45','2016-02-18 23:35:45',NULL),(3823,'YN-15679','EXCELENCIA I','2010-11-17 00:00:00',NULL,NULL,'female','2016-02-18 23:35:45','2016-02-18 23:35:45',NULL),(3824,'PN-08692','EXCLUSIVO DE MALA','2009-02-04 00:00:00',NULL,NULL,NULL,'2016-02-18 23:35:45','2016-02-18 23:35:45',NULL),(3825,'PN-07538','EXIGENTE','2007-02-06 00:00:00',NULL,NULL,NULL,'2016-02-18 23:35:45','2016-02-18 23:35:45',NULL),(3826,NULL,'EXPRESO',NULL,NULL,NULL,NULL,'2016-02-18 23:35:45','2016-02-18 23:35:45',NULL),(3827,NULL,'FABULOSO',NULL,NULL,NULL,NULL,'2016-02-18 23:35:45','2016-02-18 23:35:45',NULL),(3828,NULL,'FANTASIA',NULL,NULL,NULL,NULL,'2016-02-18 23:35:45','2016-02-18 23:35:45',NULL),(3829,'PN-08376','FARSANTE','2009-08-12 00:00:00',NULL,NULL,NULL,'2016-02-18 23:35:45','2016-02-18 23:35:45',NULL),(3830,'YN-17093','FAVORITA-TE','2013-04-07 00:00:00',NULL,NULL,NULL,'2016-02-18 23:35:45','2016-02-18 23:35:45',NULL),(3831,'PN-08444','FAVORITO','2009-12-13 00:00:00',NULL,NULL,NULL,'2016-02-18 23:35:45','2016-02-18 23:35:45',NULL),(3832,'PN-10221','FESTEJO','2013-09-24 00:00:00',3712,3652,NULL,'2016-02-18 23:35:45','2016-02-18 23:35:45',NULL),(3833,NULL,'FIESTAS PATRIAS',NULL,NULL,NULL,NULL,'2016-02-18 23:35:45','2016-02-18 23:35:45',NULL),(3834,'YN-17926','FILARMONIA','2014-06-02 00:00:00',NULL,NULL,NULL,'2016-02-18 23:35:45','2016-02-18 23:35:45',NULL),(3835,NULL,'FILIGRANA',NULL,NULL,NULL,'female','2016-02-18 23:35:45','2016-02-18 23:35:45',NULL),(3836,NULL,'FINA ESTAMPA',NULL,NULL,NULL,NULL,'2016-02-18 23:35:45','2016-02-18 23:35:45',NULL),(3837,NULL,'FINURA',NULL,NULL,NULL,NULL,'2016-02-18 23:35:45','2016-02-18 23:35:45',NULL),(3838,NULL,'FINURA DE MALA',NULL,NULL,NULL,NULL,'2016-02-18 23:35:45','2016-02-18 23:35:45',NULL),(3839,'YN-15464','FIRMEZA-TE','2009-12-23 00:00:00',NULL,NULL,NULL,'2016-02-18 23:35:45','2016-02-18 23:35:45',NULL),(3840,'PN-09100','FISCAL-TE','2011-01-28 00:00:00',NULL,NULL,NULL,'2016-02-18 23:35:45','2016-02-18 23:35:45',NULL),(3841,NULL,'FLOR DE AZPITIA',NULL,NULL,NULL,NULL,'2016-02-18 23:35:45','2016-02-18 23:35:45',NULL),(3842,NULL,'FLOR SALVAJE',NULL,NULL,NULL,NULL,'2016-02-18 23:35:45','2016-02-18 23:35:45',NULL),(3843,'YN-17927','FRAGANCIA-TE','2014-04-17 00:00:00',3816,3801,NULL,'2016-02-18 23:35:45','2016-02-18 23:35:45',NULL),(3844,'YN-16195','FRONTERA-TE','2012-04-14 00:00:00',NULL,NULL,NULL,'2016-02-18 23:35:45','2016-02-18 23:35:45',NULL),(3845,'YN-13704','GALA','2007-10-11 00:00:00',NULL,NULL,NULL,'2016-02-18 23:35:45','2016-02-18 23:35:45',NULL),(3846,NULL,'GALERA',NULL,NULL,NULL,NULL,'2016-02-18 23:35:45','2016-02-18 23:35:45',NULL),(3847,NULL,'GALLEGA',NULL,NULL,NULL,'female','2016-02-18 23:35:45','2016-02-18 23:35:45',NULL),(3848,'YN-16357','GALLEGA - TE','2012-05-05 00:00:00',3847,3671,NULL,'2016-02-18 23:35:45','2016-02-18 23:35:45',NULL),(3849,NULL,'GARUA',NULL,NULL,NULL,NULL,'2016-02-18 23:35:45','2016-02-18 23:35:45',NULL),(3850,'CN-02540','GENERALIFE','2010-10-11 00:00:00',NULL,NULL,NULL,'2016-02-18 23:35:45','2016-02-18 23:35:45',NULL),(3851,'YN-13951','GENEROSA','2008-09-10 00:00:00',NULL,NULL,'female','2016-02-18 23:35:45','2016-02-18 23:35:45',NULL),(3852,'PN-09511','GENTIL','2012-03-11 00:00:00',3851,3754,NULL,'2016-02-18 23:35:45','2016-02-18 23:35:45',NULL),(3853,'YN-17696','GENUINA','2014-01-02 00:00:00',NULL,NULL,NULL,'2016-02-18 23:35:45','2016-02-18 23:35:45',NULL),(3854,NULL,'GITANILLA',NULL,NULL,NULL,'female','2016-02-18 23:35:45','2016-02-18 23:35:45',NULL),(3855,NULL,'GRACIOSA',NULL,NULL,NULL,'female','2016-02-18 23:35:45','2016-02-18 23:35:45',NULL),(3856,NULL,'GRAN SEÑOR',NULL,NULL,NULL,'male','2016-02-18 23:35:45','2016-02-18 23:35:45',NULL),(3857,'YN-17261','GRANADA II-TE','2013-01-31 00:00:00',NULL,NULL,NULL,'2016-02-18 23:35:45','2016-02-18 23:35:45',NULL),(3858,NULL,'GRANADILLA',NULL,NULL,NULL,NULL,'2016-02-18 23:35:45','2016-02-18 23:35:45',NULL),(3859,'PN-10557','GRANDIOSO','2013-10-03 00:00:00',NULL,NULL,NULL,'2016-02-18 23:35:45','2016-02-18 23:35:45',NULL),(3860,'YN-14566','HEREDERA','2009-09-01 00:00:00',NULL,NULL,NULL,'2016-02-18 23:35:45','2016-02-18 23:35:45',NULL),(3861,'PN-09199','HEREDERO','2011-09-14 00:00:00',3988,4101,NULL,'2016-02-18 23:35:45','2016-02-18 23:35:45',NULL),(3862,NULL,'HERENCIA',NULL,NULL,NULL,NULL,'2016-02-18 23:35:45','2016-02-18 23:35:45',NULL),(3863,NULL,'HORUS',NULL,3913,4096,'male','2016-02-18 23:35:45','2016-02-18 23:35:45',NULL),(3864,NULL,'IBERICA',NULL,NULL,NULL,NULL,'2016-02-18 23:35:45','2016-02-18 23:35:45',NULL),(3865,NULL,'IBIZA',NULL,NULL,NULL,NULL,'2016-02-18 23:35:45','2016-02-18 23:35:45',NULL),(3866,NULL,'IDOLO',NULL,NULL,NULL,'male','2016-02-18 23:35:45','2016-02-18 23:35:45',NULL),(3867,NULL,'II CALAMBUCO',NULL,NULL,NULL,NULL,'2016-02-18 23:35:45','2016-02-18 23:35:45',NULL),(3868,'CN-02074','IMPACTO','2007-03-14 00:00:00',NULL,NULL,NULL,'2016-02-18 23:35:45','2016-02-18 23:35:45',NULL),(3869,'PN-10128','IMPACTO','2013-10-17 00:00:00',3876,3863,NULL,'2016-02-18 23:35:45','2016-02-18 23:35:45',NULL),(3870,'CN-02086','IMPACTO','2008-10-24 00:00:00',3888,4067,NULL,'2016-02-18 23:35:45','2016-02-18 23:35:45',NULL),(3871,'YN-16157','INFANTA','2012-01-14 00:00:00',4026,3763,NULL,'2016-02-18 23:35:45','2016-02-18 23:35:45',NULL),(3872,NULL,'INSURGENTE',NULL,NULL,NULL,'male','2016-02-18 23:35:45','2016-02-18 23:35:45',NULL),(3873,NULL,'IRONIA',NULL,NULL,NULL,'female','2016-02-18 23:35:45','2016-02-18 23:35:45',NULL),(3874,NULL,'IRREVERENTE',NULL,NULL,NULL,'male','2016-02-18 23:35:45','2016-02-18 23:35:45',NULL),(3875,NULL,'ISABELLA',NULL,NULL,NULL,NULL,'2016-02-18 23:35:45','2016-02-18 23:35:45',NULL),(3876,'YN-13788','ISIS','2007-04-12 00:00:00',NULL,NULL,'female','2016-02-18 23:35:45','2016-02-18 23:35:45',NULL),(3877,NULL,'JERARCA',NULL,NULL,NULL,NULL,'2016-02-18 23:35:45','2016-02-18 23:35:45',NULL),(3878,NULL,'JERARCA',NULL,NULL,NULL,NULL,'2016-02-18 23:35:45','2016-02-18 23:35:45',NULL),(3879,'YN-16080','JERARQUIA','2011-12-16 00:00:00',NULL,NULL,NULL,'2016-02-18 23:35:45','2016-02-18 23:35:45',NULL),(3880,NULL,'JEREZANA',NULL,NULL,NULL,NULL,'2016-02-18 23:35:45','2016-02-18 23:35:45',NULL),(3881,NULL,'JEREZANO',NULL,NULL,NULL,NULL,'2016-02-18 23:35:45','2016-02-18 23:35:45',NULL),(3882,'PN-08386','JOSELITO','2006-06-02 00:00:00',NULL,NULL,NULL,'2016-02-18 23:35:45','2016-02-18 23:35:45',NULL),(3883,'CN-02507','JUPITER','2008-07-03 00:00:00',NULL,NULL,NULL,'2016-02-18 23:35:45','2016-02-18 23:35:45',NULL),(3884,'YN-12463','JUSHAPE','2005-08-13 00:00:00',NULL,NULL,NULL,'2016-02-18 23:35:45','2016-02-18 23:35:45',NULL),(3885,NULL,'JUSTICIA',NULL,NULL,NULL,NULL,'2016-02-18 23:35:45','2016-02-18 23:35:45',NULL),(3886,NULL,'JUSTICIERO',NULL,NULL,NULL,NULL,'2016-02-18 23:35:45','2016-02-18 23:35:45',NULL),(3887,NULL,'KEOMA',NULL,NULL,NULL,'male','2016-02-18 23:35:45','2016-02-18 23:35:45',NULL),(3888,NULL,'LA DIVA',NULL,NULL,NULL,'female','2016-02-18 23:35:45','2016-02-18 23:35:45',NULL),(3889,NULL,'LA DOÑA',NULL,NULL,NULL,'female','2016-02-18 23:35:45','2016-02-18 23:35:45',NULL),(3890,NULL,'LA FAVORITA',NULL,NULL,NULL,'female','2016-02-18 23:35:45','2016-02-18 23:35:45',NULL),(3891,'YN-16425','LA MOZA','2012-10-14 00:00:00',NULL,NULL,NULL,'2016-02-18 23:35:45','2016-02-18 23:35:45',NULL),(3892,'YN-14286','LA PAYASA','2006-10-06 00:00:00',NULL,NULL,NULL,'2016-02-18 23:35:45','2016-02-18 23:35:45',NULL),(3893,NULL,'LA SOÑADA',NULL,NULL,NULL,'female','2016-02-18 23:35:45','2016-02-18 23:35:45',NULL),(3894,NULL,'LA VERBENA',NULL,NULL,NULL,'female','2016-02-18 23:35:45','2016-02-18 23:35:45',NULL),(3895,NULL,'LABRADOR',NULL,NULL,NULL,'male','2016-02-18 23:35:45','2016-02-18 23:35:45',NULL),(3896,'PN-10444','LABRIEGO','2013-05-09 00:00:00',NULL,NULL,NULL,'2016-02-18 23:35:45','2016-02-18 23:35:45',NULL),(3897,NULL,'LAGRIMA',NULL,NULL,NULL,'female','2016-02-18 23:35:45','2016-02-18 23:35:45',NULL),(3898,'PN-09769','LEÑADOR','2012-05-05 00:00:00',NULL,NULL,NULL,'2016-02-18 23:35:45','2016-02-18 23:35:45',NULL),(3899,'YN-13935','LETICIA','2008-07-01 00:00:00',NULL,NULL,NULL,'2016-02-18 23:35:45','2016-02-18 23:35:45',NULL),(3900,NULL,'LIA',NULL,NULL,NULL,NULL,'2016-02-18 23:35:45','2016-02-18 23:35:45',NULL),(3901,NULL,'LIBERA',NULL,NULL,NULL,NULL,'2016-02-18 23:35:45','2016-02-18 23:35:45',NULL),(3902,NULL,'LIMEÑA',NULL,NULL,NULL,NULL,'2016-02-18 23:35:45','2016-02-18 23:35:45',NULL),(3903,'YN-15373','LIRICA','2010-09-01 00:00:00',NULL,NULL,NULL,'2016-02-18 23:35:45','2016-02-18 23:35:45',NULL),(3904,NULL,'LLUVIA',NULL,NULL,NULL,NULL,'2016-02-18 23:35:45','2016-02-18 23:35:45',NULL),(3905,'YN-14081','LUCERO','2008-02-26 00:00:00',NULL,NULL,NULL,'2016-02-18 23:35:45','2016-02-18 23:35:45',NULL),(3906,'CN-02330','LUCHADOR','2010-07-03 00:00:00',NULL,NULL,NULL,'2016-02-18 23:35:45','2016-02-18 23:35:45',NULL),(3907,NULL,'LUCUMA',NULL,NULL,NULL,NULL,'2016-02-18 23:35:45','2016-02-18 23:35:45',NULL),(3908,NULL,'LUCUMO',NULL,NULL,NULL,NULL,'2016-02-18 23:35:45','2016-02-18 23:35:45',NULL),(3909,NULL,'LUJURIA',NULL,NULL,NULL,NULL,'2016-02-18 23:35:45','2016-02-18 23:35:45',NULL),(3910,NULL,'LUNA DE MIEL',NULL,NULL,NULL,NULL,'2016-02-18 23:35:45','2016-02-18 23:35:45',NULL),(3911,'YN-16314','LUNA NUEVA-TE','2012-11-11 00:00:00',NULL,NULL,NULL,'2016-02-18 23:35:45','2016-02-18 23:35:45',NULL),(3912,NULL,'LUNAREJO',NULL,NULL,NULL,NULL,'2016-02-18 23:35:45','2016-02-18 23:35:45',NULL),(3913,NULL,'LUZ DE ORO',NULL,NULL,NULL,'female','2016-02-18 23:35:45','2016-02-18 23:35:45',NULL),(3914,NULL,'MACARENO',NULL,NULL,NULL,'male','2016-02-18 23:35:45','2016-02-18 23:35:45',NULL),(3915,'YN-14172','MAGISTRADA','2006-09-20 00:00:00',NULL,NULL,NULL,'2016-02-18 23:35:45','2016-02-18 23:35:45',NULL),(3916,NULL,'MAGISTRADO',NULL,NULL,NULL,NULL,'2016-02-18 23:35:45','2016-02-18 23:35:45',NULL),(3917,NULL,'MAGISTRAL',NULL,NULL,NULL,NULL,'2016-02-18 23:35:45','2016-02-18 23:35:45',NULL),(3918,NULL,'MAJADERA',NULL,NULL,NULL,NULL,'2016-02-18 23:35:45','2016-02-18 23:35:45',NULL),(3919,NULL,'MAJADERA',NULL,NULL,NULL,'female','2016-02-18 23:35:45','2016-02-18 23:35:45',NULL),(3920,NULL,'MAJESTUOSA',NULL,NULL,NULL,'female','2016-02-18 23:35:45','2016-02-18 23:35:45',NULL),(3921,'CN-02347','MAJESTUOSO','2006-04-30 00:00:00',3920,4034,NULL,'2016-02-18 23:35:45','2016-02-18 23:35:45',NULL),(3922,'CN-01915','MALABRIGO','2008-08-31 00:00:00',NULL,NULL,NULL,'2016-02-18 23:35:45','2016-02-18 23:35:45',NULL),(3923,NULL,'MALAGA',NULL,NULL,NULL,'female','2016-02-18 23:35:45','2016-02-18 23:35:45',NULL),(3924,NULL,'MALAGUEÑA',NULL,NULL,NULL,NULL,'2016-02-18 23:35:45','2016-02-18 23:35:45',NULL),(3925,'CN-02198','MALAMBO','2010-01-21 00:00:00',NULL,NULL,NULL,'2016-02-18 23:35:45','2016-02-18 23:35:45',NULL),(3926,NULL,'MALAYA',NULL,NULL,NULL,'female','2016-02-18 23:35:45','2016-02-18 23:35:45',NULL),(3927,NULL,'MALVAVISCO',NULL,NULL,NULL,NULL,'2016-02-18 23:35:45','2016-02-18 23:35:45',NULL),(3928,NULL,'MANDAMAS',NULL,NULL,NULL,'male','2016-02-18 23:35:45','2016-02-18 23:35:45',NULL),(3929,'PN-10491','MANDARIN','2013-10-02 00:00:00',3926,3874,NULL,'2016-02-18 23:35:45','2016-02-18 23:35:45',NULL),(3930,NULL,'MANDATARIO',NULL,NULL,NULL,'male','2016-02-18 23:35:45','2016-02-18 23:35:45',NULL),(3931,'YN-13119','MANDOLINA','2006-11-25 00:00:00',4011,3798,'female','2016-02-18 23:35:45','2016-02-18 23:35:45',NULL),(3932,NULL,'MARCIAL',NULL,NULL,NULL,NULL,'2016-02-18 23:35:45','2016-02-18 23:35:45',NULL),(3933,NULL,'MARIA CAMPERA',NULL,NULL,NULL,NULL,'2016-02-18 23:35:45','2016-02-18 23:35:45',NULL),(3934,NULL,'MARIA FIESTA',NULL,NULL,NULL,NULL,'2016-02-18 23:35:45','2016-02-18 23:35:45',NULL),(3935,NULL,'MARIA MILAGROS',NULL,NULL,NULL,NULL,'2016-02-18 23:35:45','2016-02-18 23:35:45',NULL),(3936,NULL,'MARIONETA',NULL,NULL,NULL,'female','2016-02-18 23:35:45','2016-02-18 23:35:45',NULL),(3937,NULL,'MARROQUI',NULL,NULL,NULL,NULL,'2016-02-18 23:35:45','2016-02-18 23:35:45',NULL),(3938,'YN-16471','MATILDE','2011-01-02 00:00:00',NULL,NULL,NULL,'2016-02-18 23:35:45','2016-02-18 23:35:45',NULL),(3939,'YN-16199','MAYA','2010-07-29 00:00:00',NULL,NULL,NULL,'2016-02-18 23:35:45','2016-02-18 23:35:45',NULL),(3940,'YN-12518','MELODISTA','2004-09-27 00:00:00',NULL,NULL,NULL,'2016-02-18 23:35:45','2016-02-18 23:35:45',NULL),(3941,NULL,'MENSAJERA',NULL,NULL,NULL,NULL,'2016-02-18 23:35:45','2016-02-18 23:35:45',NULL),(3942,'YN-16350','MI CHINA-TE','2012-10-12 00:00:00',3945,3754,NULL,'2016-02-18 23:35:45','2016-02-18 23:35:45',NULL),(3943,'CN-02050','MI NEGRITO','2006-11-27 00:00:00',NULL,NULL,NULL,'2016-02-18 23:35:45','2016-02-18 23:35:45',NULL),(3944,'YN-14207','MICAELA','2007-10-16 00:00:00',NULL,NULL,NULL,'2016-02-18 23:35:45','2016-02-18 23:35:45',NULL),(3945,NULL,'MICHINA',NULL,NULL,NULL,'female','2016-02-18 23:35:45','2016-02-18 23:35:45',NULL),(3946,NULL,'MILENARIA',NULL,NULL,NULL,NULL,'2016-02-18 23:35:45','2016-02-18 23:35:45',NULL),(3947,'YN-16815','MILENARIA','2012-07-27 00:00:00',3733,3874,NULL,'2016-02-18 23:35:45','2016-02-18 23:35:45',NULL),(3948,'YN-17334','MILENARIA','2013-10-29 00:00:00',3931,3803,NULL,'2016-02-18 23:35:45','2016-02-18 23:35:45',NULL),(3949,NULL,'MILONGA',NULL,NULL,NULL,NULL,'2016-02-18 23:35:45','2016-02-18 23:35:45',NULL),(3950,NULL,'MINERVA',NULL,NULL,NULL,'female','2016-02-18 23:35:45','2016-02-18 23:35:45',NULL),(3951,'YN-17010','MIRA-TE','2013-08-10 00:00:00',3936,3754,NULL,'2016-02-18 23:35:45','2016-02-18 23:35:45',NULL),(3952,'CN-02396','MISTERIOSO','2010-02-05 00:00:00',NULL,NULL,NULL,'2016-02-18 23:35:45','2016-02-18 23:35:45',NULL),(3953,'PN-09595','MISTICO-TE','2012-12-03 00:00:00',NULL,NULL,NULL,'2016-02-18 23:35:45','2016-02-18 23:35:45',NULL),(3954,NULL,'MOCITA DEL SUR',NULL,NULL,NULL,NULL,'2016-02-18 23:35:45','2016-02-18 23:35:45',NULL),(3955,NULL,'MONTERO',NULL,NULL,NULL,NULL,'2016-02-18 23:35:45','2016-02-18 23:35:45',NULL),(3956,'CN-02476','MOVADO','2009-11-27 00:00:00',3731,4039,NULL,'2016-02-18 23:35:45','2016-02-18 23:35:45',NULL),(3957,NULL,'MOZA MALA',NULL,NULL,NULL,'female','2016-02-18 23:35:45','2016-02-18 23:35:45',NULL),(3958,NULL,'MULATO',NULL,NULL,NULL,NULL,'2016-02-18 23:35:45','2016-02-18 23:35:45',NULL),(3959,'YN-16917','NAVARRA II-TE','2012-01-27 00:00:00',NULL,NULL,NULL,'2016-02-18 23:35:45','2016-02-18 23:35:45',NULL),(3960,'YN-15196','NIÑA BELLA-TE','2010-12-19 00:00:00',NULL,NULL,NULL,'2016-02-18 23:35:45','2016-02-18 23:35:45',NULL),(3961,NULL,'NOBLE REY',NULL,NULL,NULL,NULL,'2016-02-18 23:35:45','2016-02-18 23:35:45',NULL),(3962,NULL,'NOCHE LINDA',NULL,NULL,NULL,NULL,'2016-02-18 23:35:45','2016-02-18 23:35:45',NULL),(3963,'YN-15060','NOVA','2009-09-21 00:00:00',NULL,NULL,NULL,'2016-02-18 23:35:45','2016-02-18 23:35:45',NULL),(3964,NULL,'NUEVA ESPERANZA',NULL,NULL,NULL,'female','2016-02-18 23:35:45','2016-02-18 23:35:45',NULL),(3965,'YN-17543','NUEVA PROMESA-TE','2013-08-26 00:00:00',NULL,NULL,NULL,'2016-02-18 23:35:45','2016-02-18 23:35:45',NULL),(3966,NULL,'NUEVO REY',NULL,NULL,NULL,NULL,'2016-02-18 23:35:45','2016-02-18 23:35:45',NULL),(3967,'CN-02343','ODISEO-TE','2011-03-19 00:00:00',NULL,NULL,NULL,'2016-02-18 23:35:45','2016-02-18 23:35:45',NULL),(3968,'PN-07943','OLIVO','2007-12-07 00:00:00',NULL,NULL,NULL,'2016-02-18 23:35:45','2016-02-18 23:35:45',NULL),(3969,NULL,'OSADIA',NULL,NULL,NULL,NULL,'2016-02-18 23:35:45','2016-02-18 23:35:45',NULL),(3970,NULL,'PALANGANA',NULL,NULL,NULL,NULL,'2016-02-18 23:35:45','2016-02-18 23:35:45',NULL),(3971,'PN-09535','PALANGANO','2012-07-26 00:00:00',NULL,NULL,NULL,'2016-02-18 23:35:45','2016-02-18 23:35:45',NULL),(3972,'CN-01728','PALOMO','2005-11-11 00:00:00',4105,4038,NULL,'2016-02-18 23:35:45','2016-02-18 23:35:45',NULL),(3973,NULL,'PANDORA',NULL,NULL,NULL,'female','2016-02-18 23:35:45','2016-02-18 23:35:45',NULL),(3974,'YN-13994','PARACAS','2007-08-14 00:00:00',NULL,NULL,NULL,'2016-02-18 23:35:45','2016-02-18 23:35:45',NULL),(3975,'CN-01971','PATRIARCA','2005-05-10 00:00:00',NULL,NULL,'male','2016-02-18 23:35:45','2016-02-18 23:35:45',NULL),(3976,NULL,'PAYANDE',NULL,NULL,NULL,'male','2016-02-18 23:35:45','2016-02-18 23:35:45',NULL),(3977,NULL,'PECANA',NULL,NULL,NULL,NULL,'2016-02-18 23:35:45','2016-02-18 23:35:45',NULL),(3978,NULL,'PEPITA DEL SUR',NULL,NULL,NULL,'female','2016-02-18 23:35:45','2016-02-18 23:35:45',NULL),(3979,'PN-10556','PEREGRINO','2012-01-15 00:00:00',NULL,NULL,NULL,'2016-02-18 23:35:45','2016-02-18 23:35:45',NULL),(3980,NULL,'PERFUME',NULL,NULL,NULL,NULL,'2016-02-18 23:35:45','2016-02-18 23:35:45',NULL),(3981,NULL,'PERFUME',NULL,NULL,NULL,'female','2016-02-18 23:35:45','2016-02-18 23:35:45',NULL),(3982,NULL,'PERFUME DE',NULL,NULL,NULL,NULL,'2016-02-18 23:35:45','2016-02-18 23:35:45',NULL),(3983,NULL,'PERICLES',NULL,NULL,NULL,'male','2016-02-18 23:35:45','2016-02-18 23:35:45',NULL),(3984,'YN-15367','PERLA','2010-12-03 00:00:00',3987,3989,NULL,'2016-02-18 23:35:45','2016-02-18 23:35:45',NULL),(3985,NULL,'PERLA II',NULL,NULL,NULL,NULL,'2016-02-18 23:35:45','2016-02-18 23:35:45',NULL),(3986,NULL,'PERRICHOLI',NULL,NULL,NULL,NULL,'2016-02-18 23:35:45','2016-02-18 23:35:45',NULL),(3987,NULL,'PERUANISIMA',NULL,NULL,NULL,'female','2016-02-18 23:35:45','2016-02-18 23:35:45',NULL),(3988,NULL,'PIEDRA ROMI',NULL,NULL,NULL,'female','2016-02-18 23:35:45','2016-02-18 23:35:45',NULL),(3989,NULL,'PINCEL',NULL,NULL,NULL,'male','2016-02-18 23:35:45','2016-02-18 23:35:45',NULL),(3990,NULL,'PINCELADA',NULL,NULL,NULL,NULL,'2016-02-18 23:35:45','2016-02-18 23:35:45',NULL),(3991,'CN-01315','PINTADO','2001-07-02 00:00:00',NULL,NULL,NULL,'2016-02-18 23:35:45','2016-02-18 23:35:45',NULL),(3992,'PN-08916','PINTON','2010-10-04 00:00:00',NULL,NULL,NULL,'2016-02-18 23:35:45','2016-02-18 23:35:45',NULL),(3993,'YN-15368','PINTURA','2010-10-17 00:00:00',3889,3989,NULL,'2016-02-18 23:35:45','2016-02-18 23:35:45',NULL),(3994,NULL,'PINTURERO',NULL,NULL,NULL,NULL,'2016-02-18 23:35:45','2016-02-18 23:35:45',NULL),(3995,NULL,'PIZPIRETA',NULL,NULL,NULL,'female','2016-02-18 23:35:45','2016-02-18 23:35:45',NULL),(3996,NULL,'POTRILLAZO',NULL,NULL,NULL,NULL,'2016-02-18 23:35:45','2016-02-18 23:35:45',NULL),(3997,'PN-05871','PREAMBULO','2002-07-02 00:00:00',3655,4009,'male','2016-02-18 23:35:45','2016-02-18 23:35:45',NULL),(3998,'YN-17439','PRECIOSA','2013-07-23 00:00:00',3999,3754,NULL,'2016-02-18 23:35:45','2016-02-18 23:35:45',NULL),(3999,NULL,'PRECIOSURA',NULL,4324,3819,'female','2016-02-18 23:35:45','2016-02-18 23:35:45',NULL),(4000,'PN-10059','PREFERENTE','2013-02-17 00:00:00',3978,3874,NULL,'2016-02-18 23:35:45','2016-02-18 23:35:45',NULL),(4001,NULL,'PREFERIDA',NULL,NULL,NULL,NULL,'2016-02-18 23:35:45','2016-02-18 23:35:45',NULL),(4002,'YN-15699','PREMISA','2011-04-20 00:00:00',3978,3997,NULL,'2016-02-18 23:35:45','2016-02-18 23:35:45',NULL),(4003,NULL,'PRESTIGIO',NULL,NULL,NULL,'male','2016-02-18 23:35:45','2016-02-18 23:35:45',NULL),(4004,'YN-13719','PRESUMIDA','2007-09-22 00:00:00',NULL,NULL,'female','2016-02-18 23:35:45','2016-02-18 23:35:45',NULL),(4005,NULL,'PRESUMIDA',NULL,NULL,NULL,NULL,'2016-02-18 23:35:45','2016-02-18 23:35:45',NULL),(4006,'YN-14182','PRETENCIOSA','2007-06-09 00:00:00',NULL,NULL,NULL,'2016-02-18 23:35:45','2016-02-18 23:35:45',NULL),(4007,'YN-17203','PRETENCIOSA','2013-02-12 00:00:00',4008,3819,NULL,'2016-02-18 23:35:45','2016-02-18 23:35:45',NULL),(4008,NULL,'PRETENCIOSA',NULL,NULL,NULL,'female','2016-02-18 23:35:45','2016-02-18 23:35:45',NULL),(4009,NULL,'PRETENDIDO',NULL,NULL,NULL,'male','2016-02-18 23:35:45','2016-02-18 23:35:45',NULL),(4010,'PN-08635','PRETENDIENTE','2009-11-17 00:00:00',NULL,NULL,NULL,'2016-02-18 23:35:45','2016-02-18 23:35:45',NULL),(4011,NULL,'PRETORIANA',NULL,NULL,NULL,'female','2016-02-18 23:35:45','2016-02-18 23:35:45',NULL),(4012,NULL,'PRIMACIA',NULL,NULL,NULL,NULL,'2016-02-18 23:35:45','2016-02-18 23:35:45',NULL),(4013,NULL,'PRIMOGENITA',NULL,NULL,NULL,NULL,'2016-02-18 23:35:45','2016-02-18 23:35:45',NULL),(4014,'CN-02402','PRIMOGENITO','2010-12-17 00:00:00',NULL,NULL,NULL,'2016-02-18 23:35:45','2016-02-18 23:35:45',NULL),(4015,NULL,'PRIMOROSO',NULL,NULL,NULL,NULL,'2016-02-18 23:35:45','2016-02-18 23:35:45',NULL),(4016,NULL,'PRIVILEGIO',NULL,NULL,NULL,NULL,'2016-02-18 23:35:45','2016-02-18 23:35:45',NULL),(4017,NULL,'PROCURADORA',NULL,NULL,NULL,NULL,'2016-02-18 23:35:45','2016-02-18 23:35:45',NULL),(4018,'YN-17455','PROCURADORA I','2011-11-15 00:00:00',NULL,NULL,NULL,'2016-02-18 23:35:45','2016-02-18 23:35:45',NULL),(4019,'YN-13005','PROLIJA','2006-04-19 00:00:00',3740,3763,'female','2016-02-18 23:35:45','2016-02-18 23:35:45',NULL),(4020,'YN-16081','PROMESA','2011-10-01 00:00:00',4022,4036,NULL,'2016-02-18 23:35:45','2016-02-18 23:35:45',NULL),(4021,NULL,'PROMESA',NULL,NULL,NULL,NULL,'2016-02-18 23:35:45','2016-02-18 23:35:45',NULL),(4022,NULL,'PROMESA',NULL,NULL,NULL,'female','2016-02-18 23:35:45','2016-02-18 23:35:45',NULL),(4023,'YN-16881','PROMETIDA I','2012-10-13 00:00:00',4022,3754,NULL,'2016-02-18 23:35:45','2016-02-18 23:35:45',NULL),(4024,NULL,'PROMETIDO',NULL,NULL,NULL,'male','2016-02-18 23:35:45','2016-02-18 23:35:45',NULL),(4025,NULL,'RAJADIABLOS',NULL,NULL,NULL,NULL,'2016-02-18 23:35:45','2016-02-18 23:35:45',NULL),(4026,NULL,'REALEZA',NULL,NULL,NULL,'female','2016-02-18 23:35:45','2016-02-18 23:35:45',NULL),(4027,'YN-14700','RECUPERADA','2009-12-13 00:00:00',NULL,NULL,NULL,'2016-02-18 23:35:45','2016-02-18 23:35:45',NULL),(4028,NULL,'RECUPERADA',NULL,NULL,NULL,'female','2016-02-18 23:35:45','2016-02-18 23:35:45',NULL),(4029,'PN-08806','REFLEJO','2007-10-16 00:00:00',NULL,NULL,NULL,'2016-02-18 23:35:45','2016-02-18 23:35:45',NULL),(4030,NULL,'REHEN',NULL,NULL,NULL,NULL,'2016-02-18 23:35:45','2016-02-18 23:35:45',NULL),(4031,NULL,'RELIQUIA',NULL,NULL,NULL,NULL,'2016-02-18 23:35:45','2016-02-18 23:35:45',NULL),(4032,NULL,'RESPLANDOR',NULL,NULL,NULL,NULL,'2016-02-18 23:35:45','2016-02-18 23:35:45',NULL),(4033,NULL,'RETADOR',NULL,NULL,NULL,NULL,'2016-02-18 23:35:45','2016-02-18 23:35:45',NULL),(4034,NULL,'RETORNO',NULL,NULL,NULL,'male','2016-02-18 23:35:45','2016-02-18 23:35:45',NULL),(4035,NULL,'RETRATO',NULL,NULL,NULL,'male','2016-02-18 23:35:45','2016-02-18 23:35:45',NULL),(4036,NULL,'REVOLUCIONARIO',NULL,NULL,NULL,'male','2016-02-18 23:35:45','2016-02-18 23:35:45',NULL),(4037,NULL,'REVUELO',NULL,NULL,NULL,NULL,'2016-02-18 23:35:45','2016-02-18 23:35:45',NULL),(4038,NULL,'REY SOL',NULL,NULL,NULL,'male','2016-02-18 23:35:45','2016-02-18 23:35:45',NULL),(4039,NULL,'ROLEX',NULL,NULL,NULL,'male','2016-02-18 23:35:45','2016-02-18 23:35:45',NULL),(4040,NULL,'ROMA',NULL,NULL,NULL,NULL,'2016-02-18 23:35:45','2016-02-18 23:35:45',NULL),(4041,'PN-10500','ROMANO','2009-04-14 00:00:00',3636,3793,NULL,'2016-02-18 23:35:45','2016-02-18 23:35:45',NULL),(4042,NULL,'RONDA',NULL,NULL,NULL,'female','2016-02-18 23:35:45','2016-02-18 23:35:45',NULL),(4043,NULL,'ROSA DEL PERU',NULL,NULL,NULL,'female','2016-02-18 23:35:45','2016-02-18 23:35:45',NULL),(4044,'YN-16174','ROSA LUZ','2011-10-14 00:00:00',3913,3763,NULL,'2016-02-18 23:35:45','2016-02-18 23:35:45',NULL),(4045,NULL,'SAETA',NULL,NULL,NULL,NULL,'2016-02-18 23:35:45','2016-02-18 23:35:45',NULL),(4046,NULL,'SALAMANCA',NULL,NULL,NULL,'female','2016-02-18 23:35:45','2016-02-18 23:35:45',NULL),(4047,'CN-02328','SALVADOR','2010-02-17 00:00:00',3632,4003,NULL,'2016-02-18 23:35:45','2016-02-18 23:35:45',NULL),(4048,NULL,'SAN GRACIANO',NULL,NULL,NULL,'male','2016-02-18 23:35:45','2016-02-18 23:35:45',NULL),(4049,NULL,'SANANDA',NULL,NULL,NULL,NULL,'2016-02-18 23:35:45','2016-02-18 23:35:45',NULL),(4050,NULL,'SANTA BARBARA',NULL,NULL,NULL,'female','2016-02-18 23:35:45','2016-02-18 23:35:45',NULL),(4051,'YN-11835','SANTA INES','2004-09-11 00:00:00',NULL,NULL,NULL,'2016-02-18 23:35:45','2016-02-18 23:35:45',NULL),(4052,NULL,'SANTA PATRICIA',NULL,NULL,NULL,NULL,'2016-02-18 23:35:45','2016-02-18 23:35:45',NULL),(4053,'YN-14089','SARASARA','2008-10-27 00:00:00',NULL,NULL,NULL,'2016-02-18 23:35:45','2016-02-18 23:35:45',NULL),(4054,NULL,'SARRACENO',NULL,NULL,NULL,'male','2016-02-18 23:35:45','2016-02-18 23:35:45',NULL),(4055,'CN-02210','SATURNO','2007-02-17 00:00:00',NULL,NULL,NULL,'2016-02-18 23:35:45','2016-02-18 23:35:45',NULL),(4056,'PN-07898','SEÑOR DE SEÑORES','2007-08-04 00:00:00',3767,3856,'male','2016-02-18 23:35:45','2016-02-18 23:35:45',NULL),(4057,NULL,'SEÑORITA CAYALTI',NULL,NULL,NULL,NULL,'2016-02-18 23:35:45','2016-02-18 23:35:45',NULL),(4058,NULL,'SEÑORITA PERU',NULL,NULL,NULL,NULL,'2016-02-18 23:35:45','2016-02-18 23:35:45',NULL),(4059,'CN-02394','SEDUCTOR','2008-01-03 00:00:00',NULL,NULL,NULL,'2016-02-18 23:35:45','2016-02-18 23:35:45',NULL),(4060,'PN-08725','SENADOR','2010-10-01 00:00:00',3888,3630,NULL,'2016-02-18 23:35:45','2016-02-18 23:35:45',NULL),(4061,'YN-12175','SIVANA','2005-11-27 00:00:00',NULL,NULL,NULL,'2016-02-18 23:35:45','2016-02-18 23:35:45',NULL),(4062,NULL,'SOBERANA',NULL,NULL,NULL,'female','2016-02-18 23:35:45','2016-02-18 23:35:45',NULL),(4063,NULL,'SOBERANA I',NULL,NULL,NULL,'female','2016-02-18 23:35:45','2016-02-18 23:35:45',NULL),(4064,'YN-14936','SOBERBIA','2007-06-14 00:00:00',NULL,NULL,NULL,'2016-02-18 23:35:45','2016-02-18 23:35:45',NULL),(4065,'PN-10423','SOBERBIO','2013-09-08 00:00:00',3835,3798,NULL,'2016-02-18 23:35:45','2016-02-18 23:35:45',NULL),(4066,NULL,'SOCRATES',NULL,NULL,NULL,NULL,'2016-02-18 23:35:45','2016-02-18 23:35:45',NULL),(4067,NULL,'SOL BRILLANTE',NULL,NULL,NULL,'male','2016-02-18 23:35:45','2016-02-18 23:35:45',NULL),(4068,NULL,'SOL DE PIURA',NULL,NULL,NULL,NULL,'2016-02-18 23:35:45','2016-02-18 23:35:45',NULL),(4069,'PN-07031','SOL DEL PERU','2006-01-17 00:00:00',NULL,NULL,NULL,'2016-02-18 23:35:45','2016-02-18 23:35:45',NULL),(4070,'CN-02483','SOLERO','2011-02-02 00:00:00',NULL,NULL,NULL,'2016-02-18 23:35:45','2016-02-18 23:35:45',NULL),(4071,'PN-05584','SOLIMAN','2002-02-05 00:00:00',3764,3706,'male','2016-02-18 23:35:45','2016-02-18 23:35:45',NULL),(4072,NULL,'SORPRESA',NULL,NULL,NULL,NULL,'2016-02-18 23:35:45','2016-02-18 23:35:45',NULL),(4073,NULL,'SOY DEL PERU',NULL,NULL,NULL,'male','2016-02-18 23:35:45','2016-02-18 23:35:45',NULL),(4074,NULL,'SU MAJESTAD',NULL,NULL,NULL,NULL,'2016-02-18 23:35:45','2016-02-18 23:35:45',NULL),(4075,NULL,'SULLANERA',NULL,NULL,NULL,'female','2016-02-18 23:35:45','2016-02-18 23:35:45',NULL),(4076,'YN-16749','SULTANA','2010-01-09 00:00:00',3973,3819,'female','2016-02-18 23:35:45','2016-02-18 23:35:45',NULL),(4077,'PN-10807','SUMAQ','2012-01-19 00:00:00',3731,3801,NULL,'2016-02-18 23:35:45','2016-02-18 23:35:45',NULL),(4078,'CN-02446','SUPER','2008-03-12 00:00:00',NULL,NULL,NULL,'2016-02-18 23:35:45','2016-02-18 23:35:45',NULL),(4079,NULL,'SUSPIRO',NULL,NULL,NULL,NULL,'2016-02-18 23:35:45','2016-02-18 23:35:45',NULL),(4080,'YN-09976','SUSURRO','2002-11-28 00:00:00',NULL,NULL,NULL,'2016-02-18 23:35:45','2016-02-18 23:35:45',NULL),(4081,NULL,'TELEMACO',NULL,NULL,NULL,'male','2016-02-18 23:35:45','2016-02-18 23:35:45',NULL),(4082,'CN-01882','TENOR','2007-08-27 00:00:00',NULL,NULL,NULL,'2016-02-18 23:35:45','2016-02-18 23:35:45',NULL),(4083,'PN-09800','TIBETANO','2012-09-13 00:00:00',NULL,NULL,NULL,'2016-02-18 23:35:45','2016-02-18 23:35:45',NULL),(4084,'YN-17580','TOMBOLA-TE','2013-03-17 00:00:00',3897,3895,NULL,'2016-02-18 23:35:45','2016-02-18 23:35:45',NULL),(4085,NULL,'TORMENTA',NULL,NULL,NULL,'female','2016-02-18 23:35:45','2016-02-18 23:35:45',NULL),(4086,NULL,'TRADICION',NULL,NULL,NULL,NULL,'2016-02-18 23:35:45','2016-02-18 23:35:45',NULL),(4087,NULL,'TRIBUNO',NULL,NULL,NULL,'male','2016-02-18 23:35:45','2016-02-18 23:35:45',NULL),(4088,NULL,'TRUJILLANA',NULL,NULL,NULL,NULL,'2016-02-18 23:35:45','2016-02-18 23:35:45',NULL),(4089,'PN-09037','TULIPAN','2010-09-02 00:00:00',NULL,NULL,NULL,'2016-02-18 23:35:45','2016-02-18 23:35:45',NULL),(4090,'YN-09770','UTOPIA','2000-10-30 00:00:00',3950,3788,NULL,'2016-02-18 23:35:45','2016-02-18 23:35:45',NULL),(4091,NULL,'VALENTINO',NULL,NULL,NULL,NULL,'2016-02-18 23:35:45','2016-02-18 23:35:45',NULL),(4092,'CN-02349','VALEROSO','2010-01-09 00:00:00',NULL,NULL,NULL,'2016-02-18 23:35:45','2016-02-18 23:35:45',NULL),(4093,NULL,'VASCONGADA',NULL,NULL,NULL,NULL,'2016-02-18 23:35:45','2016-02-18 23:35:45',NULL),(4094,'YN-14338','VENECIANA','2009-01-10 00:00:00',NULL,NULL,NULL,'2016-02-18 23:35:45','2016-02-18 23:35:45',NULL),(4095,'CN-02564','VENGADOR','2009-09-28 00:00:00',NULL,NULL,NULL,'2016-02-18 23:35:45','2016-02-18 23:35:45',NULL),(4096,NULL,'VENTARRON',NULL,NULL,NULL,'male','2016-02-18 23:35:45','2016-02-18 23:35:45',NULL),(4097,NULL,'VENUS',NULL,NULL,NULL,NULL,'2016-02-18 23:35:45','2016-02-18 23:35:45',NULL),(4098,'PN-10538','VERBENERO','2012-06-05 00:00:00',3894,3790,NULL,'2016-02-18 23:35:45','2016-02-18 23:35:45',NULL),(4099,NULL,'VIÑA',NULL,NULL,NULL,NULL,'2016-02-18 23:35:45','2016-02-18 23:35:45',NULL),(4100,'YN-12225','VIÑA HUARALINA','2004-09-24 00:00:00',NULL,NULL,NULL,'2016-02-18 23:35:45','2016-02-18 23:35:45',NULL),(4101,NULL,'VIAJERO',NULL,NULL,NULL,'male','2016-02-18 23:35:45','2016-02-18 23:35:45',NULL),(4102,'PN-09955','VICTORIOSO','2011-11-30 00:00:00',NULL,NULL,NULL,'2016-02-18 23:35:45','2016-02-18 23:35:45',NULL),(4103,'PN-10448','VICTORIOSO - TE','2014-01-01 00:00:00',NULL,NULL,NULL,'2016-02-18 23:35:45','2016-02-18 23:35:45',NULL),(4104,NULL,'YERBA BUENA',NULL,NULL,NULL,NULL,'2016-02-18 23:35:45','2016-02-18 23:35:45',NULL),(4105,NULL,'ZAFRA',NULL,NULL,NULL,'female','2016-02-18 23:35:45','2016-02-18 23:35:45',NULL),(4106,'YN-13613','ZALAMANDRA','2007-10-09 00:00:00',4046,3664,NULL,'2016-02-18 23:35:45','2016-02-18 23:35:45',NULL),(4107,'YN-14461','ZARZUELA','2008-12-11 00:00:00',NULL,NULL,NULL,'2016-02-18 23:35:45','2016-02-18 23:35:45',NULL),(4140,NULL,'ABOLENGO',NULL,NULL,NULL,'male','2016-02-18 23:56:24','2016-02-18 23:56:24',NULL),(4141,NULL,'ACTRIZ',NULL,NULL,NULL,'female','2016-02-18 23:56:24','2016-02-18 23:56:24',NULL),(4142,NULL,'AFRODITA',NULL,NULL,NULL,'female','2016-02-18 23:56:24','2016-02-18 23:56:24',NULL),(4143,NULL,'AGUALUNA',NULL,NULL,NULL,'female','2016-02-18 23:56:24','2016-02-18 23:56:24',NULL),(4144,NULL,'AGUARDIENTE',NULL,NULL,NULL,'male','2016-02-18 23:56:24','2016-02-18 23:56:24',NULL),(4145,'CN-02243','AGUAYMANTO','2007-10-20 00:00:00',4320,3665,NULL,'2016-02-18 23:56:24','2016-02-19 14:16:38',NULL),(4146,'YN-14779','ALADA','2009-12-03 00:00:00',4165,4293,NULL,'2016-02-18 23:56:24','2016-02-18 23:56:24',NULL),(4147,'YN-17951','ALAHARACA','2014-08-30 00:00:00',3678,3754,NULL,'2016-02-18 23:56:24','2016-02-18 23:56:24',NULL),(4148,NULL,'ALBILLA',NULL,NULL,NULL,'female','2016-02-18 23:56:24','2016-02-18 23:56:24',NULL),(4149,NULL,'ALGARROBO',NULL,NULL,NULL,'male','2016-02-18 23:56:24','2016-02-18 23:56:24',NULL),(4150,'CN-02046','ALGUACIL','2008-06-12 00:00:00',4152,4196,NULL,'2016-02-18 23:56:24','2016-02-18 23:56:24',NULL),(4151,'YN-15183','ALHELI','2008-12-05 00:00:00',4180,4329,NULL,'2016-02-18 23:56:24','2016-02-18 23:56:24',NULL),(4152,NULL,'ALMUDENA',NULL,NULL,NULL,'female','2016-02-18 23:56:24','2016-02-18 23:56:24',NULL),(4153,NULL,'ALTANERO',NULL,NULL,NULL,'male','2016-02-18 23:56:24','2016-02-18 23:56:24',NULL),(4154,NULL,'ALTIVO',NULL,NULL,NULL,'male','2016-02-18 23:56:24','2016-02-18 23:56:24',NULL),(4155,NULL,'AMARANTO II',NULL,NULL,NULL,'male','2016-02-18 23:56:24','2016-02-18 23:56:24',NULL),(4156,NULL,'AMARU',NULL,NULL,NULL,'female','2016-02-18 23:56:24','2016-02-18 23:56:24',NULL),(4157,'CN-02656','AMAT','2011-01-02 00:00:00',4299,4201,NULL,'2016-02-18 23:56:24','2016-02-18 23:56:24',NULL),(4158,NULL,'AMISTAD',NULL,NULL,NULL,'female','2016-02-18 23:56:24','2016-02-18 23:56:24',NULL),(4159,NULL,'AMORA',NULL,NULL,NULL,'female','2016-02-18 23:56:24','2016-02-18 23:56:24',NULL),(4160,NULL,'ANDALUZ',NULL,NULL,NULL,'male','2016-02-18 23:56:24','2016-02-18 23:56:24',NULL),(4161,NULL,'ANDARES',NULL,NULL,NULL,'female','2016-02-18 23:56:24','2016-02-18 23:56:24',NULL),(4162,NULL,'AÑORANZA',NULL,NULL,NULL,'female','2016-02-18 23:56:24','2016-02-18 23:56:24',NULL),(4163,'YN-15655','ANTARES','2010-08-20 00:00:00',4187,4326,NULL,'2016-02-18 23:56:24','2016-02-18 23:56:24',NULL),(4164,NULL,'ANTICUARIA',NULL,NULL,NULL,'female','2016-02-18 23:56:24','2016-02-18 23:56:24',NULL),(4165,NULL,'ANTIGUA',NULL,NULL,NULL,'female','2016-02-18 23:56:24','2016-02-18 23:56:24',NULL),(4166,NULL,'ANTUANE',NULL,NULL,NULL,'female','2016-02-18 23:56:24','2016-02-18 23:56:24',NULL),(4167,'YN-16448','ARENA','2012-08-21 00:00:00',4158,4368,NULL,'2016-02-18 23:56:24','2016-02-18 23:56:24',NULL),(4168,'PN-10079','ARGENTO','2012-08-17 00:00:00',4161,3989,NULL,'2016-02-18 23:56:24','2016-02-18 23:56:24',NULL),(4169,NULL,'ARICA',NULL,NULL,NULL,'female','2016-02-18 23:56:24','2016-02-18 23:56:24',NULL),(4170,'PN-09638','ARMAGEDON','2012-12-10 00:00:00',3964,3989,NULL,'2016-02-18 23:56:24','2016-02-18 23:56:24',NULL),(4171,'CN-02579','ARMENTO','2012-10-13 00:00:00',4242,4038,NULL,'2016-02-18 23:56:24','2016-02-18 23:56:24',NULL),(4172,NULL,'AROMA',NULL,NULL,NULL,'female','2016-02-18 23:56:24','2016-02-18 23:56:24',NULL),(4173,NULL,'ARTESANO',NULL,NULL,NULL,'male','2016-02-18 23:56:24','2016-02-18 23:56:24',NULL),(4174,NULL,'ASTUTA',NULL,NULL,NULL,'female','2016-02-18 23:56:24','2016-02-18 23:56:24',NULL),(4175,'PN-09743','ATILA-TE','2012-12-09 00:00:00',3774,3630,NULL,'2016-02-18 23:56:24','2016-02-18 23:56:24',NULL),(4176,NULL,'AURORA',NULL,NULL,NULL,'female','2016-02-18 23:56:24','2016-02-18 23:56:24',NULL),(4177,'YN-17664','AVELLANA','2014-05-25 00:00:00',4373,4155,NULL,'2016-02-18 23:56:24','2016-02-18 23:56:24',NULL),(4178,NULL,'AVELLANA',NULL,NULL,NULL,'female','2016-02-18 23:56:24','2016-02-18 23:56:24',NULL),(4179,'PN-10478','AYAPLIANO','2014-02-19 00:00:00',4159,3866,NULL,'2016-02-18 23:56:24','2016-02-18 23:56:24',NULL),(4180,NULL,'AZAHAR',NULL,NULL,NULL,'female','2016-02-18 23:56:24','2016-02-18 23:56:24',NULL),(4181,NULL,'AZUCENA',NULL,NULL,NULL,'female','2016-02-18 23:56:24','2016-02-18 23:56:24',NULL),(4182,NULL,'AZURRA',NULL,NULL,NULL,'female','2016-02-18 23:56:24','2016-02-18 23:56:24',NULL),(4183,'PN-09185','BACO','2011-10-15 00:00:00',4253,3763,NULL,'2016-02-18 23:56:24','2016-02-19 14:23:03',NULL),(4184,'PN-10640','BAMBINO','2014-08-15 00:00:00',4186,3754,NULL,'2016-02-18 23:56:24','2016-02-18 23:56:24',NULL),(4185,NULL,'BAMBOLA',NULL,NULL,NULL,'female','2016-02-18 23:56:24','2016-02-18 23:56:24',NULL),(4186,'YN-15366','BARONESA','2010-08-23 00:00:00',3692,3803,'female','2016-02-18 23:56:24','2016-02-18 23:56:24',NULL),(4187,NULL,'BARTOLA',NULL,NULL,NULL,'female','2016-02-18 23:56:24','2016-02-18 23:56:24',NULL),(4188,'CN-02637','BAVARO','2012-09-21 00:00:00',4085,3874,NULL,'2016-02-18 23:56:24','2016-02-18 23:56:24',NULL),(4189,NULL,'BAVIERA',NULL,NULL,NULL,'female','2016-02-18 23:56:24','2016-02-18 23:56:24',NULL),(4190,'YN-09024','BELEN','2002-10-08 00:00:00',4258,4140,NULL,'2016-02-18 23:56:24','2016-02-18 23:56:24',NULL),(4191,NULL,'BIENVENIDA',NULL,NULL,NULL,'female','2016-02-18 23:56:24','2016-02-18 23:56:24',NULL),(4192,'CN-02307','BOHEMIO','2009-09-12 00:00:00',4142,4003,NULL,'2016-02-18 23:56:24','2016-02-18 23:56:24',NULL),(4193,'YN-17637','BOLIVARIANA','2013-11-26 00:00:00',4209,4232,NULL,'2016-02-18 23:56:24','2016-02-18 23:56:24',NULL),(4194,'PN-10802','BURANO','2014-10-12 00:00:00',4182,3754,NULL,'2016-02-18 23:56:24','2016-02-18 23:56:24',NULL),(4195,NULL,'BURBUJA',NULL,NULL,NULL,'female','2016-02-18 23:56:24','2016-02-18 23:56:24',NULL),(4196,NULL,'CADIZ',NULL,NULL,NULL,'male','2016-02-18 23:56:24','2016-02-18 23:56:24',NULL),(4197,NULL,'CALAMBUCO II ',NULL,NULL,NULL,NULL,'2016-02-18 23:56:24','2016-02-18 23:56:24',NULL),(4198,'YN-17213','CAMILA','2012-06-05 00:00:00',4327,3805,NULL,'2016-02-18 23:56:24','2016-02-18 23:56:24',NULL),(4199,'YN-13400','CANDELARIA','2006-08-12 00:00:00',4314,3914,NULL,'2016-02-18 23:56:24','2016-02-18 23:56:24',NULL),(4200,NULL,'CANDELITAS',NULL,NULL,NULL,'female','2016-02-18 23:56:24','2016-02-18 23:56:24',NULL),(4201,NULL,'CAPATAZ',NULL,NULL,NULL,'male','2016-02-18 23:56:24','2016-02-18 23:56:24',NULL),(4202,NULL,'CAPITU',NULL,NULL,NULL,'female','2016-02-18 23:56:24','2016-02-18 23:56:24',NULL),(4203,NULL,'CARO AMIGO',NULL,NULL,NULL,'male','2016-02-18 23:56:24','2016-02-18 23:56:24',NULL),(4204,'YN-15820','CASTAÑA','2010-07-10 00:00:00',4213,4154,NULL,'2016-02-18 23:56:24','2016-02-18 23:56:24',NULL),(4205,NULL,'CASTAÑUELA',NULL,NULL,NULL,'female','2016-02-18 23:56:24','2016-02-18 23:56:24',NULL),(4206,NULL,'CATALUÑA',NULL,NULL,NULL,'female','2016-02-18 23:56:24','2016-02-18 23:56:24',NULL),(4207,'CN-02621','CENTELLO','2012-12-04 00:00:00',4206,3822,NULL,'2016-02-18 23:56:24','2016-02-18 23:56:24',NULL),(4208,'CN-02657','CINEASTA - TE','2010-10-28 00:00:00',4028,4160,NULL,'2016-02-18 23:56:24','2016-02-18 23:56:24',NULL),(4209,NULL,'CONQUISTADORA',NULL,NULL,NULL,'female','2016-02-18 23:56:24','2016-02-18 23:56:24',NULL),(4210,NULL,'COQUETA',NULL,NULL,NULL,'female','2016-02-18 23:56:24','2016-02-18 23:56:24',NULL),(4211,'PN-09744','CRATOS','2012-12-02 00:00:00',4333,3630,NULL,'2016-02-18 23:56:24','2016-02-18 23:56:24',NULL),(4212,'YN-14169','DAMISELA','2008-11-11 00:00:00',3774,3801,'female','2016-02-18 23:56:24','2016-02-18 23:56:24',NULL),(4213,NULL,'DAMISELA',NULL,NULL,NULL,'female','2016-02-18 23:56:24','2016-02-18 23:56:24',NULL),(4214,'PN-08804','DESAFIO','2009-07-10 00:00:00',4181,4329,NULL,'2016-02-18 23:56:24','2016-02-18 23:56:24',NULL),(4215,'PN-09101','DESVELO','2011-02-24 00:00:00',3893,3806,NULL,'2016-02-18 23:56:24','2016-02-18 23:56:24',NULL),(4216,'YN-15606','DINASTIA','2010-02-10 00:00:00',4332,3763,NULL,'2016-02-18 23:56:24','2016-02-18 23:56:24',NULL),(4217,'YN-18344','DIPLOMACIA-TE','2012-04-17 00:00:00',4218,3630,NULL,'2016-02-18 23:56:24','2016-02-18 23:56:24',NULL),(4218,NULL,'DIPLOMATICA-TE',NULL,NULL,NULL,'female','2016-02-18 23:56:24','2016-02-18 23:56:24',NULL),(4219,'CN-02407','DIRECTOR','2010-01-20 00:00:00',4019,3630,NULL,'2016-02-18 23:56:24','2016-02-18 23:56:24',NULL),(4220,NULL,'DISTINGUIDO',NULL,NULL,NULL,'male','2016-02-18 23:56:24','2016-02-18 23:56:24',NULL),(4221,'YN-15687','DIVA','2008-09-12 00:00:00',4195,3788,NULL,'2016-02-18 23:56:24','2016-02-18 23:56:24',NULL),(4222,'YN-16854','DIVINA','2011-12-25 00:00:00',3876,4036,NULL,'2016-02-18 23:56:24','2016-02-18 23:56:24',NULL),(4223,'YN-16969','DOGMA','2012-08-24 00:00:00',4244,4056,NULL,'2016-02-18 23:56:24','2016-02-18 23:56:24',NULL),(4224,'CN-02596','DON FIDEL','2011-11-05 00:00:00',4172,4038,NULL,'2016-02-18 23:56:24','2016-02-18 23:56:24',NULL),(4225,'PN-09563','DON FINO-TE','2012-11-20 00:00:00',4228,4367,NULL,'2016-02-18 23:56:24','2016-02-18 23:56:24',NULL),(4226,'PN-06407','DON OSCAR','1999-08-07 00:00:00',4205,4203,NULL,'2016-02-18 23:56:24','2016-02-18 23:56:24',NULL),(4227,'YN-18106','DOÑA BEA-TE','2014-01-23 00:00:00',4050,4220,NULL,'2016-02-18 23:56:24','2016-02-18 23:56:24',NULL),(4228,NULL,'DOÑA FLOR',NULL,NULL,NULL,'female','2016-02-18 23:56:24','2016-02-18 23:56:24',NULL),(4229,'YN-12440','DULCINEA','2005-07-19 00:00:00',4176,3930,NULL,'2016-02-18 23:56:24','2016-02-18 23:56:24',NULL),(4230,'CN-02261','DUQUE','2008-10-23 00:00:00',4231,4371,NULL,'2016-02-18 23:56:24','2016-02-18 23:56:24',NULL),(4231,NULL,'DUQUESA',NULL,NULL,NULL,'female','2016-02-18 23:56:24','2016-02-18 23:56:24',NULL),(4232,NULL,'ECLIPSE',NULL,NULL,NULL,'male','2016-02-18 23:56:24','2016-02-18 23:56:24',NULL),(4233,'PN-10415','ECLIPSE II','2014-02-23 00:00:00',4304,4232,NULL,'2016-02-18 23:56:24','2016-02-18 23:56:24',NULL),(4234,'PN-10466','EL FADO','2014-03-28 00:00:00',4148,3798,NULL,'2016-02-18 23:56:24','2016-02-18 23:56:24',NULL),(4235,'PN-09480','ELEGANTE','2010-11-15 00:00:00',4200,4173,NULL,'2016-02-18 23:56:24','2016-02-18 23:56:24',NULL),(4236,'PN-10638','ELEGANTE-TE','2014-09-20 00:00:00',4274,3803,NULL,'2016-02-18 23:56:24','2016-02-18 23:56:24',NULL),(4237,'YN-14684','ELEGIDA-TE','2009-10-20 00:00:00',4265,3801,NULL,'2016-02-18 23:56:24','2016-02-18 23:56:24',NULL),(4238,'YN-18094','EMINENCIA','2014-09-03 00:00:00',3823,3754,NULL,'2016-02-18 23:56:24','2016-02-18 23:56:24',NULL),(4239,NULL,'EMINENCIA',NULL,NULL,NULL,'female','2016-02-18 23:56:24','2016-02-18 23:56:24',NULL),(4240,NULL,'ENVIDIA II',NULL,NULL,NULL,'female','2016-02-18 23:56:24','2016-02-18 23:56:24',NULL),(4241,NULL,'ENVIDIA-TE',NULL,NULL,NULL,'female','2016-02-18 23:56:24','2016-02-18 23:56:24',NULL),(4242,NULL,'ESCARAMUSA',NULL,NULL,NULL,'female','2016-02-18 23:56:24','2016-02-18 23:56:24',NULL),(4243,'YN-15109','ESCULTURA','2010-10-24 00:00:00',4164,3793,NULL,'2016-02-18 23:56:24','2016-02-18 23:56:24',NULL),(4244,NULL,'ESTIGMA',NULL,NULL,NULL,'female','2016-02-18 23:56:24','2016-02-18 23:56:24',NULL),(4245,'YN-16043','EUFORIA','2011-10-20 00:00:00',4239,3895,NULL,'2016-02-18 23:56:24','2016-02-18 23:56:24',NULL),(4246,'YN-16057','EVIDENCIA','2011-08-20 00:00:00',4162,3803,NULL,'2016-02-18 23:56:24','2016-02-18 23:56:24',NULL),(4247,'PN-09448','FAVORITO-TE','2012-05-04 00:00:00',3740,4362,NULL,'2016-02-18 23:56:24','2016-02-18 23:56:24',NULL),(4248,'YN-14056','FIESTA','2009-01-22 00:00:00',4319,4349,NULL,'2016-02-18 23:56:24','2016-02-18 23:56:24',NULL),(4249,NULL,'FINURA IQUEÑA',NULL,NULL,NULL,'female','2016-02-18 23:56:24','2016-02-18 23:56:24',NULL),(4250,NULL,'FLAMENCA',NULL,NULL,NULL,'female','2016-02-18 23:56:24','2016-02-18 23:56:24',NULL),(4251,'CN-02505','FLOR DE CANELA','2011-11-10 00:00:00',4283,4071,NULL,'2016-02-18 23:56:24','2016-02-18 23:56:24',NULL),(4252,'YN-13072','FLOR DE LA','2002-07-25 00:00:00',4143,4334,NULL,'2016-02-18 23:56:24','2016-02-18 23:56:24',NULL),(4253,NULL,'FLOR DE VERANO',NULL,NULL,NULL,'female','2016-02-18 23:56:24','2016-02-18 23:56:24',NULL),(4254,NULL,'FRAGANCIA',NULL,NULL,NULL,'female','2016-02-18 23:56:24','2016-02-18 23:56:24',NULL),(4255,'YN-15650','FRINE','2011-05-08 00:00:00',4254,3806,NULL,'2016-02-18 23:56:24','2016-02-18 23:56:24',NULL),(4256,'PN-10627','FULMINANTE-TE','2014-01-04 00:00:00',4162,3801,NULL,'2016-02-18 23:56:24','2016-02-18 23:56:24',NULL),(4257,'YN-15314','GALLETA','2010-08-02 00:00:00',4322,3819,NULL,'2016-02-18 23:56:24','2016-02-18 23:56:24',NULL),(4258,NULL,'GAMUZA II',NULL,NULL,NULL,'female','2016-02-18 23:56:24','2016-02-18 23:56:24',NULL),(4259,'YN-14334','GARUA','2006-04-14 00:00:00',4361,3763,NULL,'2016-02-18 23:56:24','2016-02-18 23:56:24',NULL),(4260,'CN-02397','GENEROSO','2009-10-01 00:00:00',4299,4201,NULL,'2016-02-18 23:56:24','2016-02-18 23:56:24',NULL),(4261,'YN-14397','GITANA','2008-11-20 00:00:00',4250,4362,'female','2016-02-18 23:56:24','2016-02-18 23:56:24',NULL),(4262,NULL,'GRANDIOSA',NULL,NULL,NULL,'female','2016-02-18 23:56:24','2016-02-18 23:56:24',NULL),(4263,'YN-13615','GRANDIOSA II','2007-09-24 00:00:00',4262,3763,NULL,'2016-02-18 23:56:24','2016-02-18 23:56:24',NULL),(4264,'YN-14971','HECHICERA','2007-10-23 00:00:00',4189,3763,NULL,'2016-02-18 23:56:24','2016-02-18 23:56:24',NULL),(4265,NULL,'ISABELITA',NULL,NULL,NULL,'female','2016-02-18 23:56:24','2016-02-18 23:56:24',NULL),(4266,'CN-01804','JUAN DEL MONTE','2005-04-30 00:00:00',3660,3872,NULL,'2016-02-18 23:56:24','2016-02-18 23:56:24',NULL),(4267,'CN-02512','KAISER','2009-02-04 00:00:00',4342,4024,NULL,'2016-02-18 23:56:24','2016-02-18 23:56:24',NULL),(4268,'YN-16375','LA ELEGANTE','2012-05-06 00:00:00',4339,4153,NULL,'2016-02-18 23:56:24','2016-02-18 23:56:24',NULL),(4269,NULL,'LA GRINGA',NULL,NULL,NULL,'female','2016-02-18 23:56:24','2016-02-18 23:56:24',NULL),(4270,'YN-14082','LA JOTA','2007-10-20 00:00:00',4240,4035,NULL,'2016-02-18 23:56:24','2016-02-18 23:56:24',NULL),(4271,NULL,'LA TINAJERA',NULL,NULL,NULL,'female','2016-02-18 23:56:24','2016-02-18 23:56:24',NULL),(4272,NULL,'LABERINTO',NULL,NULL,NULL,'male','2016-02-18 23:56:24','2016-02-18 23:56:24',NULL),(4273,NULL,'LEAL',NULL,NULL,NULL,'male','2016-02-18 23:56:24','2016-02-18 23:56:24',NULL),(4274,NULL,'LEGENDARIA',NULL,NULL,NULL,'female','2016-02-18 23:56:24','2016-02-18 23:56:24',NULL),(4275,'PN-10958','LEGIONARIO','2014-06-20 00:00:00',4178,3801,NULL,'2016-02-18 23:56:24','2016-02-18 23:56:24',NULL),(4276,'PN-10957','LIBERTADOR','2013-10-22 00:00:00',4318,3819,NULL,'2016-02-18 23:56:24','2016-02-18 23:56:24',NULL),(4277,'YN-13859','LIMEÑA','2008-01-16 00:00:00',4299,4144,NULL,'2016-02-18 23:56:24','2016-02-18 23:56:24',NULL),(4278,'CN-02655','LUCANO','2012-06-29 00:00:00',4346,3729,NULL,'2016-02-18 23:56:24','2016-02-18 23:56:24',NULL),(4279,'YN-18427','LUCERO','2014-02-23 00:00:00',4281,3866,NULL,'2016-02-18 23:56:24','2016-02-18 23:56:24',NULL),(4280,NULL,'LUCIANA',NULL,NULL,NULL,'female','2016-02-18 23:56:24','2016-02-18 23:56:24',NULL),(4281,NULL,'LUCIERNAGA',NULL,NULL,NULL,'female','2016-02-18 23:56:24','2016-02-18 23:56:24',NULL),(4282,NULL,'LUZMA',NULL,NULL,NULL,'female','2016-02-18 23:56:24','2016-02-18 23:56:24',NULL),(4283,NULL,'MADRE SELVA',NULL,NULL,NULL,'female','2016-02-18 23:56:24','2016-02-18 23:56:24',NULL),(4284,NULL,'MAESTRO',NULL,NULL,NULL,'male','2016-02-18 23:56:24','2016-02-18 23:56:24',NULL),(4285,'YN-16308','MAGALY-TE','2012-08-08 00:00:00',3890,3928,NULL,'2016-02-18 23:56:24','2016-02-18 23:56:24',NULL),(4286,'CN-02515','MANDRAKE','2010-11-28 00:00:00',4301,3989,NULL,'2016-02-18 23:56:24','2016-02-18 23:56:24',NULL),(4287,NULL,'MARAHA',NULL,NULL,NULL,'male','2016-02-18 23:56:24','2016-02-18 23:56:24',NULL),(4288,'PN-09290','MARENGO-TE','2011-12-18 00:00:00',4141,4302,NULL,'2016-02-18 23:56:24','2016-02-18 23:56:24',NULL),(4289,'YN-17945','MARIMBA-TE','2014-09-14 00:00:00',4290,3754,NULL,'2016-02-18 23:56:24','2016-02-18 23:56:24',NULL),(4290,NULL,'MAROMA',NULL,NULL,NULL,'female','2016-02-18 23:56:24','2016-02-18 23:56:24',NULL),(4291,'YN-11803','MARQUESA','2003-10-17 00:00:00',3646,4272,NULL,'2016-02-18 23:56:24','2016-02-18 23:56:24',NULL),(4292,'PN-10480','MAXIMUS','2014-02-13 00:00:00',4191,4149,NULL,'2016-02-18 23:56:24','2016-02-18 23:56:24',NULL),(4293,NULL,'MAYASCONG',NULL,NULL,NULL,'male','2016-02-18 23:56:24','2016-02-18 23:56:24',NULL),(4294,NULL,'MENSAJERA II',NULL,NULL,NULL,'female','2016-02-18 23:56:24','2016-02-18 23:56:24',NULL),(4295,'CN-02618','MENSAJERO','2012-10-10 00:00:00',4210,3806,NULL,'2016-02-18 23:56:24','2016-02-18 23:56:24',NULL),(4296,'YN-16346','MIA-TE','2012-08-23 00:00:00',3936,3754,NULL,'2016-02-18 23:56:24','2016-02-18 23:56:24',NULL),(4297,'CN-02646','MIRAFLORES - TE','2012-06-28 00:00:00',4343,4351,NULL,'2016-02-18 23:56:24','2016-02-18 23:56:24',NULL),(4298,NULL,'MOCHERA',NULL,NULL,NULL,'female','2016-02-18 23:56:24','2016-02-18 23:56:24',NULL),(4299,NULL,'MONA LISA',NULL,NULL,NULL,'female','2016-02-18 23:56:24','2016-02-18 23:56:24',NULL),(4300,'YN-17931','MONARQUIA-TE','2014-03-12 00:00:00',4265,3983,NULL,'2016-02-18 23:56:24','2016-02-18 23:56:24',NULL),(4301,NULL,'MORALEJA',NULL,NULL,NULL,'female','2016-02-18 23:56:24','2016-02-18 23:56:24',NULL),(4302,NULL,'MOTIVO',NULL,NULL,NULL,'male','2016-02-18 23:56:24','2016-02-18 23:56:24',NULL),(4303,NULL,'MUÑECA',NULL,NULL,NULL,'female','2016-02-18 23:56:24','2016-02-18 23:56:24',NULL),(4304,NULL,'NATIVIDAD',NULL,NULL,NULL,'female','2016-02-18 23:56:24','2016-02-18 23:56:24',NULL),(4305,'YN-12431','NIÑA LINDA','2005-03-28 00:00:00',4185,3630,NULL,'2016-02-18 23:56:24','2016-02-18 23:56:24',NULL),(4306,'YN-16421','NIRVANA','2012-10-16 00:00:00',4269,3763,NULL,'2016-02-18 23:56:24','2016-02-18 23:56:24',NULL),(4307,NULL,'ÑUSTA',NULL,NULL,NULL,'female','2016-02-18 23:56:24','2016-02-18 23:56:24',NULL),(4308,'YN-17728','OFRENDA II','2013-07-18 00:00:00',4004,3989,NULL,'2016-02-18 23:56:24','2016-02-18 23:56:24',NULL),(4309,NULL,'OPERA',NULL,NULL,NULL,'female','2016-02-18 23:56:24','2016-02-18 23:56:24',NULL),(4310,NULL,'ORGULLOSA',NULL,NULL,NULL,'female','2016-02-18 23:56:24','2016-02-18 23:56:24',NULL),(4311,'YN-16147','PACHAMAMA','2011-08-25 00:00:00',3710,3819,NULL,'2016-02-18 23:56:24','2016-02-18 23:56:24',NULL),(4312,'CN-02398','PALOMO','2008-09-18 00:00:00',4303,3761,NULL,'2016-02-18 23:56:24','2016-02-18 23:56:24',NULL),(4313,'CN-02140','PALOMO','2008-11-26 00:00:00',3749,3975,NULL,'2016-02-18 23:56:24','2016-02-18 23:56:24',NULL),(4314,NULL,'PAMPERITA',NULL,NULL,NULL,'female','2016-02-18 23:56:24','2016-02-18 23:56:24',NULL),(4315,'YN-16705','PASION-TE','2012-10-04 00:00:00',4028,3630,NULL,'2016-02-18 23:56:24','2016-02-18 23:56:24',NULL),(4316,'YN-15965','PASO Y PASION','2011-08-13 00:00:00',3854,3819,NULL,'2016-02-18 23:56:24','2016-02-18 23:56:24',NULL),(4317,'YN-17519','PATALETA','2012-09-08 00:00:00',3995,4273,NULL,'2016-02-18 23:56:24','2016-02-18 23:56:24',NULL),(4318,NULL,'PERLA',NULL,NULL,NULL,'female','2016-02-18 23:56:24','2016-02-18 23:56:24',NULL),(4319,NULL,'PERLA NEGRA',NULL,NULL,NULL,'female','2016-02-18 23:56:24','2016-02-18 23:56:24',NULL),(4320,NULL,'PERUANA',NULL,NULL,NULL,'female','2016-02-18 23:56:24','2016-02-18 23:56:24',NULL),(4321,'YN-16122','PERUANITA','2011-07-28 00:00:00',4310,4362,NULL,'2016-02-18 23:56:24','2016-02-18 23:56:24',NULL),(4322,NULL,'PINTORESCA',NULL,NULL,NULL,'female','2016-02-18 23:56:24','2016-02-18 23:56:24',NULL),(4323,'PN-09371','POSITANO','2011-11-08 00:00:00',4309,4056,NULL,'2016-02-18 23:56:24','2016-02-18 23:56:24',NULL),(4324,NULL,'PRECIOSA',NULL,NULL,NULL,'female','2016-02-18 23:56:24','2016-02-18 23:56:24',NULL),(4325,NULL,'PREFERIDO',NULL,NULL,NULL,'male','2016-02-18 23:56:24','2016-02-18 23:56:24',NULL),(4326,NULL,'PRESAGIO',NULL,NULL,NULL,'male','2016-02-18 23:56:24','2016-02-18 23:56:24',NULL),(4327,NULL,'PRESUMIDA',NULL,NULL,NULL,'female','2016-02-18 23:56:24','2016-02-18 23:56:24',NULL),(4328,'PN-10726','PRETENDIENTE-TE','2014-08-21 00:00:00',4008,3754,NULL,'2016-02-18 23:56:24','2016-02-18 23:56:24',NULL),(4329,NULL,'PRETORIANO',NULL,NULL,NULL,'male','2016-02-18 23:56:24','2016-02-18 23:56:24',NULL),(4330,NULL,'PRIMOR',NULL,NULL,NULL,'male','2016-02-18 23:56:24','2016-02-18 23:56:24',NULL),(4331,'YN-17134','PROMESITA','2012-12-14 00:00:00',4022,3754,NULL,'2016-02-18 23:56:24','2016-02-18 23:56:24',NULL),(4332,NULL,'PROMETIDA',NULL,NULL,NULL,'female','2016-02-18 23:56:24','2016-02-18 23:56:24',NULL),(4333,NULL,'QUIMERA',NULL,NULL,NULL,'female','2016-02-18 23:56:24','2016-02-18 23:56:24',NULL),(4334,NULL,'RAYO DE ORO',NULL,NULL,NULL,'male','2016-02-18 23:56:24','2016-02-18 23:56:24',NULL),(4335,NULL,'RAYO DE ORO',NULL,NULL,NULL,'male','2016-02-18 23:56:24','2016-02-18 23:56:24',NULL),(4336,'CN-01630','RAYO DE PLATA','2004-01-03 00:00:00',4249,4335,NULL,'2016-02-18 23:56:24','2016-02-18 23:56:24',NULL),(4337,NULL,'RAYUELA II',NULL,NULL,NULL,'female','2016-02-18 23:56:24','2016-02-18 23:56:24',NULL),(4338,'YN-17045','RAYUELA III-TE','2013-09-11 00:00:00',4337,4101,NULL,'2016-02-18 23:56:24','2016-02-18 23:56:24',NULL),(4339,NULL,'RECATADA',NULL,NULL,NULL,'female','2016-02-18 23:56:24','2016-02-18 23:56:24',NULL),(4340,NULL,'RECOMPENSA',NULL,NULL,NULL,'female','2016-02-18 23:56:24','2016-02-18 23:56:24',NULL),(4341,'CN-02268','RECUERDO','2012-05-17 00:00:00',4282,3763,NULL,'2016-02-18 23:56:24','2016-02-18 23:56:24',NULL),(4342,NULL,'RECUERDO I',NULL,NULL,NULL,'female','2016-02-18 23:56:24','2016-02-18 23:56:24',NULL),(4343,NULL,'REGUILETE',NULL,NULL,NULL,'female','2016-02-18 23:56:24','2016-02-18 23:56:24',NULL),(4344,'YN-17949','REINA-TE','2014-08-28 00:00:00',4340,3754,NULL,'2016-02-18 23:56:24','2016-02-18 23:56:24',NULL),(4345,NULL,'REMO -TE',NULL,NULL,NULL,'male','2016-02-18 23:56:24','2016-02-18 23:56:24',NULL),(4346,NULL,'REPLICA',NULL,NULL,NULL,'female','2016-02-18 23:56:24','2016-02-18 23:56:24',NULL),(4347,'CN-02639','RESCATE','2012-03-21 00:00:00',4042,3754,NULL,'2016-02-18 23:56:24','2016-02-18 23:56:24',NULL),(4348,'CN-02623','RETABLO','2010-12-08 00:00:00',4174,4287,NULL,'2016-02-18 23:56:24','2016-02-18 23:56:24',NULL),(4349,NULL,'REY',NULL,NULL,NULL,'male','2016-02-18 23:56:24','2016-02-18 23:56:24',NULL),(4350,'PN-09593','ROYAL-TE','2012-09-12 00:00:00',4294,3989,NULL,'2016-02-18 23:56:24','2016-02-18 23:56:24',NULL),(4351,NULL,'SAGITARIO',NULL,NULL,NULL,'male','2016-02-18 23:56:24','2016-02-18 23:56:24',NULL),(4352,'YN-16645','SANTA','2012-11-01 00:00:00',4374,3866,NULL,'2016-02-18 23:56:24','2016-02-18 23:56:24',NULL),(4353,'YN-16644','SANTA CRUZ','2012-09-30 00:00:00',4202,3630,NULL,'2016-02-18 23:56:24','2016-02-18 23:56:24',NULL),(4354,'PN-10277','SECRETARIO','2012-09-02 00:00:00',4280,4034,NULL,'2016-02-18 23:56:24','2016-02-18 23:56:24',NULL),(4355,'YN-16496','SEVILLANA','2012-07-30 00:00:00',4261,4284,NULL,'2016-02-18 23:56:24','2016-02-18 23:56:24',NULL),(4356,NULL,'SINFONIA',NULL,NULL,NULL,'female','2016-02-18 23:56:24','2016-02-18 23:56:24',NULL),(4357,'YN-17506','SOBERANA','2013-09-08 00:00:00',4076,3754,NULL,'2016-02-18 23:56:24','2016-02-18 23:56:24',NULL),(4358,NULL,'SOÑADOR',NULL,NULL,NULL,NULL,'2016-02-18 23:56:24','2016-02-18 23:56:24',NULL),(4359,'YN-17880','SONAJA','2014-09-23 00:00:00',4241,4054,NULL,'2016-02-18 23:56:24','2016-02-18 23:56:24',NULL),(4360,'CN-02642','SONCO','2010-06-18 00:00:00',4156,4003,NULL,'2016-02-18 23:56:24','2016-02-18 23:56:24',NULL),(4361,NULL,'SORPRESIVA',NULL,NULL,NULL,'female','2016-02-18 23:56:24','2016-02-18 23:56:24',NULL),(4362,NULL,'SUPERIOR',NULL,NULL,NULL,'male','2016-02-18 23:56:24','2016-02-18 23:56:24',NULL),(4363,'YN-12819','SUTILEZA','2006-05-01 00:00:00',4356,4330,NULL,'2016-02-18 23:56:24','2016-02-18 23:56:24',NULL),(4364,'CN-01272','TINAJERO','2002-09-10 00:00:00',4271,3789,NULL,'2016-02-18 23:56:24','2016-02-18 23:56:24',NULL),(4365,'YN-14293','TORMENTA','2008-11-08 00:00:00',4307,4345,NULL,'2016-02-18 23:56:24','2016-02-18 23:56:24',NULL),(4366,'CN-02590','TRIBUNAL - TE','2011-08-15 00:00:00',4028,4087,NULL,'2016-02-18 23:56:24','2016-02-18 23:56:24',NULL),(4367,NULL,'TRIFINO-TE',NULL,NULL,NULL,'male','2016-02-18 23:56:24','2016-02-18 23:56:24',NULL),(4368,NULL,'TRIGAL',NULL,NULL,NULL,'male','2016-02-18 23:56:24','2016-02-18 23:56:24',NULL),(4369,'CN-02649','TRUJILLO','2010-11-21 00:00:00',4298,4160,NULL,'2016-02-18 23:56:24','2016-02-18 23:56:24',NULL),(4370,'YN-17268','TUCUMANA','2012-09-09 00:00:00',4212,4067,NULL,'2016-02-18 23:56:24','2016-02-18 23:56:24',NULL),(4371,NULL,'UMBRIEL',NULL,NULL,NULL,'male','2016-02-18 23:56:24','2016-02-18 23:56:24',NULL),(4372,'YN-16468','USURPADORA','2011-05-26 00:00:00',4166,4325,NULL,'2016-02-18 23:56:24','2016-02-18 23:56:24',NULL),(4373,NULL,'VALENTINA',NULL,NULL,NULL,'female','2016-02-18 23:56:24','2016-02-18 23:56:24',NULL),(4374,NULL,'VENUS',NULL,NULL,NULL,'female','2016-02-18 23:56:24','2016-02-18 23:56:24',NULL),(4375,'YN-16223','YORKA','2011-11-28 00:00:00',4169,4087,NULL,'2016-02-18 23:56:24','2016-02-18 23:56:24',NULL),(4395,'','ANGHY MARIANA REYES MELO',NULL,NULL,NULL,NULL,'2016-02-19 12:15:10','2016-02-19 12:15:10',NULL),(4396,'10','MIA REYES SARMIENTO',NULL,NULL,NULL,NULL,'2016-02-19 12:16:06','2016-02-19 12:16:06',NULL);

/*Table structure for table `catalogs` */

DROP TABLE IF EXISTS `catalogs`;

CREATE TABLE `catalogs` (
  `id` int(10) unsigned NOT NULL AUTO_INCREMENT,
  `group` tinyint(4) DEFAULT NULL,
  `number` smallint(5) unsigned DEFAULT NULL,
  `category_id` int(11) DEFAULT NULL,
  `tournament_id` int(10) unsigned NOT NULL,
  `animal_id` int(10) unsigned NOT NULL,
  PRIMARY KEY (`id`),
  KEY `fk_catalog_tournaments1_idx` (`tournament_id`),
  KEY `fk_catalog_animals1_idx` (`animal_id`),
  CONSTRAINT `fk_catalog_animals1` FOREIGN KEY (`animal_id`) REFERENCES `animals` (`id`) ON DELETE NO ACTION ON UPDATE NO ACTION,
  CONSTRAINT `fk_catalog_tournaments1` FOREIGN KEY (`tournament_id`) REFERENCES `tournaments` (`id`) ON DELETE NO ACTION ON UPDATE NO ACTION
) ENGINE=InnoDB AUTO_INCREMENT=2594 DEFAULT CHARSET=utf8;

/*Data for the table `catalogs` */

insert  into `catalogs`(`id`,`group`,`number`,`category_id`,`tournament_id`,`animal_id`) values (1743,NULL,93,12,1,3631),(1744,NULL,7,52,1,3638),(1745,NULL,161,33,1,3639),(1746,NULL,119,26,1,3641),(1747,NULL,72,10,1,3643),(1748,NULL,5,52,1,3645),(1749,NULL,13,3,1,3648),(1750,NULL,202,23,1,3651),(1751,NULL,107,26,1,3657),(1752,NULL,32,7,1,3661),(1753,NULL,6,52,1,3662),(1754,NULL,49,9,1,3663),(1755,NULL,167,20,1,3669),(1756,NULL,67,10,1,3670),(1757,NULL,25,51,1,3672),(1758,NULL,74,11,1,3674),(1759,NULL,17,3,1,3675),(1760,NULL,113,26,1,3676),(1761,NULL,79,11,1,3681),(1762,NULL,43,7,1,3683),(1763,NULL,123,27,1,3685),(1764,NULL,78,11,1,3686),(1765,NULL,78,15,1,3686),(1766,NULL,100,12,1,3687),(1767,NULL,69,10,1,3688),(1768,NULL,46,7,1,3689),(1769,NULL,46,16,1,3689),(1770,NULL,10,3,1,3690),(1771,NULL,31,5,1,3693),(1772,NULL,83,11,1,3695),(1773,NULL,159,33,1,3696),(1774,NULL,1,52,1,3698),(1775,NULL,171,20,1,3700),(1776,NULL,171,25,1,3700),(1777,NULL,51,9,1,3701),(1778,NULL,18,3,1,3702),(1779,NULL,162,33,1,3703),(1780,NULL,116,26,1,3705),(1781,NULL,47,7,1,3707),(1782,NULL,47,15,1,3707),(1783,NULL,47,16,1,3707),(1784,NULL,47,34,1,3707),(1785,NULL,148,31,1,3708),(1786,NULL,148,44,1,3708),(1787,NULL,110,26,1,3709),(1788,NULL,170,20,1,3711),(1789,NULL,170,55,1,3711),(1790,NULL,170,41,1,3711),(1791,NULL,204,15,1,3714),(1792,NULL,204,34,1,3714),(1793,NULL,35,7,1,3719),(1794,NULL,213,22,1,3721),(1795,NULL,131,29,1,3723),(1796,NULL,131,30,1,3723),(1797,NULL,186,21,1,3724),(1798,NULL,23,51,1,3725),(1799,NULL,152,32,1,3726),(1800,NULL,39,7,1,3728),(1801,NULL,126,27,1,3730),(1802,NULL,60,9,1,3732),(1803,NULL,179,20,1,3734),(1804,NULL,122,27,1,3737),(1805,NULL,104,12,1,3741),(1806,NULL,184,20,1,3742),(1807,NULL,121,27,1,3745),(1808,NULL,136,29,1,3747),(1809,NULL,40,7,1,3748),(1810,NULL,40,15,1,3748),(1811,NULL,141,31,1,3751),(1812,NULL,141,35,1,3751),(1813,NULL,141,37,1,3751),(1814,NULL,141,43,1,3751),(1815,NULL,141,47,1,3751),(1816,NULL,125,27,1,3752),(1817,NULL,181,20,1,3755),(1818,NULL,37,7,1,3757),(1819,NULL,61,10,1,3760),(1820,NULL,61,16,1,3760),(1821,NULL,9,3,1,3765),(1822,NULL,59,9,1,3768),(1823,NULL,4,52,1,3769),(1824,NULL,80,11,1,3770),(1825,NULL,97,12,1,3771),(1826,NULL,62,10,1,3772),(1827,NULL,70,10,1,3773),(1828,NULL,24,51,1,3775),(1829,NULL,169,20,1,3776),(1830,NULL,211,1,1,3777),(1831,NULL,197,22,1,3779),(1832,NULL,197,55,1,3779),(1833,NULL,197,41,1,3779),(1834,NULL,197,45,1,3779),(1835,NULL,192,21,1,3780),(1836,NULL,153,32,1,3781),(1837,NULL,208,47,1,3782),(1838,NULL,108,26,1,3783),(1839,NULL,200,22,1,3786),(1840,NULL,144,31,1,3791),(1841,NULL,185,21,1,3792),(1842,NULL,138,29,1,3794),(1843,NULL,191,21,1,3795),(1844,NULL,109,26,1,3799),(1845,NULL,149,31,1,3800),(1846,NULL,163,33,1,3807),(1847,NULL,64,10,1,3809),(1848,NULL,166,53,1,3811),(1849,NULL,166,19,1,3811),(1850,NULL,166,44,1,3811),(1851,NULL,11,3,1,3812),(1852,NULL,65,10,1,3814),(1853,NULL,50,9,1,3817),(1854,NULL,50,15,1,3817),(1855,NULL,50,16,1,3817),(1856,NULL,174,20,1,3818),(1857,NULL,174,25,1,3818),(1858,NULL,55,9,1,3823),(1859,NULL,151,32,1,3824),(1860,NULL,157,33,1,3825),(1861,NULL,147,31,1,3829),(1862,NULL,19,51,1,3830),(1863,NULL,145,31,1,3831),(1864,NULL,117,26,1,3832),(1865,NULL,2,52,1,3834),(1866,NULL,66,10,1,3839),(1867,NULL,139,31,1,3840),(1868,NULL,3,52,1,3843),(1869,NULL,34,7,1,3844),(1870,NULL,86,11,1,3845),(1871,NULL,33,7,1,3848),(1872,NULL,173,20,1,3850),(1873,NULL,81,11,1,3851),(1874,NULL,81,16,1,3851),(1875,NULL,132,29,1,3852),(1876,NULL,8,52,1,3853),(1877,NULL,22,51,1,3857),(1878,NULL,114,26,1,3859),(1879,NULL,73,10,1,3860),(1880,NULL,73,16,1,3860),(1881,NULL,137,29,1,3861),(1882,NULL,210,1,1,3867),(1883,NULL,194,22,1,3868),(1884,NULL,112,26,1,3869),(1885,NULL,207,45,1,3870),(1886,NULL,38,7,1,3871),(1887,NULL,92,12,1,3876),(1888,NULL,41,7,1,3879),(1889,NULL,158,33,1,3882),(1890,NULL,158,34,1,3882),(1891,NULL,188,21,1,3883),(1892,NULL,99,12,1,3884),(1893,NULL,27,5,1,3891),(1894,NULL,95,12,1,3892),(1895,NULL,120,27,1,3896),(1896,NULL,130,29,1,3898),(1897,NULL,82,11,1,3899),(1898,NULL,57,9,1,3903),(1899,NULL,57,13,1,3903),(1900,NULL,57,17,1,3903),(1901,NULL,57,64,1,3903),(1902,NULL,57,46,1,3903),(1903,NULL,84,11,1,3905),(1904,NULL,175,20,1,3906),(1905,NULL,175,25,1,3906),(1906,NULL,26,5,1,3911),(1907,NULL,96,12,1,3915),(1908,NULL,198,22,1,3921),(1909,NULL,187,21,1,3922),(1910,NULL,187,25,1,3922),(1911,NULL,178,20,1,3925),(1912,NULL,178,25,1,3925),(1913,NULL,115,26,1,3929),(1914,NULL,115,28,1,3929),(1915,NULL,94,12,1,3931),(1916,NULL,52,9,1,3938),(1917,NULL,58,9,1,3939),(1918,NULL,101,12,1,3940),(1919,NULL,101,34,1,3940),(1920,NULL,29,5,1,3942),(1921,NULL,196,22,1,3943),(1922,NULL,85,11,1,3944),(1923,NULL,30,5,1,3947),(1924,NULL,12,3,1,3948),(1925,NULL,15,3,1,3951),(1926,NULL,177,20,1,3952),(1927,NULL,206,34,1,3953),(1928,NULL,182,20,1,3956),(1929,NULL,212,1,1,3958),(1930,NULL,36,7,1,3959),(1931,NULL,53,9,1,3960),(1932,NULL,71,10,1,3963),(1933,NULL,71,64,1,3963),(1934,NULL,14,3,1,3965),(1935,NULL,168,20,1,3967),(1936,NULL,154,32,1,3968),(1937,NULL,128,27,1,3971),(1938,NULL,199,22,1,3972),(1939,NULL,89,11,1,3974),(1940,NULL,201,22,1,3975),(1941,NULL,134,29,1,3979),(1942,NULL,54,9,1,3984),(1943,NULL,54,13,1,3984),(1944,NULL,54,16,1,3984),(1945,NULL,54,34,1,3984),(1946,NULL,203,23,1,3991),(1947,NULL,140,31,1,3992),(1948,NULL,56,9,1,3993),(1949,NULL,56,16,1,3993),(1950,NULL,56,34,1,3993),(1951,NULL,164,33,1,3997),(1952,NULL,16,3,1,3998),(1953,NULL,124,27,1,4000),(1954,NULL,48,9,1,4002),(1955,NULL,88,11,1,4004),(1956,NULL,91,12,1,4006),(1957,NULL,21,51,1,4007),(1958,NULL,146,31,1,4010),(1959,NULL,172,20,1,4014),(1960,NULL,172,25,1,4014),(1961,NULL,42,7,1,4018),(1962,NULL,205,46,1,4019),(1963,NULL,205,15,1,4019),(1964,NULL,205,16,1,4019),(1965,NULL,205,44,1,4019),(1966,NULL,45,7,1,4020),(1967,NULL,28,5,1,4023),(1968,NULL,68,10,1,4027),(1969,NULL,155,32,1,4029),(1970,NULL,150,32,1,4041),(1971,NULL,44,7,1,4044),(1972,NULL,176,20,1,4047),(1973,NULL,103,12,1,4051),(1974,NULL,77,11,1,4053),(1975,NULL,195,45,1,4055),(1976,NULL,195,34,1,4055),(1977,NULL,156,32,1,4056),(1978,NULL,156,35,1,4056),(1979,NULL,156,37,1,4056),(1980,NULL,156,43,1,4056),(1981,NULL,190,21,1,4059),(1982,NULL,142,31,1,4060),(1983,NULL,98,12,1,4061),(1984,NULL,90,12,1,4064),(1985,NULL,90,34,1,4064),(1986,NULL,118,26,1,4065),(1987,NULL,160,33,1,4069),(1988,NULL,214,53,1,4070),(1989,NULL,165,33,1,4071),(1990,NULL,165,47,1,4071),(1991,NULL,63,10,1,4076),(1992,NULL,133,29,1,4077),(1993,NULL,189,21,1,4078),(1994,NULL,105,12,1,4080),(1995,NULL,193,21,1,4082),(1996,NULL,127,27,1,4083),(1997,NULL,20,51,1,4084),(1998,NULL,20,6,1,4084),(1999,NULL,143,31,1,4089),(2000,NULL,106,12,1,4090),(2001,NULL,180,20,1,4092),(2002,NULL,75,11,1,4094),(2003,NULL,183,20,1,4095),(2004,NULL,129,29,1,4098),(2005,NULL,102,12,1,4100),(2006,NULL,135,29,1,4102),(2007,NULL,111,26,1,4103),(2008,NULL,87,11,1,4106),(2009,NULL,76,11,1,4107),(2254,NULL,115,81,2,3641),(2255,NULL,103,80,2,3657),(2256,NULL,60,76,2,3663),(2257,NULL,21,70,2,3675),(2258,NULL,81,83,2,3681),(2259,NULL,51,75,2,3689),(2260,1,51,88,2,3689),(2261,4,51,90,2,3689),(2262,NULL,14,70,2,3690),(2263,NULL,6,69,2,3698),(2264,NULL,22,70,2,3702),(2265,NULL,142,105,2,3703),(2266,NULL,56,75,2,3707),(2267,3,56,88,2,3707),(2268,4,56,90,2,3707),(2269,NULL,108,80,2,3709),(2270,NULL,157,94,2,3711),(2271,NULL,40,72,2,3714),(2272,3,40,88,2,3714),(2273,4,40,90,2,3714),(2274,NULL,139,104,2,3726),(2275,NULL,119,101,2,3730),(2276,NULL,69,76,2,3732),(2277,NULL,70,76,2,3760),(2278,2,70,90,2,3760),(2279,2,70,112,2,3760),(2280,NULL,12,70,2,3765),(2281,NULL,174,96,2,3780),(2282,NULL,177,96,2,3786),(2283,NULL,107,80,2,3799),(2284,NULL,137,104,2,3800),(2285,NULL,73,76,2,3809),(2286,NULL,156,94,2,3811),(2287,2,156,112,2,3811),(2288,NULL,61,76,2,3817),(2289,2,61,88,2,3817),(2290,2,61,90,2,3817),(2291,2,61,112,2,3817),(2292,NULL,113,81,2,3832),(2293,NULL,8,69,2,3843),(2294,NULL,43,72,2,3848),(2295,NULL,127,101,2,3852),(2296,NULL,132,103,2,3861),(2297,NULL,141,105,2,3863),(2298,NULL,111,81,2,3869),(2299,NULL,182,113,2,3870),(2300,NULL,45,72,2,3871),(2301,NULL,175,96,2,3921),(2302,NULL,112,81,2,3929),(2303,NULL,87,84,2,3931),(2304,NULL,29,72,2,3942),(2305,4,29,90,2,3942),(2306,NULL,39,72,2,3947),(2307,NULL,15,70,2,3948),(2308,NULL,18,70,2,3951),(2309,NULL,166,95,2,3956),(2310,NULL,176,96,2,3972),(2311,NULL,62,76,2,3984),(2312,4,62,90,2,3984),(2313,NULL,64,76,2,3993),(2314,4,64,90,2,3993),(2315,NULL,143,106,2,3997),(2316,NULL,19,70,2,3998),(2317,NULL,76,83,2,3999),(2318,NULL,116,81,2,4000),(2319,NULL,59,75,2,4002),(2320,NULL,24,71,2,4007),(2321,NULL,90,84,2,4019),(2322,2,90,88,2,4019),(2323,2,90,90,2,4019),(2324,2,90,112,2,4019),(2325,NULL,50,75,2,4020),(2326,4,50,88,2,4020),(2327,NULL,28,72,2,4023),(2328,4,28,88,2,4023),(2329,NULL,138,104,2,4041),(2330,NULL,49,75,2,4044),(2331,NULL,164,94,2,4047),(2332,NULL,140,105,2,4056),(2333,NULL,135,103,2,4060),(2334,NULL,114,81,2,4065),(2335,NULL,185,115,2,4071),(2336,NULL,72,76,2,4076),(2337,9,128,92,2,4077),(2338,NULL,23,71,2,4084),(2339,4,96,85,2,4090),(2340,NULL,125,101,2,4098),(2341,1,125,112,2,4098),(2342,NULL,86,84,2,4106),(2344,NULL,74,83,2,4146),(2345,NULL,4,68,2,4147),(2346,NULL,183,113,2,4150),(2347,NULL,78,83,2,4151),(2348,NULL,158,94,2,4157),(2349,1,158,99,2,4157),(2350,NULL,66,76,2,4163),(2351,NULL,36,72,2,4167),(2352,NULL,124,101,2,4168),(2353,NULL,117,101,2,4170),(2354,2,146,92,2,4171),(2355,NULL,118,101,2,4175),(2356,NULL,7,69,2,4177),(2357,NULL,105,80,2,4179),(2359,NULL,100,80,2,4184),(2360,NULL,65,76,2,4186),(2361,1,65,88,2,4186),(2362,4,65,90,2,4186),(2363,4,148,92,2,4188),(2364,2,188,85,2,4190),(2365,NULL,168,95,2,4192),(2366,NULL,13,70,2,4193),(2367,NULL,97,80,2,4194),(2368,NULL,187,66,2,4197),(2369,NULL,41,72,2,4198),(2370,NULL,88,84,2,4199),(2371,NULL,68,76,2,4204),(2372,1,145,92,2,4207),(2373,NULL,162,94,2,4208),(2374,NULL,120,101,2,4211),(2375,1,181,89,2,4212),(2376,3,181,90,2,4212),(2377,NULL,181,114,2,4212),(2378,NULL,136,104,2,4214),(2379,NULL,133,103,2,4215),(2380,NULL,71,76,2,4216),(2381,NULL,44,72,2,4217),(2382,NULL,165,94,2,4219),(2383,NULL,82,83,2,4221),(2384,NULL,46,75,2,4222),(2385,NULL,34,72,2,4223),(2386,NULL,154,94,2,4224),(2387,NULL,121,101,2,4225),(2388,NULL,144,106,2,4226),(2389,NULL,11,69,2,4227),(2390,NULL,92,84,2,4229),(2391,1,92,112,2,4229),(2392,NULL,171,95,2,4230),(2393,NULL,104,80,2,4233),(2394,NULL,102,80,2,4234),(2395,NULL,134,103,2,4235),(2396,NULL,98,80,2,4236),(2397,NULL,75,83,2,4237),(2398,1,75,90,2,4237),(2399,NULL,3,68,2,4238),(2400,NULL,63,76,2,4243),(2401,NULL,48,75,2,4245),(2402,NULL,53,75,2,4246),(2403,1,53,90,2,4246),(2404,NULL,126,101,2,4247),(2405,2,126,112,2,4247),(2406,NULL,77,83,2,4248),(2407,NULL,153,94,2,4251),(2408,3,95,85,2,4252),(2409,NULL,58,75,2,4255),(2410,NULL,109,80,2,4256),(2411,NULL,67,76,2,4257),(2412,NULL,91,84,2,4259),(2413,NULL,167,95,2,4260),(2414,1,167,99,2,4260),(2415,NULL,79,83,2,4261),(2416,NULL,184,114,2,4263),(2417,NULL,84,84,2,4264),(2418,NULL,178,96,2,4266),(2419,NULL,169,95,2,4267),(2420,NULL,42,72,2,4268),(2421,NULL,85,84,2,4270),(2422,NULL,101,80,2,4275),(2423,NULL,110,81,2,4276),(2424,NULL,83,83,2,4277),(2425,5,149,92,2,4278),(2426,NULL,10,69,2,4279),(2427,NULL,37,72,2,4285),(2428,NULL,160,94,2,4286),(2429,NULL,129,103,2,4288),(2430,NULL,2,68,2,4289),(2431,1,94,85,2,4291),(2432,NULL,106,80,2,4292),(2433,3,147,92,2,4295),(2434,NULL,35,72,2,4296),(2435,4,35,90,2,4296),(2436,6,150,92,2,4297),(2437,NULL,9,69,2,4300),(2438,NULL,93,84,2,4305),(2439,3,93,90,2,4305),(2440,NULL,27,72,2,4306),(2441,NULL,20,70,2,4308),(2442,NULL,52,75,2,4311),(2443,NULL,172,95,2,4312),(2444,NULL,170,95,2,4313),(2445,NULL,30,72,2,4315),(2446,3,30,90,2,4315),(2447,NULL,54,75,2,4316),(2448,NULL,33,72,2,4317),(2449,NULL,55,75,2,4321),(2450,NULL,130,103,2,4323),(2451,NULL,99,80,2,4328),(2452,NULL,25,72,2,4331),(2453,4,25,88,2,4331),(2454,NULL,179,96,2,4336),(2455,NULL,16,70,2,4338),(2456,7,151,92,2,4341),(2457,NULL,5,68,2,4344),(2458,8,152,92,2,4347),(2459,NULL,159,94,2,4348),(2460,NULL,122,101,2,4350),(2461,NULL,26,72,2,4352),(2462,NULL,31,72,2,4353),(2463,3,31,90,2,4353),(2464,NULL,123,101,2,4354),(2465,NULL,38,72,2,4355),(2466,NULL,17,70,2,4357),(2467,NULL,186,65,2,4358),(2468,NULL,1,68,2,4359),(2469,NULL,163,94,2,4360),(2470,NULL,89,84,2,4363),(2471,1,89,90,2,4363),(2472,NULL,180,97,2,4364),(2473,1,180,112,2,4364),(2474,NULL,80,83,2,4365),(2475,NULL,155,94,2,4366),(2476,NULL,161,94,2,4369),(2477,NULL,32,72,2,4370),(2478,1,32,89,2,4370),(2479,3,32,90,2,4370),(2480,NULL,57,75,2,4372),(2481,NULL,47,75,2,4375),(2509,NULL,5,74,2,4344),(2510,NULL,10,74,2,4279),(2511,NULL,21,74,2,3675),(2512,NULL,24,74,2,4007),(2515,NULL,173,96,2,4145),(2516,NULL,131,103,2,4183),(2517,NULL,109,82,2,4256),(2518,NULL,112,82,2,3929),(2519,NULL,53,86,2,4246),(2520,NULL,48,86,2,4245),(2521,NULL,70,86,2,3760),(2522,NULL,71,86,2,4216),(2523,NULL,77,86,2,4248),(2524,NULL,79,86,2,4261),(2525,NULL,90,86,2,4019),(2526,NULL,87,86,2,3931),(2527,NULL,188,86,2,4190),(2528,NULL,96,86,2,4090),(2529,NULL,53,87,2,4246),(2530,NULL,48,87,2,4245),(2531,NULL,70,87,2,3760),(2532,NULL,71,87,2,4216),(2533,NULL,77,87,2,4248),(2534,NULL,79,87,2,4261),(2535,NULL,90,87,2,4019),(2536,NULL,87,87,2,3931),(2537,NULL,188,87,2,4190),(2538,NULL,96,87,2,4090),(2539,NULL,53,91,2,4246),(2540,NULL,48,91,2,4245),(2541,NULL,70,91,2,3760),(2542,NULL,71,91,2,4216),(2543,NULL,77,91,2,4248),(2544,NULL,79,91,2,4261),(2545,NULL,90,91,2,4019),(2546,NULL,87,91,2,3931),(2547,NULL,188,91,2,4190),(2548,NULL,96,91,2,4090),(2549,5,50,90,2,4020),(2550,5,76,90,2,3999),(2551,5,60,90,2,3663),(2552,NULL,160,98,2,4286),(2553,NULL,157,98,2,3711),(2554,NULL,166,98,2,3956),(2555,NULL,168,98,2,4192),(2556,NULL,173,98,2,4145),(2557,NULL,176,98,2,3972),(2558,NULL,180,98,2,4364),(2559,NULL,160,100,2,4286),(2560,NULL,157,100,2,3711),(2561,NULL,166,100,2,3956),(2562,NULL,168,100,2,4192),(2563,NULL,173,100,2,4145),(2564,NULL,176,100,2,3972),(2565,NULL,130,107,2,4323),(2566,NULL,129,107,2,4288),(2567,NULL,139,107,2,3726),(2568,NULL,137,107,2,3800),(2569,NULL,140,107,2,4056),(2570,NULL,142,107,2,3703),(2571,NULL,143,107,2,3997),(2572,NULL,144,107,2,4226),(2573,NULL,130,108,2,4323),(2574,NULL,129,108,2,4288),(2575,NULL,139,108,2,3726),(2576,NULL,137,108,2,3800),(2577,NULL,140,108,2,4056),(2578,NULL,142,108,2,3703),(2579,NULL,143,108,2,3997),(2580,NULL,144,108,2,4226),(2581,NULL,130,111,2,4323),(2582,NULL,129,111,2,4288),(2583,NULL,139,111,2,3726),(2584,NULL,137,111,2,3800),(2585,NULL,140,111,2,4056),(2586,NULL,142,111,2,3703),(2587,NULL,143,111,2,3997),(2588,2,165,112,2,4219),(2589,NULL,173,113,2,4145),(2590,NULL,77,114,2,4248),(2591,NULL,129,115,2,4288),(2592,NULL,189,116,2,4396),(2593,NULL,190,117,2,4395);

/*Table structure for table `categories` */

DROP TABLE IF EXISTS `categories`;

CREATE TABLE `categories` (
  `id` int(10) unsigned NOT NULL AUTO_INCREMENT,
  `description` varchar(200) NOT NULL,
  `type` enum('selection','wselection') NOT NULL DEFAULT 'selection',
  `mode` enum('personal','group') NOT NULL DEFAULT 'personal',
  `status` enum('inactive','active','final','deleted') NOT NULL DEFAULT 'inactive',
  `actual_stage` enum('assistance','selection','classify_1','classify_2') DEFAULT NULL,
  `num_begin` int(11) NOT NULL DEFAULT '1',
  `order` smallint(5) unsigned DEFAULT '1',
  `count_competitors` tinyint(4) NOT NULL DEFAULT '0',
  `count_presents` tinyint(4) NOT NULL DEFAULT '0',
  `tournament_id` int(10) unsigned NOT NULL,
  PRIMARY KEY (`id`),
  KEY `fk_categories_tournaments1_idx` (`tournament_id`),
  CONSTRAINT `fk_categories_tournaments1` FOREIGN KEY (`tournament_id`) REFERENCES `tournaments` (`id`) ON DELETE NO ACTION ON UPDATE NO ACTION
) ENGINE=InnoDB AUTO_INCREMENT=119 DEFAULT CHARSET=utf8;

/*Data for the table `categories` */

insert  into `categories`(`id`,`description`,`type`,`mode`,`status`,`actual_stage`,`num_begin`,`order`,`count_competitors`,`count_presents`,`tournament_id`) values (1,'MULARES','selection','personal','final','classify_2',1,1,3,0,1),(3,'CATEGORIA DE POTRANCAS AL CABESTRO DE 1 1/2 A 2 AÑOS','selection','personal','final','classify_2',1,4,10,0,1),(5,'CATEGORIA DE POTRANCAS AL CABESTRO DE 2 1/2 A 3 AÑOS','selection','personal','final','classify_2',1,6,6,0,1),(6,'PREMIO A LA MEJOR POTRANCA PRESENTADA AL CABESTRO','selection','personal','final','classify_2',1,7,4,0,1),(7,'CATEGORIA DE POTRANCAS DE BOZAL DE 3 A 4 AÑOS','selection','personal','final','classify_2',1,8,16,0,1),(8,'CAMPEONA DE BOZAL HEMBRA','selection','personal','inactive',NULL,1,9,0,0,1),(9,'CATEGORIA DE YEGUAS DE FRENO Y ESPUELAS DE 4 A 6 AÑOS - GRUPO 1','selection','personal','final','classify_2',1,10,13,0,1),(10,'CATEGORIA DE YEGUAS DE FRENO Y ESPUELAS DE 4 A 6 AÑOS - GRUPO 2','selection','personal','final','classify_2',1,11,13,0,1),(11,'CATEGORIA DE YEGUAS DE FRENO Y ESPUELAS DE 6 A 8 AÑOS','selection','personal','final','classify_2',1,12,16,0,1),(12,'CATEGORIA DE YEGUAS DE FRENO Y ESPUELAS DE MAS DE 8 AÑOS','selection','personal','final','classify_2',1,13,17,0,1),(13,'PREMIO PISOS PARA YEGUAS','selection','personal','final','classify_2',1,14,9,0,1),(14,'PREMIO MADRE E HIJA','selection','personal','inactive',NULL,1,15,0,0,1),(15,'PREMIO PROGENIE DE MADRE','selection','group','final','classify_2',1,16,4,0,1),(16,'PREMIO CONJUNTO DE YEGUAS','selection','group','final','classify_2',1,17,3,0,1),(17,'PREMIO MERITO ZOOTECNICO HEMBRA','selection','personal','final','classify_2',1,18,9,0,1),(19,'CAMPEON DE BOZAL CAPON','selection','personal','inactive',NULL,1,20,0,0,1),(20,'CATEGORIA DE CAPONES DE FRENO Y ESPUELAS DE 4 A 6 AÑOS','selection','personal','final','classify_2',1,21,18,0,1),(21,'CATEGORIA DE CAPONES DE FRENO Y ESPUELAS DE 6 A 8 AÑOS','selection','personal','final','classify_2',1,22,9,0,1),(22,'CATEGORIA DE CAPONES DE FRENO Y ESPUELAS DE 8 A 12 AÑOS','selection','personal','final','classify_2',1,23,8,0,1),(23,'CATEGORIA DE CAPONES DE FRENO Y ESPUELAS DE MAS DE 12 AÑOS','selection','personal','final','classify_2',1,24,2,0,1),(25,'PREMIO CONJUNTO DE CAPONES','selection','group','final','classify_2',1,26,2,0,1),(26,'CATEGORIA DE POTRILLOS AL CABESTRO DE 1 A 2 AÑOS','selection','personal','final','classify_2',1,27,13,0,1),(27,'CATEGORIA DE POTRILLOS AL CABESTRO DE 2 A 3 AÑOS','selection','personal','final','classify_2',1,28,9,0,1),(28,'PREMIO AL MEJOR POTRILLO PRESENTADO AL CABESTRO','selection','personal','final','classify_2',1,29,2,0,1),(29,'CATEGORIA DE POTRILLOS DE BOZAL DE 3 A 4 AÑOS','selection','personal','final','classify_2',1,30,10,0,1),(30,'CAMPEON DE BOZAL MACHO','selection','personal','inactive',NULL,1,31,0,0,1),(31,'CATEGORIA DE POTROS DE FRENO Y ESPUELAS DE 4 A 6 AÑOS','selection','personal','final','classify_2',1,32,11,0,1),(32,'CATEGORIA DE POTROS DE FRENO Y ESPUELAS DE 6 A 8 AÑOS','selection','personal','final','classify_2',1,33,7,0,1),(33,'CATEGORIA DE POTROS DE FRENO Y ESPUELAS DE MAS DE 8 AÑOS','selection','personal','final','classify_2',1,34,9,0,1),(34,'PREMIO PROGENIE DE PADRE','selection','group','final','classify_2',1,35,2,0,1),(35,'PREMIO PISOS PARA POTROS','selection','personal','final','classify_2',1,36,6,0,1),(36,'PREMIO CONJUNTO DE POTROS','selection','personal','inactive',NULL,1,37,0,0,1),(37,'PREMIO MERITO ZOOTECNICO MACHO','selection','personal','final','classify_2',1,38,6,0,1),(40,'PRUEBA DE ENFRENADURA','selection','personal','inactive',NULL,1,43,0,0,1),(41,'CAMPEON Y RESERVA DE CAMPEON DEL AÑO CAPON','selection','personal','final','classify_2',1,44,8,0,1),(43,'CAMPEON Y RESERVA DE CAMPEON DEL AÑO MACHO','selection','personal','final','classify_2',1,46,6,0,1),(44,'PREMIO AFICION','selection','group','final','classify_2',1,47,1,0,1),(45,'CAMPEON DE CAMPEONES CAPON','selection','personal','final','classify_2',1,48,3,0,1),(46,'CAMPEONA DE CAMPEONAS HEMBRA','selection','personal','final','classify_2',1,49,2,0,1),(47,'CAMPEON DE CAMPEONES MACHO','selection','personal','final','classify_2',1,50,3,0,1),(49,'POTROS MULETEROS','selection','personal','final','classify_2',1,2,1,0,1),(51,'CATEGORIA DE POTRANCAS AL CABESTRO DE 2 A 2 1/2 AÑOS','selection','personal','final','classify_2',1,5,7,0,1),(52,'CATEGORIA DE POTRANCAS AL CABESTRO DE 1 A 1 1/2 AÑOS','selection','personal','final','classify_2',1,3,8,0,1),(53,'CATEGORIA DE CAPONES DE BOZAL DE 3 A 4 AÑOS','selection','personal','final','classify_2',1,19,2,0,1),(55,'PREMIO PISOS PARA CAPONES','selection','personal','final','classify_2',1,25,9,0,1),(57,'PRUEBA DE MENORES DE 6 A 9 AÑOS (NIÑOS)','selection','personal','inactive',NULL,1,39,0,0,1),(58,'PRUEBA DE MENORES DE 6 A 9 AÑOS (NIÑAS)','selection','personal','final','classify_2',1,40,1,0,1),(59,'PRUEBA DE MENORES DE 10 A 12 AÑOS (NIÑOS)','selection','personal','final','classify_2',1,41,1,0,1),(60,'PRUEBA DE MENORES DE 10 A 12 AÑOS (NIÑAS)','selection','personal','final','classify_2',1,42,1,0,1),(62,'CONJUNTO DE MULARES','selection','personal','inactive',NULL,1,1,0,0,1),(64,'CAMPEONA Y RESERVA DE CAMPEONA DEL AÑO HEMBRA','selection','personal','final','classify_2',1,45,8,0,1),(65,'BURROS','selection','personal','final','classify_2',1,1,1,1,2),(66,'MULARES','selection','personal','final','classify_2',1,2,1,1,2),(67,'CONJUNTO DE MULARES','selection','personal','inactive',NULL,1,3,0,0,2),(68,'CATEGORIA DE POTRANCAS AL CABESTRO DE 1 A 1 1/2 AÑOS','selection','personal','final','classify_2',1,4,5,4,2),(69,'CATEGORIA DE POTRANCAS AL CABESTRO DE 1 1/2 A 2 AÑOS','selection','personal','final','classify_2',1,5,6,6,2),(70,'CATEGORIA DE POTRANCAS AL CABESTRO DE 2 A 2 1/2 AÑOS','selection','personal','final','classify_2',1,6,11,11,2),(71,'CATEGORIA DE POTRANCAS AL CABESTRO DE 2 1/2 A 3 AÑOS','selection','personal','final','classify_2',1,7,2,1,2),(72,'CATEGORIA DE POTRANCAS DE BOZAL DE 3 A 4 AÑOS','selection','personal','final','classify_2',1,8,21,19,2),(73,'PREMIO CAMPEONA BOZAL HEMBRA','selection','personal','inactive',NULL,1,9,0,0,2),(74,'PREMIO A LA MEJOR POTRANCA PRESENTADA AL CABESTRO','selection','personal','final','classify_2',1,10,4,4,2),(75,'CATEGORIA DE YEGUAS DE FRENO Y ESPUELAS DE 4 A 6 AÑOS - GRUPO 1','selection','personal','final','classify_2',1,11,14,11,2),(76,'CATEGORIA DE YEGUAS DE FRENO Y ESPUELAS DE 4 A 6 AÑOS - GRUPO 2','selection','personal','final','classify_2',1,12,14,13,2),(77,'PRUEBA DE ENFRENADURA','selection','personal','inactive',NULL,1,13,0,0,2),(78,'PRUEBA DE MENORES DE 6 A 9 AÑOS (NIÑOS Y NIÑAS)','selection','personal','inactive',NULL,1,14,0,0,2),(80,'CATEGORIA DE POTRILLOS AL CABESTRO DE 1 A 2 AÑOS','selection','personal','final','classify_2',1,17,13,12,2),(81,'CATEGORIA DE POTRILLOS AL CABESTRO DE 2 A 3 AÑOS','selection','personal','final','classify_2',1,18,7,6,2),(82,'PREMIO AL MEJOR POTRILLO PRESENTADO AL CABESTRO','selection','personal','final','classify_2',1,19,2,2,2),(83,'CATEGORIA DE YEGUAS DE FRENO Y ESPUELAS DE 6 A 8 AÑOS','selection','personal','final','classify_2',1,20,10,10,2),(84,'CATEGORIA DE YEGUAS DE FRENO Y ESPUELAS DE 8 A 12 AÑOS','selection','personal','final','classify_2',1,21,10,9,2),(85,'CATEGORIA DE YEGUAS DE FRENO Y ESPUELAS DE MAS DE 12 AÑOS','selection','group','final','classify_2',1,22,4,4,2),(86,'PREMIO PISOS PARA YEGUAS','selection','personal','final','classify_2',1,23,10,10,2),(87,'PREMIO MERITO ZOOTECNICO','selection','personal','final','classify_2',1,24,10,10,2),(88,'PREMIO PROGENIE DE MADRE','selection','group','final','classify_2',1,25,4,2,2),(89,'PREMIO MADRE E HIJA','selection','group','final','classify_2',1,26,1,1,2),(90,'PREMIO CONJUNTO DE YEGUAS','selection','group','final','classify_2',1,27,5,3,2),(91,'CAMPEONA Y RESERVA DE CAMPEONA DEL AÑO HEMBRA','selection','personal','final','classify_2',1,28,10,10,2),(92,'CATEGORIA DE CAPONES DE BOZAL DE 3 A 4 AÑOS','selection','group','final','classify_2',1,29,9,9,2),(93,'PREMIO CAMPEON BOZAL CAPON','selection','personal','inactive',NULL,1,30,0,0,2),(94,'CATEGORIA DE CAPONES DE FRENO Y ESPUELAS DE 4 A 6 AÑOS','selection','personal','final','classify_2',1,31,13,9,2),(95,'CATEGORIA DE CAPONES DE FRENO Y ESPUELAS DE 6 A 8 AÑOS','selection','personal','final','classify_2',1,32,7,6,2),(96,'CATEGORIA DE CAPONES DE FRENO Y ESPUELAS DE 8 A 12 AÑOS','selection','personal','final','classify_2',1,33,7,6,2),(97,'CATEGORIA DE CAPONES DE FRENO Y ESPUELAS DE MAS DE 12 AÑOS','selection','personal','final','classify_2',1,34,1,1,2),(98,'PREMIO PISOS PARA CAPONES','selection','personal','final','classify_2',1,35,7,6,2),(99,'PREMIO CONJUNTO DE CAPONES','selection','group','inactive',NULL,1,36,1,0,2),(100,'CAMPEON Y RESERVA DE CAMPEON DEL AÑO CAPON','selection','personal','final','classify_2',1,37,6,6,2),(101,'CATEGORIA DE POTRILLOS DE BOZAL DE 3 A 4 AÑOS','selection','personal','final','classify_2',1,38,11,11,2),(102,'PREMIO CAMPEON BOZAL MACHO','selection','personal','inactive',NULL,1,39,0,0,2),(103,'CATEGORIA DE POTROS DE FRENO Y ESPUELAS DE 4 A 6 AÑOS','selection','personal','final','classify_2',1,40,7,6,2),(104,'CATEGORIA DE POTROS DE FRENO Y ESPUELAS DE 6 A 8 AÑOS','selection','personal','final','classify_2',1,41,4,4,2),(105,'CATEGORIA DE POTROS DE FRENO Y ESPUELAS DE 8 A 12 AÑOS','selection','personal','final','classify_2',1,42,3,3,2),(106,'CATEGORIA DE POTROS DE FRENO Y ESPUELAS DE MAS DE 12 AÑOS','selection','personal','final','classify_2',1,43,2,2,2),(107,'PREMIO MERITO ZOOTECNICO MACHO','selection','personal','final','classify_2',1,44,8,7,2),(108,'PREMIO PISOS PARA POTROS','selection','personal','final','classify_2',1,45,8,7,2),(109,'PREMIO CONJUNTO DE POTROS','selection','personal','inactive',NULL,1,46,0,0,2),(110,'PREMIO PROGENIE DE PADRE','selection','personal','inactive',NULL,1,47,0,0,2),(111,'CAMPEON Y RESERVA DE CAMPEON DEL AÑO MACHO','selection','personal','final','classify_2',1,48,7,7,2),(112,'PREMIO AFICION','selection','group','final','classify_2',1,49,2,1,2),(113,'CAMPEON DE CAMPEONES CAPON','selection','personal','final','classify_2',1,50,3,3,2),(114,'CAMPEONA DE CAMPEONAS HEMBRA','selection','personal','final','classify_2',1,51,3,3,2),(115,'CAMPEON DE CAMPEONES MACHO','selection','personal','final','classify_2',1,52,2,2,2),(116,'PRUEBA DE MENORES DE 10 A 12 AÑOS (NIÑOS Y NIÑAS) - Grupo 1','selection','personal','final','classify_2',1,15,1,1,2),(117,'PRUEBA DE MENORES DE 10 A 12 AÑOS (NIÑOS Y NIÑAS) - Grupo 2','selection','personal','final','classify_2',1,16,1,1,2);

/*Table structure for table `category_users` */

DROP TABLE IF EXISTS `category_users`;

CREATE TABLE `category_users` (
  `id` bigint(20) unsigned NOT NULL AUTO_INCREMENT,
  `dirimente` tinyint(1) unsigned NOT NULL DEFAULT '0',
  `actual_stage` enum('assistance','selection','classify_1','classify_2') DEFAULT NULL,
  `category_id` int(10) unsigned NOT NULL,
  `user_id` int(10) unsigned NOT NULL,
  PRIMARY KEY (`id`),
  KEY `fk_category_users_categories1_idx` (`category_id`),
  KEY `fk_category_users_users1_idx` (`user_id`),
  CONSTRAINT `fk_category_users_categories1` FOREIGN KEY (`category_id`) REFERENCES `categories` (`id`) ON DELETE NO ACTION ON UPDATE NO ACTION,
  CONSTRAINT `fk_category_users_users1` FOREIGN KEY (`user_id`) REFERENCES `users` (`id`) ON DELETE NO ACTION ON UPDATE NO ACTION
) ENGINE=InnoDB AUTO_INCREMENT=517 DEFAULT CHARSET=utf8;

/*Data for the table `category_users` */

insert  into `category_users`(`id`,`dirimente`,`actual_stage`,`category_id`,`user_id`) values (10,0,'classify_2',1,3),(11,1,'classify_2',1,4),(12,0,'classify_2',1,5),(13,0,'classify_2',49,3),(14,0,'classify_2',49,4),(15,1,'classify_2',49,5),(28,0,'classify_2',3,3),(29,1,'classify_2',3,4),(30,0,'classify_2',3,5),(31,0,'classify_2',51,3),(32,1,'classify_2',51,4),(33,0,'classify_2',51,5),(34,0,'classify_2',5,3),(35,0,'classify_2',5,4),(36,1,'classify_2',5,5),(40,0,'classify_2',6,3),(41,1,'classify_2',6,4),(42,0,'classify_2',6,5),(46,1,'classify_2',7,3),(47,0,'classify_2',7,4),(48,0,'classify_2',7,5),(55,0,'classify_2',9,3),(56,0,'classify_2',9,4),(57,1,'classify_2',9,5),(58,0,'classify_2',10,3),(59,1,'classify_2',10,4),(60,0,'classify_2',10,5),(61,1,'classify_2',11,3),(62,0,'classify_2',11,4),(63,0,'classify_2',11,5),(64,0,'classify_2',12,3),(65,0,'classify_2',12,4),(66,1,'classify_2',12,5),(70,0,'classify_2',13,3),(71,1,'classify_2',13,4),(72,0,'classify_2',13,5),(73,1,'classify_2',15,3),(74,0,'classify_2',15,4),(75,0,'classify_2',15,5),(82,0,'classify_2',16,3),(83,0,'classify_2',16,4),(84,1,'classify_2',16,5),(91,0,'classify_2',17,3),(92,1,'classify_2',17,4),(93,0,'classify_2',17,5),(94,0,'classify_2',52,3),(95,0,'classify_2',52,4),(96,1,'classify_2',52,5),(100,0,'classify_2',53,3),(101,1,'classify_2',53,4),(102,0,'classify_2',53,5),(103,1,'classify_2',20,3),(104,0,'classify_2',20,4),(105,0,'classify_2',20,5),(106,0,'classify_2',21,3),(107,0,'classify_2',21,4),(108,1,'classify_2',21,5),(109,0,'classify_2',22,3),(110,1,'classify_2',22,4),(111,0,'classify_2',22,5),(112,1,'classify_2',23,3),(113,0,'classify_2',23,4),(114,0,'classify_2',23,5),(130,0,'classify_2',26,3),(131,1,'classify_2',26,4),(132,0,'classify_2',26,5),(133,1,'classify_2',27,3),(134,0,'classify_2',27,4),(135,0,'classify_2',27,5),(136,0,'classify_2',28,3),(137,0,'classify_2',28,4),(138,1,'classify_2',28,5),(139,0,'classify_2',29,3),(140,1,'classify_2',29,4),(141,0,'classify_2',29,5),(142,1,'classify_2',31,3),(143,0,'classify_2',31,4),(144,0,'classify_2',31,5),(145,0,'classify_2',32,3),(146,0,'classify_2',32,4),(147,1,'classify_2',32,5),(148,0,'classify_2',33,3),(149,1,'classify_2',33,4),(150,0,'classify_2',33,5),(151,1,'classify_2',34,3),(152,0,'classify_2',34,4),(153,0,'classify_2',34,5),(154,0,'classify_2',35,3),(155,0,'classify_2',35,4),(156,1,'classify_2',35,5),(157,0,'classify_2',37,3),(158,1,'classify_2',37,4),(159,0,'classify_2',37,5),(184,0,'classify_2',41,3),(185,1,'classify_2',41,4),(186,0,'classify_2',41,5),(190,0,'classify_2',43,3),(191,0,'classify_2',43,4),(192,1,'classify_2',43,5),(202,0,'classify_2',44,3),(203,1,'classify_2',44,4),(204,0,'classify_2',44,5),(208,1,'classify_2',45,3),(209,0,'classify_2',45,4),(210,0,'classify_2',45,5),(211,0,'classify_2',46,3),(212,0,'classify_2',46,4),(213,1,'classify_2',46,5),(214,0,'classify_2',47,3),(215,1,'classify_2',47,4),(216,0,'classify_2',47,5),(217,0,'classify_2',60,3),(218,0,'classify_2',60,4),(219,1,'classify_2',60,5),(220,1,'classify_2',59,3),(221,0,'classify_2',59,4),(222,0,'classify_2',59,5),(223,0,'classify_2',58,3),(224,1,'classify_2',58,4),(225,0,'classify_2',58,5),(226,0,'classify_2',55,3),(227,0,'classify_2',55,4),(228,1,'classify_2',55,5),(235,1,'classify_2',64,3),(236,0,'classify_2',64,4),(237,0,'classify_2',64,5),(238,0,'classify_2',25,3),(239,1,'classify_2',25,4),(240,0,'classify_2',25,5),(241,0,'classify_2',65,5),(242,1,'classify_2',65,8),(243,0,'classify_2',65,9),(244,0,'classify_2',66,5),(245,0,'classify_2',66,8),(246,1,'classify_2',66,9),(247,1,NULL,67,5),(248,0,NULL,67,8),(249,0,NULL,67,9),(250,1,'classify_2',68,5),(251,0,'classify_2',68,8),(252,0,'classify_2',68,9),(253,0,'classify_2',69,5),(254,1,'classify_2',69,8),(255,0,'classify_2',69,9),(256,0,'classify_2',70,5),(257,0,'classify_2',70,8),(258,1,'classify_2',70,9),(259,1,'classify_2',71,5),(260,0,'classify_2',71,8),(261,0,'classify_2',71,9),(262,0,'classify_2',72,5),(263,1,'classify_2',72,8),(264,0,'classify_2',72,9),(265,0,NULL,73,5),(266,0,NULL,73,8),(267,1,NULL,73,9),(277,0,'classify_2',75,5),(278,1,'classify_2',75,8),(279,0,'classify_2',75,9),(280,0,'classify_2',76,5),(281,0,'classify_2',76,8),(282,1,'classify_2',76,9),(283,1,NULL,77,5),(284,0,NULL,77,8),(285,0,NULL,77,9),(289,0,NULL,78,5),(290,1,NULL,78,8),(291,0,NULL,78,9),(295,0,'classify_2',74,5),(296,0,'classify_2',74,8),(297,1,'classify_2',74,9),(301,0,'classify_2',80,5),(302,1,'classify_2',80,8),(303,0,'classify_2',80,9),(304,0,'classify_2',81,5),(305,0,'classify_2',81,8),(306,1,'classify_2',81,9),(313,1,'classify_2',82,5),(314,0,'classify_2',82,8),(315,0,'classify_2',82,9),(319,0,'classify_2',83,5),(320,1,'classify_2',83,8),(321,0,'classify_2',83,9),(322,0,'classify_2',84,5),(323,0,'classify_2',84,8),(324,1,'classify_2',84,9),(325,1,'classify_2',85,5),(326,0,'classify_2',85,8),(327,0,'classify_2',85,9),(328,0,'classify_2',86,5),(329,1,'classify_2',86,8),(330,0,'classify_2',86,9),(331,0,'classify_2',87,5),(332,0,'classify_2',87,8),(333,1,'classify_2',87,9),(334,1,'classify_2',88,5),(335,0,'classify_2',88,8),(336,0,'classify_2',88,9),(337,0,'classify_2',89,5),(338,1,'classify_2',89,8),(339,0,'classify_2',89,9),(340,0,'classify_2',90,5),(341,0,'classify_2',90,8),(342,1,'classify_2',90,9),(343,1,'classify_2',91,5),(344,0,'classify_2',91,8),(345,0,'classify_2',91,9),(349,0,NULL,93,5),(350,0,NULL,93,8),(351,1,NULL,93,9),(352,1,'classify_2',94,5),(353,0,'classify_2',94,8),(354,0,'classify_2',94,9),(355,0,'classify_2',92,5),(356,1,'classify_2',92,8),(357,0,'classify_2',92,9),(358,0,'classify_2',95,5),(359,1,'classify_2',95,8),(360,0,'classify_2',95,9),(409,1,'classify_2',112,5),(410,0,'classify_2',112,8),(411,0,'classify_2',112,9),(412,0,'classify_2',113,5),(413,1,'classify_2',113,8),(414,0,'classify_2',113,9),(415,0,'classify_2',114,5),(416,0,'classify_2',114,8),(417,1,'classify_2',114,9),(418,1,'classify_2',115,5),(419,0,'classify_2',115,8),(420,0,'classify_2',115,9),(421,0,'classify_2',96,5),(422,1,'classify_2',96,8),(423,0,'classify_2',96,9),(424,0,'classify_2',97,5),(425,0,'classify_2',97,8),(426,1,'classify_2',97,9),(427,1,'classify_2',98,5),(428,0,'classify_2',98,8),(429,0,'classify_2',98,9),(430,0,NULL,99,5),(431,1,NULL,99,8),(432,0,NULL,99,9),(454,0,'classify_2',105,5),(455,1,'classify_2',105,8),(456,0,'classify_2',105,9),(469,0,'classify_2',100,5),(470,1,'classify_2',100,8),(471,0,'classify_2',100,9),(472,0,'classify_2',101,5),(473,0,'classify_2',101,8),(474,1,'classify_2',101,9),(475,1,NULL,102,5),(476,0,NULL,102,8),(477,0,NULL,102,9),(478,1,'classify_2',103,5),(479,0,'classify_2',103,8),(480,0,'classify_2',103,9),(484,0,'classify_2',104,5),(485,0,'classify_2',104,8),(486,1,'classify_2',104,9),(487,1,'classify_2',106,5),(488,0,'classify_2',106,8),(489,0,'classify_2',106,9),(490,0,'classify_2',107,5),(491,1,'classify_2',107,8),(492,0,'classify_2',107,9),(493,0,'classify_2',108,5),(494,0,'classify_2',108,8),(495,1,'classify_2',108,9),(496,1,NULL,109,5),(497,0,NULL,109,8),(498,0,NULL,109,9),(502,1,NULL,110,5),(503,0,NULL,110,8),(504,0,NULL,110,9),(505,1,'classify_2',111,5),(506,0,'classify_2',111,8),(507,0,'classify_2',111,9),(508,1,'classify_2',116,5),(509,0,'classify_2',116,8),(510,0,'classify_2',116,9),(511,1,'classify_2',117,5),(512,0,'classify_2',117,8),(513,0,'classify_2',117,9);

/*Table structure for table `competitors` */

DROP TABLE IF EXISTS `competitors`;

CREATE TABLE `competitors` (
  `id` int(10) unsigned NOT NULL AUTO_INCREMENT,
  `number` tinyint(3) unsigned NOT NULL,
  `position` tinyint(3) unsigned DEFAULT NULL,
  `points` smallint(5) unsigned DEFAULT NULL,
  `catalog` varchar(45) DEFAULT NULL,
  `status` enum('present','missing') DEFAULT NULL,
  `category_id` int(10) unsigned NOT NULL,
  PRIMARY KEY (`id`),
  KEY `fk_competitors_categories1_idx` (`category_id`),
  CONSTRAINT `fk_competitors_categories1` FOREIGN KEY (`category_id`) REFERENCES `categories` (`id`) ON DELETE NO ACTION ON UPDATE NO ACTION
) ENGINE=InnoDB AUTO_INCREMENT=794 DEFAULT CHARSET=utf8;

/*Data for the table `competitors` */

insert  into `competitors`(`id`,`number`,`position`,`points`,`catalog`,`status`,`category_id`) values (1,1,3,9,'210',NULL,1),(2,2,1,3,'211',NULL,1),(3,3,2,6,'212',NULL,1),(4,1,1,3,NULL,NULL,49),(5,1,NULL,NULL,NULL,NULL,49),(22,1,9,26,'9',NULL,3),(23,2,7,23,'10',NULL,3),(24,3,8,24,'11',NULL,3),(25,4,10,27,'12',NULL,3),(26,5,6,16,'13',NULL,3),(27,6,4,13,'14',NULL,3),(28,7,2,7,'15',NULL,3),(29,8,1,3,'16',NULL,3),(30,9,3,9,'17',NULL,3),(31,10,5,15,'18',NULL,3),(32,1,7,19,'19',NULL,51),(33,2,1,3,'20',NULL,51),(34,3,3,8,'21',NULL,51),(35,4,5,15,'22',NULL,51),(36,5,4,12,'23',NULL,51),(37,6,6,18,'24',NULL,51),(38,7,2,7,'25',NULL,51),(39,1,5,15,'26',NULL,5),(40,2,6,17,'27',NULL,5),(41,3,4,13,'28',NULL,5),(42,4,1,4,'29',NULL,5),(43,5,2,7,'30',NULL,5),(44,6,3,7,'31',NULL,5),(45,1,4,11,NULL,NULL,6),(46,2,2,6,NULL,NULL,6),(47,3,1,3,NULL,NULL,6),(48,4,3,10,NULL,NULL,6),(49,1,NULL,NULL,'32',NULL,7),(50,2,9,26,'33',NULL,7),(51,3,10,29,'34',NULL,7),(52,4,4,11,'35',NULL,7),(53,5,5,14,'36',NULL,7),(54,6,3,9,'37',NULL,7),(55,7,NULL,NULL,'38',NULL,7),(56,8,NULL,NULL,'39',NULL,7),(57,9,1,4,'40',NULL,7),(58,10,6,17,'41',NULL,7),(59,11,8,22,'42',NULL,7),(60,12,NULL,NULL,'43',NULL,7),(61,13,11,33,'44',NULL,7),(62,14,2,8,'45',NULL,7),(63,15,NULL,NULL,'46',NULL,7),(64,16,7,21,'47',NULL,7),(65,1,7,18,'48',NULL,9),(66,2,4,14,'49',NULL,9),(67,3,3,7,'50',NULL,9),(68,4,9,25,'51',NULL,9),(69,5,NULL,NULL,'52',NULL,9),(70,6,10,28,'53',NULL,9),(71,7,2,7,'54',NULL,9),(72,8,6,17,'55',NULL,9),(73,9,5,14,'56',NULL,9),(74,10,1,4,'57',NULL,9),(75,11,NULL,NULL,'58',NULL,9),(76,12,NULL,NULL,'59',NULL,9),(77,13,8,19,'60',NULL,9),(78,1,2,6,'61',NULL,10),(79,2,NULL,NULL,'62',NULL,10),(80,3,4,12,'63',NULL,10),(81,4,7,23,'64',NULL,10),(82,5,5,14,'65',NULL,10),(83,6,6,18,'66',NULL,10),(84,7,9,26,'67',NULL,10),(85,8,NULL,NULL,'68',NULL,10),(86,9,NULL,NULL,'69',NULL,10),(87,10,10,27,'70',NULL,10),(88,11,1,3,'71',NULL,10),(89,12,3,10,'72',NULL,10),(90,13,8,25,'73',NULL,10),(91,1,10,26,'74',NULL,11),(92,2,NULL,NULL,'75',NULL,11),(93,3,NULL,NULL,'76',NULL,11),(94,4,11,27,'77',NULL,11),(95,5,2,6,'78',NULL,11),(96,7,5,15,'80',NULL,11),(97,8,7,22,'81',NULL,11),(98,9,1,3,'82',NULL,11),(99,11,3,10,'84',NULL,11),(100,12,9,24,'85',NULL,11),(101,13,NULL,NULL,'86',NULL,11),(102,14,4,13,'87',NULL,11),(103,15,8,22,'88',NULL,11),(104,16,6,16,'89',NULL,11),(105,1,3,10,'90',NULL,12),(106,2,4,11,'91',NULL,12),(107,3,NULL,NULL,'92',NULL,12),(108,4,1,3,'93',NULL,12),(109,5,8,22,'94',NULL,12),(110,6,NULL,NULL,'95',NULL,12),(111,7,5,14,'96',NULL,12),(112,8,NULL,NULL,'97',NULL,12),(113,10,6,17,'99',NULL,12),(114,11,7,21,'100',NULL,12),(115,12,9,26,'101',NULL,12),(116,13,NULL,NULL,'102',NULL,12),(117,14,2,8,'103',NULL,12),(118,15,NULL,NULL,'104',NULL,12),(119,16,NULL,NULL,'105',NULL,12),(120,17,NULL,NULL,'106',NULL,12),(121,1,1,7,'57',NULL,13),(122,2,2,8,'54',NULL,13),(123,3,5,11,'71',NULL,13),(124,4,NULL,NULL,'61',NULL,13),(125,5,3,9,'82',NULL,13),(126,6,NULL,NULL,'78',NULL,13),(127,7,4,10,'93',NULL,13),(128,8,NULL,NULL,'103',NULL,13),(129,9,NULL,NULL,'90',NULL,13),(130,1,1,3,'40,78',NULL,15),(131,2,2,7,'50,205',NULL,15),(132,3,3,8,'204,47',NULL,15),(133,1,2,6,'50,61,205',NULL,16),(134,2,1,3,'46,47,54,56,81',NULL,16),(135,3,3,9,'51,90,101',NULL,16),(136,1,1,7,'57',NULL,17),(137,2,NULL,NULL,'54',NULL,17),(138,3,3,9,'71',NULL,17),(139,4,2,7,'61',NULL,17),(140,5,4,11,'82',NULL,17),(141,6,NULL,NULL,'78',NULL,17),(142,7,5,11,'93',NULL,17),(143,8,NULL,NULL,'103',NULL,17),(144,9,NULL,NULL,'56',NULL,17),(145,1,6,17,'1',NULL,52),(146,2,3,9,'2',NULL,52),(147,3,5,16,'3',NULL,52),(148,4,7,19,'4',NULL,52),(149,5,4,11,'5',NULL,52),(150,6,2,7,'6',NULL,52),(151,7,1,3,'7',NULL,52),(152,8,8,24,'8',NULL,52),(155,1,1,3,'166',NULL,53),(156,2,2,6,'214',NULL,53),(157,1,NULL,NULL,NULL,NULL,53),(158,2,NULL,NULL,NULL,NULL,53),(159,2,2,7,'168',NULL,20),(160,3,NULL,NULL,'169',NULL,20),(161,4,1,3,'170',NULL,20),(162,5,3,10,'171',NULL,20),(163,6,NULL,NULL,'172',NULL,20),(164,7,4,13,'173',NULL,20),(165,8,NULL,NULL,'174',NULL,20),(166,9,6,16,'175',NULL,20),(167,10,NULL,NULL,'176',NULL,20),(168,11,NULL,NULL,'177',NULL,20),(169,12,7,18,'178',NULL,20),(170,13,8,21,'179',NULL,20),(171,14,NULL,NULL,'180',NULL,20),(172,15,9,21,'181',NULL,20),(173,16,NULL,NULL,'182',NULL,20),(174,17,5,14,'183',NULL,20),(175,1,5,15,'185',NULL,21),(176,2,NULL,NULL,'186',NULL,21),(177,3,2,7,'187',NULL,21),(178,4,NULL,NULL,'188',NULL,21),(179,5,6,16,'189',NULL,21),(180,6,3,8,'190',NULL,21),(181,7,7,20,'191',NULL,21),(182,8,4,14,'192',NULL,21),(183,9,1,3,'193',NULL,21),(184,1,NULL,NULL,'194',NULL,22),(185,2,6,18,'196(CL)',NULL,22),(186,3,1,3,'197',NULL,22),(187,4,3,9,'198',NULL,22),(188,5,2,8,'199',NULL,22),(189,6,4,10,'200',NULL,22),(190,8,5,15,'213',NULL,22),(191,1,2,6,'202',NULL,23),(192,2,1,3,'203',NULL,23),(193,1,NULL,NULL,NULL,NULL,23),(194,2,NULL,NULL,NULL,NULL,23),(195,1,NULL,NULL,NULL,NULL,23),(196,2,NULL,NULL,NULL,NULL,23),(213,1,NULL,NULL,'107',NULL,26),(214,2,NULL,NULL,'108',NULL,26),(215,3,3,12,'109',NULL,26),(216,4,6,13,'110',NULL,26),(217,5,NULL,NULL,'111',NULL,26),(218,6,5,12,'112',NULL,26),(219,7,NULL,NULL,'113',NULL,26),(220,8,NULL,NULL,'114',NULL,26),(221,9,1,5,'115',NULL,26),(222,10,7,18,'116',NULL,26),(223,12,2,9,'118',NULL,26),(224,13,4,12,'119',NULL,26),(225,1,5,14,'120',NULL,27),(226,2,NULL,NULL,'121',NULL,27),(227,3,3,10,'122',NULL,27),(228,4,4,13,'123',NULL,27),(229,5,2,5,'124',NULL,27),(230,6,7,19,'125',NULL,27),(231,7,1,4,'126',NULL,27),(232,9,6,17,'128',NULL,27),(233,1,2,5,'115',NULL,28),(234,2,1,4,'126',NULL,28),(235,1,5,16,'129',NULL,29),(236,2,3,9,'130',NULL,29),(237,3,1,3,'131',NULL,29),(238,4,4,11,'132',NULL,29),(239,5,NULL,NULL,'133',NULL,29),(240,6,NULL,NULL,'134',NULL,29),(241,7,NULL,NULL,'135',NULL,29),(242,8,NULL,NULL,'136',NULL,29),(243,9,6,17,'137',NULL,29),(244,10,2,7,'138',NULL,29),(245,2,3,12,'140',NULL,31),(246,3,1,3,'141',NULL,31),(247,5,NULL,NULL,'143',NULL,31),(248,6,2,6,'144',NULL,31),(249,7,4,12,'145',NULL,31),(250,8,NULL,NULL,'146',NULL,31),(251,9,6,15,'147',NULL,31),(252,10,5,15,'148',NULL,31),(253,11,7,17,'149',NULL,31),(254,1,NULL,NULL,'150',NULL,32),(255,2,4,12,'151',NULL,32),(256,3,2,6,'152',NULL,32),(257,4,3,9,'153',NULL,32),(258,5,NULL,NULL,'154',NULL,32),(259,7,1,3,'156',NULL,32),(260,1,NULL,NULL,'157',NULL,33),(261,2,5,15,'158',NULL,33),(262,3,7,21,'159',NULL,33),(263,4,1,5,'160',NULL,33),(264,5,8,22,'161',NULL,33),(265,6,3,10,'162',NULL,33),(266,7,4,11,'163',NULL,33),(267,8,6,15,'164',NULL,33),(268,9,2,7,'165',NULL,33),(269,1,1,4,'46,47,54,56,204,206',NULL,34),(270,2,2,5,'90,101,158,195',NULL,34),(271,1,2,5,'141',NULL,35),(272,3,1,4,'156',NULL,35),(273,4,3,9,'152',NULL,35),(274,5,4,12,'160',NULL,35),(275,6,5,15,'165',NULL,35),(276,1,1,3,'141',NULL,37),(277,3,2,7,'156',NULL,37),(278,4,4,13,'152',NULL,37),(279,5,3,9,'160',NULL,37),(280,6,5,13,'165',NULL,37),(284,1,2,5,'170',NULL,41),(285,3,3,8,'193',NULL,41),(286,5,1,5,'197',NULL,41),(287,6,4,12,'196',NULL,41),(302,1,1,3,'141',NULL,43),(303,3,2,6,'156',NULL,43),(304,5,NULL,NULL,'160',NULL,43),(305,1,1,3,'205,166,148',NULL,44),(306,1,1,4,'207',NULL,45),(307,2,3,8,'195',NULL,45),(308,3,2,6,'197',NULL,45),(309,1,2,6,'205',NULL,46),(310,2,1,3,'57',NULL,46),(311,1,2,6,'208',NULL,47),(312,2,3,9,'165',NULL,47),(313,3,1,3,'141',NULL,47),(314,1,1,3,NULL,NULL,60),(315,1,1,3,NULL,NULL,59),(316,1,1,3,NULL,NULL,58),(317,1,2,7,'170',NULL,55),(318,3,3,8,'193',NULL,55),(319,4,4,13,'187',NULL,55),(320,5,1,3,'197',NULL,55),(321,7,5,14,'203',NULL,55),(337,1,1,4,'57',NULL,64),(338,2,4,12,'54',NULL,64),(339,3,2,5,'71',NULL,64),(340,4,6,18,'61',NULL,64),(341,5,3,9,'82',NULL,64),(342,7,5,15,'93',NULL,64),(343,8,7,21,'103',NULL,64),(344,1,1,3,'171,178,187',NULL,25),(345,2,2,6,'172,174,175',NULL,25),(346,1,1,3,'186','present',65),(347,1,1,3,'187','present',66),(348,1,NULL,NULL,'1','missing',68),(349,2,2,6,'2','present',68),(350,3,4,12,'3','present',68),(351,4,3,9,'4','present',68),(352,5,1,3,'5','present',68),(353,1,2,6,'6','present',69),(354,2,6,18,'7','present',69),(355,3,4,13,'8','present',69),(356,4,5,14,'9','present',69),(357,5,1,3,'10','present',69),(358,6,3,9,'11','present',69),(359,1,9,27,'12','present',70),(360,2,8,20,'13','present',70),(361,3,6,16,'14','present',70),(362,4,11,30,'15','present',70),(363,5,7,19,'16','present',70),(364,6,10,28,'17','present',70),(365,7,3,7,'18','present',70),(366,8,2,7,'19','present',70),(367,9,4,14,'20','present',70),(368,10,1,4,'21','present',70),(369,11,5,15,'22','present',70),(370,1,NULL,NULL,'23','missing',71),(371,2,1,3,'24','present',71),(372,1,NULL,NULL,'25','present',72),(373,2,1,5,'26','present',72),(374,3,11,31,'27','present',72),(375,4,8,23,'28','present',72),(376,5,5,14,'29','present',72),(377,6,NULL,NULL,'30','present',72),(378,7,10,27,'31','present',72),(379,8,2,6,'32','present',72),(380,9,3,7,'33','present',72),(381,10,NULL,NULL,'34','present',72),(382,11,7,22,'35','present',72),(383,12,NULL,NULL,'36','present',72),(384,13,NULL,NULL,'37','present',72),(385,14,NULL,NULL,'38','present',72),(386,15,NULL,NULL,'39','missing',72),(387,16,6,18,'40','present',72),(388,17,4,13,'41','present',72),(389,18,NULL,NULL,'42','present',72),(390,19,NULL,NULL,'43','missing',72),(391,20,NULL,NULL,'44','present',72),(392,21,9,25,'45','present',72),(397,1,2,6,'5','present',74),(398,2,NULL,NULL,'10','present',74),(399,3,1,3,'21','present',74),(400,4,NULL,NULL,'24','present',74),(415,1,NULL,NULL,'46','present',75),(416,2,6,17,'47','present',75),(417,3,2,6,'48','present',75),(418,4,NULL,NULL,'49','missing',75),(419,5,NULL,NULL,'50','missing',75),(420,6,4,13,'51','present',75),(421,7,5,14,'52','present',75),(422,8,1,3,'53','present',75),(423,9,NULL,NULL,'54','missing',75),(424,10,8,22,'55','present',75),(425,11,9,26,'56','present',75),(426,12,7,20,'57','present',75),(427,13,NULL,NULL,'58','present',75),(428,14,3,10,'59','present',75),(471,1,4,11,'60','present',76),(472,2,3,10,'61','present',76),(473,3,NULL,NULL,'62','missing',76),(474,4,7,21,'63','present',76),(475,5,NULL,NULL,'64','present',76),(476,6,9,25,'65','present',76),(477,7,8,24,'66','present',76),(478,8,5,15,'67','present',76),(479,9,NULL,NULL,'68','present',76),(480,10,NULL,NULL,'69','present',76),(481,11,1,3,'70','present',76),(482,12,2,7,'71','present',76),(483,13,NULL,NULL,'72','present',76),(484,14,6,17,'73','present',76),(489,1,4,10,'97','present',80),(490,2,5,16,'98','present',80),(491,3,3,8,'99','present',80),(492,4,NULL,NULL,'100','present',80),(493,5,NULL,NULL,'101','present',80),(494,6,NULL,NULL,'102','present',80),(495,7,7,20,'103','present',80),(496,8,NULL,NULL,'104','present',80),(497,9,NULL,NULL,'105','present',80),(498,10,NULL,NULL,'106','missing',80),(499,11,2,7,'107','present',80),(500,12,6,17,'108','present',80),(501,13,1,5,'109','present',80),(502,1,5,13,'110','present',81),(503,2,3,11,'111','present',81),(504,3,1,3,'112','present',81),(505,4,4,12,'113','present',81),(506,5,NULL,NULL,'114','missing',81),(507,6,2,6,'115','present',81),(508,7,6,18,'116','present',81),(511,1,1,4,'109','present',82),(512,2,2,5,'112','present',82),(513,1,7,18,'74','present',83),(514,2,3,10,'75','present',83),(515,3,5,14,'76','present',83),(516,4,1,3,'77','present',83),(517,5,NULL,NULL,'78','present',83),(518,6,2,7,'79','present',83),(519,7,6,17,'80','present',83),(520,8,4,12,'81','present',83),(521,9,NULL,NULL,'82','present',83),(522,10,NULL,NULL,'83','present',83),(523,1,8,23,'84','present',84),(524,2,NULL,NULL,'85','missing',84),(525,3,5,13,'86','present',84),(526,4,2,5,'87','present',84),(527,5,9,26,'88','present',84),(528,6,3,11,'89','present',84),(529,7,1,5,'90','present',84),(530,8,7,21,'91','present',84),(531,9,6,17,'92','present',84),(532,10,4,12,'93','present',84),(533,1,4,11,'94','present',85),(534,2,1,3,'188','present',85),(535,3,3,10,'95','present',85),(536,4,2,6,'96','present',85),(547,1,5,15,'53','present',86),(548,2,2,6,'48','present',86),(549,3,3,8,'70','present',86),(550,4,NULL,NULL,'71','present',86),(551,5,1,5,'77','present',86),(552,6,6,18,'79','present',86),(553,7,NULL,NULL,'90','present',86),(554,8,4,11,'87','present',86),(555,9,NULL,NULL,'188','present',86),(556,10,NULL,NULL,'96','present',86),(577,1,2,8,'53','present',87),(578,2,5,13,'48','present',87),(579,3,3,9,'70','present',87),(580,4,7,19,'71','present',87),(581,5,1,4,'77','present',87),(582,6,NULL,NULL,'79','present',87),(583,7,4,11,'90','present',87),(584,8,6,18,'87','present',87),(585,9,NULL,NULL,'188','present',87),(586,10,NULL,NULL,'96','present',87),(591,1,NULL,NULL,'51,65','missing',88),(592,2,1,3,'61,90','present',88),(593,3,NULL,NULL,'40,56','missing',88),(594,4,2,6,'25,28,50','present',88),(595,1,1,3,'32,181','present',89),(616,1,NULL,NULL,'53,75,89','missing',90),(617,2,2,5,'61,70,90','present',90),(618,3,1,4,'30,31,32,93,181','present',90),(619,4,NULL,NULL,'29,35,40,51,56,62,64,65','missing',90),(620,5,3,9,'50,76,60','present',90),(621,1,7,21,'53','present',91),(622,2,3,9,'48','present',91),(623,3,2,6,'70','present',91),(624,4,6,18,'71','present',91),(625,5,1,3,'77','present',91),(626,6,NULL,NULL,'79','present',91),(627,7,4,12,'90','present',91),(628,8,5,15,'87','present',91),(629,9,NULL,NULL,'188','present',91),(630,10,NULL,NULL,'96','present',91),(649,1,8,22,'145','present',92),(650,2,6,18,'146','present',92),(651,3,5,15,'147','present',92),(652,4,4,11,'148','present',92),(653,5,NULL,NULL,'149','present',92),(654,6,7,21,'150','present',92),(655,7,1,3,'151','present',92),(656,8,2,6,'152','present',92),(657,9,3,10,'128','present',92),(658,1,NULL,NULL,'153','missing',94),(659,2,NULL,NULL,'154','missing',94),(660,3,7,18,'155','present',94),(661,4,5,13,'156','present',94),(662,5,2,9,'157','present',94),(663,6,NULL,NULL,'158','present',94),(664,7,NULL,NULL,'159','missing',94),(665,8,1,5,'160','present',94),(666,9,8,23,'161','present',94),(667,10,NULL,NULL,'162','missing',94),(668,11,6,15,'163','present',94),(669,12,3,10,'164','present',94),(670,13,4,11,'165','present',94),(671,1,1,4,'166','present',95),(672,2,6,18,'167','present',95),(673,3,2,5,'168','present',95),(674,4,NULL,NULL,'169','missing',95),(675,5,4,11,'170','present',95),(676,6,3,10,'171','present',95),(677,7,5,15,'172','present',95),(685,1,1,3,'173','present',96),(686,2,6,17,'174','present',96),(687,3,4,14,'175','present',96),(688,4,2,7,'176','present',96),(689,5,3,8,'177','present',96),(690,6,5,14,'178','present',96),(691,7,NULL,NULL,'179','missing',96),(692,1,1,3,'180','present',97),(693,1,1,3,'160','present',98),(694,2,6,17,'157','present',98),(695,3,3,10,'166','present',98),(696,4,4,11,'168','present',98),(697,5,2,6,'173','present',98),(698,6,5,16,'176','present',98),(699,7,NULL,NULL,'180','missing',98),(700,1,3,8,'160','present',100),(701,2,5,16,'157','present',100),(702,3,2,8,'166','present',100),(703,4,4,11,'168','present',100),(704,5,1,3,'173','present',100),(705,6,6,17,'176','present',100),(706,1,2,6,'117','present',101),(707,2,3,11,'118','present',101),(708,3,6,18,'119','present',101),(709,4,NULL,NULL,'120','present',101),(710,5,1,3,'121','present',101),(711,6,7,21,'122','present',101),(712,7,4,12,'123','present',101),(713,8,NULL,NULL,'124','present',101),(714,9,NULL,NULL,'125','present',101),(715,10,NULL,NULL,'126','present',101),(716,11,5,13,'127','present',101),(717,1,2,6,'129','present',103),(718,2,1,3,'130','present',103),(719,3,5,15,'131','present',103),(720,4,4,12,'132','present',103),(721,5,NULL,NULL,'133','missing',103),(722,6,6,18,'134','present',103),(723,7,3,9,'135','present',103),(724,1,4,12,'136','present',104),(725,2,2,6,'137','present',104),(726,3,3,9,'138','present',104),(727,4,1,3,'139','present',104),(728,1,1,3,'140','present',105),(729,2,3,9,'141','present',105),(730,3,2,6,'142','present',105),(731,1,1,3,'143','present',106),(732,2,2,6,'144','present',106),(741,1,NULL,NULL,'130','present',107),(742,2,NULL,NULL,'129','present',107),(743,3,NULL,NULL,'139','present',107),(744,4,NULL,NULL,'137','present',107),(745,5,NULL,NULL,'140','present',107),(746,6,1,3,'142','present',107),(747,7,NULL,NULL,'143','present',107),(748,8,NULL,NULL,'144','missing',107),(757,1,1,3,'130','present',108),(758,2,2,7,'129','present',108),(759,3,6,18,'139','present',108),(760,4,7,21,'137','present',108),(761,5,4,13,'140','present',108),(762,6,5,13,'142','present',108),(763,7,3,9,'143','present',108),(764,8,NULL,NULL,'144','missing',108),(765,1,6,17,'130','present',111),(766,2,1,4,'129','present',111),(767,3,5,16,'139','present',111),(768,4,4,12,'137','present',111),(769,5,3,9,'140','present',111),(770,6,7,20,'142','present',111),(771,7,2,5,'143','present',111),(772,1,NULL,NULL,'92,125,180','missing',112),(773,2,1,3,'70,126,165','present',112),(782,1,1,3,'182','present',113),(783,2,3,9,'183','present',113),(784,3,2,6,'173','present',113),(785,1,1,4,'181','present',114),(786,2,2,5,'184','present',114),(787,3,3,9,'77','present',114),(790,1,2,6,'185','present',115),(791,2,1,3,'129','present',115),(792,1,1,3,'189','present',116),(793,1,1,3,'190','present',117);

/*Table structure for table `stages` */

DROP TABLE IF EXISTS `stages`;

CREATE TABLE `stages` (
  `id` bigint(20) unsigned NOT NULL AUTO_INCREMENT,
  `position` int(11) NOT NULL,
  `stage` enum('assistance','selection','classify_1','classify_2') NOT NULL,
  `status` enum('active','final') NOT NULL DEFAULT 'active',
  `category_id` int(11) NOT NULL DEFAULT '1',
  `competitor_id` int(10) unsigned NOT NULL,
  `user_id` int(10) unsigned NOT NULL,
  PRIMARY KEY (`id`),
  KEY `fk_stages_competitors1_idx` (`competitor_id`),
  KEY `fk_stages_users1_idx` (`user_id`),
  CONSTRAINT `fk_stages_competitors1` FOREIGN KEY (`competitor_id`) REFERENCES `competitors` (`id`) ON DELETE NO ACTION ON UPDATE NO ACTION,
  CONSTRAINT `fk_stages_users1` FOREIGN KEY (`user_id`) REFERENCES `users` (`id`) ON DELETE NO ACTION ON UPDATE NO ACTION
) ENGINE=InnoDB AUTO_INCREMENT=3935 DEFAULT CHARSET=utf8;

/*Data for the table `stages` */

insert  into `stages`(`id`,`position`,`stage`,`status`,`category_id`,`competitor_id`,`user_id`) values (1,1,'selection','final',1,1,3),(2,1,'selection','final',1,2,3),(3,1,'selection','final',1,3,3),(4,1,'selection','final',1,1,4),(5,1,'selection','final',1,2,4),(6,1,'selection','final',1,3,4),(7,1,'classify_1','final',1,2,3),(8,2,'classify_1','final',1,3,3),(9,3,'classify_1','final',1,1,3),(10,1,'classify_1','final',1,1,4),(11,2,'classify_1','final',1,2,4),(12,3,'classify_1','final',1,3,4),(13,1,'classify_1','final',1,2,5),(14,2,'classify_1','final',1,3,5),(15,3,'classify_1','final',1,1,5),(16,1,'classify_2','final',1,2,3),(17,2,'classify_2','final',1,3,3),(18,3,'classify_2','final',1,1,3),(19,1,'classify_2','final',1,2,5),(20,2,'classify_2','final',1,3,5),(21,3,'classify_2','final',1,1,5),(22,1,'classify_2','final',1,2,4),(23,2,'classify_2','final',1,3,4),(24,3,'classify_2','final',1,1,4),(25,1,'selection','final',49,4,5),(26,1,'selection','final',49,4,4),(28,1,'selection','final',49,4,3),(29,1,'classify_1','final',49,4,3),(30,1,'classify_1','final',49,4,5),(31,1,'classify_1','final',49,4,4),(32,1,'classify_2','final',49,4,4),(33,1,'classify_2','final',49,4,3),(34,1,'classify_2','final',49,4,5),(73,1,'selection','final',3,22,3),(74,1,'selection','final',3,23,3),(75,1,'selection','final',3,24,3),(76,1,'selection','final',3,25,3),(77,1,'selection','final',3,26,3),(78,1,'selection','final',3,27,3),(79,1,'selection','final',3,28,3),(80,1,'selection','final',3,29,3),(81,1,'selection','final',3,30,3),(82,1,'selection','final',3,31,3),(83,1,'selection','final',3,22,4),(84,1,'selection','final',3,23,4),(85,1,'selection','final',3,24,4),(86,1,'selection','final',3,25,4),(87,1,'selection','final',3,26,4),(88,1,'selection','final',3,27,4),(89,1,'selection','final',3,28,4),(90,1,'selection','final',3,29,4),(91,1,'selection','final',3,30,4),(92,1,'selection','final',3,31,4),(93,1,'selection','final',3,23,5),(94,1,'selection','final',3,24,5),(95,1,'selection','final',3,26,5),(96,1,'selection','final',3,27,5),(97,1,'selection','final',3,28,5),(98,1,'selection','final',3,29,5),(99,1,'selection','final',3,30,5),(100,1,'selection','final',3,31,5),(101,1,'classify_1','final',3,29,5),(102,2,'classify_1','final',3,30,5),(103,3,'classify_1','final',3,28,5),(104,4,'classify_1','final',3,27,5),(105,5,'classify_1','final',3,26,5),(106,6,'classify_1','final',3,23,5),(107,7,'classify_1','final',3,24,5),(108,8,'classify_1','final',3,31,5),(109,9,'classify_1','final',3,22,5),(110,10,'classify_1','final',3,25,5),(111,1,'classify_1','final',3,29,4),(112,2,'classify_1','final',3,28,4),(113,3,'classify_1','final',3,30,4),(114,4,'classify_1','final',3,27,4),(115,5,'classify_1','final',3,26,4),(116,6,'classify_1','final',3,31,4),(117,7,'classify_1','final',3,24,4),(118,8,'classify_1','final',3,23,4),(119,9,'classify_1','final',3,22,4),(120,10,'classify_1','final',3,25,4),(121,1,'classify_1','final',3,29,3),(122,2,'classify_1','final',3,28,3),(123,3,'classify_1','final',3,31,3),(124,4,'classify_1','final',3,30,3),(125,5,'classify_1','final',3,27,3),(126,6,'classify_1','final',3,26,3),(127,7,'classify_1','final',3,25,3),(128,8,'classify_1','final',3,22,3),(129,9,'classify_1','final',3,23,3),(130,10,'classify_1','final',3,24,3),(131,1,'classify_2','final',3,29,4),(132,2,'classify_2','final',3,28,4),(133,3,'classify_2','final',3,30,4),(134,4,'classify_2','final',3,27,4),(135,5,'classify_2','final',3,26,4),(136,6,'classify_2','final',3,31,4),(137,1,'classify_2','final',3,29,5),(138,2,'classify_2','final',3,30,5),(139,3,'classify_2','final',3,28,5),(140,4,'classify_2','final',3,27,5),(141,5,'classify_2','final',3,26,5),(142,6,'classify_2','final',3,31,5),(143,1,'classify_2','final',3,29,3),(144,2,'classify_2','final',3,28,3),(145,3,'classify_2','final',3,31,3),(146,4,'classify_2','final',3,30,3),(147,5,'classify_2','final',3,27,3),(148,6,'classify_2','final',3,26,3),(149,1,'selection','final',51,32,3),(150,1,'selection','final',51,33,3),(151,1,'selection','final',51,34,3),(152,1,'selection','final',51,35,3),(153,1,'selection','final',51,36,3),(154,1,'selection','final',51,37,3),(155,1,'selection','final',51,38,3),(156,1,'selection','final',51,33,5),(157,1,'selection','final',51,34,5),(158,1,'selection','final',51,35,5),(159,1,'selection','final',51,36,5),(160,1,'selection','final',51,37,5),(161,1,'selection','final',51,38,5),(162,1,'selection','final',51,32,4),(163,1,'selection','final',51,33,4),(164,1,'selection','final',51,34,4),(165,1,'selection','final',51,35,4),(166,1,'selection','final',51,36,4),(167,1,'selection','final',51,37,4),(168,1,'selection','final',51,38,4),(169,1,'classify_1','final',51,33,3),(170,2,'classify_1','final',51,34,3),(171,3,'classify_1','final',51,38,3),(172,4,'classify_1','final',51,36,3),(173,5,'classify_1','final',51,32,3),(174,6,'classify_1','final',51,35,3),(175,7,'classify_1','final',51,37,3),(176,1,'classify_1','final',51,33,5),(177,2,'classify_1','final',51,38,5),(178,3,'classify_1','final',51,34,5),(179,4,'classify_1','final',51,36,5),(180,5,'classify_1','final',51,35,5),(181,6,'classify_1','final',51,37,5),(182,7,'classify_1','final',51,32,5),(183,1,'classify_1','final',51,33,4),(184,2,'classify_1','final',51,38,4),(185,3,'classify_1','final',51,34,4),(186,4,'classify_1','final',51,36,4),(187,5,'classify_1','final',51,35,4),(188,6,'classify_1','final',51,37,4),(189,7,'classify_1','final',51,32,4),(190,1,'classify_2','final',51,33,4),(191,2,'classify_2','final',51,38,4),(192,3,'classify_2','final',51,34,4),(193,4,'classify_2','final',51,36,4),(194,5,'classify_2','final',51,35,4),(195,6,'classify_2','final',51,37,4),(196,1,'classify_2','final',51,33,3),(197,2,'classify_2','final',51,34,3),(198,3,'classify_2','final',51,38,3),(199,4,'classify_2','final',51,36,3),(200,5,'classify_2','final',51,35,3),(201,6,'classify_2','final',51,37,3),(202,1,'classify_2','final',51,33,5),(203,2,'classify_2','final',51,38,5),(204,3,'classify_2','final',51,34,5),(205,4,'classify_2','final',51,36,5),(206,5,'classify_2','final',51,35,5),(207,6,'classify_2','final',51,37,5),(208,1,'selection','final',5,39,5),(209,1,'selection','final',5,40,5),(210,1,'selection','final',5,41,5),(211,1,'selection','final',5,42,5),(212,1,'selection','final',5,43,5),(213,1,'selection','final',5,44,5),(214,1,'selection','final',5,39,3),(215,1,'selection','final',5,40,3),(216,1,'selection','final',5,41,3),(217,1,'selection','final',5,42,3),(218,1,'selection','final',5,43,3),(219,1,'selection','final',5,44,3),(220,1,'selection','final',5,39,4),(221,1,'selection','final',5,40,4),(222,1,'selection','final',5,41,4),(223,1,'selection','final',5,42,4),(224,1,'selection','final',5,43,4),(225,1,'selection','final',5,44,4),(232,1,'classify_1','final',5,42,3),(233,2,'classify_1','final',5,43,3),(234,3,'classify_1','final',5,44,3),(235,4,'classify_1','final',5,39,3),(236,5,'classify_1','final',5,41,3),(237,6,'classify_1','final',5,40,3),(238,1,'classify_1','final',5,44,4),(239,2,'classify_1','final',5,42,4),(240,3,'classify_1','final',5,43,4),(241,4,'classify_1','final',5,41,4),(242,5,'classify_1','final',5,39,4),(243,6,'classify_1','final',5,40,4),(244,1,'classify_1','final',5,42,5),(245,2,'classify_1','final',5,43,5),(246,3,'classify_1','final',5,44,5),(247,4,'classify_1','final',5,41,5),(248,5,'classify_1','final',5,40,5),(249,6,'classify_1','final',5,39,5),(250,1,'classify_2','final',5,44,4),(251,2,'classify_2','final',5,42,4),(252,3,'classify_2','final',5,43,4),(253,4,'classify_2','final',5,41,4),(254,5,'classify_2','final',5,39,4),(255,6,'classify_2','final',5,40,4),(256,1,'classify_2','final',5,42,3),(257,2,'classify_2','final',5,43,3),(258,3,'classify_2','final',5,44,3),(259,4,'classify_2','final',5,39,3),(260,5,'classify_2','final',5,41,3),(261,6,'classify_2','final',5,40,3),(262,1,'classify_2','final',5,42,5),(263,2,'classify_2','final',5,43,5),(264,3,'classify_2','final',5,44,5),(265,4,'classify_2','final',5,41,5),(266,5,'classify_2','final',5,40,5),(267,6,'classify_2','final',5,39,5),(268,1,'selection','final',6,45,3),(269,1,'selection','final',6,46,3),(270,1,'selection','final',6,47,3),(271,1,'selection','final',6,48,3),(272,1,'selection','final',6,45,5),(273,1,'selection','final',6,46,5),(274,1,'selection','final',6,47,5),(275,1,'selection','final',6,48,5),(276,1,'selection','final',6,45,4),(277,1,'selection','final',6,46,4),(278,1,'selection','final',6,47,4),(279,1,'selection','final',6,48,4),(280,1,'classify_1','final',6,47,4),(281,2,'classify_1','final',6,46,4),(282,3,'classify_1','final',6,48,4),(283,4,'classify_1','final',6,45,4),(288,1,'classify_1','final',6,47,3),(289,2,'classify_1','final',6,46,3),(290,3,'classify_1','final',6,45,3),(291,4,'classify_1','final',6,48,3),(292,1,'classify_1','final',6,47,5),(293,2,'classify_1','final',6,45,5),(294,3,'classify_1','final',6,48,5),(295,4,'classify_1','final',6,46,5),(296,1,'classify_2','final',6,47,4),(297,2,'classify_2','final',6,46,4),(298,3,'classify_2','final',6,48,4),(299,4,'classify_2','final',6,45,4),(304,1,'classify_2','final',6,47,3),(305,2,'classify_2','final',6,46,3),(306,3,'classify_2','final',6,45,3),(307,4,'classify_2','final',6,48,3),(308,1,'classify_2','final',6,47,5),(309,2,'classify_2','final',6,46,5),(310,3,'classify_2','final',6,48,5),(311,4,'classify_2','final',6,45,5),(312,1,'selection','final',7,50,3),(313,1,'selection','final',7,51,3),(314,1,'selection','final',7,52,3),(315,1,'selection','final',7,53,3),(316,1,'selection','final',7,54,3),(317,1,'selection','final',7,57,3),(318,1,'selection','final',7,58,3),(319,1,'selection','final',7,62,3),(320,1,'selection','final',7,63,3),(321,1,'selection','final',7,49,5),(322,1,'selection','final',7,50,5),(323,1,'selection','final',7,52,5),(324,1,'selection','final',7,54,5),(325,1,'selection','final',7,55,5),(326,1,'selection','final',7,57,5),(327,1,'selection','final',7,58,5),(328,1,'selection','final',7,59,5),(329,1,'selection','final',7,60,5),(330,1,'selection','final',7,61,5),(331,1,'selection','final',7,62,5),(332,1,'selection','final',7,64,5),(333,1,'selection','final',7,50,4),(334,1,'selection','final',7,51,4),(335,1,'selection','final',7,52,4),(336,1,'selection','final',7,53,4),(337,1,'selection','final',7,54,4),(338,1,'selection','final',7,56,4),(339,1,'selection','final',7,57,4),(340,1,'selection','final',7,58,4),(341,1,'selection','final',7,59,4),(342,1,'selection','final',7,61,4),(343,1,'selection','final',7,62,4),(344,1,'selection','final',7,64,4),(345,1,'classify_1','final',7,62,4),(346,2,'classify_1','final',7,58,4),(347,3,'classify_1','final',7,57,4),(348,4,'classify_1','final',7,52,4),(349,5,'classify_1','final',7,53,4),(350,6,'classify_1','final',7,54,4),(351,7,'classify_1','final',7,59,4),(352,8,'classify_1','final',7,64,4),(353,9,'classify_1','final',7,50,4),(354,10,'classify_1','final',7,51,4),(355,11,'classify_1','final',7,61,4),(356,1,'classify_1','final',7,57,5),(357,2,'classify_1','final',7,62,5),(358,3,'classify_1','final',7,54,5),(359,4,'classify_1','final',7,52,5),(360,5,'classify_1','final',7,59,5),(361,6,'classify_1','final',7,64,5),(362,7,'classify_1','final',7,53,5),(363,8,'classify_1','final',7,58,5),(364,9,'classify_1','final',7,50,5),(365,10,'classify_1','final',7,51,5),(366,11,'classify_1','final',7,61,5),(367,1,'classify_1','final',7,57,3),(368,2,'classify_1','final',7,54,3),(369,3,'classify_1','final',7,53,3),(370,4,'classify_1','final',7,52,3),(371,5,'classify_1','final',7,62,3),(372,6,'classify_1','final',7,58,3),(373,7,'classify_1','final',7,64,3),(374,8,'classify_1','final',7,50,3),(375,9,'classify_1','final',7,51,3),(376,10,'classify_1','final',7,59,3),(377,11,'classify_1','final',7,61,3),(378,1,'classify_2','final',7,62,4),(379,2,'classify_2','final',7,57,4),(380,3,'classify_2','final',7,52,4),(381,4,'classify_2','final',7,54,4),(382,5,'classify_2','final',7,53,4),(383,6,'classify_2','final',7,58,4),(384,1,'classify_2','final',7,57,3),(385,2,'classify_2','final',7,54,3),(386,3,'classify_2','final',7,53,3),(387,4,'classify_2','final',7,52,3),(388,5,'classify_2','final',7,62,3),(389,6,'classify_2','final',7,58,3),(390,1,'classify_2','final',7,57,5),(391,2,'classify_2','final',7,62,5),(392,3,'classify_2','final',7,54,5),(393,4,'classify_2','final',7,52,5),(394,5,'classify_2','final',7,58,5),(395,6,'classify_2','final',7,53,5),(396,1,'selection','final',9,65,4),(397,1,'selection','final',9,66,4),(398,1,'selection','final',9,67,4),(399,1,'selection','final',9,68,4),(400,1,'selection','final',9,70,4),(401,1,'selection','final',9,71,4),(402,1,'selection','final',9,72,4),(403,1,'selection','final',9,73,4),(404,1,'selection','final',9,74,4),(405,1,'selection','final',9,76,4),(406,1,'selection','final',9,77,4),(407,1,'selection','final',9,65,5),(408,1,'selection','final',9,66,5),(409,1,'selection','final',9,67,5),(410,1,'selection','final',9,68,5),(411,1,'selection','final',9,70,5),(412,1,'selection','final',9,71,5),(413,1,'selection','final',9,72,5),(414,1,'selection','final',9,74,5),(415,1,'selection','final',9,77,5),(426,1,'selection','final',9,65,3),(427,1,'selection','final',9,66,3),(428,1,'selection','final',9,67,3),(429,1,'selection','final',9,69,3),(430,1,'selection','final',9,71,3),(431,1,'selection','final',9,72,3),(432,1,'selection','final',9,73,3),(433,1,'selection','final',9,74,3),(434,1,'selection','final',9,75,3),(435,1,'selection','final',9,77,3),(436,1,'classify_1','final',9,67,4),(437,2,'classify_1','final',9,66,4),(438,3,'classify_1','final',9,74,4),(439,4,'classify_1','final',9,73,4),(440,5,'classify_1','final',9,72,4),(441,6,'classify_1','final',9,71,4),(442,7,'classify_1','final',9,77,4),(443,8,'classify_1','final',9,65,4),(444,9,'classify_1','final',9,70,4),(445,10,'classify_1','final',9,68,4),(446,1,'classify_1','final',9,74,3),(447,2,'classify_1','final',9,72,3),(448,3,'classify_1','final',9,73,3),(449,4,'classify_1','final',9,67,3),(450,5,'classify_1','final',9,65,3),(451,6,'classify_1','final',9,77,3),(452,7,'classify_1','final',9,71,3),(453,8,'classify_1','final',9,68,3),(454,9,'classify_1','final',9,66,3),(455,10,'classify_1','final',9,70,3),(456,1,'classify_1','final',9,74,5),(457,2,'classify_1','final',9,71,5),(458,3,'classify_1','final',9,67,5),(459,4,'classify_1','final',9,66,5),(460,5,'classify_1','final',9,65,5),(461,6,'classify_1','final',9,77,5),(462,7,'classify_1','final',9,68,5),(463,8,'classify_1','final',9,73,5),(464,9,'classify_1','final',9,70,5),(465,10,'classify_1','final',9,72,5),(466,1,'classify_2','final',9,74,4),(467,2,'classify_2','final',9,67,4),(468,3,'classify_2','final',9,71,4),(469,4,'classify_2','final',9,66,4),(470,5,'classify_2','final',9,73,4),(471,6,'classify_2','final',9,72,4),(472,1,'classify_2','final',9,74,3),(473,2,'classify_2','final',9,67,3),(474,3,'classify_2','final',9,71,3),(475,4,'classify_2','final',9,73,3),(476,5,'classify_2','final',9,72,3),(477,6,'classify_2','final',9,66,3),(478,1,'classify_2','final',9,71,5),(479,2,'classify_2','final',9,74,5),(480,3,'classify_2','final',9,67,5),(481,4,'classify_2','final',9,66,5),(482,5,'classify_2','final',9,73,5),(483,6,'classify_2','final',9,72,5),(484,1,'selection','final',10,78,3),(485,1,'selection','final',10,79,3),(486,1,'selection','final',10,80,3),(487,1,'selection','final',10,81,3),(488,1,'selection','final',10,82,3),(489,1,'selection','final',10,83,3),(490,1,'selection','final',10,85,3),(491,1,'selection','final',10,88,3),(492,1,'selection','final',10,89,3),(493,1,'selection','final',10,90,3),(494,1,'selection','final',10,78,4),(495,1,'selection','final',10,80,4),(496,1,'selection','final',10,81,4),(497,1,'selection','final',10,82,4),(498,1,'selection','final',10,83,4),(499,1,'selection','final',10,84,4),(500,1,'selection','final',10,86,4),(501,1,'selection','final',10,87,4),(502,1,'selection','final',10,88,4),(503,1,'selection','final',10,89,4),(504,1,'selection','final',10,90,4),(505,1,'selection','final',10,78,5),(506,1,'selection','final',10,80,5),(507,1,'selection','final',10,81,5),(508,1,'selection','final',10,82,5),(509,1,'selection','final',10,83,5),(510,1,'selection','final',10,84,5),(511,1,'selection','final',10,87,5),(512,1,'selection','final',10,88,5),(513,1,'selection','final',10,89,5),(514,1,'selection','final',10,90,5),(515,1,'classify_1','final',10,88,3),(516,2,'classify_1','final',10,78,3),(517,3,'classify_1','final',10,89,3),(518,4,'classify_1','final',10,80,3),(519,5,'classify_1','final',10,82,3),(520,6,'classify_1','final',10,81,3),(521,7,'classify_1','final',10,83,3),(522,8,'classify_1','final',10,90,3),(523,9,'classify_1','final',10,84,3),(524,10,'classify_1','final',10,87,3),(525,1,'classify_1','final',10,88,5),(526,2,'classify_1','final',10,78,5),(527,3,'classify_1','final',10,82,5),(528,4,'classify_1','final',10,89,5),(529,5,'classify_1','final',10,80,5),(530,6,'classify_1','final',10,83,5),(531,7,'classify_1','final',10,81,5),(532,8,'classify_1','final',10,84,5),(533,9,'classify_1','final',10,87,5),(534,10,'classify_1','final',10,90,5),(535,1,'classify_1','final',10,88,4),(536,2,'classify_1','final',10,78,4),(537,3,'classify_1','final',10,80,4),(538,4,'classify_1','final',10,89,4),(539,5,'classify_1','final',10,82,4),(540,6,'classify_1','final',10,83,4),(541,7,'classify_1','final',10,90,4),(542,8,'classify_1','final',10,87,4),(543,9,'classify_1','final',10,84,4),(544,10,'classify_1','final',10,81,4),(545,1,'classify_2','final',10,88,5),(546,2,'classify_2','final',10,78,5),(547,3,'classify_2','final',10,89,5),(548,4,'classify_2','final',10,82,5),(549,5,'classify_2','final',10,80,5),(550,6,'classify_2','final',10,83,5),(551,1,'classify_2','final',10,88,3),(552,2,'classify_2','final',10,78,3),(553,3,'classify_2','final',10,89,3),(554,4,'classify_2','final',10,80,3),(555,5,'classify_2','final',10,82,3),(556,6,'classify_2','final',10,83,3),(557,1,'classify_2','final',10,88,4),(558,2,'classify_2','final',10,78,4),(559,3,'classify_2','final',10,80,4),(560,4,'classify_2','final',10,89,4),(561,5,'classify_2','final',10,82,4),(562,6,'classify_2','final',10,83,4),(563,1,'selection','final',11,92,5),(564,1,'selection','final',11,94,5),(565,1,'selection','final',11,95,5),(566,1,'selection','final',11,97,5),(567,1,'selection','final',11,98,5),(568,1,'selection','final',11,99,5),(569,1,'selection','final',11,100,5),(570,1,'selection','final',11,102,5),(571,1,'selection','final',11,103,5),(572,1,'selection','final',11,104,5),(573,1,'selection','final',11,91,4),(574,1,'selection','final',11,94,4),(575,1,'selection','final',11,95,4),(576,1,'selection','final',11,96,4),(577,1,'selection','final',11,97,4),(578,1,'selection','final',11,98,4),(579,1,'selection','final',11,99,4),(580,1,'selection','final',11,102,4),(581,1,'selection','final',11,103,4),(582,1,'selection','final',11,104,4),(583,1,'selection','final',11,91,3),(584,1,'selection','final',11,93,3),(585,1,'selection','final',11,94,3),(586,1,'selection','final',11,95,3),(587,1,'selection','final',11,96,3),(588,1,'selection','final',11,97,3),(589,1,'selection','final',11,98,3),(590,1,'selection','final',11,100,3),(591,1,'selection','final',11,102,3),(592,1,'selection','final',11,103,3),(593,1,'selection','final',11,104,3),(594,1,'classify_1','final',11,95,4),(595,2,'classify_1','final',11,98,4),(596,3,'classify_1','final',11,103,4),(597,4,'classify_1','final',11,96,4),(598,5,'classify_1','final',11,99,4),(599,6,'classify_1','final',11,94,4),(600,7,'classify_1','final',11,97,4),(601,8,'classify_1','final',11,102,4),(602,9,'classify_1','final',11,104,4),(603,10,'classify_1','final',11,91,4),(604,11,'classify_1','final',11,100,4),(605,1,'classify_1','final',11,98,5),(606,2,'classify_1','final',11,95,5),(607,3,'classify_1','final',11,99,5),(608,4,'classify_1','final',11,100,5),(609,5,'classify_1','final',11,104,5),(610,6,'classify_1','final',11,102,5),(611,7,'classify_1','final',11,97,5),(612,8,'classify_1','final',11,103,5),(613,9,'classify_1','final',11,96,5),(614,10,'classify_1','final',11,91,5),(615,11,'classify_1','final',11,94,5),(627,1,'classify_1','final',11,98,3),(628,2,'classify_1','final',11,95,3),(629,3,'classify_1','final',11,102,3),(630,4,'classify_1','final',11,99,3),(631,5,'classify_1','final',11,96,3),(632,6,'classify_1','final',11,91,3),(633,7,'classify_1','final',11,104,3),(634,8,'classify_1','final',11,97,3),(635,9,'classify_1','final',11,100,3),(636,10,'classify_1','final',11,94,3),(637,11,'classify_1','final',11,103,3),(638,1,'classify_2','final',11,98,5),(639,2,'classify_2','final',11,95,5),(640,3,'classify_2','final',11,99,5),(641,4,'classify_2','final',11,104,5),(642,5,'classify_2','final',11,102,5),(643,6,'classify_2','final',11,96,5),(644,1,'classify_2','final',11,98,4),(645,2,'classify_2','final',11,95,4),(646,3,'classify_2','final',11,99,4),(647,4,'classify_2','final',11,96,4),(648,5,'classify_2','final',11,102,4),(649,6,'classify_2','final',11,104,4),(650,1,'classify_2','final',11,98,3),(651,2,'classify_2','final',11,95,3),(652,3,'classify_2','final',11,102,3),(653,4,'classify_2','final',11,99,3),(654,5,'classify_2','final',11,96,3),(655,6,'classify_2','final',11,104,3),(656,1,'selection','final',12,105,5),(657,1,'selection','final',12,106,5),(658,1,'selection','final',12,108,5),(659,1,'selection','final',12,109,5),(660,1,'selection','final',12,111,5),(661,1,'selection','final',12,113,5),(662,1,'selection','final',12,114,5),(663,1,'selection','final',12,115,5),(664,1,'selection','final',12,117,5),(665,1,'selection','final',12,105,4),(666,1,'selection','final',12,106,4),(667,1,'selection','final',12,107,4),(668,1,'selection','final',12,108,4),(669,1,'selection','final',12,110,4),(670,1,'selection','final',12,111,4),(671,1,'selection','final',12,113,4),(672,1,'selection','final',12,114,4),(673,1,'selection','final',12,115,4),(674,1,'selection','final',12,117,4),(675,1,'selection','final',12,120,4),(676,1,'selection','final',12,105,3),(677,1,'selection','final',12,106,3),(678,1,'selection','final',12,108,3),(679,1,'selection','final',12,109,3),(680,1,'selection','final',12,111,3),(681,1,'selection','final',12,114,3),(682,1,'selection','final',12,117,3),(683,1,'selection','final',12,119,3),(684,1,'classify_1','final',12,106,4),(685,2,'classify_1','final',12,108,4),(686,3,'classify_1','final',12,105,4),(687,4,'classify_1','final',12,111,4),(688,5,'classify_1','final',12,113,4),(689,6,'classify_1','final',12,114,4),(690,7,'classify_1','final',12,117,4),(691,8,'classify_1','final',12,109,4),(692,9,'classify_1','final',12,115,4),(693,1,'classify_1','final',12,108,3),(694,2,'classify_1','final',12,117,3),(695,3,'classify_1','final',12,105,3),(696,4,'classify_1','final',12,111,3),(697,5,'classify_1','final',12,113,3),(698,6,'classify_1','final',12,114,3),(699,7,'classify_1','final',12,109,3),(700,8,'classify_1','final',12,106,3),(701,9,'classify_1','final',12,115,3),(702,1,'classify_1','final',12,108,5),(703,2,'classify_1','final',12,117,5),(704,3,'classify_1','final',12,106,5),(705,4,'classify_1','final',12,105,5),(706,5,'classify_1','final',12,111,5),(707,6,'classify_1','final',12,113,5),(708,7,'classify_1','final',12,109,5),(709,8,'classify_1','final',12,115,5),(710,9,'classify_1','final',12,114,5),(711,1,'classify_2','final',12,108,4),(712,2,'classify_2','final',12,106,4),(713,3,'classify_2','final',12,105,4),(714,4,'classify_2','final',12,117,4),(715,5,'classify_2','final',12,111,4),(716,6,'classify_2','final',12,113,4),(717,1,'classify_2','final',12,108,3),(718,2,'classify_2','final',12,117,3),(719,3,'classify_2','final',12,105,3),(720,4,'classify_2','final',12,111,3),(721,5,'classify_2','final',12,113,3),(722,6,'classify_2','final',12,106,3),(723,1,'classify_2','final',12,108,5),(724,2,'classify_2','final',12,117,5),(725,3,'classify_2','final',12,106,5),(726,4,'classify_2','final',12,105,5),(727,5,'classify_2','final',12,111,5),(728,6,'classify_2','final',12,113,5),(729,1,'selection','final',13,121,4),(730,1,'selection','final',13,122,4),(731,1,'selection','final',13,123,4),(732,1,'selection','final',13,125,4),(733,1,'selection','final',13,127,4),(734,1,'selection','final',13,129,4),(735,1,'selection','final',13,121,3),(736,1,'selection','final',13,123,3),(737,1,'selection','final',13,124,3),(738,1,'selection','final',13,125,3),(739,1,'selection','final',13,127,3),(740,1,'selection','final',13,121,5),(741,1,'selection','final',13,122,5),(742,1,'selection','final',13,123,5),(743,1,'selection','final',13,125,5),(744,1,'selection','final',13,126,5),(745,1,'selection','final',13,127,5),(746,1,'classify_1','final',13,121,3),(747,2,'classify_1','final',13,127,3),(748,3,'classify_1','final',13,123,3),(749,4,'classify_1','final',13,125,3),(750,5,'classify_1','final',13,122,3),(751,1,'classify_1','final',13,125,4),(752,2,'classify_1','final',13,122,4),(753,3,'classify_1','final',13,127,4),(754,4,'classify_1','final',13,121,4),(755,5,'classify_1','final',13,123,4),(756,1,'classify_1','final',13,122,5),(757,2,'classify_1','final',13,121,5),(758,3,'classify_1','final',13,123,5),(759,4,'classify_1','final',13,125,5),(760,5,'classify_1','final',13,127,5),(761,1,'classify_2','final',13,125,4),(762,2,'classify_2','final',13,122,4),(763,3,'classify_2','final',13,127,4),(764,4,'classify_2','final',13,121,4),(765,5,'classify_2','final',13,123,4),(766,1,'classify_2','final',13,122,5),(767,2,'classify_2','final',13,121,5),(768,3,'classify_2','final',13,123,5),(769,4,'classify_2','final',13,125,5),(770,5,'classify_2','final',13,127,5),(771,1,'classify_2','final',13,121,3),(772,2,'classify_2','final',13,127,3),(773,3,'classify_2','final',13,123,3),(774,4,'classify_2','final',13,125,3),(775,5,'classify_2','final',13,122,3),(776,1,'selection','final',15,130,5),(777,1,'selection','final',15,131,5),(778,1,'selection','final',15,132,5),(779,1,'selection','final',15,130,3),(780,1,'selection','final',15,131,3),(781,1,'selection','final',15,132,3),(782,1,'selection','final',15,130,4),(783,1,'selection','final',15,131,4),(784,1,'selection','final',15,132,4),(785,1,'classify_1','final',15,130,4),(786,2,'classify_1','final',15,131,4),(787,3,'classify_1','final',15,132,4),(788,1,'classify_1','final',15,130,3),(789,2,'classify_1','final',15,131,3),(790,3,'classify_1','final',15,132,3),(791,1,'classify_1','final',15,130,5),(792,2,'classify_1','final',15,132,5),(793,3,'classify_1','final',15,131,5),(794,1,'classify_2','final',15,130,3),(795,2,'classify_2','final',15,131,3),(796,3,'classify_2','final',15,132,3),(797,1,'classify_2','final',15,130,4),(798,2,'classify_2','final',15,131,4),(799,3,'classify_2','final',15,132,4),(800,1,'classify_2','final',15,130,5),(801,2,'classify_2','final',15,132,5),(802,3,'classify_2','final',15,131,5),(803,1,'selection','final',16,133,5),(804,1,'selection','final',16,134,5),(805,1,'selection','final',16,135,5),(806,1,'selection','final',16,133,3),(807,1,'selection','final',16,134,3),(808,1,'selection','final',16,135,3),(809,1,'selection','final',16,133,4),(810,1,'selection','final',16,134,4),(811,1,'selection','final',16,135,4),(812,1,'classify_1','final',16,134,5),(813,2,'classify_1','final',16,133,5),(814,3,'classify_1','final',16,135,5),(815,1,'classify_1','final',16,134,3),(816,2,'classify_1','final',16,133,3),(817,3,'classify_1','final',16,135,3),(818,1,'classify_1','final',16,134,4),(819,2,'classify_1','final',16,133,4),(820,3,'classify_1','final',16,135,4),(821,1,'classify_2','final',16,134,5),(822,2,'classify_2','final',16,133,5),(823,3,'classify_2','final',16,135,5),(824,1,'classify_2','final',16,134,4),(825,2,'classify_2','final',16,133,4),(826,3,'classify_2','final',16,135,4),(827,1,'classify_2','final',16,134,3),(828,2,'classify_2','final',16,133,3),(829,3,'classify_2','final',16,135,3),(830,1,'selection','final',17,136,4),(831,1,'selection','final',17,138,4),(832,1,'selection','final',17,139,4),(833,1,'selection','final',17,140,4),(834,1,'selection','final',17,142,4),(835,1,'selection','final',17,144,4),(836,1,'selection','final',17,138,3),(837,1,'selection','final',17,139,3),(838,1,'selection','final',17,140,3),(839,1,'selection','final',17,142,3),(840,1,'selection','final',17,136,5),(841,1,'selection','final',17,137,5),(842,1,'selection','final',17,139,5),(843,1,'selection','final',17,140,5),(844,1,'classify_1','final',17,136,5),(845,2,'classify_1','final',17,139,5),(846,3,'classify_1','final',17,140,5),(847,4,'classify_1','final',17,138,5),(848,5,'classify_1','final',17,142,5),(849,1,'classify_1','final',17,142,3),(850,2,'classify_1','final',17,139,3),(851,3,'classify_1','final',17,138,3),(852,4,'classify_1','final',17,140,3),(853,5,'classify_1','final',17,136,3),(854,1,'classify_1','final',17,136,4),(855,2,'classify_1','final',17,138,4),(856,3,'classify_1','final',17,139,4),(857,4,'classify_1','final',17,140,4),(858,5,'classify_1','final',17,142,4),(859,1,'classify_2','final',17,142,3),(860,2,'classify_2','final',17,139,3),(861,3,'classify_2','final',17,138,3),(862,4,'classify_2','final',17,140,3),(863,5,'classify_2','final',17,136,3),(869,1,'classify_2','final',17,136,4),(870,2,'classify_2','final',17,138,4),(871,3,'classify_2','final',17,139,4),(872,4,'classify_2','final',17,140,4),(873,5,'classify_2','final',17,142,4),(874,1,'classify_2','active',17,136,5),(875,2,'classify_2','active',17,139,5),(876,3,'classify_2','active',17,140,5),(877,4,'classify_2','active',17,138,5),(878,5,'classify_2','active',17,142,5),(879,1,'selection','final',52,145,3),(880,1,'selection','final',52,146,3),(881,1,'selection','final',52,147,3),(882,1,'selection','final',52,148,3),(883,1,'selection','final',52,149,3),(884,1,'selection','final',52,150,3),(885,1,'selection','final',52,151,3),(886,1,'selection','final',52,152,3),(887,1,'selection','final',52,145,4),(888,1,'selection','final',52,146,4),(889,1,'selection','final',52,147,4),(890,1,'selection','final',52,148,4),(891,1,'selection','final',52,149,4),(892,1,'selection','final',52,150,4),(893,1,'selection','final',52,151,4),(894,1,'selection','final',52,152,4),(895,1,'selection','final',52,145,5),(896,1,'selection','final',52,146,5),(897,1,'selection','final',52,147,5),(898,1,'selection','final',52,148,5),(899,1,'selection','final',52,149,5),(900,1,'selection','final',52,150,5),(901,1,'selection','final',52,151,5),(902,1,'selection','final',52,152,5),(903,1,'classify_1','final',52,151,3),(904,2,'classify_1','final',52,146,3),(905,3,'classify_1','final',52,150,3),(906,4,'classify_1','final',52,149,3),(907,5,'classify_1','final',52,148,3),(908,6,'classify_1','final',52,145,3),(909,7,'classify_1','final',52,147,3),(910,8,'classify_1','final',52,152,3),(911,1,'classify_1','final',52,151,4),(912,2,'classify_1','final',52,150,4),(913,3,'classify_1','final',52,146,4),(914,4,'classify_1','final',52,147,4),(915,5,'classify_1','final',52,149,4),(916,6,'classify_1','final',52,145,4),(917,7,'classify_1','final',52,148,4),(918,8,'classify_1','final',52,152,4),(919,1,'classify_1','final',52,151,5),(920,2,'classify_1','final',52,150,5),(921,3,'classify_1','final',52,146,5),(922,4,'classify_1','final',52,147,5),(923,5,'classify_1','final',52,149,5),(924,6,'classify_1','final',52,145,5),(925,7,'classify_1','final',52,148,5),(926,8,'classify_1','final',52,152,5),(927,1,'classify_2','final',52,151,3),(928,2,'classify_2','final',52,146,3),(929,3,'classify_2','final',52,150,3),(930,4,'classify_2','final',52,149,3),(931,5,'classify_2','final',52,147,3),(932,6,'classify_2','final',52,145,3),(933,1,'classify_2','final',52,151,4),(934,2,'classify_2','final',52,150,4),(935,3,'classify_2','final',52,149,4),(936,4,'classify_2','final',52,146,4),(937,5,'classify_2','final',52,147,4),(938,6,'classify_2','final',52,145,4),(939,1,'classify_2','final',52,151,5),(940,2,'classify_2','final',52,150,5),(941,3,'classify_2','final',52,146,5),(942,4,'classify_2','final',52,149,5),(943,5,'classify_2','final',52,145,5),(944,6,'classify_2','final',52,147,5),(953,1,'selection','final',53,155,4),(954,1,'selection','final',53,157,4),(955,1,'selection','final',53,156,4),(956,1,'selection','final',53,158,4),(957,1,'selection','final',53,155,3),(958,1,'selection','final',53,156,3),(959,1,'selection','final',53,155,5),(960,1,'selection','final',53,156,5),(961,1,'classify_1','final',53,155,5),(962,2,'classify_1','final',53,156,5),(963,1,'classify_1','final',53,155,3),(964,2,'classify_1','final',53,156,3),(965,1,'classify_1','final',53,155,4),(966,2,'classify_1','final',53,156,4),(967,1,'classify_2','final',53,155,4),(968,2,'classify_2','final',53,156,4),(969,1,'classify_2','final',53,155,3),(970,2,'classify_2','final',53,156,3),(971,1,'classify_2','final',53,155,5),(972,2,'classify_2','final',53,156,5),(973,1,'selection','final',20,159,4),(974,1,'selection','final',20,161,4),(975,1,'selection','final',20,162,4),(976,1,'selection','final',20,164,4),(977,1,'selection','final',20,166,4),(978,1,'selection','final',20,169,4),(979,1,'selection','final',20,170,4),(980,1,'selection','final',20,171,4),(981,1,'selection','final',20,172,4),(982,1,'selection','final',20,174,4),(983,1,'selection','final',20,159,5),(984,1,'selection','final',20,161,5),(985,1,'selection','final',20,162,5),(986,1,'selection','final',20,164,5),(987,1,'selection','final',20,165,5),(988,1,'selection','final',20,166,5),(989,1,'selection','final',20,168,5),(990,1,'selection','final',20,169,5),(991,1,'selection','final',20,170,5),(992,1,'selection','final',20,172,5),(993,1,'selection','final',20,174,5),(994,1,'selection','final',20,159,3),(995,1,'selection','final',20,161,3),(996,1,'selection','final',20,162,3),(997,1,'selection','final',20,163,3),(998,1,'selection','final',20,164,3),(999,1,'selection','final',20,166,3),(1000,1,'selection','final',20,167,3),(1001,1,'selection','final',20,169,3),(1002,1,'selection','final',20,170,3),(1003,1,'selection','final',20,174,3),(1004,1,'classify_1','final',20,166,4),(1005,2,'classify_1','final',20,161,4),(1006,3,'classify_1','final',20,169,4),(1007,4,'classify_1','final',20,159,4),(1008,5,'classify_1','final',20,172,4),(1009,6,'classify_1','final',20,164,4),(1010,7,'classify_1','final',20,174,4),(1011,8,'classify_1','final',20,170,4),(1012,9,'classify_1','final',20,162,4),(1013,1,'classify_1','final',20,161,5),(1014,2,'classify_1','final',20,159,5),(1015,3,'classify_1','final',20,162,5),(1016,4,'classify_1','final',20,166,5),(1017,5,'classify_1','final',20,164,5),(1018,6,'classify_1','final',20,169,5),(1019,7,'classify_1','final',20,174,5),(1020,8,'classify_1','final',20,170,5),(1021,9,'classify_1','final',20,172,5),(1022,1,'classify_1','final',20,161,3),(1023,2,'classify_1','final',20,162,3),(1024,3,'classify_1','final',20,159,3),(1025,4,'classify_1','final',20,174,3),(1026,5,'classify_1','final',20,170,3),(1027,6,'classify_1','final',20,164,3),(1028,7,'classify_1','final',20,172,3),(1029,8,'classify_1','final',20,166,3),(1030,9,'classify_1','final',20,169,3),(1031,1,'classify_2','final',20,161,5),(1032,2,'classify_2','final',20,159,5),(1033,3,'classify_2','final',20,162,5),(1034,4,'classify_2','final',20,166,5),(1035,5,'classify_2','final',20,164,5),(1036,6,'classify_2','final',20,174,5),(1037,1,'classify_2','final',20,161,4),(1038,2,'classify_2','final',20,159,4),(1039,3,'classify_2','final',20,164,4),(1040,4,'classify_2','final',20,174,4),(1041,5,'classify_2','final',20,162,4),(1042,6,'classify_2','final',20,166,4),(1043,1,'classify_2','final',20,161,3),(1044,2,'classify_2','final',20,162,3),(1045,3,'classify_2','final',20,159,3),(1046,4,'classify_2','final',20,174,3),(1047,5,'classify_2','final',20,164,3),(1048,6,'classify_2','final',20,166,3),(1049,1,'selection','final',21,175,4),(1050,1,'selection','final',21,176,4),(1051,1,'selection','final',21,177,4),(1052,1,'selection','final',21,178,4),(1053,1,'selection','final',21,179,4),(1054,1,'selection','final',21,180,4),(1055,1,'selection','final',21,181,4),(1056,1,'selection','final',21,182,4),(1057,1,'selection','final',21,183,4),(1058,1,'selection','final',21,177,3),(1059,1,'selection','final',21,179,3),(1060,1,'selection','final',21,180,3),(1061,1,'selection','final',21,181,3),(1062,1,'selection','final',21,183,3),(1063,1,'selection','final',21,175,5),(1064,1,'selection','final',21,177,5),(1065,1,'selection','final',21,180,5),(1066,1,'selection','final',21,182,5),(1067,1,'selection','final',21,183,5),(1068,1,'classify_1','final',21,183,4),(1069,2,'classify_1','final',21,177,4),(1070,3,'classify_1','final',21,180,4),(1071,4,'classify_1','final',21,182,4),(1072,5,'classify_1','final',21,175,4),(1073,6,'classify_1','final',21,179,4),(1074,7,'classify_1','final',21,181,4),(1075,1,'classify_1','final',21,183,3),(1076,2,'classify_1','final',21,180,3),(1077,3,'classify_1','final',21,177,3),(1078,4,'classify_1','final',21,175,3),(1079,5,'classify_1','final',21,179,3),(1080,6,'classify_1','final',21,181,3),(1081,7,'classify_1','final',21,182,3),(1082,1,'classify_1','final',21,183,5),(1083,2,'classify_1','final',21,177,5),(1084,3,'classify_1','final',21,180,5),(1085,4,'classify_1','final',21,182,5),(1086,5,'classify_1','final',21,179,5),(1087,6,'classify_1','final',21,175,5),(1088,7,'classify_1','final',21,181,5),(1089,1,'classify_2','final',21,183,3),(1090,2,'classify_2','final',21,180,3),(1091,3,'classify_2','final',21,177,3),(1092,4,'classify_2','final',21,175,3),(1093,5,'classify_2','final',21,179,3),(1094,6,'classify_2','final',21,182,3),(1095,1,'classify_2','final',21,183,4),(1096,2,'classify_2','final',21,177,4),(1097,3,'classify_2','final',21,180,4),(1098,4,'classify_2','final',21,182,4),(1099,5,'classify_2','final',21,175,4),(1100,6,'classify_2','final',21,179,4),(1101,1,'classify_2','final',21,183,5),(1102,2,'classify_2','final',21,177,5),(1103,3,'classify_2','final',21,180,5),(1104,4,'classify_2','final',21,182,5),(1105,5,'classify_2','final',21,179,5),(1106,6,'classify_2','final',21,175,5),(1107,1,'selection','final',22,185,5),(1108,1,'selection','final',22,186,5),(1109,1,'selection','final',22,187,5),(1110,1,'selection','final',22,188,5),(1111,1,'selection','final',22,189,5),(1112,1,'selection','final',22,190,5),(1113,1,'selection','final',22,184,3),(1114,1,'selection','final',22,185,3),(1115,1,'selection','final',22,186,3),(1116,1,'selection','final',22,187,3),(1117,1,'selection','final',22,188,3),(1118,1,'selection','final',22,189,3),(1119,1,'selection','final',22,190,3),(1120,1,'selection','final',22,186,4),(1121,1,'selection','final',22,187,4),(1122,1,'selection','final',22,188,4),(1123,1,'selection','final',22,189,4),(1124,1,'classify_1','final',22,186,3),(1125,2,'classify_1','final',22,188,3),(1126,3,'classify_1','final',22,187,3),(1127,4,'classify_1','final',22,189,3),(1128,5,'classify_1','final',22,190,3),(1129,6,'classify_1','final',22,185,3),(1130,1,'classify_1','final',22,186,5),(1131,2,'classify_1','final',22,188,5),(1132,3,'classify_1','final',22,189,5),(1133,4,'classify_1','final',22,187,5),(1134,5,'classify_1','final',22,190,5),(1135,6,'classify_1','final',22,185,5),(1136,1,'classify_1','final',22,186,4),(1137,2,'classify_1','final',22,187,4),(1138,3,'classify_1','final',22,189,4),(1139,4,'classify_1','final',22,188,4),(1140,5,'classify_1','final',22,190,4),(1141,6,'classify_1','final',22,185,4),(1142,1,'classify_2','final',22,186,3),(1143,2,'classify_2','final',22,188,3),(1144,3,'classify_2','final',22,187,3),(1145,4,'classify_2','final',22,189,3),(1146,5,'classify_2','final',22,190,3),(1147,6,'classify_2','final',22,185,3),(1148,1,'classify_2','final',22,186,4),(1149,2,'classify_2','final',22,187,4),(1150,3,'classify_2','final',22,189,4),(1151,4,'classify_2','final',22,188,4),(1152,5,'classify_2','final',22,190,4),(1153,6,'classify_2','final',22,185,4),(1154,1,'classify_2','final',22,186,5),(1155,2,'classify_2','final',22,188,5),(1156,3,'classify_2','final',22,189,5),(1157,4,'classify_2','final',22,187,5),(1158,5,'classify_2','final',22,190,5),(1159,6,'classify_2','final',22,185,5),(1160,1,'selection','final',23,191,5),(1161,1,'selection','final',23,192,5),(1162,1,'selection','final',23,191,4),(1163,1,'selection','final',23,192,4),(1164,1,'selection','final',23,191,3),(1165,1,'selection','final',23,192,3),(1166,1,'classify_1','final',23,192,4),(1167,2,'classify_1','final',23,191,4),(1168,1,'classify_1','final',23,192,5),(1169,2,'classify_1','final',23,191,5),(1170,1,'classify_1','final',23,192,3),(1171,2,'classify_1','final',23,191,3),(1172,1,'classify_2','final',23,192,5),(1173,2,'classify_2','final',23,191,5),(1174,1,'classify_2','final',23,192,4),(1175,2,'classify_2','final',23,191,4),(1176,1,'classify_2','final',23,192,3),(1177,2,'classify_2','final',23,191,3),(1240,1,'selection','final',26,213,5),(1241,1,'selection','final',26,215,5),(1242,1,'selection','final',26,216,5),(1243,1,'selection','final',26,217,5),(1244,1,'selection','final',26,218,5),(1245,1,'selection','final',26,221,5),(1246,1,'selection','final',26,222,5),(1247,1,'selection','final',26,223,5),(1248,1,'selection','final',26,224,5),(1249,1,'selection','final',26,215,3),(1250,1,'selection','final',26,216,3),(1251,1,'selection','final',26,218,3),(1252,1,'selection','final',26,221,3),(1253,1,'selection','final',26,222,3),(1254,1,'selection','final',26,223,3),(1255,1,'selection','final',26,224,3),(1256,1,'selection','final',26,215,4),(1257,1,'selection','final',26,216,4),(1258,1,'selection','final',26,218,4),(1259,1,'selection','final',26,219,4),(1260,1,'selection','final',26,221,4),(1261,1,'selection','final',26,222,4),(1262,1,'selection','final',26,223,4),(1263,1,'selection','final',26,224,4),(1264,1,'classify_1','final',26,218,3),(1265,2,'classify_1','final',26,216,3),(1266,3,'classify_1','final',26,224,3),(1267,4,'classify_1','final',26,221,3),(1268,5,'classify_1','final',26,223,3),(1269,6,'classify_1','final',26,222,3),(1270,7,'classify_1','final',26,215,3),(1271,1,'classify_1','final',26,221,5),(1272,2,'classify_1','final',26,223,5),(1273,3,'classify_1','final',26,224,5),(1274,4,'classify_1','final',26,215,5),(1275,5,'classify_1','final',26,216,5),(1276,6,'classify_1','final',26,218,5),(1277,7,'classify_1','final',26,222,5),(1278,1,'classify_1','final',26,221,4),(1279,2,'classify_1','final',26,223,4),(1280,3,'classify_1','final',26,215,4),(1281,4,'classify_1','final',26,224,4),(1282,5,'classify_1','final',26,222,4),(1283,6,'classify_1','final',26,216,4),(1284,7,'classify_1','final',26,218,4),(1285,1,'classify_2','final',26,221,5),(1286,2,'classify_2','final',26,223,5),(1287,3,'classify_2','final',26,215,5),(1288,4,'classify_2','final',26,224,5),(1289,5,'classify_2','final',26,218,5),(1290,6,'classify_2','final',26,216,5),(1291,1,'classify_2','final',26,221,4),(1292,2,'classify_2','final',26,223,4),(1293,3,'classify_2','final',26,215,4),(1294,4,'classify_2','final',26,224,4),(1295,5,'classify_2','final',26,216,4),(1296,6,'classify_2','final',26,218,4),(1297,1,'classify_2','final',26,218,3),(1298,2,'classify_2','final',26,216,3),(1299,3,'classify_2','final',26,221,3),(1300,4,'classify_2','final',26,224,3),(1301,5,'classify_2','final',26,223,3),(1302,6,'classify_2','final',26,215,3),(1303,1,'selection','final',27,225,3),(1304,1,'selection','final',27,226,3),(1305,1,'selection','final',27,227,3),(1306,1,'selection','final',27,228,3),(1307,1,'selection','final',27,229,3),(1308,1,'selection','final',27,231,3),(1309,1,'selection','final',27,232,3),(1310,1,'selection','final',27,227,5),(1311,1,'selection','final',27,228,5),(1312,1,'selection','final',27,229,5),(1313,1,'selection','final',27,230,5),(1314,1,'selection','final',27,231,5),(1315,1,'selection','final',27,232,5),(1316,1,'selection','final',27,225,4),(1317,1,'selection','final',27,227,4),(1318,1,'selection','final',27,228,4),(1319,1,'selection','final',27,229,4),(1320,1,'selection','final',27,230,4),(1321,1,'selection','final',27,231,4),(1322,1,'selection','final',27,232,4),(1323,1,'classify_1','final',27,231,4),(1324,2,'classify_1','final',27,228,4),(1325,3,'classify_1','final',27,229,4),(1326,4,'classify_1','final',27,225,4),(1327,5,'classify_1','final',27,227,4),(1328,6,'classify_1','final',27,232,4),(1329,7,'classify_1','final',27,230,4),(1330,1,'classify_1','final',27,231,5),(1331,2,'classify_1','final',27,229,5),(1332,3,'classify_1','final',27,227,5),(1333,4,'classify_1','final',27,228,5),(1334,5,'classify_1','final',27,230,5),(1335,6,'classify_1','final',27,232,5),(1336,7,'classify_1','final',27,225,5),(1337,1,'classify_1','final',27,229,3),(1338,2,'classify_1','final',27,231,3),(1339,3,'classify_1','final',27,225,3),(1340,4,'classify_1','final',27,227,3),(1341,5,'classify_1','final',27,228,3),(1342,6,'classify_1','final',27,232,3),(1343,7,'classify_1','final',27,230,3),(1344,1,'classify_2','final',27,231,4),(1345,2,'classify_2','final',27,229,4),(1346,3,'classify_2','final',27,227,4),(1347,4,'classify_2','final',27,228,4),(1348,5,'classify_2','final',27,225,4),(1349,6,'classify_2','final',27,232,4),(1350,1,'classify_2','final',27,229,3),(1351,2,'classify_2','final',27,231,3),(1352,3,'classify_2','final',27,225,3),(1353,4,'classify_2','final',27,227,3),(1354,5,'classify_2','final',27,228,3),(1355,6,'classify_2','final',27,232,3),(1356,1,'classify_2','final',27,231,5),(1357,2,'classify_2','final',27,229,5),(1358,3,'classify_2','final',27,227,5),(1359,4,'classify_2','final',27,228,5),(1360,5,'classify_2','final',27,232,5),(1361,6,'classify_2','final',27,225,5),(1362,1,'selection','final',28,233,3),(1363,1,'selection','final',28,234,3),(1364,1,'selection','final',28,233,5),(1365,1,'selection','final',28,234,5),(1366,1,'selection','final',28,233,4),(1367,1,'selection','final',28,234,4),(1368,1,'classify_1','final',28,233,4),(1369,2,'classify_1','final',28,234,4),(1370,1,'classify_1','final',28,234,3),(1371,2,'classify_1','final',28,233,3),(1374,1,'classify_1','final',28,234,5),(1375,2,'classify_1','final',28,233,5),(1376,1,'classify_2','final',28,234,5),(1377,2,'classify_2','final',28,233,5),(1378,1,'classify_2','final',28,233,4),(1379,2,'classify_2','final',28,234,4),(1380,1,'classify_2','final',28,234,3),(1381,2,'classify_2','final',28,233,3),(1382,1,'selection','final',29,236,3),(1383,1,'selection','final',29,237,3),(1384,1,'selection','final',29,238,3),(1385,1,'selection','final',29,240,3),(1386,1,'selection','final',29,241,3),(1387,1,'selection','final',29,242,3),(1388,1,'selection','final',29,243,3),(1389,1,'selection','final',29,244,3),(1390,1,'selection','final',29,235,4),(1391,1,'selection','final',29,236,4),(1392,1,'selection','final',29,237,4),(1393,1,'selection','final',29,238,4),(1394,1,'selection','final',29,239,4),(1395,1,'selection','final',29,243,4),(1396,1,'selection','final',29,244,4),(1397,1,'selection','final',29,235,5),(1398,1,'selection','final',29,236,5),(1399,1,'selection','final',29,237,5),(1400,1,'selection','final',29,238,5),(1401,1,'selection','final',29,243,5),(1402,1,'selection','final',29,244,5),(1403,1,'classify_1','final',29,237,3),(1404,2,'classify_1','final',29,236,3),(1405,3,'classify_1','final',29,244,3),(1406,4,'classify_1','final',29,238,3),(1407,5,'classify_1','final',29,243,3),(1408,6,'classify_1','final',29,235,3),(1409,1,'classify_1','final',29,237,5),(1410,2,'classify_1','final',29,244,5),(1411,3,'classify_1','final',29,238,5),(1412,4,'classify_1','final',29,236,5),(1413,5,'classify_1','final',29,235,5),(1414,6,'classify_1','final',29,243,5),(1415,1,'classify_1','final',29,237,4),(1416,2,'classify_1','final',29,244,4),(1417,3,'classify_1','final',29,236,4),(1418,4,'classify_1','final',29,238,4),(1419,5,'classify_1','final',29,235,4),(1420,6,'classify_1','final',29,243,4),(1421,1,'classify_2','final',29,237,3),(1422,2,'classify_2','final',29,236,3),(1423,3,'classify_2','final',29,244,3),(1424,4,'classify_2','final',29,238,3),(1425,5,'classify_2','final',29,243,3),(1426,6,'classify_2','final',29,235,3),(1427,1,'classify_2','final',29,237,5),(1428,2,'classify_2','final',29,244,5),(1429,3,'classify_2','final',29,238,5),(1430,4,'classify_2','final',29,236,5),(1431,5,'classify_2','final',29,235,5),(1432,6,'classify_2','final',29,243,5),(1433,1,'classify_2','final',29,237,4),(1434,2,'classify_2','final',29,244,4),(1435,3,'classify_2','final',29,236,4),(1436,4,'classify_2','final',29,238,4),(1437,5,'classify_2','final',29,235,4),(1438,6,'classify_2','final',29,243,4),(1439,1,'selection','final',31,245,4),(1440,1,'selection','final',31,246,4),(1441,1,'selection','final',31,248,4),(1442,1,'selection','final',31,249,4),(1443,1,'selection','final',31,252,4),(1444,1,'selection','final',31,246,5),(1445,1,'selection','final',31,248,5),(1446,1,'selection','final',31,249,5),(1447,1,'selection','final',31,251,5),(1448,1,'selection','final',31,252,5),(1449,1,'selection','final',31,253,5),(1450,1,'selection','final',31,245,3),(1451,1,'selection','final',31,246,3),(1452,1,'selection','final',31,248,3),(1453,1,'selection','final',31,249,3),(1454,1,'selection','final',31,251,3),(1455,1,'selection','final',31,252,3),(1456,1,'selection','final',31,253,3),(1457,1,'classify_1','final',31,246,4),(1458,2,'classify_1','final',31,249,4),(1459,3,'classify_1','final',31,248,4),(1460,4,'classify_1','final',31,245,4),(1461,5,'classify_1','final',31,251,4),(1462,6,'classify_1','final',31,253,4),(1463,7,'classify_1','final',31,252,4),(1464,1,'classify_1','final',31,246,5),(1465,2,'classify_1','final',31,248,5),(1466,3,'classify_1','final',31,249,5),(1467,4,'classify_1','final',31,253,5),(1468,5,'classify_1','final',31,252,5),(1469,6,'classify_1','final',31,251,5),(1470,7,'classify_1','final',31,245,5),(1471,1,'classify_1','final',31,246,3),(1472,2,'classify_1','final',31,248,3),(1473,3,'classify_1','final',31,245,3),(1474,4,'classify_1','final',31,249,3),(1475,5,'classify_1','final',31,252,3),(1476,6,'classify_1','final',31,251,3),(1477,7,'classify_1','final',31,253,3),(1478,1,'classify_2','final',31,246,4),(1479,2,'classify_2','final',31,248,4),(1480,3,'classify_2','final',31,245,4),(1481,4,'classify_2','final',31,249,4),(1482,5,'classify_2','final',31,251,4),(1483,6,'classify_2','final',31,252,4),(1484,1,'classify_2','final',31,246,5),(1485,2,'classify_2','final',31,248,5),(1486,3,'classify_2','final',31,249,5),(1487,4,'classify_2','final',31,251,5),(1488,5,'classify_2','final',31,252,5),(1489,6,'classify_2','final',31,245,5),(1490,1,'classify_2','final',31,246,3),(1491,2,'classify_2','final',31,248,3),(1492,3,'classify_2','final',31,245,3),(1493,4,'classify_2','final',31,252,3),(1494,5,'classify_2','final',31,249,3),(1495,6,'classify_2','final',31,251,3),(1500,1,'selection','final',32,255,5),(1501,1,'selection','final',32,255,5),(1502,1,'selection','final',32,256,5),(1503,1,'selection','final',32,256,5),(1504,1,'selection','final',32,257,5),(1505,1,'selection','final',32,257,5),(1506,1,'selection','final',32,259,5),(1507,1,'selection','final',32,259,5),(1508,1,'selection','final',32,254,4),(1509,1,'selection','final',32,255,4),(1510,1,'selection','final',32,256,4),(1511,1,'selection','final',32,257,4),(1512,1,'selection','final',32,259,4),(1513,1,'classify_1','final',32,259,3),(1514,2,'classify_1','final',32,256,3),(1515,3,'classify_1','final',32,257,3),(1516,4,'classify_1','final',32,255,3),(1517,1,'classify_1','final',32,259,4),(1518,2,'classify_1','final',32,256,4),(1519,3,'classify_1','final',32,257,4),(1520,4,'classify_1','final',32,255,4),(1521,1,'classify_1','final',32,259,5),(1522,2,'classify_1','final',32,256,5),(1523,3,'classify_1','final',32,257,5),(1524,4,'classify_1','final',32,255,5),(1525,1,'classify_2','final',32,259,4),(1526,2,'classify_2','final',32,256,4),(1527,3,'classify_2','final',32,257,4),(1528,4,'classify_2','final',32,255,4),(1529,1,'classify_2','final',32,259,3),(1530,2,'classify_2','final',32,256,3),(1531,3,'classify_2','final',32,257,3),(1532,4,'classify_2','final',32,255,3),(1533,1,'classify_2','final',32,259,5),(1534,2,'classify_2','final',32,256,5),(1535,3,'classify_2','final',32,257,5),(1536,4,'classify_2','final',32,255,5),(1537,1,'selection','final',33,261,3),(1538,1,'selection','final',33,262,3),(1539,1,'selection','final',33,263,3),(1540,1,'selection','final',33,264,3),(1541,1,'selection','final',33,265,3),(1542,1,'selection','final',33,266,3),(1543,1,'selection','final',33,267,3),(1544,1,'selection','final',33,268,3),(1545,1,'selection','final',33,261,4),(1546,1,'selection','final',33,263,4),(1547,1,'selection','final',33,264,4),(1548,1,'selection','final',33,266,4),(1549,1,'selection','final',33,268,4),(1557,1,'selection','final',33,260,5),(1558,1,'selection','final',33,262,5),(1559,1,'selection','final',33,263,5),(1560,1,'selection','final',33,264,5),(1561,1,'selection','final',33,265,5),(1562,1,'selection','final',33,266,5),(1563,1,'selection','final',33,267,5),(1564,1,'classify_1','final',33,268,3),(1565,2,'classify_1','final',33,263,3),(1566,3,'classify_1','final',33,266,3),(1567,4,'classify_1','final',33,265,3),(1568,5,'classify_1','final',33,261,3),(1569,6,'classify_1','final',33,267,3),(1570,7,'classify_1','final',33,262,3),(1571,8,'classify_1','final',33,264,3),(1572,1,'classify_1','final',33,265,5),(1573,2,'classify_1','final',33,263,5),(1574,3,'classify_1','final',33,268,5),(1575,4,'classify_1','final',33,267,5),(1576,5,'classify_1','final',33,266,5),(1577,6,'classify_1','final',33,261,5),(1578,7,'classify_1','final',33,262,5),(1579,8,'classify_1','final',33,264,5),(1580,1,'classify_1','final',33,263,4),(1581,2,'classify_1','final',33,268,4),(1582,3,'classify_1','final',33,266,4),(1583,4,'classify_1','final',33,261,4),(1584,5,'classify_1','final',33,265,4),(1585,6,'classify_1','final',33,264,4),(1586,7,'classify_1','final',33,262,4),(1587,8,'classify_1','final',33,267,4),(1588,1,'classify_2','final',33,265,5),(1589,2,'classify_2','final',33,263,5),(1590,3,'classify_2','final',33,267,5),(1591,4,'classify_2','final',33,268,5),(1592,5,'classify_2','final',33,266,5),(1593,6,'classify_2','final',33,261,5),(1594,1,'classify_2','final',33,268,3),(1595,2,'classify_2','final',33,263,3),(1596,3,'classify_2','final',33,266,3),(1597,4,'classify_2','final',33,265,3),(1598,5,'classify_2','final',33,261,3),(1599,6,'classify_2','final',33,267,3),(1600,1,'classify_2','final',33,263,4),(1601,2,'classify_2','final',33,268,4),(1602,3,'classify_2','final',33,266,4),(1603,4,'classify_2','final',33,261,4),(1604,5,'classify_2','final',33,265,4),(1605,6,'classify_2','final',33,267,4),(1606,1,'selection','final',34,269,5),(1607,1,'selection','final',34,270,5),(1608,1,'selection','final',34,269,4),(1609,1,'selection','final',34,270,4),(1610,1,'selection','final',34,269,3),(1611,1,'selection','final',34,270,3),(1612,1,'classify_1','final',34,269,5),(1613,2,'classify_1','final',34,270,5),(1614,1,'classify_1','final',34,269,4),(1615,2,'classify_1','final',34,270,4),(1616,1,'classify_1','final',34,270,3),(1617,2,'classify_1','final',34,269,3),(1618,1,'classify_2','final',34,270,3),(1619,2,'classify_2','final',34,269,3),(1620,1,'classify_2','final',34,269,5),(1621,2,'classify_2','final',34,270,5),(1622,1,'classify_2','final',34,269,4),(1623,2,'classify_2','final',34,270,4),(1624,1,'selection','final',35,271,3),(1625,1,'selection','final',35,272,3),(1626,1,'selection','final',35,273,3),(1627,1,'selection','final',35,274,3),(1628,1,'selection','final',35,275,3),(1629,1,'selection','final',35,271,4),(1630,1,'selection','final',35,272,4),(1631,1,'selection','final',35,273,4),(1632,1,'selection','final',35,274,4),(1633,1,'selection','final',35,275,4),(1634,1,'selection','final',35,271,5),(1635,1,'selection','final',35,272,5),(1636,1,'selection','final',35,273,5),(1637,1,'classify_1','final',35,272,4),(1638,2,'classify_1','final',35,271,4),(1639,3,'classify_1','final',35,273,4),(1640,4,'classify_1','final',35,274,4),(1641,5,'classify_1','final',35,275,4),(1642,1,'classify_1','final',35,271,3),(1643,2,'classify_1','final',35,272,3),(1644,3,'classify_1','final',35,273,3),(1645,4,'classify_1','final',35,274,3),(1646,5,'classify_1','final',35,275,3),(1647,1,'classify_1','final',35,271,5),(1648,2,'classify_1','final',35,272,5),(1649,3,'classify_1','final',35,273,5),(1650,4,'classify_1','final',35,274,5),(1651,5,'classify_1','final',35,275,5),(1652,1,'classify_2','final',35,272,4),(1653,2,'classify_2','final',35,271,4),(1654,3,'classify_2','final',35,273,4),(1655,4,'classify_2','final',35,274,4),(1656,5,'classify_2','final',35,275,4),(1657,1,'classify_2','final',35,271,3),(1658,2,'classify_2','final',35,272,3),(1659,3,'classify_2','final',35,273,3),(1660,4,'classify_2','final',35,274,3),(1661,5,'classify_2','final',35,275,3),(1662,1,'classify_2','final',35,272,5),(1663,2,'classify_2','final',35,271,5),(1664,3,'classify_2','final',35,273,5),(1665,4,'classify_2','final',35,274,5),(1666,5,'classify_2','final',35,275,5),(1667,1,'selection','final',37,276,5),(1668,1,'selection','final',37,277,5),(1669,1,'selection','final',37,276,4),(1670,1,'selection','final',37,277,4),(1671,1,'selection','final',37,278,4),(1672,1,'selection','final',37,279,4),(1673,1,'selection','final',37,280,4),(1674,1,'selection','final',37,276,3),(1675,1,'selection','final',37,277,3),(1676,1,'selection','final',37,278,3),(1677,1,'selection','final',37,279,3),(1678,1,'selection','final',37,280,3),(1679,1,'classify_1','final',37,276,4),(1680,2,'classify_1','final',37,277,4),(1681,3,'classify_1','final',37,279,4),(1682,4,'classify_1','final',37,278,4),(1683,5,'classify_1','final',37,280,4),(1684,1,'classify_1','final',37,276,3),(1685,2,'classify_1','final',37,279,3),(1686,3,'classify_1','final',37,277,3),(1687,4,'classify_1','final',37,278,3),(1688,5,'classify_1','final',37,280,3),(1689,1,'classify_1','final',37,276,5),(1690,2,'classify_1','final',37,277,5),(1691,3,'classify_1','final',37,280,5),(1692,4,'classify_1','final',37,279,5),(1693,5,'classify_1','final',37,278,5),(1694,1,'classify_2','final',37,276,5),(1695,2,'classify_2','final',37,277,5),(1696,3,'classify_2','final',37,280,5),(1697,4,'classify_2','final',37,279,5),(1698,5,'classify_2','final',37,278,5),(1699,1,'classify_2','final',37,276,4),(1700,2,'classify_2','final',37,277,4),(1701,3,'classify_2','final',37,279,4),(1702,4,'classify_2','final',37,278,4),(1703,5,'classify_2','final',37,280,4),(1704,1,'classify_2','final',37,276,3),(1705,2,'classify_2','final',37,279,3),(1706,3,'classify_2','final',37,277,3),(1707,4,'classify_2','final',37,278,3),(1708,5,'classify_2','final',37,280,3),(1722,1,'selection','final',41,284,5),(1723,1,'selection','final',41,285,5),(1724,1,'selection','final',41,286,5),(1725,1,'selection','final',41,284,3),(1726,1,'selection','final',41,285,3),(1727,1,'selection','final',41,286,3),(1728,1,'selection','final',41,287,3),(1729,1,'selection','final',41,284,4),(1730,1,'selection','final',41,285,4),(1731,1,'selection','final',41,286,4),(1732,1,'selection','final',41,287,4),(1733,1,'classify_1','final',41,286,3),(1734,2,'classify_1','final',41,284,3),(1735,3,'classify_1','final',41,285,3),(1736,4,'classify_1','final',41,287,3),(1737,1,'classify_1','final',41,286,4),(1738,2,'classify_1','final',41,284,4),(1739,3,'classify_1','final',41,285,4),(1740,4,'classify_1','final',41,287,4),(1741,1,'classify_1','final',41,284,5),(1742,2,'classify_1','final',41,286,5),(1743,3,'classify_1','final',41,285,5),(1744,4,'classify_1','final',41,287,5),(1745,1,'classify_2','final',41,286,4),(1746,2,'classify_2','final',41,284,4),(1747,3,'classify_2','final',41,285,4),(1748,4,'classify_2','final',41,287,4),(1749,1,'classify_2','final',41,284,5),(1750,2,'classify_2','final',41,285,5),(1751,3,'classify_2','final',41,286,5),(1752,4,'classify_2','final',41,287,5),(1753,1,'classify_2','final',41,286,3),(1754,2,'classify_2','final',41,284,3),(1755,3,'classify_2','final',41,285,3),(1756,4,'classify_2','final',41,287,3),(1803,1,'selection','final',43,302,3),(1804,1,'selection','final',43,303,3),(1805,1,'selection','final',43,304,3),(1806,1,'selection','final',43,302,5),(1807,1,'selection','final',43,303,5),(1808,1,'selection','final',43,302,4),(1809,1,'selection','final',43,303,4),(1810,1,'classify_1','final',43,302,5),(1811,2,'classify_1','final',43,303,5),(1812,1,'classify_1','final',43,302,4),(1813,2,'classify_1','final',43,303,4),(1814,1,'classify_1','final',43,302,3),(1815,2,'classify_1','final',43,303,3),(1816,1,'classify_2','final',43,302,3),(1817,2,'classify_2','final',43,303,3),(1818,1,'classify_2','final',43,302,5),(1819,2,'classify_2','final',43,303,5),(1820,1,'classify_2','final',43,302,4),(1821,2,'classify_2','final',43,303,4),(1822,1,'selection','final',44,305,4),(1823,1,'selection','final',44,305,5),(1824,1,'selection','final',44,305,3),(1825,1,'classify_1','final',44,305,5),(1826,1,'classify_1','final',44,305,4),(1827,1,'classify_1','final',44,305,3),(1828,1,'classify_2','final',44,305,3),(1829,1,'classify_2','final',44,305,5),(1830,1,'classify_2','final',44,305,4),(1831,1,'selection','final',45,306,5),(1832,1,'selection','final',45,307,5),(1833,1,'selection','final',45,308,5),(1834,1,'selection','final',45,306,3),(1835,1,'selection','final',45,307,3),(1836,1,'selection','final',45,308,3),(1837,1,'selection','final',45,306,4),(1838,1,'selection','final',45,307,4),(1839,1,'selection','final',45,308,4),(1840,1,'classify_1','final',45,306,5),(1841,2,'classify_1','final',45,307,5),(1842,3,'classify_1','final',45,308,5),(1843,1,'classify_1','final',45,306,4),(1844,2,'classify_1','final',45,307,4),(1845,3,'classify_1','final',45,308,4),(1846,1,'classify_1','final',45,308,3),(1847,2,'classify_1','final',45,306,3),(1848,3,'classify_1','final',45,307,3),(1849,1,'classify_2','final',45,308,3),(1850,2,'classify_2','final',45,306,3),(1851,3,'classify_2','final',45,307,3),(1852,1,'classify_2','final',45,306,4),(1853,2,'classify_2','final',45,307,4),(1854,3,'classify_2','final',45,308,4),(1855,1,'classify_2','final',45,306,5),(1856,2,'classify_2','final',45,308,5),(1857,3,'classify_2','final',45,307,5),(1858,1,'selection','final',46,309,5),(1859,1,'selection','final',46,310,5),(1860,1,'selection','final',46,309,3),(1861,1,'selection','final',46,310,3),(1862,1,'selection','final',46,309,4),(1863,1,'selection','final',46,310,4),(1864,1,'classify_1','final',46,310,5),(1865,2,'classify_1','final',46,309,5),(1866,1,'classify_1','final',46,310,4),(1867,2,'classify_1','final',46,309,4),(1868,1,'classify_1','final',46,310,3),(1869,2,'classify_1','final',46,309,3),(1870,1,'classify_2','final',46,310,4),(1871,2,'classify_2','final',46,309,4),(1872,1,'classify_2','final',46,310,3),(1873,2,'classify_2','final',46,309,3),(1874,1,'classify_2','final',46,310,5),(1875,2,'classify_2','final',46,309,5),(1876,1,'selection','final',47,311,3),(1877,1,'selection','final',47,312,3),(1878,1,'selection','final',47,313,3),(1879,1,'selection','final',47,311,5),(1880,1,'selection','final',47,312,5),(1881,1,'selection','final',47,313,5),(1882,1,'selection','final',47,311,4),(1883,1,'selection','final',47,312,4),(1884,1,'selection','final',47,313,4),(1885,1,'classify_1','final',47,313,4),(1886,2,'classify_1','final',47,311,4),(1887,3,'classify_1','final',47,312,4),(1888,1,'classify_1','final',47,313,5),(1889,2,'classify_1','final',47,312,5),(1890,3,'classify_1','final',47,311,5),(1891,1,'classify_1','final',47,313,3),(1892,2,'classify_1','final',47,311,3),(1893,3,'classify_1','final',47,312,3),(1894,1,'classify_2','final',47,313,3),(1895,2,'classify_2','final',47,311,3),(1896,3,'classify_2','final',47,312,3),(1897,1,'classify_2','final',47,313,5),(1898,2,'classify_2','final',47,311,5),(1899,3,'classify_2','final',47,312,5),(1900,1,'classify_2','final',47,313,4),(1901,2,'classify_2','final',47,311,4),(1902,3,'classify_2','final',47,312,4),(1903,1,'selection','final',60,314,3),(1904,1,'selection','final',60,314,4),(1905,1,'selection','final',60,314,5),(1906,1,'classify_1','final',60,314,3),(1907,1,'classify_1','final',60,314,4),(1908,1,'classify_1','final',60,314,5),(1909,1,'classify_2','final',60,314,3),(1910,1,'classify_2','final',60,314,4),(1911,1,'classify_2','final',60,314,5),(1912,1,'selection','final',59,315,3),(1913,1,'selection','final',59,315,4),(1914,1,'selection','final',59,315,5),(1915,1,'classify_1','final',59,315,5),(1916,1,'classify_1','final',59,315,4),(1917,1,'classify_1','final',59,315,3),(1918,1,'classify_2','final',59,315,3),(1919,1,'classify_2','final',59,315,4),(1920,1,'classify_2','final',59,315,5),(1921,1,'selection','final',58,316,3),(1922,1,'selection','final',58,316,4),(1923,1,'selection','final',58,316,5),(1924,1,'classify_1','final',58,316,5),(1925,1,'classify_1','final',58,316,4),(1926,1,'classify_1','final',58,316,3),(1927,1,'classify_2','final',58,316,3),(1928,1,'classify_2','final',58,316,4),(1929,1,'classify_2','final',58,316,5),(1930,1,'selection','final',55,317,3),(1931,1,'selection','final',55,318,3),(1932,1,'selection','final',55,319,3),(1933,1,'selection','final',55,320,3),(1934,1,'selection','final',55,321,3),(1935,1,'selection','final',55,317,4),(1936,1,'selection','final',55,318,4),(1937,1,'selection','final',55,319,4),(1938,1,'selection','final',55,320,4),(1939,1,'selection','final',55,321,4),(1940,1,'selection','final',55,317,5),(1941,1,'selection','final',55,318,5),(1942,1,'selection','final',55,319,5),(1943,1,'selection','final',55,320,5),(1944,1,'selection','final',55,321,5),(1945,1,'classify_1','final',55,320,5),(1946,2,'classify_1','final',55,317,5),(1947,3,'classify_1','final',55,318,5),(1948,4,'classify_1','final',55,321,5),(1949,5,'classify_1','final',55,319,5),(1950,1,'classify_1','final',55,320,4),(1951,2,'classify_1','final',55,317,4),(1952,3,'classify_1','final',55,318,4),(1953,4,'classify_1','final',55,319,4),(1954,5,'classify_1','final',55,321,4),(1955,1,'classify_1','final',55,320,3),(1956,2,'classify_1','final',55,318,3),(1957,3,'classify_1','final',55,317,3),(1958,4,'classify_1','final',55,321,3),(1959,5,'classify_1','final',55,319,3),(1960,1,'classify_2','final',55,320,3),(1961,2,'classify_2','final',55,318,3),(1962,3,'classify_2','final',55,317,3),(1963,4,'classify_2','final',55,321,3),(1964,5,'classify_2','final',55,319,3),(1965,1,'classify_2','final',55,320,4),(1966,2,'classify_2','final',55,317,4),(1967,3,'classify_2','final',55,318,4),(1968,4,'classify_2','final',55,319,4),(1969,5,'classify_2','final',55,321,4),(1970,1,'classify_2','final',55,320,5),(1971,2,'classify_2','final',55,317,5),(1972,3,'classify_2','final',55,318,5),(1973,4,'classify_2','final',55,319,5),(1974,5,'classify_2','final',55,321,5),(2035,1,'selection','final',64,337,3),(2036,1,'selection','final',64,338,3),(2037,1,'selection','final',64,339,3),(2038,1,'selection','final',64,340,3),(2039,1,'selection','final',64,341,3),(2040,1,'selection','final',64,342,3),(2041,1,'selection','final',64,343,3),(2042,1,'selection','final',64,337,4),(2043,1,'selection','final',64,338,4),(2044,1,'selection','final',64,339,4),(2045,1,'selection','final',64,340,4),(2046,1,'selection','final',64,341,4),(2047,1,'selection','final',64,342,4),(2048,1,'selection','final',64,343,4),(2049,1,'selection','final',64,337,5),(2050,1,'selection','final',64,338,5),(2051,1,'selection','final',64,339,5),(2052,1,'selection','final',64,340,5),(2053,1,'selection','final',64,341,5),(2054,1,'selection','final',64,342,5),(2055,1,'selection','final',64,343,5),(2056,1,'classify_1','final',64,337,5),(2057,2,'classify_1','final',64,339,5),(2058,3,'classify_1','final',64,341,5),(2059,4,'classify_1','final',64,338,5),(2060,5,'classify_1','final',64,342,5),(2061,6,'classify_1','final',64,340,5),(2062,7,'classify_1','final',64,343,5),(2063,1,'classify_1','final',64,339,4),(2064,2,'classify_1','final',64,337,4),(2065,3,'classify_1','final',64,341,4),(2066,4,'classify_1','final',64,338,4),(2067,5,'classify_1','final',64,342,4),(2068,6,'classify_1','final',64,340,4),(2069,7,'classify_1','final',64,343,4),(2070,1,'classify_1','final',64,337,3),(2071,2,'classify_1','final',64,339,3),(2072,3,'classify_1','final',64,341,3),(2073,4,'classify_1','final',64,338,3),(2074,5,'classify_1','final',64,342,3),(2075,6,'classify_1','final',64,340,3),(2076,7,'classify_1','final',64,343,3),(2077,1,'classify_2','final',64,337,3),(2078,2,'classify_2','final',64,339,3),(2079,3,'classify_2','final',64,341,3),(2080,4,'classify_2','final',64,338,3),(2081,5,'classify_2','final',64,342,3),(2082,6,'classify_2','final',64,340,3),(2083,1,'classify_2','final',64,339,4),(2084,2,'classify_2','final',64,337,4),(2085,3,'classify_2','final',64,341,4),(2086,4,'classify_2','final',64,338,4),(2087,5,'classify_2','final',64,342,4),(2088,6,'classify_2','final',64,340,4),(2089,1,'classify_2','final',64,337,5),(2090,2,'classify_2','final',64,339,5),(2091,3,'classify_2','final',64,341,5),(2092,4,'classify_2','final',64,338,5),(2093,5,'classify_2','final',64,342,5),(2094,6,'classify_2','final',64,340,5),(2095,1,'selection','final',25,344,3),(2096,1,'selection','final',25,345,3),(2097,1,'selection','final',25,344,4),(2098,1,'selection','final',25,345,4),(2099,1,'selection','final',25,344,5),(2100,1,'selection','final',25,345,5),(2101,1,'classify_1','final',25,344,5),(2102,2,'classify_1','final',25,345,5),(2103,1,'classify_1','final',25,344,4),(2104,2,'classify_1','final',25,345,4),(2105,1,'classify_1','final',25,344,3),(2106,2,'classify_1','final',25,345,3),(2107,1,'classify_2','final',25,344,3),(2108,2,'classify_2','final',25,345,3),(2109,1,'classify_2','final',25,344,4),(2110,2,'classify_2','final',25,345,4),(2111,1,'classify_2','final',25,344,5),(2112,2,'classify_2','final',25,345,5),(2113,1,'selection','final',65,346,5),(2114,1,'selection','final',65,346,8),(2115,1,'selection','final',65,346,9),(2116,1,'classify_1','final',65,346,5),(2117,1,'classify_1','final',65,346,9),(2118,1,'classify_1','final',65,346,8),(2119,1,'classify_2','final',65,346,8),(2120,1,'classify_2','final',65,346,5),(2121,1,'classify_2','final',65,346,9),(2122,1,'selection','final',66,347,8),(2123,1,'selection','final',66,347,9),(2124,1,'selection','final',66,347,5),(2125,1,'classify_1','final',66,347,5),(2126,1,'classify_1','final',66,347,9),(2127,1,'classify_1','final',66,347,8),(2128,1,'classify_2','final',66,347,8),(2129,1,'classify_2','final',66,347,5),(2130,1,'classify_2','final',66,347,9),(2131,1,'selection','final',68,349,5),(2132,1,'selection','final',68,350,5),(2133,1,'selection','final',68,351,5),(2134,1,'selection','final',68,352,5),(2135,1,'selection','final',68,349,8),(2136,1,'selection','final',68,350,8),(2137,1,'selection','final',68,351,8),(2138,1,'selection','final',68,352,8),(2139,1,'selection','final',68,349,9),(2140,1,'selection','final',68,350,9),(2141,1,'selection','final',68,351,9),(2142,1,'selection','final',68,352,9),(2143,1,'classify_1','final',68,352,5),(2144,2,'classify_1','final',68,349,5),(2145,3,'classify_1','final',68,351,5),(2146,4,'classify_1','final',68,350,5),(2147,1,'classify_1','final',68,352,8),(2148,2,'classify_1','final',68,351,8),(2149,3,'classify_1','final',68,349,8),(2150,4,'classify_1','final',68,350,8),(2151,1,'classify_1','final',68,352,9),(2152,2,'classify_1','final',68,349,9),(2153,3,'classify_1','final',68,351,9),(2154,4,'classify_1','final',68,350,9),(2155,1,'classify_2','final',68,352,5),(2156,2,'classify_2','final',68,349,5),(2157,3,'classify_2','final',68,351,5),(2158,4,'classify_2','final',68,350,5),(2159,1,'classify_2','final',68,352,8),(2160,2,'classify_2','final',68,349,8),(2161,3,'classify_2','final',68,351,8),(2162,4,'classify_2','final',68,350,8),(2163,1,'classify_2','final',68,352,9),(2164,2,'classify_2','final',68,349,9),(2165,3,'classify_2','final',68,351,9),(2166,4,'classify_2','final',68,350,9),(2167,1,'selection','final',69,353,8),(2168,1,'selection','final',69,354,8),(2169,1,'selection','final',69,355,8),(2170,1,'selection','final',69,356,8),(2171,1,'selection','final',69,357,8),(2172,1,'selection','final',69,358,8),(2173,1,'selection','final',69,353,5),(2174,1,'selection','final',69,354,5),(2175,1,'selection','final',69,355,5),(2176,1,'selection','final',69,356,5),(2177,1,'selection','final',69,357,5),(2178,1,'selection','final',69,358,5),(2179,1,'selection','final',69,353,9),(2180,1,'selection','final',69,354,9),(2181,1,'selection','final',69,355,9),(2182,1,'selection','final',69,356,9),(2183,1,'selection','final',69,357,9),(2184,1,'selection','final',69,358,9),(2185,1,'classify_1','final',69,357,8),(2186,2,'classify_1','final',69,354,8),(2187,3,'classify_1','final',69,356,8),(2188,4,'classify_1','final',69,358,8),(2189,5,'classify_1','final',69,353,8),(2190,6,'classify_1','final',69,355,8),(2191,1,'classify_1','final',69,357,5),(2192,2,'classify_1','final',69,353,5),(2193,3,'classify_1','final',69,358,5),(2194,4,'classify_1','final',69,355,5),(2195,5,'classify_1','final',69,354,5),(2196,6,'classify_1','final',69,356,5),(2197,1,'classify_1','final',69,353,9),(2198,2,'classify_1','final',69,357,9),(2199,3,'classify_1','final',69,358,9),(2200,4,'classify_1','final',69,355,9),(2201,5,'classify_1','final',69,356,9),(2202,6,'classify_1','final',69,354,9),(2203,1,'classify_2','final',69,357,5),(2204,2,'classify_2','final',69,353,5),(2205,3,'classify_2','final',69,358,5),(2206,4,'classify_2','final',69,355,5),(2207,5,'classify_2','final',69,356,5),(2208,6,'classify_2','final',69,354,5),(2209,1,'classify_2','final',69,357,9),(2210,2,'classify_2','final',69,353,9),(2211,3,'classify_2','final',69,358,9),(2212,4,'classify_2','final',69,355,9),(2213,5,'classify_2','final',69,356,9),(2214,6,'classify_2','final',69,354,9),(2215,1,'classify_2','final',69,357,8),(2216,2,'classify_2','final',69,353,8),(2217,3,'classify_2','final',69,358,8),(2218,4,'classify_2','final',69,356,8),(2219,5,'classify_2','final',69,355,8),(2220,6,'classify_2','final',69,354,8),(2221,1,'selection','final',70,359,8),(2222,1,'selection','final',70,360,8),(2223,1,'selection','final',70,361,8),(2224,1,'selection','final',70,362,8),(2225,1,'selection','final',70,363,8),(2226,1,'selection','final',70,364,8),(2227,1,'selection','final',70,365,8),(2228,1,'selection','final',70,366,8),(2229,1,'selection','final',70,367,8),(2230,1,'selection','final',70,368,8),(2231,1,'selection','final',70,369,8),(2232,1,'selection','final',70,359,5),(2233,1,'selection','final',70,360,5),(2234,1,'selection','final',70,361,5),(2235,1,'selection','final',70,362,5),(2236,1,'selection','final',70,363,5),(2237,1,'selection','final',70,364,5),(2238,1,'selection','final',70,365,5),(2239,1,'selection','final',70,366,5),(2240,1,'selection','final',70,367,5),(2241,1,'selection','final',70,368,5),(2242,1,'selection','final',70,369,5),(2243,1,'selection','final',70,359,9),(2244,1,'selection','final',70,360,9),(2245,1,'selection','final',70,361,9),(2246,1,'selection','final',70,362,9),(2247,1,'selection','final',70,363,9),(2248,1,'selection','final',70,364,9),(2249,1,'selection','final',70,365,9),(2250,1,'selection','final',70,366,9),(2251,1,'selection','final',70,367,9),(2252,1,'selection','final',70,368,9),(2253,1,'selection','final',70,369,9),(2265,1,'classify_1','final',70,365,5),(2266,2,'classify_1','final',70,368,5),(2267,3,'classify_1','final',70,366,5),(2268,4,'classify_1','final',70,367,5),(2269,5,'classify_1','final',70,363,5),(2270,6,'classify_1','final',70,361,5),(2271,7,'classify_1','final',70,360,5),(2272,8,'classify_1','final',70,359,5),(2273,9,'classify_1','final',70,369,5),(2274,10,'classify_1','final',70,362,5),(2275,11,'classify_1','final',70,364,5),(2276,1,'classify_1','final',70,368,9),(2277,2,'classify_1','final',70,361,9),(2278,3,'classify_1','final',70,365,9),(2279,4,'classify_1','final',70,369,9),(2280,5,'classify_1','final',70,366,9),(2281,6,'classify_1','final',70,367,9),(2282,7,'classify_1','final',70,360,9),(2283,8,'classify_1','final',70,359,9),(2284,9,'classify_1','final',70,363,9),(2285,10,'classify_1','final',70,364,9),(2286,11,'classify_1','final',70,362,9),(2287,1,'classify_1','final',70,368,8),(2288,2,'classify_1','final',70,369,8),(2289,3,'classify_1','final',70,366,8),(2290,4,'classify_1','final',70,367,8),(2291,5,'classify_1','final',70,363,8),(2292,6,'classify_1','final',70,360,8),(2293,7,'classify_1','final',70,364,8),(2294,8,'classify_1','final',70,365,8),(2295,9,'classify_1','final',70,362,8),(2296,10,'classify_1','final',70,361,8),(2297,11,'classify_1','final',70,359,8),(2298,1,'classify_2','final',70,365,5),(2299,2,'classify_2','final',70,368,5),(2300,3,'classify_2','final',70,366,5),(2301,4,'classify_2','final',70,367,5),(2302,5,'classify_2','final',70,361,5),(2303,6,'classify_2','final',70,369,5),(2304,1,'classify_2','final',70,368,9),(2305,2,'classify_2','final',70,366,9),(2306,3,'classify_2','final',70,365,9),(2307,4,'classify_2','final',70,367,9),(2308,5,'classify_2','final',70,369,9),(2309,6,'classify_2','final',70,361,9),(2310,1,'classify_2','final',70,368,8),(2311,2,'classify_2','final',70,366,8),(2312,3,'classify_2','final',70,365,8),(2313,4,'classify_2','final',70,369,8),(2314,5,'classify_2','final',70,361,8),(2315,6,'classify_2','final',70,367,8),(2316,1,'selection','final',71,371,9),(2317,1,'selection','final',71,371,8),(2318,1,'selection','final',71,371,5),(2319,1,'classify_1','final',71,371,9),(2320,1,'classify_1','final',71,371,5),(2321,1,'classify_1','final',71,371,8),(2322,1,'classify_2','final',71,371,8),(2323,1,'classify_2','final',71,371,5),(2324,1,'classify_2','final',71,371,9),(2325,1,'selection','final',72,373,5),(2326,1,'selection','final',72,375,5),(2327,1,'selection','final',72,376,5),(2328,1,'selection','final',72,378,5),(2329,1,'selection','final',72,379,5),(2330,1,'selection','final',72,380,5),(2331,1,'selection','final',72,382,5),(2332,1,'selection','final',72,384,5),(2333,1,'selection','final',72,387,5),(2334,1,'selection','final',72,388,5),(2347,1,'selection','final',72,372,9),(2348,1,'selection','final',72,373,9),(2349,1,'selection','final',72,374,9),(2350,1,'selection','final',72,375,9),(2351,1,'selection','final',72,376,9),(2352,1,'selection','final',72,378,9),(2353,1,'selection','final',72,379,9),(2354,1,'selection','final',72,380,9),(2355,1,'selection','final',72,381,9),(2356,1,'selection','final',72,382,9),(2357,1,'selection','final',72,388,9),(2358,1,'selection','final',72,392,9),(2359,1,'selection','final',72,373,8),(2360,1,'selection','final',72,374,8),(2361,1,'selection','final',72,376,8),(2362,1,'selection','final',72,379,8),(2363,1,'selection','final',72,380,8),(2364,1,'selection','final',72,387,8),(2365,1,'selection','final',72,388,8),(2366,1,'selection','final',72,389,8),(2367,1,'selection','final',72,391,8),(2368,1,'selection','final',72,392,8),(2369,1,'classify_1','final',72,373,5),(2370,2,'classify_1','final',72,380,5),(2371,3,'classify_1','final',72,376,5),(2372,4,'classify_1','final',72,387,5),(2373,5,'classify_1','final',72,382,5),(2374,6,'classify_1','final',72,388,5),(2375,7,'classify_1','final',72,379,5),(2376,8,'classify_1','final',72,375,5),(2377,9,'classify_1','final',72,374,5),(2378,10,'classify_1','final',72,378,5),(2379,11,'classify_1','final',72,392,5),(2380,1,'classify_1','final',72,379,8),(2381,2,'classify_1','final',72,373,8),(2382,3,'classify_1','final',72,388,8),(2383,4,'classify_1','final',72,380,8),(2384,5,'classify_1','final',72,376,8),(2385,6,'classify_1','final',72,387,8),(2386,7,'classify_1','final',72,392,8),(2387,8,'classify_1','final',72,382,8),(2388,9,'classify_1','final',72,378,8),(2389,10,'classify_1','final',72,375,8),(2390,11,'classify_1','final',72,374,8),(2391,1,'classify_1','final',72,373,9),(2392,2,'classify_1','final',72,380,9),(2393,3,'classify_1','final',72,379,9),(2394,4,'classify_1','final',72,388,9),(2395,5,'classify_1','final',72,375,9),(2396,6,'classify_1','final',72,376,9),(2397,7,'classify_1','final',72,392,9),(2398,8,'classify_1','final',72,378,9),(2399,9,'classify_1','final',72,382,9),(2400,10,'classify_1','final',72,387,9),(2401,11,'classify_1','final',72,374,9),(2402,1,'classify_2','final',72,379,5),(2403,2,'classify_2','final',72,380,5),(2404,3,'classify_2','final',72,373,5),(2405,4,'classify_2','final',72,376,5),(2406,5,'classify_2','final',72,388,5),(2407,6,'classify_2','final',72,387,5),(2408,1,'classify_2','final',72,373,8),(2409,2,'classify_2','final',72,379,8),(2410,3,'classify_2','final',72,380,8),(2411,4,'classify_2','final',72,388,8),(2412,5,'classify_2','final',72,376,8),(2413,6,'classify_2','final',72,387,8),(2414,1,'classify_2','final',72,373,9),(2415,2,'classify_2','final',72,380,9),(2416,3,'classify_2','final',72,379,9),(2417,4,'classify_2','final',72,388,9),(2418,5,'classify_2','final',72,376,9),(2419,6,'classify_2','final',72,387,9),(2420,1,'selection','final',74,397,5),(2421,1,'selection','final',74,398,5),(2422,1,'selection','final',74,399,5),(2423,1,'selection','final',74,400,5),(2424,1,'selection','final',74,397,9),(2425,1,'selection','final',74,399,9),(2426,1,'selection','final',74,397,8),(2427,1,'selection','final',74,399,8),(2428,1,'classify_1','final',74,397,9),(2429,2,'classify_1','final',74,399,9),(2430,1,'classify_1','final',74,399,5),(2431,2,'classify_1','final',74,397,5),(2432,1,'classify_1','final',74,399,8),(2433,2,'classify_1','final',74,397,8),(2434,1,'classify_2','final',74,399,8),(2435,2,'classify_2','final',74,397,8),(2436,1,'classify_2','final',74,399,9),(2437,2,'classify_2','final',74,397,9),(2438,1,'classify_2','final',74,399,5),(2439,2,'classify_2','final',74,397,5),(2440,1,'selection','final',75,416,5),(2441,1,'selection','final',75,417,5),(2442,1,'selection','final',75,420,5),(2443,1,'selection','final',75,421,5),(2444,1,'selection','final',75,422,5),(2445,1,'selection','final',75,424,5),(2446,1,'selection','final',75,425,5),(2447,1,'selection','final',75,426,5),(2448,1,'selection','final',75,427,5),(2449,1,'selection','final',75,428,5),(2450,1,'selection','final',75,416,9),(2451,1,'selection','final',75,417,9),(2452,1,'selection','final',75,420,9),(2453,1,'selection','final',75,422,9),(2454,1,'selection','final',75,424,9),(2455,1,'selection','final',75,425,9),(2456,1,'selection','final',75,426,9),(2457,1,'selection','final',75,428,9),(2458,1,'selection','final',75,415,8),(2459,1,'selection','final',75,416,8),(2460,1,'selection','final',75,417,8),(2461,1,'selection','final',75,420,8),(2462,1,'selection','final',75,421,8),(2463,1,'selection','final',75,422,8),(2464,1,'selection','final',75,425,8),(2465,1,'selection','final',75,428,8),(2466,1,'classify_1','final',75,422,5),(2467,2,'classify_1','final',75,417,5),(2468,3,'classify_1','final',75,428,5),(2469,4,'classify_1','final',75,420,5),(2470,5,'classify_1','final',75,424,5),(2471,6,'classify_1','final',75,421,5),(2472,7,'classify_1','final',75,416,5),(2473,8,'classify_1','final',75,426,5),(2474,9,'classify_1','final',75,425,5),(2475,1,'classify_1','final',75,422,8),(2476,2,'classify_1','final',75,420,8),(2477,3,'classify_1','final',75,421,8),(2478,4,'classify_1','final',75,417,8),(2479,5,'classify_1','final',75,428,8),(2480,6,'classify_1','final',75,416,8),(2481,7,'classify_1','final',75,426,8),(2482,8,'classify_1','final',75,425,8),(2483,9,'classify_1','final',75,424,8),(2484,1,'classify_1','final',75,422,9),(2485,2,'classify_1','final',75,428,9),(2486,3,'classify_1','final',75,417,9),(2487,4,'classify_1','final',75,421,9),(2488,5,'classify_1','final',75,426,9),(2489,6,'classify_1','final',75,420,9),(2490,7,'classify_1','final',75,416,9),(2491,8,'classify_1','final',75,424,9),(2492,9,'classify_1','final',75,425,9),(2493,1,'classify_2','final',75,422,5),(2494,2,'classify_2','final',75,417,5),(2495,3,'classify_2','final',75,428,5),(2496,4,'classify_2','final',75,420,5),(2497,5,'classify_2','final',75,416,5),(2498,6,'classify_2','final',75,421,5),(2499,1,'classify_2','final',75,422,8),(2500,2,'classify_2','final',75,417,8),(2501,3,'classify_2','final',75,421,8),(2502,4,'classify_2','final',75,428,8),(2503,5,'classify_2','final',75,420,8),(2504,6,'classify_2','final',75,416,8),(2505,1,'classify_2','final',75,422,9),(2506,2,'classify_2','final',75,417,9),(2507,3,'classify_2','final',75,428,9),(2508,4,'classify_2','final',75,420,9),(2509,5,'classify_2','final',75,421,9),(2510,6,'classify_2','final',75,416,9),(2511,1,'selection','final',76,471,8),(2512,1,'selection','final',76,472,8),(2513,1,'selection','final',76,474,8),(2514,1,'selection','final',76,476,8),(2515,1,'selection','final',76,478,8),(2516,1,'selection','final',76,479,8),(2517,1,'selection','final',76,480,8),(2518,1,'selection','final',76,481,8),(2519,1,'selection','final',76,482,8),(2520,1,'selection','final',76,484,8),(2521,1,'selection','final',76,471,9),(2522,1,'selection','final',76,472,9),(2523,1,'selection','final',76,474,9),(2524,1,'selection','final',76,475,9),(2525,1,'selection','final',76,476,9),(2526,1,'selection','final',76,477,9),(2527,1,'selection','final',76,478,9),(2528,1,'selection','final',76,481,9),(2529,1,'selection','final',76,482,9),(2530,1,'selection','final',76,484,9),(2531,1,'selection','final',76,471,5),(2532,1,'selection','final',76,472,5),(2533,1,'selection','final',76,474,5),(2534,1,'selection','final',76,476,5),(2535,1,'selection','final',76,477,5),(2536,1,'selection','final',76,478,5),(2537,1,'selection','final',76,481,5),(2538,1,'selection','final',76,482,5),(2539,1,'selection','final',76,484,5),(2540,1,'classify_1','final',76,481,8),(2541,2,'classify_1','final',76,482,8),(2542,3,'classify_1','final',76,478,8),(2543,4,'classify_1','final',76,484,8),(2544,5,'classify_1','final',76,472,8),(2545,6,'classify_1','final',76,471,8),(2546,7,'classify_1','final',76,477,8),(2547,8,'classify_1','final',76,476,8),(2548,9,'classify_1','final',76,474,8),(2549,1,'classify_1','final',76,481,5),(2550,2,'classify_1','final',76,472,5),(2551,3,'classify_1','final',76,471,5),(2552,4,'classify_1','final',76,482,5),(2553,5,'classify_1','final',76,474,5),(2554,6,'classify_1','final',76,484,5),(2555,7,'classify_1','final',76,478,5),(2556,8,'classify_1','final',76,477,5),(2557,9,'classify_1','final',76,476,5),(2558,1,'classify_1','final',76,481,9),(2559,2,'classify_1','final',76,482,9),(2560,3,'classify_1','final',76,472,9),(2561,4,'classify_1','final',76,471,9),(2562,5,'classify_1','final',76,478,9),(2563,6,'classify_1','final',76,484,9),(2564,7,'classify_1','final',76,474,9),(2565,8,'classify_1','final',76,476,9),(2566,9,'classify_1','final',76,477,9),(2567,1,'classify_2','final',76,481,5),(2568,2,'classify_2','final',76,471,5),(2569,3,'classify_2','final',76,482,5),(2570,4,'classify_2','final',76,472,5),(2571,5,'classify_2','final',76,484,5),(2572,6,'classify_2','final',76,478,5),(2573,1,'classify_2','final',76,481,8),(2574,2,'classify_2','final',76,482,8),(2575,3,'classify_2','final',76,472,8),(2576,4,'classify_2','final',76,478,8),(2577,5,'classify_2','final',76,471,8),(2578,6,'classify_2','final',76,484,8),(2579,1,'classify_2','final',76,481,9),(2580,2,'classify_2','final',76,482,9),(2581,3,'classify_2','final',76,472,9),(2582,4,'classify_2','final',76,471,9),(2583,5,'classify_2','final',76,478,9),(2584,6,'classify_2','final',76,484,9),(2603,1,'selection','final',80,489,5),(2604,1,'selection','final',80,490,5),(2605,1,'selection','final',80,491,5),(2606,1,'selection','final',80,492,5),(2607,1,'selection','final',80,495,5),(2608,1,'selection','final',80,496,5),(2609,1,'selection','final',80,499,5),(2610,1,'selection','final',80,500,5),(2611,1,'selection','final',80,501,5),(2612,1,'selection','final',80,489,8),(2613,1,'selection','final',80,491,8),(2614,1,'selection','final',80,495,8),(2615,1,'selection','final',80,499,8),(2616,1,'selection','final',80,500,8),(2617,1,'selection','final',80,501,8),(2618,1,'selection','final',80,489,9),(2619,1,'selection','final',80,490,9),(2620,1,'selection','final',80,491,9),(2621,1,'selection','final',80,494,9),(2622,1,'selection','final',80,495,9),(2623,1,'selection','final',80,499,9),(2624,1,'selection','final',80,500,9),(2625,1,'selection','final',80,501,9),(2626,1,'classify_1','final',80,489,8),(2627,2,'classify_1','final',80,499,8),(2628,3,'classify_1','final',80,501,8),(2629,4,'classify_1','final',80,490,8),(2630,5,'classify_1','final',80,491,8),(2631,6,'classify_1','final',80,500,8),(2632,7,'classify_1','final',80,495,8),(2633,1,'classify_1','final',80,499,5),(2634,2,'classify_1','final',80,501,5),(2635,3,'classify_1','final',80,491,5),(2636,4,'classify_1','final',80,489,5),(2637,5,'classify_1','final',80,490,5),(2638,6,'classify_1','final',80,500,5),(2639,7,'classify_1','final',80,495,5),(2640,1,'classify_1','final',80,491,9),(2641,2,'classify_1','final',80,501,9),(2642,3,'classify_1','final',80,489,9),(2643,4,'classify_1','final',80,499,9),(2644,5,'classify_1','final',80,500,9),(2645,6,'classify_1','final',80,495,9),(2646,7,'classify_1','final',80,490,9),(2647,1,'classify_2','final',80,499,8),(2648,2,'classify_2','final',80,501,8),(2649,3,'classify_2','final',80,489,8),(2650,4,'classify_2','final',80,491,8),(2651,5,'classify_2','final',80,490,8),(2652,6,'classify_2','final',80,500,8),(2653,1,'classify_2','final',80,501,5),(2654,2,'classify_2','final',80,499,5),(2655,3,'classify_2','final',80,491,5),(2656,4,'classify_2','final',80,489,5),(2657,5,'classify_2','final',80,490,5),(2658,6,'classify_2','final',80,500,5),(2659,1,'classify_2','final',80,491,9),(2660,2,'classify_2','final',80,501,9),(2661,3,'classify_2','final',80,489,9),(2662,4,'classify_2','final',80,499,9),(2663,5,'classify_2','final',80,500,9),(2664,6,'classify_2','final',80,490,9),(2665,1,'selection','final',81,502,8),(2666,1,'selection','final',81,503,8),(2667,1,'selection','final',81,504,8),(2668,1,'selection','final',81,505,8),(2669,1,'selection','final',81,507,8),(2670,1,'selection','final',81,508,8),(2671,1,'selection','final',81,502,9),(2672,1,'selection','final',81,503,9),(2673,1,'selection','final',81,504,9),(2674,1,'selection','final',81,505,9),(2675,1,'selection','final',81,507,9),(2676,1,'selection','final',81,508,9),(2677,1,'selection','final',81,502,5),(2678,1,'selection','final',81,503,5),(2679,1,'selection','final',81,504,5),(2680,1,'selection','final',81,505,5),(2681,1,'selection','final',81,507,5),(2682,1,'selection','final',81,508,5),(2683,1,'classify_1','final',81,504,5),(2684,2,'classify_1','final',81,507,5),(2685,3,'classify_1','final',81,503,5),(2686,4,'classify_1','final',81,505,5),(2687,5,'classify_1','final',81,508,5),(2688,6,'classify_1','final',81,502,5),(2689,1,'classify_1','final',81,504,8),(2690,2,'classify_1','final',81,507,8),(2691,3,'classify_1','final',81,502,8),(2692,4,'classify_1','final',81,505,8),(2693,5,'classify_1','final',81,508,8),(2694,6,'classify_1','final',81,503,8),(2695,1,'classify_1','final',81,504,9),(2696,2,'classify_1','final',81,503,9),(2697,3,'classify_1','final',81,502,9),(2698,4,'classify_1','final',81,507,9),(2699,5,'classify_1','final',81,505,9),(2700,6,'classify_1','final',81,508,9),(2701,1,'classify_2','final',81,504,5),(2702,2,'classify_2','final',81,507,5),(2703,3,'classify_2','final',81,503,5),(2704,4,'classify_2','final',81,505,5),(2705,5,'classify_2','final',81,502,5),(2706,6,'classify_2','final',81,508,5),(2707,1,'classify_2','final',81,504,9),(2708,2,'classify_2','final',81,507,9),(2709,3,'classify_2','final',81,503,9),(2710,4,'classify_2','final',81,502,9),(2711,5,'classify_2','final',81,505,9),(2712,6,'classify_2','final',81,508,9),(2713,1,'classify_2','final',81,504,8),(2714,2,'classify_2','final',81,507,8),(2715,3,'classify_2','final',81,505,8),(2716,4,'classify_2','final',81,502,8),(2717,5,'classify_2','final',81,503,8),(2718,6,'classify_2','final',81,508,8),(2719,1,'selection','final',82,511,8),(2720,1,'selection','final',82,512,8),(2721,1,'selection','final',82,511,9),(2722,1,'selection','final',82,512,9),(2723,1,'selection','final',82,511,5),(2724,1,'selection','final',82,512,5),(2725,1,'classify_1','final',82,511,8),(2726,2,'classify_1','final',82,512,8),(2727,1,'classify_1','final',82,512,5),(2728,2,'classify_1','final',82,511,5),(2729,1,'classify_1','final',82,511,9),(2730,2,'classify_1','final',82,512,9),(2731,1,'classify_2','final',82,511,8),(2732,2,'classify_2','final',82,512,8),(2733,1,'classify_2','final',82,511,9),(2734,2,'classify_2','final',82,512,9),(2735,1,'classify_2','final',82,512,5),(2736,2,'classify_2','final',82,511,5),(2737,1,'selection','final',83,513,8),(2738,1,'selection','final',83,514,8),(2739,1,'selection','final',83,515,8),(2740,1,'selection','final',83,516,8),(2741,1,'selection','final',83,517,8),(2742,1,'selection','final',83,518,8),(2743,1,'selection','final',83,519,8),(2744,1,'selection','final',83,520,8),(2745,1,'selection','final',83,521,8),(2746,1,'selection','final',83,522,8),(2747,1,'selection','final',83,513,5),(2748,1,'selection','final',83,514,5),(2749,1,'selection','final',83,515,5),(2750,1,'selection','final',83,516,5),(2751,1,'selection','final',83,518,5),(2752,1,'selection','final',83,519,5),(2753,1,'selection','final',83,520,5),(2754,1,'selection','final',83,513,9),(2755,1,'selection','final',83,514,9),(2756,1,'selection','final',83,515,9),(2757,1,'selection','final',83,516,9),(2758,1,'selection','final',83,518,9),(2759,1,'selection','final',83,519,9),(2760,1,'classify_1','final',83,516,9),(2761,2,'classify_1','final',83,518,9),(2762,3,'classify_1','final',83,514,9),(2763,4,'classify_1','final',83,515,9),(2764,5,'classify_1','final',83,519,9),(2765,6,'classify_1','final',83,513,9),(2766,7,'classify_1','final',83,520,9),(2767,1,'classify_1','final',83,516,8),(2768,2,'classify_1','final',83,514,8),(2769,3,'classify_1','final',83,520,8),(2770,4,'classify_1','final',83,518,8),(2771,5,'classify_1','final',83,513,8),(2772,6,'classify_1','final',83,515,8),(2773,7,'classify_1','final',83,519,8),(2774,1,'classify_1','final',83,516,5),(2775,2,'classify_1','final',83,520,5),(2776,3,'classify_1','final',83,518,5),(2777,4,'classify_1','final',83,514,5),(2778,5,'classify_1','final',83,519,5),(2779,6,'classify_1','final',83,515,5),(2780,7,'classify_1','final',83,513,5),(2781,1,'classify_2','final',83,516,5),(2782,2,'classify_2','final',83,520,5),(2783,3,'classify_2','final',83,518,5),(2784,4,'classify_2','final',83,514,5),(2785,5,'classify_2','final',83,515,5),(2786,6,'classify_2','final',83,519,5),(2787,1,'classify_2','final',83,516,8),(2788,2,'classify_2','final',83,518,8),(2789,3,'classify_2','final',83,514,8),(2790,4,'classify_2','final',83,520,8),(2791,5,'classify_2','final',83,515,8),(2792,6,'classify_2','final',83,519,8),(2793,1,'classify_2','final',83,516,9),(2794,2,'classify_2','final',83,518,9),(2795,3,'classify_2','final',83,514,9),(2796,4,'classify_2','final',83,515,9),(2797,5,'classify_2','final',83,519,9),(2798,6,'classify_2','final',83,520,9),(2799,1,'selection','final',84,523,8),(2800,1,'selection','final',84,525,8),(2801,1,'selection','final',84,526,8),(2802,1,'selection','final',84,527,8),(2803,1,'selection','final',84,528,8),(2804,1,'selection','final',84,529,8),(2805,1,'selection','final',84,530,8),(2806,1,'selection','final',84,531,8),(2807,1,'selection','final',84,532,8),(2808,1,'selection','final',84,523,9),(2809,1,'selection','final',84,525,9),(2810,1,'selection','final',84,526,9),(2811,1,'selection','final',84,527,9),(2812,1,'selection','final',84,528,9),(2813,1,'selection','final',84,529,9),(2814,1,'selection','final',84,530,9),(2815,1,'selection','final',84,531,9),(2816,1,'selection','final',84,532,9),(2817,1,'selection','final',84,523,5),(2818,1,'selection','final',84,525,5),(2819,1,'selection','final',84,526,5),(2820,1,'selection','final',84,527,5),(2821,1,'selection','final',84,528,5),(2822,1,'selection','final',84,529,5),(2823,1,'selection','final',84,530,5),(2824,1,'selection','final',84,531,5),(2825,1,'selection','final',84,532,5),(2826,1,'classify_1','final',84,526,8),(2827,2,'classify_1','final',84,525,8),(2828,3,'classify_1','final',84,532,8),(2829,4,'classify_1','final',84,528,8),(2830,5,'classify_1','final',84,529,8),(2831,6,'classify_1','final',84,523,8),(2832,7,'classify_1','final',84,530,8),(2833,8,'classify_1','final',84,531,8),(2834,9,'classify_1','final',84,527,8),(2835,1,'classify_1','final',84,529,5),(2836,2,'classify_1','final',84,526,5),(2837,3,'classify_1','final',84,528,5),(2838,4,'classify_1','final',84,532,5),(2839,5,'classify_1','final',84,531,5),(2840,6,'classify_1','final',84,525,5),(2841,7,'classify_1','final',84,530,5),(2842,8,'classify_1','final',84,527,5),(2843,9,'classify_1','final',84,523,5),(2844,1,'classify_1','final',84,529,9),(2845,2,'classify_1','final',84,528,9),(2846,3,'classify_1','final',84,526,9),(2847,4,'classify_1','final',84,531,9),(2848,5,'classify_1','final',84,532,9),(2849,6,'classify_1','final',84,525,9),(2850,7,'classify_1','final',84,530,9),(2851,8,'classify_1','final',84,523,9),(2852,9,'classify_1','final',84,527,9),(2853,1,'classify_2','final',84,529,5),(2854,2,'classify_2','final',84,526,5),(2855,3,'classify_2','final',84,532,5),(2856,4,'classify_2','final',84,528,5),(2857,5,'classify_2','final',84,525,5),(2858,6,'classify_2','final',84,531,5),(2859,1,'classify_2','final',84,526,8),(2860,2,'classify_2','final',84,525,8),(2861,3,'classify_2','final',84,529,8),(2862,4,'classify_2','final',84,528,8),(2863,5,'classify_2','final',84,532,8),(2864,6,'classify_2','final',84,531,8),(2865,1,'classify_2','final',84,529,9),(2866,2,'classify_2','final',84,526,9),(2867,3,'classify_2','final',84,528,9),(2868,4,'classify_2','final',84,532,9),(2869,5,'classify_2','final',84,531,9),(2870,6,'classify_2','final',84,525,9),(2871,1,'selection','final',85,533,5),(2872,1,'selection','final',85,534,5),(2873,1,'selection','final',85,535,5),(2874,1,'selection','final',85,536,5),(2875,1,'selection','final',85,533,8),(2876,1,'selection','final',85,534,8),(2877,1,'selection','final',85,535,8),(2878,1,'selection','final',85,536,8),(2879,1,'selection','final',85,533,9),(2880,1,'selection','final',85,534,9),(2881,1,'selection','final',85,535,9),(2882,1,'selection','final',85,536,9),(2883,1,'classify_1','final',85,534,8),(2884,2,'classify_1','final',85,536,8),(2885,3,'classify_1','final',85,533,8),(2886,4,'classify_1','final',85,535,8),(2887,1,'classify_1','final',85,536,5),(2888,2,'classify_1','final',85,534,5),(2889,3,'classify_1','final',85,535,5),(2890,4,'classify_1','final',85,533,5),(2891,1,'classify_1','final',85,534,9),(2892,2,'classify_1','final',85,536,9),(2893,3,'classify_1','final',85,535,9),(2894,4,'classify_1','final',85,533,9),(2895,1,'classify_2','final',85,534,8),(2896,2,'classify_2','final',85,536,8),(2897,3,'classify_2','final',85,533,8),(2898,4,'classify_2','final',85,535,8),(2899,1,'classify_2','final',85,534,9),(2900,2,'classify_2','final',85,536,9),(2901,3,'classify_2','final',85,535,9),(2902,4,'classify_2','final',85,533,9),(2903,1,'classify_2','final',85,534,5),(2904,2,'classify_2','final',85,536,5),(2905,3,'classify_2','final',85,535,5),(2906,4,'classify_2','final',85,533,5),(2913,1,'selection','final',86,548,8),(2914,1,'selection','final',86,549,8),(2915,1,'selection','final',86,551,8),(2916,1,'selection','final',86,554,8),(2917,1,'selection','final',86,555,8),(2918,1,'selection','final',86,556,8),(2919,1,'selection','final',86,547,9),(2920,1,'selection','final',86,548,9),(2921,1,'selection','final',86,549,9),(2922,1,'selection','final',86,551,9),(2923,1,'selection','final',86,552,9),(2924,1,'selection','final',86,553,9),(2925,1,'selection','final',86,547,5),(2926,1,'selection','final',86,548,5),(2927,1,'selection','final',86,549,5),(2928,1,'selection','final',86,551,5),(2929,1,'selection','final',86,552,5),(2930,1,'selection','final',86,554,5),(2931,1,'classify_1','final',86,551,5),(2932,2,'classify_1','final',86,554,5),(2933,3,'classify_1','final',86,549,5),(2934,4,'classify_1','final',86,548,5),(2935,5,'classify_1','final',86,547,5),(2936,6,'classify_1','final',86,552,5),(2937,1,'classify_1','final',86,549,9),(2938,2,'classify_1','final',86,551,9),(2939,3,'classify_1','final',86,548,9),(2940,4,'classify_1','final',86,554,9),(2941,5,'classify_1','final',86,547,9),(2942,6,'classify_1','final',86,552,9),(2943,1,'classify_1','final',86,548,8),(2944,2,'classify_1','final',86,551,8),(2945,3,'classify_1','final',86,554,8),(2946,4,'classify_1','final',86,549,8),(2947,5,'classify_1','final',86,547,8),(2948,6,'classify_1','final',86,552,8),(2949,1,'classify_2','final',86,548,8),(2950,2,'classify_2','final',86,551,8),(2951,3,'classify_2','final',86,549,8),(2952,4,'classify_2','final',86,554,8),(2953,5,'classify_2','final',86,547,8),(2954,6,'classify_2','final',86,552,8),(2955,1,'classify_2','final',86,551,5),(2956,2,'classify_2','final',86,548,5),(2957,3,'classify_2','final',86,554,5),(2958,4,'classify_2','final',86,549,5),(2959,5,'classify_2','final',86,547,5),(2960,6,'classify_2','final',86,552,5),(2961,1,'classify_2','final',86,549,9),(2962,2,'classify_2','final',86,551,9),(2963,3,'classify_2','final',86,548,9),(2964,4,'classify_2','final',86,554,9),(2965,5,'classify_2','final',86,547,9),(2966,6,'classify_2','final',86,552,9),(2967,1,'selection','final',87,577,9),(2968,1,'selection','final',87,578,9),(2969,1,'selection','final',87,579,9),(2970,1,'selection','final',87,580,9),(2971,1,'selection','final',87,581,9),(2972,1,'selection','final',87,583,9),(2973,1,'selection','final',87,578,8),(2974,1,'selection','final',87,579,8),(2975,1,'selection','final',87,580,8),(2976,1,'selection','final',87,581,8),(2977,1,'selection','final',87,582,8),(2978,1,'selection','final',87,583,8),(2979,1,'selection','final',87,584,8),(2980,1,'selection','final',87,577,5),(2981,1,'selection','final',87,578,5),(2982,1,'selection','final',87,579,5),(2983,1,'selection','final',87,580,5),(2984,1,'selection','final',87,581,5),(2985,1,'selection','final',87,584,5),(2986,1,'classify_1','final',87,581,8),(2987,2,'classify_1','final',87,579,8),(2988,3,'classify_1','final',87,584,8),(2989,4,'classify_1','final',87,577,8),(2990,5,'classify_1','final',87,580,8),(2991,6,'classify_1','final',87,578,8),(2992,7,'classify_1','final',87,583,8),(2993,1,'classify_1','final',87,581,9),(2994,2,'classify_1','final',87,583,9),(2995,3,'classify_1','final',87,579,9),(2996,4,'classify_1','final',87,577,9),(2997,5,'classify_1','final',87,578,9),(2998,6,'classify_1','final',87,584,9),(2999,7,'classify_1','final',87,580,9),(3000,1,'classify_1','final',87,577,5),(3001,2,'classify_1','final',87,581,5),(3002,3,'classify_1','final',87,578,5),(3003,4,'classify_1','final',87,579,5),(3004,5,'classify_1','final',87,583,5),(3005,6,'classify_1','final',87,584,5),(3006,7,'classify_1','final',87,580,5),(3007,1,'classify_2','final',87,581,9),(3008,2,'classify_2','final',87,583,9),(3009,3,'classify_2','final',87,579,9),(3010,4,'classify_2','final',87,577,9),(3011,5,'classify_2','final',87,578,9),(3012,6,'classify_2','final',87,584,9),(3013,1,'classify_2','final',87,577,5),(3014,2,'classify_2','final',87,581,5),(3015,3,'classify_2','final',87,578,5),(3016,4,'classify_2','final',87,579,5),(3017,5,'classify_2','final',87,583,5),(3018,6,'classify_2','final',87,584,5),(3019,1,'classify_2','final',87,581,8),(3020,2,'classify_2','final',87,579,8),(3021,3,'classify_2','final',87,577,8),(3022,4,'classify_2','final',87,583,8),(3023,5,'classify_2','final',87,578,8),(3024,6,'classify_2','final',87,584,8),(3025,1,'selection','final',88,592,9),(3026,1,'selection','final',88,594,9),(3027,1,'selection','final',88,592,5),(3028,1,'selection','final',88,594,5),(3029,1,'selection','final',88,592,8),(3030,1,'selection','final',88,594,8),(3031,1,'classify_1','final',88,592,9),(3032,2,'classify_1','final',88,594,9),(3033,1,'classify_1','final',88,592,8),(3034,2,'classify_1','final',88,594,8),(3035,1,'classify_1','final',88,592,5),(3036,2,'classify_1','final',88,594,5),(3037,1,'classify_2','final',88,592,8),(3038,2,'classify_2','final',88,594,8),(3039,1,'classify_2','final',88,592,9),(3040,2,'classify_2','final',88,594,9),(3041,1,'classify_2','final',88,592,5),(3042,2,'classify_2','final',88,594,5),(3043,1,'selection','final',89,595,5),(3044,1,'selection','final',89,595,8),(3045,1,'selection','final',89,595,9),(3046,1,'classify_1','final',89,595,9),(3047,1,'classify_1','final',89,595,8),(3048,1,'classify_1','final',89,595,5),(3049,1,'classify_2','final',89,595,9),(3050,1,'classify_2','final',89,595,8),(3051,1,'classify_2','final',89,595,5),(3052,1,'selection','final',90,617,9),(3053,1,'selection','final',90,618,9),(3054,1,'selection','final',90,620,9),(3055,1,'selection','final',90,617,5),(3056,1,'selection','final',90,618,5),(3057,1,'selection','final',90,620,5),(3058,1,'selection','final',90,617,8),(3059,1,'selection','final',90,618,8),(3060,1,'selection','final',90,620,8),(3061,1,'classify_1','final',90,618,5),(3062,2,'classify_1','final',90,617,5),(3063,3,'classify_1','final',90,620,5),(3064,1,'classify_1','final',90,618,8),(3065,2,'classify_1','final',90,617,8),(3066,3,'classify_1','final',90,620,8),(3067,1,'classify_1','final',90,617,9),(3068,2,'classify_1','final',90,618,9),(3069,3,'classify_1','final',90,620,9),(3070,1,'classify_2','final',90,618,5),(3071,2,'classify_2','final',90,617,5),(3072,3,'classify_2','final',90,620,5),(3073,1,'classify_2','final',90,618,8),(3074,2,'classify_2','final',90,617,8),(3075,3,'classify_2','final',90,620,8),(3076,1,'classify_2','final',90,617,9),(3077,2,'classify_2','final',90,618,9),(3078,3,'classify_2','final',90,620,9),(3079,1,'selection','final',91,621,5),(3080,1,'selection','final',91,622,5),(3081,1,'selection','final',91,623,5),(3082,1,'selection','final',91,625,5),(3083,1,'selection','final',91,627,5),(3084,1,'selection','final',91,628,5),(3085,1,'selection','final',91,621,9),(3086,1,'selection','final',91,622,9),(3087,1,'selection','final',91,623,9),(3088,1,'selection','final',91,624,9),(3089,1,'selection','final',91,625,9),(3090,1,'selection','final',91,627,9),(3091,1,'selection','final',91,621,8),(3092,1,'selection','final',91,622,8),(3093,1,'selection','final',91,623,8),(3094,1,'selection','final',91,624,8),(3095,1,'selection','final',91,625,8),(3096,1,'selection','final',91,628,8),(3097,1,'classify_1','final',91,625,5),(3098,2,'classify_1','final',91,623,5),(3099,3,'classify_1','final',91,622,5),(3100,4,'classify_1','final',91,627,5),(3101,5,'classify_1','final',91,628,5),(3102,6,'classify_1','final',91,624,5),(3103,7,'classify_1','final',91,621,5),(3104,1,'classify_1','final',91,625,8),(3105,2,'classify_1','final',91,623,8),(3106,3,'classify_1','final',91,622,8),(3107,4,'classify_1','final',91,628,8),(3108,5,'classify_1','final',91,627,8),(3109,6,'classify_1','final',91,624,8),(3110,7,'classify_1','final',91,621,8),(3111,1,'classify_1','final',91,625,9),(3112,2,'classify_1','final',91,623,9),(3113,3,'classify_1','final',91,627,9),(3114,4,'classify_1','final',91,624,9),(3115,5,'classify_1','final',91,622,9),(3116,6,'classify_1','final',91,628,9),(3117,7,'classify_1','final',91,621,9),(3118,1,'classify_2','final',91,625,5),(3119,2,'classify_2','final',91,623,5),(3120,3,'classify_2','final',91,622,5),(3121,4,'classify_2','final',91,627,5),(3122,5,'classify_2','final',91,628,5),(3123,6,'classify_2','final',91,624,5),(3124,1,'classify_2','final',91,625,9),(3125,2,'classify_2','final',91,623,9),(3126,3,'classify_2','final',91,622,9),(3127,4,'classify_2','final',91,627,9),(3128,5,'classify_2','final',91,628,9),(3129,6,'classify_2','final',91,624,9),(3130,1,'classify_2','final',91,625,8),(3131,2,'classify_2','final',91,623,8),(3132,3,'classify_2','final',91,622,8),(3133,4,'classify_2','final',91,627,8),(3134,5,'classify_2','final',91,628,8),(3135,6,'classify_2','final',91,624,8),(3136,1,'selection','final',92,649,5),(3137,1,'selection','final',92,651,5),(3138,1,'selection','final',92,652,5),(3139,1,'selection','final',92,654,5),(3140,1,'selection','final',92,655,5),(3141,1,'selection','final',92,656,5),(3142,1,'selection','final',92,657,5),(3143,1,'selection','final',92,649,9),(3144,1,'selection','final',92,650,9),(3145,1,'selection','final',92,651,9),(3146,1,'selection','final',92,652,9),(3147,1,'selection','final',92,653,9),(3148,1,'selection','final',92,654,9),(3149,1,'selection','final',92,655,9),(3150,1,'selection','final',92,656,9),(3151,1,'selection','final',92,657,9),(3152,1,'selection','final',92,650,8),(3153,1,'selection','final',92,651,8),(3154,1,'selection','final',92,652,8),(3155,1,'selection','final',92,655,8),(3156,1,'selection','final',92,656,8),(3157,1,'selection','final',92,657,8),(3158,1,'classify_1','final',92,655,5),(3159,2,'classify_1','final',92,656,5),(3160,3,'classify_1','final',92,657,5),(3161,4,'classify_1','final',92,652,5),(3162,5,'classify_1','final',92,651,5),(3163,6,'classify_1','final',92,649,5),(3164,7,'classify_1','final',92,650,5),(3165,8,'classify_1','final',92,654,5),(3166,1,'classify_1','final',92,655,8),(3167,2,'classify_1','final',92,656,8),(3168,3,'classify_1','final',92,657,8),(3169,4,'classify_1','final',92,652,8),(3170,5,'classify_1','final',92,651,8),(3171,6,'classify_1','final',92,650,8),(3172,7,'classify_1','final',92,654,8),(3173,8,'classify_1','final',92,649,8),(3174,1,'classify_1','final',92,655,9),(3175,2,'classify_1','final',92,656,9),(3176,3,'classify_1','final',92,652,9),(3177,4,'classify_1','final',92,651,9),(3178,5,'classify_1','final',92,657,9),(3179,6,'classify_1','final',92,654,9),(3180,7,'classify_1','final',92,650,9),(3181,8,'classify_1','final',92,649,9),(3182,1,'classify_2','final',92,655,8),(3183,2,'classify_2','final',92,656,8),(3184,3,'classify_2','final',92,657,8),(3185,4,'classify_2','final',92,652,8),(3186,5,'classify_2','final',92,651,8),(3187,6,'classify_2','final',92,650,8),(3188,1,'classify_2','final',92,655,5),(3189,2,'classify_2','final',92,656,5),(3190,3,'classify_2','final',92,657,5),(3191,4,'classify_2','final',92,652,5),(3192,5,'classify_2','final',92,651,5),(3193,6,'classify_2','final',92,650,5),(3194,1,'classify_2','final',92,655,9),(3195,2,'classify_2','final',92,656,9),(3196,3,'classify_2','final',92,652,9),(3197,4,'classify_2','final',92,657,9),(3198,5,'classify_2','final',92,651,9),(3199,6,'classify_2','final',92,650,9),(3200,1,'selection','final',94,660,8),(3201,1,'selection','final',94,661,8),(3202,1,'selection','final',94,665,8),(3203,1,'selection','final',94,666,8),(3204,1,'selection','final',94,669,8),(3205,1,'selection','final',94,670,8),(3206,1,'selection','final',94,660,9),(3207,1,'selection','final',94,661,9),(3208,1,'selection','final',94,662,9),(3209,1,'selection','final',94,663,9),(3210,1,'selection','final',94,665,9),(3211,1,'selection','final',94,666,9),(3212,1,'selection','final',94,668,9),(3213,1,'selection','final',94,669,9),(3214,1,'selection','final',94,670,9),(3215,1,'selection','final',94,660,5),(3216,1,'selection','final',94,661,5),(3217,1,'selection','final',94,662,5),(3218,1,'selection','final',94,665,5),(3219,1,'selection','final',94,668,5),(3220,1,'selection','final',94,669,5),(3221,1,'selection','final',94,670,5),(3222,1,'classify_1','final',94,662,5),(3223,2,'classify_1','final',94,665,5),(3224,3,'classify_1','final',94,668,5),(3225,4,'classify_1','final',94,669,5),(3226,5,'classify_1','final',94,661,5),(3227,6,'classify_1','final',94,670,5),(3228,7,'classify_1','final',94,660,5),(3229,8,'classify_1','final',94,666,5),(3230,1,'classify_1','final',94,670,8),(3231,2,'classify_1','final',94,661,8),(3232,3,'classify_1','final',94,669,8),(3233,4,'classify_1','final',94,665,8),(3234,5,'classify_1','final',94,662,8),(3235,6,'classify_1','final',94,668,8),(3236,7,'classify_1','final',94,660,8),(3237,8,'classify_1','final',94,666,8),(3238,1,'classify_1','final',94,665,9),(3239,2,'classify_1','final',94,662,9),(3240,3,'classify_1','final',94,670,9),(3241,4,'classify_1','final',94,660,9),(3242,5,'classify_1','final',94,661,9),(3243,6,'classify_1','final',94,669,9),(3244,7,'classify_1','final',94,666,9),(3245,8,'classify_1','final',94,668,9),(3246,1,'classify_2','final',94,665,5),(3247,2,'classify_2','final',94,662,5),(3248,3,'classify_2','final',94,668,5),(3249,4,'classify_2','final',94,669,5),(3250,5,'classify_2','final',94,661,5),(3251,6,'classify_2','final',94,670,5),(3252,1,'classify_2','final',94,665,9),(3253,2,'classify_2','final',94,662,9),(3254,3,'classify_2','final',94,670,9),(3255,4,'classify_2','final',94,661,9),(3256,5,'classify_2','final',94,669,9),(3257,6,'classify_2','final',94,668,9),(3258,1,'classify_2','final',94,669,8),(3259,2,'classify_2','final',94,670,8),(3260,3,'classify_2','final',94,665,8),(3261,4,'classify_2','final',94,661,8),(3262,5,'classify_2','final',94,662,8),(3263,6,'classify_2','final',94,668,8),(3264,1,'selection','final',95,671,9),(3265,1,'selection','final',95,672,9),(3266,1,'selection','final',95,673,9),(3267,1,'selection','final',95,675,9),(3268,1,'selection','final',95,676,9),(3269,1,'selection','final',95,677,9),(3270,1,'selection','final',95,671,8),(3271,1,'selection','final',95,672,8),(3272,1,'selection','final',95,673,8),(3273,1,'selection','final',95,675,8),(3274,1,'selection','final',95,676,8),(3275,1,'selection','final',95,677,8),(3276,1,'selection','final',95,671,5),(3277,1,'selection','final',95,672,5),(3278,1,'selection','final',95,673,5),(3279,1,'selection','final',95,675,5),(3280,1,'selection','final',95,676,5),(3281,1,'selection','final',95,677,5),(3282,1,'classify_1','final',95,671,8),(3283,2,'classify_1','final',95,676,8),(3284,3,'classify_1','final',95,673,8),(3285,4,'classify_1','final',95,677,8),(3286,5,'classify_1','final',95,675,8),(3287,6,'classify_1','final',95,672,8),(3288,1,'classify_1','final',95,673,9),(3289,2,'classify_1','final',95,671,9),(3290,3,'classify_1','final',95,675,9),(3291,4,'classify_1','final',95,676,9),(3292,5,'classify_1','final',95,677,9),(3293,6,'classify_1','final',95,672,9),(3294,1,'classify_1','final',95,673,5),(3295,2,'classify_1','final',95,671,5),(3296,3,'classify_1','final',95,675,5),(3297,4,'classify_1','final',95,676,5),(3298,5,'classify_1','final',95,677,5),(3299,6,'classify_1','final',95,672,5),(3300,1,'classify_2','final',95,671,9),(3301,2,'classify_2','final',95,673,9),(3302,3,'classify_2','final',95,676,9),(3303,4,'classify_2','final',95,675,9),(3304,5,'classify_2','final',95,677,9),(3305,6,'classify_2','final',95,672,9),(3306,1,'classify_2','final',95,671,8),(3307,2,'classify_2','final',95,673,8),(3308,3,'classify_2','final',95,676,8),(3309,4,'classify_2','final',95,675,8),(3310,5,'classify_2','final',95,677,8),(3311,6,'classify_2','final',95,672,8),(3312,1,'classify_2','final',95,673,5),(3313,2,'classify_2','final',95,671,5),(3314,3,'classify_2','final',95,675,5),(3315,4,'classify_2','final',95,676,5),(3316,5,'classify_2','final',95,677,5),(3317,6,'classify_2','final',95,672,5),(3324,1,'selection','final',96,685,9),(3325,1,'selection','final',96,686,9),(3326,1,'selection','final',96,687,9),(3327,1,'selection','final',96,688,9),(3328,1,'selection','final',96,689,9),(3329,1,'selection','final',96,690,9),(3330,1,'selection','final',96,685,8),(3331,1,'selection','final',96,686,8),(3332,1,'selection','final',96,687,8),(3333,1,'selection','final',96,688,8),(3334,1,'selection','final',96,689,8),(3335,1,'selection','final',96,690,8),(3336,1,'selection','final',96,685,5),(3337,1,'selection','final',96,686,5),(3338,1,'selection','final',96,687,5),(3339,1,'selection','final',96,688,5),(3340,1,'selection','final',96,689,5),(3341,1,'selection','final',96,690,5),(3342,1,'classify_1','final',96,685,8),(3343,2,'classify_1','final',96,687,8),(3344,3,'classify_1','final',96,688,8),(3345,4,'classify_1','final',96,690,8),(3346,5,'classify_1','final',96,689,8),(3347,6,'classify_1','final',96,686,8),(3348,1,'classify_1','final',96,685,5),(3349,2,'classify_1','final',96,689,5),(3350,3,'classify_1','final',96,688,5),(3351,4,'classify_1','final',96,686,5),(3352,5,'classify_1','final',96,690,5),(3353,6,'classify_1','final',96,687,5),(3354,1,'classify_1','final',96,685,9),(3355,2,'classify_1','final',96,688,9),(3356,3,'classify_1','final',96,689,9),(3357,4,'classify_1','final',96,687,9),(3358,5,'classify_1','final',96,690,9),(3359,6,'classify_1','final',96,686,9),(3360,1,'classify_2','final',96,685,8),(3361,2,'classify_2','final',96,688,8),(3362,3,'classify_2','final',96,689,8),(3363,4,'classify_2','final',96,687,8),(3364,5,'classify_2','final',96,690,8),(3365,6,'classify_2','final',96,686,8),(3366,1,'classify_2','final',96,685,9),(3367,2,'classify_2','final',96,688,9),(3368,3,'classify_2','final',96,689,9),(3369,4,'classify_2','final',96,687,9),(3370,5,'classify_2','final',96,690,9),(3371,6,'classify_2','final',96,686,9),(3372,1,'classify_2','final',96,685,5),(3373,2,'classify_2','final',96,689,5),(3374,3,'classify_2','final',96,688,5),(3375,4,'classify_2','final',96,690,5),(3376,5,'classify_2','final',96,686,5),(3377,6,'classify_2','final',96,687,5),(3378,1,'selection','final',97,692,8),(3379,1,'selection','final',97,692,5),(3380,1,'selection','final',97,692,9),(3381,1,'classify_1','final',97,692,8),(3383,1,'classify_1','final',97,692,5),(3384,1,'classify_1','final',97,692,9),(3385,1,'classify_2','final',97,692,8),(3386,1,'classify_2','final',97,692,5),(3387,1,'classify_2','final',97,692,9),(3388,1,'selection','final',98,693,5),(3389,1,'selection','final',98,694,5),(3390,1,'selection','final',98,695,5),(3391,1,'selection','final',98,696,5),(3392,1,'selection','final',98,697,5),(3393,1,'selection','final',98,698,5),(3394,1,'selection','final',98,693,8),(3395,1,'selection','final',98,694,8),(3396,1,'selection','final',98,695,8),(3397,1,'selection','final',98,696,8),(3398,1,'selection','final',98,697,8),(3399,1,'selection','final',98,698,8),(3400,1,'selection','final',98,693,9),(3401,1,'selection','final',98,694,9),(3402,1,'selection','final',98,695,9),(3403,1,'selection','final',98,696,9),(3404,1,'selection','final',98,697,9),(3405,1,'selection','final',98,698,9),(3406,1,'classify_1','final',98,693,8),(3407,2,'classify_1','final',98,697,8),(3408,3,'classify_1','final',98,695,8),(3409,4,'classify_1','final',98,696,8),(3410,5,'classify_1','final',98,694,8),(3411,6,'classify_1','final',98,698,8),(3412,1,'classify_1','final',98,693,5),(3413,2,'classify_1','final',98,697,5),(3414,3,'classify_1','final',98,695,5),(3415,4,'classify_1','final',98,696,5),(3416,5,'classify_1','final',98,694,5),(3417,6,'classify_1','final',98,698,5),(3418,1,'classify_1','final',98,696,9),(3419,2,'classify_1','final',98,698,9),(3420,3,'classify_1','final',98,695,9),(3421,4,'classify_1','final',98,693,9),(3422,5,'classify_1','final',98,697,9),(3423,6,'classify_1','final',98,694,9),(3424,1,'classify_2','final',98,693,9),(3425,2,'classify_2','final',98,697,9),(3426,3,'classify_2','final',98,695,9),(3427,4,'classify_2','final',98,696,9),(3428,5,'classify_2','final',98,698,9),(3429,6,'classify_2','final',98,694,9),(3430,1,'classify_2','final',98,693,8),(3431,2,'classify_2','final',98,697,8),(3432,3,'classify_2','final',98,695,8),(3433,4,'classify_2','final',98,696,8),(3434,5,'classify_2','final',98,698,8),(3435,6,'classify_2','final',98,694,8),(3436,1,'classify_2','final',98,693,5),(3437,2,'classify_2','final',98,697,5),(3438,3,'classify_2','final',98,696,5),(3439,4,'classify_2','final',98,695,5),(3440,5,'classify_2','final',98,694,5),(3441,6,'classify_2','final',98,698,5),(3442,1,'selection','final',100,700,5),(3443,1,'selection','final',100,701,5),(3444,1,'selection','final',100,702,5),(3445,1,'selection','final',100,703,5),(3446,1,'selection','final',100,704,5),(3447,1,'selection','final',100,705,5),(3448,1,'selection','final',100,700,8),(3449,1,'selection','final',100,701,8),(3450,1,'selection','final',100,702,8),(3451,1,'selection','final',100,703,8),(3452,1,'selection','final',100,704,8),(3453,1,'selection','final',100,705,8),(3454,1,'selection','final',100,700,9),(3455,1,'selection','final',100,701,9),(3456,1,'selection','final',100,702,9),(3457,1,'selection','final',100,703,9),(3458,1,'selection','final',100,704,9),(3459,1,'selection','final',100,705,9),(3460,1,'classify_1','final',100,704,5),(3461,2,'classify_1','final',100,700,5),(3462,3,'classify_1','final',100,703,5),(3463,4,'classify_1','final',100,702,5),(3464,5,'classify_1','final',100,701,5),(3465,6,'classify_1','final',100,705,5),(3466,1,'classify_1','final',100,704,8),(3467,2,'classify_1','final',100,702,8),(3468,3,'classify_1','final',100,700,8),(3469,4,'classify_1','final',100,703,8),(3470,5,'classify_1','final',100,701,8),(3471,6,'classify_1','final',100,705,8),(3472,1,'classify_1','final',100,700,9),(3473,2,'classify_1','final',100,702,9),(3474,3,'classify_1','final',100,701,9),(3475,4,'classify_1','final',100,703,9),(3476,5,'classify_1','final',100,704,9),(3477,6,'classify_1','final',100,705,9),(3478,1,'classify_2','final',100,704,5),(3479,2,'classify_2','final',100,700,5),(3480,3,'classify_2','final',100,703,5),(3481,4,'classify_2','final',100,702,5),(3482,5,'classify_2','final',100,701,5),(3483,6,'classify_2','final',100,705,5),(3484,1,'classify_2','final',100,704,9),(3485,2,'classify_2','final',100,702,9),(3486,3,'classify_2','final',100,700,9),(3487,4,'classify_2','final',100,703,9),(3488,5,'classify_2','final',100,705,9),(3489,6,'classify_2','final',100,701,9),(3490,1,'classify_2','final',100,704,8),(3491,2,'classify_2','final',100,702,8),(3492,3,'classify_2','final',100,700,8),(3493,4,'classify_2','final',100,703,8),(3494,5,'classify_2','final',100,701,8),(3495,6,'classify_2','final',100,705,8),(3496,1,'selection','final',101,706,8),(3497,1,'selection','final',101,707,8),(3498,1,'selection','final',101,708,8),(3499,1,'selection','final',101,710,8),(3500,1,'selection','final',101,711,8),(3501,1,'selection','final',101,716,8),(3502,1,'selection','final',101,706,5),(3503,1,'selection','final',101,707,5),(3504,1,'selection','final',101,708,5),(3505,1,'selection','final',101,710,5),(3506,1,'selection','final',101,711,5),(3507,1,'selection','final',101,712,5),(3508,1,'selection','final',101,716,5),(3509,1,'selection','final',101,706,9),(3510,1,'selection','final',101,707,9),(3511,1,'selection','final',101,708,9),(3512,1,'selection','final',101,710,9),(3513,1,'selection','final',101,711,9),(3514,1,'selection','final',101,712,9),(3515,1,'selection','final',101,713,9),(3516,1,'selection','final',101,715,9),(3517,1,'selection','final',101,716,9),(3518,1,'classify_1','final',101,706,8),(3519,2,'classify_1','final',101,716,8),(3520,3,'classify_1','final',101,710,8),(3521,4,'classify_1','final',101,707,8),(3522,5,'classify_1','final',101,712,8),(3523,6,'classify_1','final',101,708,8),(3524,7,'classify_1','final',101,711,8),(3525,1,'classify_1','final',101,706,5),(3526,2,'classify_1','final',101,710,5),(3527,3,'classify_1','final',101,708,5),(3528,4,'classify_1','final',101,707,5),(3529,5,'classify_1','final',101,712,5),(3530,6,'classify_1','final',101,716,5),(3531,7,'classify_1','final',101,711,5),(3532,1,'classify_1','final',101,706,9),(3533,2,'classify_1','final',101,707,9),(3534,3,'classify_1','final',101,710,9),(3535,4,'classify_1','final',101,712,9),(3536,5,'classify_1','final',101,716,9),(3537,6,'classify_1','final',101,708,9),(3538,7,'classify_1','final',101,711,9),(3539,1,'classify_2','final',101,710,9),(3540,2,'classify_2','final',101,706,9),(3541,3,'classify_2','final',101,707,9),(3542,4,'classify_2','final',101,712,9),(3543,5,'classify_2','final',101,716,9),(3544,6,'classify_2','final',101,708,9),(3545,1,'classify_2','final',101,710,5),(3546,2,'classify_2','final',101,706,5),(3547,3,'classify_2','final',101,712,5),(3548,4,'classify_2','final',101,716,5),(3549,5,'classify_2','final',101,707,5),(3550,6,'classify_2','final',101,708,5),(3551,1,'classify_2','final',101,710,8),(3552,2,'classify_2','final',101,706,8),(3553,3,'classify_2','final',101,707,8),(3554,4,'classify_2','final',101,716,8),(3555,5,'classify_2','final',101,712,8),(3556,6,'classify_2','final',101,708,8),(3557,1,'selection','final',103,717,9),(3558,1,'selection','final',103,718,9),(3559,1,'selection','final',103,719,9),(3560,1,'selection','final',103,720,9),(3561,1,'selection','final',103,722,9),(3562,1,'selection','final',103,723,9),(3563,1,'selection','final',103,717,5),(3564,1,'selection','final',103,718,5),(3565,1,'selection','final',103,719,5),(3566,1,'selection','final',103,720,5),(3567,1,'selection','final',103,722,5),(3568,1,'selection','final',103,723,5),(3569,1,'selection','final',103,717,8),(3570,1,'selection','final',103,718,8),(3571,1,'selection','final',103,719,8),(3572,1,'selection','final',103,720,8),(3573,1,'selection','final',103,722,8),(3574,1,'selection','final',103,723,8),(3575,1,'classify_1','final',103,718,8),(3576,2,'classify_1','final',103,723,8),(3577,3,'classify_1','final',103,717,8),(3578,4,'classify_1','final',103,722,8),(3579,5,'classify_1','final',103,719,8),(3580,6,'classify_1','final',103,720,8),(3581,1,'classify_1','final',103,718,9),(3582,2,'classify_1','final',103,717,9),(3583,3,'classify_1','final',103,723,9),(3584,4,'classify_1','final',103,720,9),(3585,5,'classify_1','final',103,719,9),(3586,6,'classify_1','final',103,722,9),(3587,1,'classify_1','final',103,718,5),(3588,2,'classify_1','final',103,717,5),(3589,3,'classify_1','final',103,723,5),(3590,4,'classify_1','final',103,720,5),(3591,5,'classify_1','final',103,719,5),(3592,6,'classify_1','final',103,722,5),(3593,1,'classify_2','final',103,718,9),(3594,2,'classify_2','final',103,717,9),(3595,3,'classify_2','final',103,723,9),(3596,4,'classify_2','final',103,720,9),(3597,5,'classify_2','final',103,719,9),(3598,6,'classify_2','final',103,722,9),(3599,1,'classify_2','final',103,718,8),(3600,2,'classify_2','final',103,717,8),(3601,3,'classify_2','final',103,723,8),(3602,4,'classify_2','final',103,720,8),(3603,5,'classify_2','final',103,719,8),(3604,6,'classify_2','final',103,722,8),(3611,1,'classify_2','active',103,718,5),(3612,2,'classify_2','active',103,717,5),(3613,3,'classify_2','active',103,723,5),(3614,4,'classify_2','active',103,720,5),(3615,5,'classify_2','active',103,719,5),(3616,6,'classify_2','active',103,722,5),(3617,1,'selection','final',104,724,8),(3618,1,'selection','final',104,725,8),(3619,1,'selection','final',104,726,8),(3620,1,'selection','final',104,727,8),(3625,1,'selection','final',104,724,5),(3626,1,'selection','final',104,725,5),(3627,1,'selection','final',104,726,5),(3628,1,'selection','final',104,727,5),(3629,1,'selection','final',104,724,9),(3630,1,'selection','final',104,725,9),(3631,1,'selection','final',104,726,9),(3632,1,'selection','final',104,727,9),(3633,1,'classify_1','final',104,727,8),(3634,2,'classify_1','final',104,725,8),(3635,3,'classify_1','final',104,726,8),(3636,4,'classify_1','final',104,724,8),(3637,1,'classify_1','final',104,727,5),(3638,2,'classify_1','final',104,725,5),(3639,3,'classify_1','final',104,726,5),(3640,4,'classify_1','final',104,724,5),(3641,1,'classify_1','final',104,727,9),(3642,2,'classify_1','final',104,725,9),(3643,3,'classify_1','final',104,726,9),(3644,4,'classify_1','final',104,724,9),(3645,1,'classify_2','final',104,727,8),(3646,2,'classify_2','final',104,725,8),(3647,3,'classify_2','final',104,726,8),(3648,4,'classify_2','final',104,724,8),(3649,1,'classify_2','final',104,727,9),(3650,2,'classify_2','final',104,725,9),(3651,3,'classify_2','final',104,726,9),(3652,4,'classify_2','final',104,724,9),(3653,1,'classify_2','final',104,727,5),(3654,2,'classify_2','final',104,725,5),(3655,3,'classify_2','final',104,726,5),(3656,4,'classify_2','final',104,724,5),(3657,1,'selection','final',105,728,9),(3658,1,'selection','final',105,729,9),(3659,1,'selection','final',105,730,9),(3660,1,'selection','final',105,728,8),(3661,1,'selection','final',105,729,8),(3662,1,'selection','final',105,730,8),(3663,1,'selection','final',105,728,5),(3664,1,'selection','final',105,729,5),(3665,1,'selection','final',105,730,5),(3666,1,'classify_1','final',105,728,8),(3667,2,'classify_1','final',105,730,8),(3668,3,'classify_1','final',105,729,8),(3669,1,'classify_1','final',105,728,5),(3670,2,'classify_1','final',105,730,5),(3671,3,'classify_1','final',105,729,5),(3672,1,'classify_1','final',105,728,9),(3673,2,'classify_1','final',105,730,9),(3674,3,'classify_1','final',105,729,9),(3675,1,'classify_2','final',105,728,8),(3676,2,'classify_2','final',105,730,8),(3677,3,'classify_2','final',105,729,8),(3678,1,'classify_2','final',105,728,5),(3679,2,'classify_2','final',105,730,5),(3680,3,'classify_2','final',105,729,5),(3681,1,'classify_2','final',105,728,9),(3682,2,'classify_2','final',105,730,9),(3683,3,'classify_2','final',105,729,9),(3686,1,'selection','final',106,731,9),(3687,1,'selection','final',106,732,9),(3688,1,'selection','final',106,731,8),(3689,1,'selection','final',106,732,8),(3690,1,'selection','final',106,731,5),(3691,1,'selection','final',106,732,5),(3692,1,'classify_1','final',106,731,5),(3693,2,'classify_1','final',106,732,5),(3694,1,'classify_1','final',106,731,9),(3695,2,'classify_1','final',106,732,9),(3696,1,'classify_1','final',106,731,8),(3697,2,'classify_1','final',106,732,8),(3698,1,'classify_2','final',106,731,8),(3699,2,'classify_2','final',106,732,8),(3700,1,'classify_2','final',106,731,5),(3701,2,'classify_2','final',106,732,5),(3702,1,'classify_2','final',106,731,9),(3703,2,'classify_2','final',106,732,9),(3704,1,'selection','final',107,742,8),(3705,1,'selection','final',107,746,8),(3706,1,'selection','final',107,743,9),(3707,1,'selection','final',107,746,9),(3708,1,'selection','final',107,741,5),(3709,1,'selection','final',107,747,5),(3710,1,'classify_1','final',107,746,5),(3711,1,'classify_1','final',107,746,8),(3712,1,'classify_1','final',107,746,9),(3713,1,'classify_2','final',107,746,9),(3714,1,'classify_2','final',107,746,8),(3715,1,'classify_2','final',107,746,5),(3716,1,'selection','final',108,757,9),(3717,1,'selection','final',108,758,9),(3718,1,'selection','final',108,759,9),(3719,1,'selection','final',108,760,9),(3720,1,'selection','final',108,761,9),(3721,1,'selection','final',108,762,9),(3722,1,'selection','final',108,763,9),(3723,1,'selection','final',108,757,8),(3724,1,'selection','final',108,758,8),(3725,1,'selection','final',108,759,8),(3726,1,'selection','final',108,760,8),(3727,1,'selection','final',108,761,8),(3728,1,'selection','final',108,762,8),(3729,1,'selection','final',108,763,8),(3730,1,'selection','final',108,757,5),(3731,1,'selection','final',108,758,5),(3732,1,'selection','final',108,759,5),(3733,1,'selection','final',108,760,5),(3734,1,'selection','final',108,761,5),(3735,1,'selection','final',108,762,5),(3736,1,'selection','final',108,763,5),(3737,1,'classify_1','final',108,763,8),(3738,2,'classify_1','final',108,758,8),(3739,3,'classify_1','final',108,757,8),(3740,4,'classify_1','final',108,761,8),(3741,5,'classify_1','final',108,762,8),(3742,6,'classify_1','final',108,759,8),(3743,7,'classify_1','final',108,760,8),(3744,1,'classify_1','final',108,757,9),(3745,2,'classify_1','final',108,758,9),(3746,3,'classify_1','final',108,763,9),(3747,4,'classify_1','final',108,759,9),(3748,5,'classify_1','final',108,761,9),(3749,6,'classify_1','final',108,762,9),(3750,7,'classify_1','final',108,760,9),(3751,1,'classify_1','final',108,757,5),(3752,2,'classify_1','final',108,758,5),(3753,3,'classify_1','final',108,762,5),(3754,4,'classify_1','final',108,761,5),(3755,5,'classify_1','final',108,763,5),(3756,6,'classify_1','final',108,759,5),(3757,7,'classify_1','final',108,760,5),(3758,1,'classify_2','final',108,757,8),(3759,2,'classify_2','final',108,763,8),(3760,3,'classify_2','final',108,758,8),(3761,4,'classify_2','final',108,761,8),(3762,5,'classify_2','final',108,762,8),(3763,6,'classify_2','final',108,759,8),(3764,1,'classify_2','final',108,757,5),(3765,2,'classify_2','final',108,758,5),(3766,3,'classify_2','final',108,762,5),(3767,4,'classify_2','final',108,763,5),(3768,5,'classify_2','final',108,761,5),(3769,6,'classify_2','final',108,759,5),(3770,1,'classify_2','final',108,757,9),(3771,2,'classify_2','final',108,758,9),(3772,3,'classify_2','final',108,763,9),(3773,4,'classify_2','final',108,761,9),(3774,5,'classify_2','final',108,762,9),(3775,6,'classify_2','final',108,759,9),(3776,1,'selection','final',111,765,9),(3777,1,'selection','final',111,766,9),(3778,1,'selection','final',111,767,9),(3779,1,'selection','final',111,768,9),(3780,1,'selection','final',111,769,9),(3781,1,'selection','final',111,770,9),(3782,1,'selection','final',111,771,9),(3783,1,'selection','final',111,765,8),(3784,1,'selection','final',111,766,8),(3785,1,'selection','final',111,767,8),(3786,1,'selection','final',111,768,8),(3787,1,'selection','final',111,769,8),(3788,1,'selection','final',111,770,8),(3789,1,'selection','final',111,771,8),(3790,1,'selection','final',111,765,5),(3791,1,'selection','final',111,766,5),(3792,1,'selection','final',111,767,5),(3793,1,'selection','final',111,768,5),(3794,1,'selection','final',111,769,5),(3795,1,'selection','final',111,770,5),(3796,1,'selection','final',111,771,5),(3797,1,'classify_1','final',111,771,8),(3798,2,'classify_1','final',111,769,8),(3799,3,'classify_1','final',111,766,8),(3800,4,'classify_1','final',111,768,8),(3801,5,'classify_1','final',111,767,8),(3802,6,'classify_1','final',111,770,8),(3803,7,'classify_1','final',111,765,8),(3804,1,'classify_1','final',111,766,9),(3805,2,'classify_1','final',111,771,9),(3806,3,'classify_1','final',111,769,9),(3807,4,'classify_1','final',111,767,9),(3808,5,'classify_1','final',111,768,9),(3809,6,'classify_1','final',111,765,9),(3810,7,'classify_1','final',111,770,9),(3811,1,'classify_1','final',111,766,5),(3812,2,'classify_1','final',111,769,5),(3813,3,'classify_1','final',111,771,5),(3814,4,'classify_1','final',111,768,5),(3815,5,'classify_1','final',111,767,5),(3816,6,'classify_1','final',111,765,5),(3817,7,'classify_1','final',111,770,5),(3818,1,'classify_2','final',111,766,5),(3819,2,'classify_2','final',111,771,5),(3820,3,'classify_2','final',111,769,5),(3821,4,'classify_2','final',111,768,5),(3822,5,'classify_2','final',111,765,5),(3823,6,'classify_2','final',111,767,5),(3824,1,'classify_2','final',111,771,8),(3825,2,'classify_2','final',111,766,8),(3826,3,'classify_2','final',111,769,8),(3827,4,'classify_2','final',111,768,8),(3828,5,'classify_2','final',111,767,8),(3829,6,'classify_2','final',111,765,8),(3830,1,'classify_2','final',111,766,9),(3831,2,'classify_2','final',111,771,9),(3832,3,'classify_2','final',111,769,9),(3833,4,'classify_2','final',111,768,9),(3834,5,'classify_2','final',111,767,9),(3835,6,'classify_2','final',111,765,9),(3836,1,'selection','final',112,773,9),(3837,1,'selection','final',112,773,5),(3838,1,'selection','final',112,773,8),(3839,1,'classify_1','final',112,773,8),(3840,1,'classify_1','final',112,773,5),(3841,1,'classify_1','final',112,773,9),(3842,1,'classify_2','final',112,773,8),(3843,1,'classify_2','final',112,773,9),(3844,1,'classify_2','final',112,773,5),(3845,1,'selection','final',113,782,8),(3846,1,'selection','final',113,783,8),(3847,1,'selection','final',113,784,8),(3848,1,'selection','final',113,782,9),(3849,1,'selection','final',113,783,9),(3850,1,'selection','final',113,784,9),(3851,1,'selection','final',113,782,5),(3852,1,'selection','final',113,783,5),(3853,1,'selection','final',113,784,5),(3854,1,'classify_1','final',113,782,5),(3855,2,'classify_1','final',113,784,5),(3856,3,'classify_1','final',113,783,5),(3857,1,'classify_1','final',113,782,8),(3858,2,'classify_1','final',113,784,8),(3859,3,'classify_1','final',113,783,8),(3860,1,'classify_1','final',113,782,9),(3861,2,'classify_1','final',113,783,9),(3862,3,'classify_1','final',113,784,9),(3863,1,'classify_2','final',113,782,8),(3864,2,'classify_2','final',113,784,8),(3865,3,'classify_2','final',113,783,8),(3866,1,'classify_2','final',113,782,5),(3867,2,'classify_2','final',113,784,5),(3868,3,'classify_2','final',113,783,5),(3869,1,'classify_2','final',113,782,9),(3870,2,'classify_2','final',113,784,9),(3871,3,'classify_2','final',113,783,9),(3872,1,'selection','final',114,785,9),(3873,1,'selection','final',114,786,9),(3874,1,'selection','final',114,787,9),(3875,1,'selection','final',114,785,8),(3876,1,'selection','final',114,786,8),(3877,1,'selection','final',114,787,8),(3878,1,'selection','final',114,785,5),(3879,1,'selection','final',114,786,5),(3880,1,'selection','final',114,787,5),(3881,1,'classify_1','final',114,785,8),(3882,2,'classify_1','final',114,786,8),(3883,3,'classify_1','final',114,787,8),(3884,1,'classify_1','final',114,785,9),(3885,2,'classify_1','final',114,786,9),(3886,3,'classify_1','final',114,787,9),(3887,1,'classify_1','final',114,786,5),(3888,2,'classify_1','final',114,785,5),(3889,3,'classify_1','final',114,787,5),(3890,1,'classify_2','final',114,785,9),(3891,2,'classify_2','final',114,786,9),(3892,3,'classify_2','final',114,787,9),(3893,1,'classify_2','final',114,785,8),(3894,2,'classify_2','final',114,786,8),(3895,3,'classify_2','final',114,787,8),(3896,1,'classify_2','final',114,786,5),(3897,2,'classify_2','final',114,785,5),(3898,3,'classify_2','final',114,787,5),(3899,1,'selection','final',115,790,9),(3900,1,'selection','final',115,791,9),(3901,1,'selection','final',115,790,5),(3902,1,'selection','final',115,791,5),(3903,1,'selection','final',115,790,8),(3904,1,'selection','final',115,791,8),(3905,1,'classify_1','final',115,791,9),(3906,2,'classify_1','final',115,790,9),(3907,1,'classify_1','final',115,791,5),(3908,2,'classify_1','final',115,790,5),(3909,1,'classify_1','final',115,791,8),(3910,2,'classify_1','final',115,790,8),(3911,1,'classify_2','final',115,791,8),(3912,2,'classify_2','final',115,790,8),(3913,1,'classify_2','final',115,791,9),(3914,2,'classify_2','final',115,790,9),(3915,1,'classify_2','final',115,791,5),(3916,2,'classify_2','final',115,790,5),(3917,1,'selection','final',116,792,5),(3918,1,'selection','final',116,792,8),(3919,1,'selection','final',116,792,9),(3920,1,'classify_1','final',116,792,9),(3921,1,'classify_1','final',116,792,8),(3922,1,'classify_1','final',116,792,5),(3923,1,'classify_2','final',116,792,5),(3924,1,'classify_2','final',116,792,8),(3925,1,'classify_2','final',116,792,9),(3926,1,'selection','final',117,793,5),(3927,1,'selection','final',117,793,8),(3928,1,'selection','final',117,793,9),(3929,1,'classify_1','final',117,793,9),(3930,1,'classify_1','final',117,793,8),(3931,1,'classify_1','final',117,793,5),(3932,1,'classify_2','final',117,793,5),(3933,1,'classify_2','final',117,793,8),(3934,1,'classify_2','final',117,793,9);

/*Table structure for table `tournaments` */

DROP TABLE IF EXISTS `tournaments`;

CREATE TABLE `tournaments` (
  `id` int(10) unsigned NOT NULL AUTO_INCREMENT,
  `description` varchar(200) NOT NULL,
  `date_begin` date DEFAULT NULL,
  `date_end` date DEFAULT NULL,
  `type` enum('jury','wjury') NOT NULL DEFAULT 'jury',
  `status` enum('inactive','active','journal','final','deleted') NOT NULL DEFAULT 'inactive',
  PRIMARY KEY (`id`)
) ENGINE=InnoDB AUTO_INCREMENT=3 DEFAULT CHARSET=utf8;

/*Data for the table `tournaments` */

insert  into `tournaments`(`id`,`description`,`date_begin`,`date_end`,`type`,`status`) values (1,'XXXVII CONCURSO DEPARTAMENTAL DEL CABALLO PERUANO DE PASO','2015-11-06','2015-11-08','jury','final'),(2,'XXXII TRADICIONAL CONCURSO DE VERANO DEL CABALLO PERUANO DE PASO LURIN - PACHACAMAC','2016-02-19','2016-02-20','jury','final');

/*Table structure for table `users` */

DROP TABLE IF EXISTS `users`;

CREATE TABLE `users` (
  `id` int(10) unsigned NOT NULL AUTO_INCREMENT,
  `names` varchar(50) NOT NULL,
  `lastname` varchar(80) NOT NULL,
  `user` varchar(15) NOT NULL,
  `password` varchar(100) NOT NULL,
  `login` tinyint(1) unsigned NOT NULL,
  `remember_token` varchar(50) DEFAULT NULL,
  `profile` enum('admin','commissar','jury','operator','general_commissar') NOT NULL,
  `status` enum('active','inactive') NOT NULL DEFAULT 'active',
  PRIMARY KEY (`id`)
) ENGINE=InnoDB AUTO_INCREMENT=10 DEFAULT CHARSET=utf8;

/*Data for the table `users` */

insert  into `users`(`id`,`names`,`lastname`,`user`,`password`,`login`,`remember_token`,`profile`,`status`) values (1,'Miguel','Pazo Sánchez','admin','$2y$10$4H4J2nPfxtfujPYxdcqAROboWri0X2C2La1FJY9KEQ6nY8TwIhS2e',0,'uDDfqXl4UzfcXm5CH21n90SVFtT364UVhJ3MiVr8ld2fhHKYsi','admin','active'),(2,'Jose','Canario','comisario','$2y$10$jj9x0cNGKCb4YhnFzvSXZ.giSRpcpzT5LP8CcCQ.Az7l8CHNXWtom',0,'krz4gF7IKpJ9QGvWh3jPStLNJ8WcPIJGyj4Rn7IpXHKu4W0IFv','commissar','active'),(3,'Roque','Benavides','jurado1','$2y$10$ZtAzyg6gtEH72hw6GpRUwOgOvcU87N4duubTA2pK7Eo78kHSaxVIi',0,'xoibyx91cpJDnnLmNOIfZb3TBd3gwhArcmZYWyesjUW38hAThS','jury','active'),(4,'Ernesto','Roca','jurado2','$2y$10$8fkJzO2lkPqx3egjIjGs1O8Vidti87xFDzmEwKAKCEoc4UQlKvI9a',0,'FSxtisDstb4WidlMrYnLFQA9qlMQ9yOK8Ltef8tyCPyiAbeJnl','jury','active'),(5,'Luis Pablo','Vasquez','jurado3','$2y$10$4xwAE8n0d2c54cWdmt5RLurNiHk9hCIKw19ktKbmmoOXD15K5G.Aq',0,'zZde5YJrHU0Nlu90WnsIl0iLEJ953JgyngkrL4qGHihTAhnrSU','jury','active'),(6,'Miguel','Pazo','oper1','$2y$10$xPvEW6GhjsdO5o49ff1wJ.9EeNYrTKqcPqWFKLmHBty412BBUf44u',0,'uYt0w4mcT4TLTdlBHef3gVKekJfROmeUHHFr9se2lvEnje1lJw','operator','active'),(7,'miguel','pazo','gcomisario','$2y$10$9VAlEPyT2z6plFO/HcxziuCTyraI6bdN./MMzTvyt4YBS3qm.NTtq',0,'VYNQ6ELNVNbtSknxIrc2L88wLQMcn20TAoJfJ6v347TGmhNA0M','general_commissar','active'),(8,'Anibal','Vasquez','jurado4','$2y$10$BDb37CwsKfoSESpyVhX6VeM.FtSV62NMaQhAqMElkTleiWiESpqKe',0,'UkWpsUqBD743vWik8JjRr0oQGNKQRbY18x9DSi8jUREbRgXJZV','jury','active'),(9,'Antonio','Hudtwalke','jurado5','$2y$10$XHbLXUspCDBoexcjeNvfdO4vrujdyxAdENsV2Yi3TfOTDQUXqoUXW',0,'Ci6aPdUtfqvHXJi7X22XaAqsWxEMZlua4WsLxnH4OrM8fsjPyW','jury','active');

/*Table structure for table `animal_report` */

DROP TABLE IF EXISTS `animal_report`;

/*!50001 DROP VIEW IF EXISTS `animal_report` */;
/*!50001 DROP TABLE IF EXISTS `animal_report` */;

/*!50001 CREATE TABLE  `animal_report`(
 `id` int(10) unsigned ,
 `code` varchar(20) ,
 `name` varchar(60) ,
 `birthdate` varchar(10) ,
 `prefix` varchar(20) ,
 `breeder` varchar(201) ,
 `owner` varchar(201) ,
 `mom_prefix` varchar(20) ,
 `mom_name` varchar(60) ,
 `dad_prefix` varchar(20) ,
 `dad_name` varchar(60) 
)*/;

/*Table structure for table `animal_report_short` */

DROP TABLE IF EXISTS `animal_report_short`;

/*!50001 DROP VIEW IF EXISTS `animal_report_short` */;
/*!50001 DROP TABLE IF EXISTS `animal_report_short` */;

/*!50001 CREATE TABLE  `animal_report_short`(
 `id` int(10) unsigned ,
 `name` varchar(60) ,
 `prefix` varchar(20) ,
 `names` varchar(100) ,
 `lastnames` varchar(100) 
)*/;

/*Table structure for table `animal_tournament` */

DROP TABLE IF EXISTS `animal_tournament`;

/*!50001 DROP VIEW IF EXISTS `animal_tournament` */;
/*!50001 DROP TABLE IF EXISTS `animal_tournament` */;

/*!50001 CREATE TABLE  `animal_tournament`(
 `tournament_id` int(10) unsigned ,
 `animal_id` int(10) unsigned ,
 `total_categories` bigint(21) ,
 `prefix` varchar(20) ,
 `name` varchar(60) ,
 `code` varchar(20) ,
 `birthdate` varchar(10) ,
 `breeder` varchar(100) ,
 `owner` varchar(100) 
)*/;

/*Table structure for table `animal_tournament_short` */

DROP TABLE IF EXISTS `animal_tournament_short`;

/*!50001 DROP VIEW IF EXISTS `animal_tournament_short` */;
/*!50001 DROP TABLE IF EXISTS `animal_tournament_short` */;

/*!50001 CREATE TABLE  `animal_tournament_short`(
 `tournament_id` int(10) unsigned ,
 `animal_id` int(10) unsigned ,
 `total_categories` bigint(21) 
)*/;

/*View structure for view animal_report */

/*!50001 DROP TABLE IF EXISTS `animal_report` */;
/*!50001 DROP VIEW IF EXISTS `animal_report` */;

/*!50001 CREATE ALGORITHM=UNDEFINED DEFINER=`root`@`localhost` SQL SECURITY DEFINER VIEW `animal_report` AS select `a`.`id` AS `id`,`a`.`code` AS `code`,`a`.`name` AS `name`,date_format(`a`.`birthdate`,'%d-%m-%Y') AS `birthdate`,`c`.`prefix` AS `prefix`,trim(concat(if(isnull(`c`.`names`),'',`c`.`names`),' ',if(isnull(`c`.`lastnames`),'',`c`.`lastnames`))) AS `breeder`,trim(concat(if(isnull(`e`.`names`),'',`e`.`names`),' ',if(isnull(`e`.`lastnames`),'',`e`.`lastnames`))) AS `owner`,`mom`.`prefix` AS `mom_prefix`,`mom`.`name` AS `mom_name`,`dad`.`prefix` AS `dad_prefix`,`dad`.`name` AS `dad_name` from ((((((`animals` `a` left join `animal_agent` `b` on(((`b`.`animal_id` = `a`.`id`) and (`b`.`type` = 'breeder')))) left join `agents` `c` on((`c`.`id` = `b`.`agent_id`))) left join `animal_agent` `d` on(((`d`.`animal_id` = `a`.`id`) and (`d`.`type` = 'owner')))) left join `agents` `e` on((`e`.`id` = `d`.`agent_id`))) left join `animal_report_short` `mom` on((`mom`.`id` = `a`.`mom`))) left join `animal_report_short` `dad` on((`dad`.`id` = `a`.`dad`))) where isnull(`a`.`deleted_at`) */;

/*View structure for view animal_report_short */

/*!50001 DROP TABLE IF EXISTS `animal_report_short` */;
/*!50001 DROP VIEW IF EXISTS `animal_report_short` */;

/*!50001 CREATE ALGORITHM=UNDEFINED DEFINER=`root`@`localhost` SQL SECURITY DEFINER VIEW `animal_report_short` AS select `a`.`id` AS `id`,`a`.`name` AS `name`,`c`.`prefix` AS `prefix`,`c`.`names` AS `names`,`c`.`lastnames` AS `lastnames` from ((`animals` `a` left join `animal_agent` `b` on(((`b`.`animal_id` = `a`.`id`) and (`b`.`type` = 'breeder')))) left join `agents` `c` on((`c`.`id` = `b`.`agent_id`))) where isnull(`a`.`deleted_at`) */;

/*View structure for view animal_tournament */

/*!50001 DROP TABLE IF EXISTS `animal_tournament` */;
/*!50001 DROP VIEW IF EXISTS `animal_tournament` */;

/*!50001 CREATE ALGORITHM=UNDEFINED DEFINER=`root`@`localhost` SQL SECURITY DEFINER VIEW `animal_tournament` AS select `a`.`tournament_id` AS `tournament_id`,`a`.`animal_id` AS `animal_id`,`a`.`total_categories` AS `total_categories`,`d`.`prefix` AS `prefix`,`b`.`name` AS `name`,`b`.`code` AS `code`,date_format(`b`.`birthdate`,'%d-%m-%Y') AS `birthdate`,`d`.`names` AS `breeder`,`f`.`names` AS `owner` from (((((`animal_tournament_short` `a` join `animals` `b` on((`b`.`id` = `a`.`animal_id`))) left join `animal_agent` `c` on(((`c`.`animal_id` = `b`.`id`) and (`c`.`type` = 'breeder')))) left join `agents` `d` on((`d`.`id` = `c`.`agent_id`))) left join `animal_agent` `e` on(((`e`.`animal_id` = `b`.`id`) and (`e`.`type` = 'owner')))) left join `agents` `f` on((`f`.`id` = `e`.`agent_id`))) */;

/*View structure for view animal_tournament_short */

/*!50001 DROP TABLE IF EXISTS `animal_tournament_short` */;
/*!50001 DROP VIEW IF EXISTS `animal_tournament_short` */;

/*!50001 CREATE ALGORITHM=UNDEFINED DEFINER=`root`@`localhost` SQL SECURITY DEFINER VIEW `animal_tournament_short` AS select `catalogs`.`tournament_id` AS `tournament_id`,`catalogs`.`animal_id` AS `animal_id`,count(0) AS `total_categories` from `catalogs` group by `catalogs`.`animal_id`,`catalogs`.`tournament_id` */;

/*!40101 SET SQL_MODE=@OLD_SQL_MODE */;
/*!40014 SET FOREIGN_KEY_CHECKS=@OLD_FOREIGN_KEY_CHECKS */;
/*!40014 SET UNIQUE_CHECKS=@OLD_UNIQUE_CHECKS */;
/*!40111 SET SQL_NOTES=@OLD_SQL_NOTES */;
