/*
SQLyog Ultimate v9.63 
MySQL - 5.6.16 : Database - horses
*********************************************************************
*/

/*!40101 SET NAMES utf8 */;

/*!40101 SET SQL_MODE=''*/;

/*!40014 SET @OLD_UNIQUE_CHECKS=@@UNIQUE_CHECKS, UNIQUE_CHECKS=0 */;
/*!40014 SET @OLD_FOREIGN_KEY_CHECKS=@@FOREIGN_KEY_CHECKS, FOREIGN_KEY_CHECKS=0 */;
/*!40101 SET @OLD_SQL_MODE=@@SQL_MODE, SQL_MODE='NO_AUTO_VALUE_ON_ZERO' */;
/*!40111 SET @OLD_SQL_NOTES=@@SQL_NOTES, SQL_NOTES=0 */;
/*Table structure for table `categories` */

DROP TABLE IF EXISTS `categories`;

CREATE TABLE `categories` (
  `id` int(11) NOT NULL AUTO_INCREMENT,
  `description` varchar(200) NOT NULL,
  `type` enum('selection','wselection') NOT NULL DEFAULT 'selection',
  `status` enum('inactive','active','in_progress','final','deleted') NOT NULL DEFAULT 'inactive',
  `actual_stage` enum('assistance','selection','classify_1','classify_2') DEFAULT NULL,
  `num_begin` int(11) NOT NULL DEFAULT '1',
  `order` smallint(6) DEFAULT '1',
  `count_competitors` int(11) NOT NULL DEFAULT '0',
  `tournament_id` int(11) NOT NULL,
  PRIMARY KEY (`id`),
  KEY `fk_categories_tournament1_idx` (`tournament_id`),
  CONSTRAINT `fk_categories_tournament1` FOREIGN KEY (`tournament_id`) REFERENCES `tournaments` (`id`) ON DELETE CASCADE ON UPDATE NO ACTION
) ENGINE=InnoDB AUTO_INCREMENT=53 DEFAULT CHARSET=utf8;

/*Data for the table `categories` */

insert  into `categories`(`id`,`description`,`type`,`status`,`actual_stage`,`num_begin`,`order`,`count_competitors`,`tournament_id`) values (1,'MULARES','selection','final','classify_2',1,1,3,1),(2,'CATEGORIA DE POTRANCAS AL CABESTRO DE 1 A 1 1/2 AÑOS','selection','deleted','assistance',1,1,8,1),(3,'CATEGORIA DE POTRANCAS AL CABESTRO DE 1 1/2 A 2 AÑOS','selection','final','classify_2',1,4,10,1),(4,'CATEGORIA DE POTRANCAS AL CABESTRO DE 2 A 2 1/2 AÑOS','selection','deleted',NULL,1,1,7,1),(5,'CATEGORIA DE POTRANCAS AL CABESTRO DE 2 1/2 A 3 AÑOS','selection','final','classify_2',1,6,6,1),(6,'PREMIO A LA MEJOR POTRANCA PRESENTADA AL CABESTRO','selection','final','classify_2',1,7,4,1),(7,'CATEGORIA DE POTRANCAS DE BOZAL DE 3 A 4 AÑOS','selection','final','classify_2',1,8,16,1),(8,'CAMPEONA DE BOZAL HEMBRA','selection','inactive',NULL,1,9,0,1),(9,'CATEGORIA DE YEGUAS DE FRENO Y ESPUELAS DE 4 A 6 AÑOS - GRUPO 1','selection','final','classify_2',1,10,13,1),(10,'CATEGORIA DE YEGUAS DE FRENO Y ESPUELAS DE 4 A 6 AÑOS - GRUPO 2','selection','final','classify_2',1,11,13,1),(11,'CATEGORIA DE YEGUAS DE FRENO Y ESPUELAS DE 6 A 8 AÑOS','selection','final','classify_2',1,12,16,1),(12,'CATEGORIA DE YEGUAS DE FRENO Y ESPUELAS DE MAS DE 8 AÑOS','selection','final','classify_2',1,13,17,1),(13,'PREMIO PISOS PARA YEGUAS','selection','final','classify_2',1,14,9,1),(14,'PREMIO MADRE E HIJA','selection','inactive',NULL,1,15,0,1),(15,'PREMIO PROGENIE DE MADRE','selection','final','classify_2',1,16,3,1),(16,'PREMIO CONJUNTO DE YEGUAS','selection','final','classify_2',1,17,3,1),(17,'PREMIO MERITO ZOOTECNICO HEMBRA','selection','final','classify_2',1,18,9,1),(18,'CATEGORIA DE CAPONES DE BOZAL DE 3 A 4 AÑOS','selection','inactive',NULL,1,19,1,1),(19,'CAMPEON DE BOZAL CAPON','selection','inactive',NULL,1,20,0,1),(20,'CATEGORIA DE CAPONES DE FRENO Y ESPUELAS DE 4 A 6 AÑOS','selection','inactive',NULL,1,21,19,1),(21,'CATEGORIA DE CAPONES DE FRENO Y ESPUELAS DE 6 A 8 AÑOS','selection','inactive',NULL,1,22,9,1),(22,'CATEGORIA DE CAPONES DE FRENO Y ESPUELAS DE 8 A 12 AÑOS','selection','inactive',NULL,1,23,8,1),(23,'CATEGORIA DE CAPONES DE FRENO Y ESPUELAS DE MAS DE 12 AÑOS','selection','inactive',NULL,1,24,2,1),(24,'PREMIO PISOS PARA CAPONES','selection','inactive',NULL,1,25,0,1),(25,'PREMIO CONJUNTO DE CAPONES','selection','inactive',NULL,1,26,2,1),(26,'CATEGORIA DE POTRILLOS AL CABESTRO DE 1 A 2 AÑOS','selection','inactive',NULL,1,27,13,1),(27,'CATEGORIA DE POTRILLOS AL CABESTRO DE 2 A 3 AÑOS','selection','inactive',NULL,1,28,9,1),(28,'PREMIO AL MEJOR POTRILLO PRESENTADO AL CABESTRO','selection','inactive',NULL,1,29,0,1),(29,'CATEGORIA DE POTRILLOS DE BOZAL DE 3 A 4 AÑOS','selection','inactive',NULL,1,30,10,1),(30,'CAMPEON DE BOZAL MACHO','selection','inactive',NULL,1,31,0,1),(31,'CATEGORIA DE POTROS DE FRENO Y ESPUELAS DE 4 A 6 AÑOS','selection','inactive',NULL,1,32,11,1),(32,'CATEGORIA DE POTROS DE FRENO Y ESPUELAS DE 6 A 8 AÑOS','selection','inactive',NULL,1,33,7,1),(33,'CATEGORIA DE POTROS DE FRENO Y ESPUELAS DE MAS DE 8 AÑOS','selection','inactive',NULL,1,34,9,1),(34,'PREMIO PROGENIE DE PADRE','selection','inactive',NULL,1,35,1,1),(35,'PREMIO PISOS PARA POTROS','selection','inactive',NULL,1,36,0,1),(36,'PREMIO CONJUNTO DE POTROS','selection','inactive',NULL,1,37,0,1),(37,'PREMIO MERITO ZOOTECNICO MACHO','selection','inactive',NULL,1,38,0,1),(38,'PRUEBA DE MENORES DE 6 A 9 AÑOS (NIÑOS Y NIÑAS)','selection','inactive',NULL,1,39,0,1),(39,'PRUEBA DE MENORES DE 10 A 12 AÑOS (NIÑOS Y NIÑAS)','selection','inactive',NULL,1,40,0,1),(40,'PRUEBA DE ENFRENADURA','selection','inactive',NULL,1,41,0,1),(41,'CAMPEON Y RESERVA DE CAMPEON DEL AÑO CAPON','selection','inactive',NULL,1,42,0,1),(42,'CAMPEONA Y RESERVA DE CAMPEONA DEL AÑO HEMBRA','selection','inactive',NULL,1,43,0,1),(43,'CAMPEON Y RESERVA DE CAMPEON DEL AÑO MACHO','selection','inactive',NULL,1,44,0,1),(44,'PREMIO AFICION','selection','inactive',NULL,1,45,0,1),(45,'CAMPEON DE CAMPEONES CAPON','selection','inactive',NULL,1,46,2,1),(46,'CAMPEONA DE CAMPEONAS HEMBRA','selection','inactive',NULL,1,47,1,1),(47,'CAMPEON DE CAMPEONES MACHO','selection','inactive',NULL,1,48,1,1),(48,'BURROS','wselection','deleted',NULL,1,1,1,1),(49,'POTROS MULETEROS','selection','final','classify_2',1,2,1,1),(50,'CATEGORIA DE POTRANCAS AL CABESTRO DE 1 A 1 1/2 AÑOS','selection','deleted','selection',1,1,8,1),(51,'CATEGORIA DE POTRANCAS AL CABESTRO DE 2 A 2 1/2 AÑOS','selection','final','classify_2',1,5,7,1),(52,'CATEGORIA DE POTRANCAS AL CABESTRO DE 1 A 1 1/2 AÑOS','selection','final','classify_2',1,3,8,1);

/*Table structure for table `category_users` */

DROP TABLE IF EXISTS `category_users`;

CREATE TABLE `category_users` (
  `id` bigint(20) NOT NULL AUTO_INCREMENT,
  `dirimente` tinyint(1) NOT NULL DEFAULT '0',
  `actual_stage` enum('assistance','selection','classify_1','classify_2') DEFAULT NULL,
  `user_id` int(11) NOT NULL,
  `category_id` int(11) NOT NULL,
  PRIMARY KEY (`id`),
  KEY `fk_categoria_jurado_user1_idx` (`user_id`),
  KEY `fk_category_users_categories1_idx` (`category_id`),
  CONSTRAINT `fk_categoria_jurado_user1` FOREIGN KEY (`user_id`) REFERENCES `users` (`id`) ON DELETE CASCADE ON UPDATE NO ACTION,
  CONSTRAINT `fk_category_users_categories1` FOREIGN KEY (`category_id`) REFERENCES `categories` (`id`) ON DELETE CASCADE ON UPDATE NO ACTION
) ENGINE=InnoDB AUTO_INCREMENT=97 DEFAULT CHARSET=utf8;

/*Data for the table `category_users` */

insert  into `category_users`(`id`,`dirimente`,`actual_stage`,`user_id`,`category_id`) values (7,0,NULL,3,48),(8,0,NULL,4,48),(9,1,NULL,5,48),(10,0,'classify_2',3,1),(11,1,'classify_2',4,1),(12,0,'classify_2',5,1),(13,0,'classify_2',3,49),(14,0,'classify_2',4,49),(15,1,'classify_2',5,49),(16,1,'assistance',3,2),(17,0,'assistance',4,2),(18,0,'assistance',5,2),(19,0,'classify_1',3,50),(20,0,'selection',4,50),(21,1,'selection',5,50),(22,0,NULL,3,4),(23,1,NULL,4,4),(24,0,NULL,5,4),(28,0,'classify_2',3,3),(29,1,'classify_2',4,3),(30,0,'classify_2',5,3),(31,0,'classify_2',3,51),(32,1,'classify_2',4,51),(33,0,'classify_2',5,51),(34,0,'classify_2',3,5),(35,0,'classify_2',4,5),(36,1,'classify_2',5,5),(40,0,'classify_2',3,6),(41,1,'classify_2',4,6),(42,0,'classify_2',5,6),(46,1,'classify_2',3,7),(47,0,'classify_2',4,7),(48,0,'classify_2',5,7),(55,0,'classify_2',3,9),(56,0,'classify_2',4,9),(57,1,'classify_2',5,9),(58,0,'classify_2',3,10),(59,1,'classify_2',4,10),(60,0,'classify_2',5,10),(61,1,'classify_2',3,11),(62,0,'classify_2',4,11),(63,0,'classify_2',5,11),(64,0,'classify_2',3,12),(65,0,'classify_2',4,12),(66,1,'classify_2',5,12),(70,0,'classify_2',3,13),(71,1,'classify_2',4,13),(72,0,'classify_2',5,13),(73,1,'classify_2',3,15),(74,0,'classify_2',4,15),(75,0,'classify_2',5,15),(82,0,'classify_2',3,16),(83,0,'classify_2',4,16),(84,1,'classify_2',5,16),(91,0,'classify_2',3,17),(92,1,'classify_2',4,17),(93,0,'classify_2',5,17),(94,0,'classify_2',3,52),(95,0,'classify_2',4,52),(96,1,'classify_2',5,52);

/*Table structure for table `competitors` */

DROP TABLE IF EXISTS `competitors`;

CREATE TABLE `competitors` (
  `id` int(11) NOT NULL AUTO_INCREMENT,
  `number` tinyint(3) unsigned NOT NULL,
  `position` tinyint(3) unsigned DEFAULT NULL,
  `points` smallint(5) unsigned DEFAULT NULL,
  `catalog` varchar(45) DEFAULT NULL,
  `category_id` int(11) NOT NULL,
  PRIMARY KEY (`id`),
  KEY `fk_competitor_categories1_idx` (`category_id`),
  CONSTRAINT `fk_competitor_categories1` FOREIGN KEY (`category_id`) REFERENCES `categories` (`id`) ON DELETE CASCADE ON UPDATE NO ACTION
) ENGINE=InnoDB AUTO_INCREMENT=153 DEFAULT CHARSET=utf8;

/*Data for the table `competitors` */

insert  into `competitors`(`id`,`number`,`position`,`points`,`catalog`,`category_id`) values (1,1,3,9,'210',1),(2,2,1,3,'211',1),(3,3,2,6,'212',1),(4,1,1,3,NULL,49),(5,1,NULL,NULL,NULL,49),(6,1,NULL,NULL,NULL,2),(7,2,NULL,NULL,NULL,2),(8,3,NULL,NULL,NULL,2),(9,4,NULL,NULL,NULL,2),(10,5,NULL,NULL,NULL,2),(11,6,NULL,NULL,NULL,2),(12,7,NULL,NULL,NULL,2),(13,8,NULL,NULL,NULL,2),(14,1,0,NULL,NULL,50),(15,2,0,NULL,NULL,50),(16,3,0,NULL,NULL,50),(17,4,0,NULL,NULL,50),(18,5,0,NULL,NULL,50),(19,6,0,NULL,NULL,50),(20,7,0,NULL,NULL,50),(21,8,0,NULL,NULL,50),(22,1,9,26,'9',3),(23,2,7,23,'10',3),(24,3,8,24,'11',3),(25,4,10,27,'12',3),(26,5,6,16,'13',3),(27,6,4,13,'14',3),(28,7,2,7,'15',3),(29,8,1,3,'16',3),(30,9,3,9,'17',3),(31,10,5,15,'18',3),(32,1,7,19,'19',51),(33,2,1,3,'20',51),(34,3,3,8,'21',51),(35,4,5,15,'22',51),(36,5,4,12,'23',51),(37,6,6,18,'24',51),(38,7,2,7,'25',51),(39,1,5,15,'26',5),(40,2,6,17,'27',5),(41,3,4,13,'28',5),(42,4,1,4,'29',5),(43,5,2,7,'30',5),(44,6,3,7,'31',5),(45,1,4,11,NULL,6),(46,2,2,6,NULL,6),(47,3,1,3,NULL,6),(48,4,3,10,NULL,6),(49,1,NULL,NULL,'32',7),(50,2,9,26,'33',7),(51,3,10,29,'34',7),(52,4,4,11,'35',7),(53,5,5,14,'36',7),(54,6,3,9,'37',7),(55,7,NULL,NULL,'38',7),(56,8,NULL,NULL,'39',7),(57,9,1,4,'40',7),(58,10,6,17,'41',7),(59,11,8,22,'42',7),(60,12,NULL,NULL,'43',7),(61,13,11,33,'44',7),(62,14,2,8,'45',7),(63,15,NULL,NULL,'46',7),(64,16,7,21,'47',7),(65,1,7,18,'48',9),(66,2,4,14,'49',9),(67,3,3,7,'50',9),(68,4,9,25,'51',9),(69,5,NULL,NULL,'52',9),(70,6,10,28,'53',9),(71,7,2,7,'54',9),(72,8,6,17,'55',9),(73,9,5,14,'56',9),(74,10,1,4,'57',9),(75,11,NULL,NULL,'58',9),(76,12,NULL,NULL,'59',9),(77,13,8,19,'60',9),(78,1,2,6,'61',10),(79,2,NULL,NULL,'62',10),(80,3,4,12,'63',10),(81,4,7,23,'64',10),(82,5,5,14,'65',10),(83,6,6,18,'66',10),(84,7,9,26,'67',10),(85,8,NULL,NULL,'68',10),(86,9,NULL,NULL,'69',10),(87,10,10,27,'70',10),(88,11,1,3,'71',10),(89,12,3,10,'72',10),(90,13,8,25,'73',10),(91,1,10,26,'74',11),(92,2,NULL,NULL,'75',11),(93,3,NULL,NULL,'76',11),(94,4,11,27,'77',11),(95,5,2,6,'78',11),(96,7,5,15,'80',11),(97,8,7,22,'81',11),(98,9,1,3,'82',11),(99,11,3,10,'84',11),(100,12,9,24,'85',11),(101,13,NULL,NULL,'86',11),(102,14,4,13,'87',11),(103,15,8,22,'88',11),(104,16,6,16,'89',11),(105,1,3,10,'90',12),(106,2,4,11,'91',12),(107,3,NULL,NULL,'92',12),(108,4,1,3,'93',12),(109,5,8,22,'94',12),(110,6,NULL,NULL,'95',12),(111,7,5,14,'96',12),(112,8,NULL,NULL,'97',12),(113,10,6,17,'99',12),(114,11,7,21,'100',12),(115,12,9,26,'101',12),(116,13,NULL,NULL,'102',12),(117,14,2,8,'103',12),(118,15,NULL,NULL,'104',12),(119,16,NULL,NULL,'105',12),(120,17,NULL,NULL,'106',12),(121,1,1,7,'57',13),(122,2,2,8,'54',13),(123,3,5,11,'71',13),(124,4,NULL,NULL,'61',13),(125,5,3,9,'82',13),(126,6,NULL,NULL,'78',13),(127,7,4,10,'93',13),(128,8,NULL,NULL,'103',13),(129,9,NULL,NULL,'90',13),(130,1,1,3,'40,78',15),(131,2,2,7,'50,205',15),(132,3,3,8,'204,47',15),(133,1,2,6,'50,61,205',16),(134,2,1,3,'46,47,54,56,81',16),(135,3,3,9,'51,90,101',16),(136,1,1,7,'57',17),(137,2,NULL,NULL,'54',17),(138,3,3,9,'71',17),(139,4,2,7,'61',17),(140,5,4,11,'82',17),(141,6,NULL,NULL,'78',17),(142,7,5,11,'93',17),(143,8,NULL,NULL,'103',17),(144,9,NULL,NULL,'56',17),(145,1,6,17,NULL,52),(146,2,3,9,NULL,52),(147,3,5,16,NULL,52),(148,4,7,19,NULL,52),(149,5,4,11,NULL,52),(150,6,2,7,NULL,52),(151,7,1,3,NULL,52),(152,8,8,24,NULL,52);

/*Table structure for table `stages` */

DROP TABLE IF EXISTS `stages`;

CREATE TABLE `stages` (
  `id` bigint(20) NOT NULL AUTO_INCREMENT,
  `position` int(11) NOT NULL,
  `stage` enum('assistance','selection','classify_1','classify_2') NOT NULL,
  `status` enum('active','final') NOT NULL DEFAULT 'active',
  `category_id` int(11) NOT NULL DEFAULT '1',
  `user_id` int(11) NOT NULL,
  `competitor_id` int(11) NOT NULL,
  PRIMARY KEY (`id`),
  KEY `fk_etapa_user1_idx` (`user_id`),
  KEY `fk_etapa_competitor1_idx` (`competitor_id`),
  CONSTRAINT `fk_etapa_competitor1` FOREIGN KEY (`competitor_id`) REFERENCES `competitors` (`id`) ON DELETE CASCADE ON UPDATE NO ACTION,
  CONSTRAINT `fk_etapa_user1` FOREIGN KEY (`user_id`) REFERENCES `users` (`id`) ON DELETE CASCADE ON UPDATE NO ACTION
) ENGINE=InnoDB AUTO_INCREMENT=945 DEFAULT CHARSET=utf8;

/*Data for the table `stages` */

insert  into `stages`(`id`,`position`,`stage`,`status`,`category_id`,`user_id`,`competitor_id`) values (1,1,'selection','final',1,3,1),(2,1,'selection','final',1,3,2),(3,1,'selection','final',1,3,3),(4,1,'selection','final',1,4,1),(5,1,'selection','final',1,4,2),(6,1,'selection','final',1,4,3),(7,1,'classify_1','final',1,3,2),(8,2,'classify_1','final',1,3,3),(9,3,'classify_1','final',1,3,1),(10,1,'classify_1','final',1,4,1),(11,2,'classify_1','final',1,4,2),(12,3,'classify_1','final',1,4,3),(13,1,'classify_1','final',1,5,2),(14,2,'classify_1','final',1,5,3),(15,3,'classify_1','final',1,5,1),(16,1,'classify_2','final',1,3,2),(17,2,'classify_2','final',1,3,3),(18,3,'classify_2','final',1,3,1),(19,1,'classify_2','final',1,5,2),(20,2,'classify_2','final',1,5,3),(21,3,'classify_2','final',1,5,1),(22,1,'classify_2','final',1,4,2),(23,2,'classify_2','final',1,4,3),(24,3,'classify_2','final',1,4,1),(25,1,'selection','final',49,5,4),(26,1,'selection','final',49,4,4),(28,1,'selection','final',49,3,4),(29,1,'classify_1','final',49,3,4),(30,1,'classify_1','final',49,5,4),(31,1,'classify_1','final',49,4,4),(32,1,'classify_2','final',49,4,4),(33,1,'classify_2','final',49,3,4),(34,1,'classify_2','final',49,5,4),(35,1,'selection','active',50,3,14),(36,1,'selection','active',50,3,15),(37,1,'selection','active',50,3,16),(38,1,'selection','active',50,3,17),(39,1,'selection','active',50,3,18),(40,1,'selection','active',50,3,19),(41,1,'selection','active',50,3,20),(42,1,'selection','active',50,3,21),(43,1,'selection','active',50,4,14),(44,1,'selection','active',50,4,15),(45,1,'selection','active',50,4,16),(46,1,'selection','active',50,4,17),(47,1,'selection','active',50,4,18),(48,1,'selection','active',50,4,19),(49,1,'selection','active',50,4,20),(50,1,'selection','active',50,4,21),(58,1,'selection','active',50,5,14),(59,1,'selection','active',50,5,15),(60,1,'selection','active',50,5,16),(61,1,'selection','active',50,5,18),(62,1,'selection','active',50,5,19),(63,1,'selection','active',50,5,20),(64,1,'selection','active',50,5,21),(65,1,'classify_1','active',50,3,20),(66,2,'classify_1','active',50,3,19),(67,3,'classify_1','active',50,3,21),(68,4,'classify_1','active',50,3,18),(69,5,'classify_1','active',50,3,16),(70,6,'classify_1','active',50,3,17),(71,7,'classify_1','active',50,3,14),(72,8,'classify_1','active',50,3,15),(73,1,'selection','final',3,3,22),(74,1,'selection','final',3,3,23),(75,1,'selection','final',3,3,24),(76,1,'selection','final',3,3,25),(77,1,'selection','final',3,3,26),(78,1,'selection','final',3,3,27),(79,1,'selection','final',3,3,28),(80,1,'selection','final',3,3,29),(81,1,'selection','final',3,3,30),(82,1,'selection','final',3,3,31),(83,1,'selection','final',3,4,22),(84,1,'selection','final',3,4,23),(85,1,'selection','final',3,4,24),(86,1,'selection','final',3,4,25),(87,1,'selection','final',3,4,26),(88,1,'selection','final',3,4,27),(89,1,'selection','final',3,4,28),(90,1,'selection','final',3,4,29),(91,1,'selection','final',3,4,30),(92,1,'selection','final',3,4,31),(93,1,'selection','final',3,5,23),(94,1,'selection','final',3,5,24),(95,1,'selection','final',3,5,26),(96,1,'selection','final',3,5,27),(97,1,'selection','final',3,5,28),(98,1,'selection','final',3,5,29),(99,1,'selection','final',3,5,30),(100,1,'selection','final',3,5,31),(101,1,'classify_1','final',3,5,29),(102,2,'classify_1','final',3,5,30),(103,3,'classify_1','final',3,5,28),(104,4,'classify_1','final',3,5,27),(105,5,'classify_1','final',3,5,26),(106,6,'classify_1','final',3,5,23),(107,7,'classify_1','final',3,5,24),(108,8,'classify_1','final',3,5,31),(109,9,'classify_1','final',3,5,22),(110,10,'classify_1','final',3,5,25),(111,1,'classify_1','final',3,4,29),(112,2,'classify_1','final',3,4,28),(113,3,'classify_1','final',3,4,30),(114,4,'classify_1','final',3,4,27),(115,5,'classify_1','final',3,4,26),(116,6,'classify_1','final',3,4,31),(117,7,'classify_1','final',3,4,24),(118,8,'classify_1','final',3,4,23),(119,9,'classify_1','final',3,4,22),(120,10,'classify_1','final',3,4,25),(121,1,'classify_1','final',3,3,29),(122,2,'classify_1','final',3,3,28),(123,3,'classify_1','final',3,3,31),(124,4,'classify_1','final',3,3,30),(125,5,'classify_1','final',3,3,27),(126,6,'classify_1','final',3,3,26),(127,7,'classify_1','final',3,3,25),(128,8,'classify_1','final',3,3,22),(129,9,'classify_1','final',3,3,23),(130,10,'classify_1','final',3,3,24),(131,1,'classify_2','final',3,4,29),(132,2,'classify_2','final',3,4,28),(133,3,'classify_2','final',3,4,30),(134,4,'classify_2','final',3,4,27),(135,5,'classify_2','final',3,4,26),(136,6,'classify_2','final',3,4,31),(137,1,'classify_2','final',3,5,29),(138,2,'classify_2','final',3,5,30),(139,3,'classify_2','final',3,5,28),(140,4,'classify_2','final',3,5,27),(141,5,'classify_2','final',3,5,26),(142,6,'classify_2','final',3,5,31),(143,1,'classify_2','final',3,3,29),(144,2,'classify_2','final',3,3,28),(145,3,'classify_2','final',3,3,31),(146,4,'classify_2','final',3,3,30),(147,5,'classify_2','final',3,3,27),(148,6,'classify_2','final',3,3,26),(149,1,'selection','final',51,3,32),(150,1,'selection','final',51,3,33),(151,1,'selection','final',51,3,34),(152,1,'selection','final',51,3,35),(153,1,'selection','final',51,3,36),(154,1,'selection','final',51,3,37),(155,1,'selection','final',51,3,38),(156,1,'selection','final',51,5,33),(157,1,'selection','final',51,5,34),(158,1,'selection','final',51,5,35),(159,1,'selection','final',51,5,36),(160,1,'selection','final',51,5,37),(161,1,'selection','final',51,5,38),(162,1,'selection','final',51,4,32),(163,1,'selection','final',51,4,33),(164,1,'selection','final',51,4,34),(165,1,'selection','final',51,4,35),(166,1,'selection','final',51,4,36),(167,1,'selection','final',51,4,37),(168,1,'selection','final',51,4,38),(169,1,'classify_1','final',51,3,33),(170,2,'classify_1','final',51,3,34),(171,3,'classify_1','final',51,3,38),(172,4,'classify_1','final',51,3,36),(173,5,'classify_1','final',51,3,32),(174,6,'classify_1','final',51,3,35),(175,7,'classify_1','final',51,3,37),(176,1,'classify_1','final',51,5,33),(177,2,'classify_1','final',51,5,38),(178,3,'classify_1','final',51,5,34),(179,4,'classify_1','final',51,5,36),(180,5,'classify_1','final',51,5,35),(181,6,'classify_1','final',51,5,37),(182,7,'classify_1','final',51,5,32),(183,1,'classify_1','final',51,4,33),(184,2,'classify_1','final',51,4,38),(185,3,'classify_1','final',51,4,34),(186,4,'classify_1','final',51,4,36),(187,5,'classify_1','final',51,4,35),(188,6,'classify_1','final',51,4,37),(189,7,'classify_1','final',51,4,32),(190,1,'classify_2','final',51,4,33),(191,2,'classify_2','final',51,4,38),(192,3,'classify_2','final',51,4,34),(193,4,'classify_2','final',51,4,36),(194,5,'classify_2','final',51,4,35),(195,6,'classify_2','final',51,4,37),(196,1,'classify_2','final',51,3,33),(197,2,'classify_2','final',51,3,34),(198,3,'classify_2','final',51,3,38),(199,4,'classify_2','final',51,3,36),(200,5,'classify_2','final',51,3,35),(201,6,'classify_2','final',51,3,37),(202,1,'classify_2','final',51,5,33),(203,2,'classify_2','final',51,5,38),(204,3,'classify_2','final',51,5,34),(205,4,'classify_2','final',51,5,36),(206,5,'classify_2','final',51,5,35),(207,6,'classify_2','final',51,5,37),(208,1,'selection','final',5,5,39),(209,1,'selection','final',5,5,40),(210,1,'selection','final',5,5,41),(211,1,'selection','final',5,5,42),(212,1,'selection','final',5,5,43),(213,1,'selection','final',5,5,44),(214,1,'selection','final',5,3,39),(215,1,'selection','final',5,3,40),(216,1,'selection','final',5,3,41),(217,1,'selection','final',5,3,42),(218,1,'selection','final',5,3,43),(219,1,'selection','final',5,3,44),(220,1,'selection','final',5,4,39),(221,1,'selection','final',5,4,40),(222,1,'selection','final',5,4,41),(223,1,'selection','final',5,4,42),(224,1,'selection','final',5,4,43),(225,1,'selection','final',5,4,44),(232,1,'classify_1','final',5,3,42),(233,2,'classify_1','final',5,3,43),(234,3,'classify_1','final',5,3,44),(235,4,'classify_1','final',5,3,39),(236,5,'classify_1','final',5,3,41),(237,6,'classify_1','final',5,3,40),(238,1,'classify_1','final',5,4,44),(239,2,'classify_1','final',5,4,42),(240,3,'classify_1','final',5,4,43),(241,4,'classify_1','final',5,4,41),(242,5,'classify_1','final',5,4,39),(243,6,'classify_1','final',5,4,40),(244,1,'classify_1','final',5,5,42),(245,2,'classify_1','final',5,5,43),(246,3,'classify_1','final',5,5,44),(247,4,'classify_1','final',5,5,41),(248,5,'classify_1','final',5,5,40),(249,6,'classify_1','final',5,5,39),(250,1,'classify_2','final',5,4,44),(251,2,'classify_2','final',5,4,42),(252,3,'classify_2','final',5,4,43),(253,4,'classify_2','final',5,4,41),(254,5,'classify_2','final',5,4,39),(255,6,'classify_2','final',5,4,40),(256,1,'classify_2','final',5,3,42),(257,2,'classify_2','final',5,3,43),(258,3,'classify_2','final',5,3,44),(259,4,'classify_2','final',5,3,39),(260,5,'classify_2','final',5,3,41),(261,6,'classify_2','final',5,3,40),(262,1,'classify_2','final',5,5,42),(263,2,'classify_2','final',5,5,43),(264,3,'classify_2','final',5,5,44),(265,4,'classify_2','final',5,5,41),(266,5,'classify_2','final',5,5,40),(267,6,'classify_2','final',5,5,39),(268,1,'selection','final',6,3,45),(269,1,'selection','final',6,3,46),(270,1,'selection','final',6,3,47),(271,1,'selection','final',6,3,48),(272,1,'selection','final',6,5,45),(273,1,'selection','final',6,5,46),(274,1,'selection','final',6,5,47),(275,1,'selection','final',6,5,48),(276,1,'selection','final',6,4,45),(277,1,'selection','final',6,4,46),(278,1,'selection','final',6,4,47),(279,1,'selection','final',6,4,48),(280,1,'classify_1','final',6,4,47),(281,2,'classify_1','final',6,4,46),(282,3,'classify_1','final',6,4,48),(283,4,'classify_1','final',6,4,45),(288,1,'classify_1','final',6,3,47),(289,2,'classify_1','final',6,3,46),(290,3,'classify_1','final',6,3,45),(291,4,'classify_1','final',6,3,48),(292,1,'classify_1','final',6,5,47),(293,2,'classify_1','final',6,5,45),(294,3,'classify_1','final',6,5,48),(295,4,'classify_1','final',6,5,46),(296,1,'classify_2','final',6,4,47),(297,2,'classify_2','final',6,4,46),(298,3,'classify_2','final',6,4,48),(299,4,'classify_2','final',6,4,45),(304,1,'classify_2','final',6,3,47),(305,2,'classify_2','final',6,3,46),(306,3,'classify_2','final',6,3,45),(307,4,'classify_2','final',6,3,48),(308,1,'classify_2','final',6,5,47),(309,2,'classify_2','final',6,5,46),(310,3,'classify_2','final',6,5,48),(311,4,'classify_2','final',6,5,45),(312,1,'selection','final',7,3,50),(313,1,'selection','final',7,3,51),(314,1,'selection','final',7,3,52),(315,1,'selection','final',7,3,53),(316,1,'selection','final',7,3,54),(317,1,'selection','final',7,3,57),(318,1,'selection','final',7,3,58),(319,1,'selection','final',7,3,62),(320,1,'selection','final',7,3,63),(321,1,'selection','final',7,5,49),(322,1,'selection','final',7,5,50),(323,1,'selection','final',7,5,52),(324,1,'selection','final',7,5,54),(325,1,'selection','final',7,5,55),(326,1,'selection','final',7,5,57),(327,1,'selection','final',7,5,58),(328,1,'selection','final',7,5,59),(329,1,'selection','final',7,5,60),(330,1,'selection','final',7,5,61),(331,1,'selection','final',7,5,62),(332,1,'selection','final',7,5,64),(333,1,'selection','final',7,4,50),(334,1,'selection','final',7,4,51),(335,1,'selection','final',7,4,52),(336,1,'selection','final',7,4,53),(337,1,'selection','final',7,4,54),(338,1,'selection','final',7,4,56),(339,1,'selection','final',7,4,57),(340,1,'selection','final',7,4,58),(341,1,'selection','final',7,4,59),(342,1,'selection','final',7,4,61),(343,1,'selection','final',7,4,62),(344,1,'selection','final',7,4,64),(345,1,'classify_1','final',7,4,62),(346,2,'classify_1','final',7,4,58),(347,3,'classify_1','final',7,4,57),(348,4,'classify_1','final',7,4,52),(349,5,'classify_1','final',7,4,53),(350,6,'classify_1','final',7,4,54),(351,7,'classify_1','final',7,4,59),(352,8,'classify_1','final',7,4,64),(353,9,'classify_1','final',7,4,50),(354,10,'classify_1','final',7,4,51),(355,11,'classify_1','final',7,4,61),(356,1,'classify_1','final',7,5,57),(357,2,'classify_1','final',7,5,62),(358,3,'classify_1','final',7,5,54),(359,4,'classify_1','final',7,5,52),(360,5,'classify_1','final',7,5,59),(361,6,'classify_1','final',7,5,64),(362,7,'classify_1','final',7,5,53),(363,8,'classify_1','final',7,5,58),(364,9,'classify_1','final',7,5,50),(365,10,'classify_1','final',7,5,51),(366,11,'classify_1','final',7,5,61),(367,1,'classify_1','final',7,3,57),(368,2,'classify_1','final',7,3,54),(369,3,'classify_1','final',7,3,53),(370,4,'classify_1','final',7,3,52),(371,5,'classify_1','final',7,3,62),(372,6,'classify_1','final',7,3,58),(373,7,'classify_1','final',7,3,64),(374,8,'classify_1','final',7,3,50),(375,9,'classify_1','final',7,3,51),(376,10,'classify_1','final',7,3,59),(377,11,'classify_1','final',7,3,61),(378,1,'classify_2','final',7,4,62),(379,2,'classify_2','final',7,4,57),(380,3,'classify_2','final',7,4,52),(381,4,'classify_2','final',7,4,54),(382,5,'classify_2','final',7,4,53),(383,6,'classify_2','final',7,4,58),(384,1,'classify_2','final',7,3,57),(385,2,'classify_2','final',7,3,54),(386,3,'classify_2','final',7,3,53),(387,4,'classify_2','final',7,3,52),(388,5,'classify_2','final',7,3,62),(389,6,'classify_2','final',7,3,58),(390,1,'classify_2','final',7,5,57),(391,2,'classify_2','final',7,5,62),(392,3,'classify_2','final',7,5,54),(393,4,'classify_2','final',7,5,52),(394,5,'classify_2','final',7,5,58),(395,6,'classify_2','final',7,5,53),(396,1,'selection','final',9,4,65),(397,1,'selection','final',9,4,66),(398,1,'selection','final',9,4,67),(399,1,'selection','final',9,4,68),(400,1,'selection','final',9,4,70),(401,1,'selection','final',9,4,71),(402,1,'selection','final',9,4,72),(403,1,'selection','final',9,4,73),(404,1,'selection','final',9,4,74),(405,1,'selection','final',9,4,76),(406,1,'selection','final',9,4,77),(407,1,'selection','final',9,5,65),(408,1,'selection','final',9,5,66),(409,1,'selection','final',9,5,67),(410,1,'selection','final',9,5,68),(411,1,'selection','final',9,5,70),(412,1,'selection','final',9,5,71),(413,1,'selection','final',9,5,72),(414,1,'selection','final',9,5,74),(415,1,'selection','final',9,5,77),(426,1,'selection','final',9,3,65),(427,1,'selection','final',9,3,66),(428,1,'selection','final',9,3,67),(429,1,'selection','final',9,3,69),(430,1,'selection','final',9,3,71),(431,1,'selection','final',9,3,72),(432,1,'selection','final',9,3,73),(433,1,'selection','final',9,3,74),(434,1,'selection','final',9,3,75),(435,1,'selection','final',9,3,77),(436,1,'classify_1','final',9,4,67),(437,2,'classify_1','final',9,4,66),(438,3,'classify_1','final',9,4,74),(439,4,'classify_1','final',9,4,73),(440,5,'classify_1','final',9,4,72),(441,6,'classify_1','final',9,4,71),(442,7,'classify_1','final',9,4,77),(443,8,'classify_1','final',9,4,65),(444,9,'classify_1','final',9,4,70),(445,10,'classify_1','final',9,4,68),(446,1,'classify_1','final',9,3,74),(447,2,'classify_1','final',9,3,72),(448,3,'classify_1','final',9,3,73),(449,4,'classify_1','final',9,3,67),(450,5,'classify_1','final',9,3,65),(451,6,'classify_1','final',9,3,77),(452,7,'classify_1','final',9,3,71),(453,8,'classify_1','final',9,3,68),(454,9,'classify_1','final',9,3,66),(455,10,'classify_1','final',9,3,70),(456,1,'classify_1','final',9,5,74),(457,2,'classify_1','final',9,5,71),(458,3,'classify_1','final',9,5,67),(459,4,'classify_1','final',9,5,66),(460,5,'classify_1','final',9,5,65),(461,6,'classify_1','final',9,5,77),(462,7,'classify_1','final',9,5,68),(463,8,'classify_1','final',9,5,73),(464,9,'classify_1','final',9,5,70),(465,10,'classify_1','final',9,5,72),(466,1,'classify_2','final',9,4,74),(467,2,'classify_2','final',9,4,67),(468,3,'classify_2','final',9,4,71),(469,4,'classify_2','final',9,4,66),(470,5,'classify_2','final',9,4,73),(471,6,'classify_2','final',9,4,72),(472,1,'classify_2','final',9,3,74),(473,2,'classify_2','final',9,3,67),(474,3,'classify_2','final',9,3,71),(475,4,'classify_2','final',9,3,73),(476,5,'classify_2','final',9,3,72),(477,6,'classify_2','final',9,3,66),(478,1,'classify_2','final',9,5,71),(479,2,'classify_2','final',9,5,74),(480,3,'classify_2','final',9,5,67),(481,4,'classify_2','final',9,5,66),(482,5,'classify_2','final',9,5,73),(483,6,'classify_2','final',9,5,72),(484,1,'selection','final',10,3,78),(485,1,'selection','final',10,3,79),(486,1,'selection','final',10,3,80),(487,1,'selection','final',10,3,81),(488,1,'selection','final',10,3,82),(489,1,'selection','final',10,3,83),(490,1,'selection','final',10,3,85),(491,1,'selection','final',10,3,88),(492,1,'selection','final',10,3,89),(493,1,'selection','final',10,3,90),(494,1,'selection','final',10,4,78),(495,1,'selection','final',10,4,80),(496,1,'selection','final',10,4,81),(497,1,'selection','final',10,4,82),(498,1,'selection','final',10,4,83),(499,1,'selection','final',10,4,84),(500,1,'selection','final',10,4,86),(501,1,'selection','final',10,4,87),(502,1,'selection','final',10,4,88),(503,1,'selection','final',10,4,89),(504,1,'selection','final',10,4,90),(505,1,'selection','final',10,5,78),(506,1,'selection','final',10,5,80),(507,1,'selection','final',10,5,81),(508,1,'selection','final',10,5,82),(509,1,'selection','final',10,5,83),(510,1,'selection','final',10,5,84),(511,1,'selection','final',10,5,87),(512,1,'selection','final',10,5,88),(513,1,'selection','final',10,5,89),(514,1,'selection','final',10,5,90),(515,1,'classify_1','final',10,3,88),(516,2,'classify_1','final',10,3,78),(517,3,'classify_1','final',10,3,89),(518,4,'classify_1','final',10,3,80),(519,5,'classify_1','final',10,3,82),(520,6,'classify_1','final',10,3,81),(521,7,'classify_1','final',10,3,83),(522,8,'classify_1','final',10,3,90),(523,9,'classify_1','final',10,3,84),(524,10,'classify_1','final',10,3,87),(525,1,'classify_1','final',10,5,88),(526,2,'classify_1','final',10,5,78),(527,3,'classify_1','final',10,5,82),(528,4,'classify_1','final',10,5,89),(529,5,'classify_1','final',10,5,80),(530,6,'classify_1','final',10,5,83),(531,7,'classify_1','final',10,5,81),(532,8,'classify_1','final',10,5,84),(533,9,'classify_1','final',10,5,87),(534,10,'classify_1','final',10,5,90),(535,1,'classify_1','final',10,4,88),(536,2,'classify_1','final',10,4,78),(537,3,'classify_1','final',10,4,80),(538,4,'classify_1','final',10,4,89),(539,5,'classify_1','final',10,4,82),(540,6,'classify_1','final',10,4,83),(541,7,'classify_1','final',10,4,90),(542,8,'classify_1','final',10,4,87),(543,9,'classify_1','final',10,4,84),(544,10,'classify_1','final',10,4,81),(545,1,'classify_2','final',10,5,88),(546,2,'classify_2','final',10,5,78),(547,3,'classify_2','final',10,5,89),(548,4,'classify_2','final',10,5,82),(549,5,'classify_2','final',10,5,80),(550,6,'classify_2','final',10,5,83),(551,1,'classify_2','final',10,3,88),(552,2,'classify_2','final',10,3,78),(553,3,'classify_2','final',10,3,89),(554,4,'classify_2','final',10,3,80),(555,5,'classify_2','final',10,3,82),(556,6,'classify_2','final',10,3,83),(557,1,'classify_2','final',10,4,88),(558,2,'classify_2','final',10,4,78),(559,3,'classify_2','final',10,4,80),(560,4,'classify_2','final',10,4,89),(561,5,'classify_2','final',10,4,82),(562,6,'classify_2','final',10,4,83),(563,1,'selection','final',11,5,92),(564,1,'selection','final',11,5,94),(565,1,'selection','final',11,5,95),(566,1,'selection','final',11,5,97),(567,1,'selection','final',11,5,98),(568,1,'selection','final',11,5,99),(569,1,'selection','final',11,5,100),(570,1,'selection','final',11,5,102),(571,1,'selection','final',11,5,103),(572,1,'selection','final',11,5,104),(573,1,'selection','final',11,4,91),(574,1,'selection','final',11,4,94),(575,1,'selection','final',11,4,95),(576,1,'selection','final',11,4,96),(577,1,'selection','final',11,4,97),(578,1,'selection','final',11,4,98),(579,1,'selection','final',11,4,99),(580,1,'selection','final',11,4,102),(581,1,'selection','final',11,4,103),(582,1,'selection','final',11,4,104),(583,1,'selection','final',11,3,91),(584,1,'selection','final',11,3,93),(585,1,'selection','final',11,3,94),(586,1,'selection','final',11,3,95),(587,1,'selection','final',11,3,96),(588,1,'selection','final',11,3,97),(589,1,'selection','final',11,3,98),(590,1,'selection','final',11,3,100),(591,1,'selection','final',11,3,102),(592,1,'selection','final',11,3,103),(593,1,'selection','final',11,3,104),(594,1,'classify_1','final',11,4,95),(595,2,'classify_1','final',11,4,98),(596,3,'classify_1','final',11,4,103),(597,4,'classify_1','final',11,4,96),(598,5,'classify_1','final',11,4,99),(599,6,'classify_1','final',11,4,94),(600,7,'classify_1','final',11,4,97),(601,8,'classify_1','final',11,4,102),(602,9,'classify_1','final',11,4,104),(603,10,'classify_1','final',11,4,91),(604,11,'classify_1','final',11,4,100),(605,1,'classify_1','final',11,5,98),(606,2,'classify_1','final',11,5,95),(607,3,'classify_1','final',11,5,99),(608,4,'classify_1','final',11,5,100),(609,5,'classify_1','final',11,5,104),(610,6,'classify_1','final',11,5,102),(611,7,'classify_1','final',11,5,97),(612,8,'classify_1','final',11,5,103),(613,9,'classify_1','final',11,5,96),(614,10,'classify_1','final',11,5,91),(615,11,'classify_1','final',11,5,94),(627,1,'classify_1','final',11,3,98),(628,2,'classify_1','final',11,3,95),(629,3,'classify_1','final',11,3,102),(630,4,'classify_1','final',11,3,99),(631,5,'classify_1','final',11,3,96),(632,6,'classify_1','final',11,3,91),(633,7,'classify_1','final',11,3,104),(634,8,'classify_1','final',11,3,97),(635,9,'classify_1','final',11,3,100),(636,10,'classify_1','final',11,3,94),(637,11,'classify_1','final',11,3,103),(638,1,'classify_2','final',11,5,98),(639,2,'classify_2','final',11,5,95),(640,3,'classify_2','final',11,5,99),(641,4,'classify_2','final',11,5,104),(642,5,'classify_2','final',11,5,102),(643,6,'classify_2','final',11,5,96),(644,1,'classify_2','final',11,4,98),(645,2,'classify_2','final',11,4,95),(646,3,'classify_2','final',11,4,99),(647,4,'classify_2','final',11,4,96),(648,5,'classify_2','final',11,4,102),(649,6,'classify_2','final',11,4,104),(650,1,'classify_2','final',11,3,98),(651,2,'classify_2','final',11,3,95),(652,3,'classify_2','final',11,3,102),(653,4,'classify_2','final',11,3,99),(654,5,'classify_2','final',11,3,96),(655,6,'classify_2','final',11,3,104),(656,1,'selection','final',12,5,105),(657,1,'selection','final',12,5,106),(658,1,'selection','final',12,5,108),(659,1,'selection','final',12,5,109),(660,1,'selection','final',12,5,111),(661,1,'selection','final',12,5,113),(662,1,'selection','final',12,5,114),(663,1,'selection','final',12,5,115),(664,1,'selection','final',12,5,117),(665,1,'selection','final',12,4,105),(666,1,'selection','final',12,4,106),(667,1,'selection','final',12,4,107),(668,1,'selection','final',12,4,108),(669,1,'selection','final',12,4,110),(670,1,'selection','final',12,4,111),(671,1,'selection','final',12,4,113),(672,1,'selection','final',12,4,114),(673,1,'selection','final',12,4,115),(674,1,'selection','final',12,4,117),(675,1,'selection','final',12,4,120),(676,1,'selection','final',12,3,105),(677,1,'selection','final',12,3,106),(678,1,'selection','final',12,3,108),(679,1,'selection','final',12,3,109),(680,1,'selection','final',12,3,111),(681,1,'selection','final',12,3,114),(682,1,'selection','final',12,3,117),(683,1,'selection','final',12,3,119),(684,1,'classify_1','final',12,4,106),(685,2,'classify_1','final',12,4,108),(686,3,'classify_1','final',12,4,105),(687,4,'classify_1','final',12,4,111),(688,5,'classify_1','final',12,4,113),(689,6,'classify_1','final',12,4,114),(690,7,'classify_1','final',12,4,117),(691,8,'classify_1','final',12,4,109),(692,9,'classify_1','final',12,4,115),(693,1,'classify_1','final',12,3,108),(694,2,'classify_1','final',12,3,117),(695,3,'classify_1','final',12,3,105),(696,4,'classify_1','final',12,3,111),(697,5,'classify_1','final',12,3,113),(698,6,'classify_1','final',12,3,114),(699,7,'classify_1','final',12,3,109),(700,8,'classify_1','final',12,3,106),(701,9,'classify_1','final',12,3,115),(702,1,'classify_1','final',12,5,108),(703,2,'classify_1','final',12,5,117),(704,3,'classify_1','final',12,5,106),(705,4,'classify_1','final',12,5,105),(706,5,'classify_1','final',12,5,111),(707,6,'classify_1','final',12,5,113),(708,7,'classify_1','final',12,5,109),(709,8,'classify_1','final',12,5,115),(710,9,'classify_1','final',12,5,114),(711,1,'classify_2','final',12,4,108),(712,2,'classify_2','final',12,4,106),(713,3,'classify_2','final',12,4,105),(714,4,'classify_2','final',12,4,117),(715,5,'classify_2','final',12,4,111),(716,6,'classify_2','final',12,4,113),(717,1,'classify_2','final',12,3,108),(718,2,'classify_2','final',12,3,117),(719,3,'classify_2','final',12,3,105),(720,4,'classify_2','final',12,3,111),(721,5,'classify_2','final',12,3,113),(722,6,'classify_2','final',12,3,106),(723,1,'classify_2','final',12,5,108),(724,2,'classify_2','final',12,5,117),(725,3,'classify_2','final',12,5,106),(726,4,'classify_2','final',12,5,105),(727,5,'classify_2','final',12,5,111),(728,6,'classify_2','final',12,5,113),(729,1,'selection','final',13,4,121),(730,1,'selection','final',13,4,122),(731,1,'selection','final',13,4,123),(732,1,'selection','final',13,4,125),(733,1,'selection','final',13,4,127),(734,1,'selection','final',13,4,129),(735,1,'selection','final',13,3,121),(736,1,'selection','final',13,3,123),(737,1,'selection','final',13,3,124),(738,1,'selection','final',13,3,125),(739,1,'selection','final',13,3,127),(740,1,'selection','final',13,5,121),(741,1,'selection','final',13,5,122),(742,1,'selection','final',13,5,123),(743,1,'selection','final',13,5,125),(744,1,'selection','final',13,5,126),(745,1,'selection','final',13,5,127),(746,1,'classify_1','final',13,3,121),(747,2,'classify_1','final',13,3,127),(748,3,'classify_1','final',13,3,123),(749,4,'classify_1','final',13,3,125),(750,5,'classify_1','final',13,3,122),(751,1,'classify_1','final',13,4,125),(752,2,'classify_1','final',13,4,122),(753,3,'classify_1','final',13,4,127),(754,4,'classify_1','final',13,4,121),(755,5,'classify_1','final',13,4,123),(756,1,'classify_1','final',13,5,122),(757,2,'classify_1','final',13,5,121),(758,3,'classify_1','final',13,5,123),(759,4,'classify_1','final',13,5,125),(760,5,'classify_1','final',13,5,127),(761,1,'classify_2','final',13,4,125),(762,2,'classify_2','final',13,4,122),(763,3,'classify_2','final',13,4,127),(764,4,'classify_2','final',13,4,121),(765,5,'classify_2','final',13,4,123),(766,1,'classify_2','final',13,5,122),(767,2,'classify_2','final',13,5,121),(768,3,'classify_2','final',13,5,123),(769,4,'classify_2','final',13,5,125),(770,5,'classify_2','final',13,5,127),(771,1,'classify_2','final',13,3,121),(772,2,'classify_2','final',13,3,127),(773,3,'classify_2','final',13,3,123),(774,4,'classify_2','final',13,3,125),(775,5,'classify_2','final',13,3,122),(776,1,'selection','final',15,5,130),(777,1,'selection','final',15,5,131),(778,1,'selection','final',15,5,132),(779,1,'selection','final',15,3,130),(780,1,'selection','final',15,3,131),(781,1,'selection','final',15,3,132),(782,1,'selection','final',15,4,130),(783,1,'selection','final',15,4,131),(784,1,'selection','final',15,4,132),(785,1,'classify_1','final',15,4,130),(786,2,'classify_1','final',15,4,131),(787,3,'classify_1','final',15,4,132),(788,1,'classify_1','final',15,3,130),(789,2,'classify_1','final',15,3,131),(790,3,'classify_1','final',15,3,132),(791,1,'classify_1','final',15,5,130),(792,2,'classify_1','final',15,5,132),(793,3,'classify_1','final',15,5,131),(794,1,'classify_2','final',15,3,130),(795,2,'classify_2','final',15,3,131),(796,3,'classify_2','final',15,3,132),(797,1,'classify_2','final',15,4,130),(798,2,'classify_2','final',15,4,131),(799,3,'classify_2','final',15,4,132),(800,1,'classify_2','final',15,5,130),(801,2,'classify_2','final',15,5,132),(802,3,'classify_2','final',15,5,131),(803,1,'selection','final',16,5,133),(804,1,'selection','final',16,5,134),(805,1,'selection','final',16,5,135),(806,1,'selection','final',16,3,133),(807,1,'selection','final',16,3,134),(808,1,'selection','final',16,3,135),(809,1,'selection','final',16,4,133),(810,1,'selection','final',16,4,134),(811,1,'selection','final',16,4,135),(812,1,'classify_1','final',16,5,134),(813,2,'classify_1','final',16,5,133),(814,3,'classify_1','final',16,5,135),(815,1,'classify_1','final',16,3,134),(816,2,'classify_1','final',16,3,133),(817,3,'classify_1','final',16,3,135),(818,1,'classify_1','final',16,4,134),(819,2,'classify_1','final',16,4,133),(820,3,'classify_1','final',16,4,135),(821,1,'classify_2','final',16,5,134),(822,2,'classify_2','final',16,5,133),(823,3,'classify_2','final',16,5,135),(824,1,'classify_2','final',16,4,134),(825,2,'classify_2','final',16,4,133),(826,3,'classify_2','final',16,4,135),(827,1,'classify_2','final',16,3,134),(828,2,'classify_2','final',16,3,133),(829,3,'classify_2','final',16,3,135),(830,1,'selection','final',17,4,136),(831,1,'selection','final',17,4,138),(832,1,'selection','final',17,4,139),(833,1,'selection','final',17,4,140),(834,1,'selection','final',17,4,142),(835,1,'selection','final',17,4,144),(836,1,'selection','final',17,3,138),(837,1,'selection','final',17,3,139),(838,1,'selection','final',17,3,140),(839,1,'selection','final',17,3,142),(840,1,'selection','final',17,5,136),(841,1,'selection','final',17,5,137),(842,1,'selection','final',17,5,139),(843,1,'selection','final',17,5,140),(844,1,'classify_1','final',17,5,136),(845,2,'classify_1','final',17,5,139),(846,3,'classify_1','final',17,5,140),(847,4,'classify_1','final',17,5,138),(848,5,'classify_1','final',17,5,142),(849,1,'classify_1','final',17,3,142),(850,2,'classify_1','final',17,3,139),(851,3,'classify_1','final',17,3,138),(852,4,'classify_1','final',17,3,140),(853,5,'classify_1','final',17,3,136),(854,1,'classify_1','final',17,4,136),(855,2,'classify_1','final',17,4,138),(856,3,'classify_1','final',17,4,139),(857,4,'classify_1','final',17,4,140),(858,5,'classify_1','final',17,4,142),(859,1,'classify_2','final',17,3,142),(860,2,'classify_2','final',17,3,139),(861,3,'classify_2','final',17,3,138),(862,4,'classify_2','final',17,3,140),(863,5,'classify_2','final',17,3,136),(869,1,'classify_2','final',17,4,136),(870,2,'classify_2','final',17,4,138),(871,3,'classify_2','final',17,4,139),(872,4,'classify_2','final',17,4,140),(873,5,'classify_2','final',17,4,142),(874,1,'classify_2','active',17,5,136),(875,2,'classify_2','active',17,5,139),(876,3,'classify_2','active',17,5,140),(877,4,'classify_2','active',17,5,138),(878,5,'classify_2','active',17,5,142),(879,1,'selection','final',52,3,145),(880,1,'selection','final',52,3,146),(881,1,'selection','final',52,3,147),(882,1,'selection','final',52,3,148),(883,1,'selection','final',52,3,149),(884,1,'selection','final',52,3,150),(885,1,'selection','final',52,3,151),(886,1,'selection','final',52,3,152),(887,1,'selection','final',52,4,145),(888,1,'selection','final',52,4,146),(889,1,'selection','final',52,4,147),(890,1,'selection','final',52,4,148),(891,1,'selection','final',52,4,149),(892,1,'selection','final',52,4,150),(893,1,'selection','final',52,4,151),(894,1,'selection','final',52,4,152),(895,1,'selection','final',52,5,145),(896,1,'selection','final',52,5,146),(897,1,'selection','final',52,5,147),(898,1,'selection','final',52,5,148),(899,1,'selection','final',52,5,149),(900,1,'selection','final',52,5,150),(901,1,'selection','final',52,5,151),(902,1,'selection','final',52,5,152),(903,1,'classify_1','final',52,3,151),(904,2,'classify_1','final',52,3,146),(905,3,'classify_1','final',52,3,150),(906,4,'classify_1','final',52,3,149),(907,5,'classify_1','final',52,3,148),(908,6,'classify_1','final',52,3,145),(909,7,'classify_1','final',52,3,147),(910,8,'classify_1','final',52,3,152),(911,1,'classify_1','final',52,4,151),(912,2,'classify_1','final',52,4,150),(913,3,'classify_1','final',52,4,146),(914,4,'classify_1','final',52,4,147),(915,5,'classify_1','final',52,4,149),(916,6,'classify_1','final',52,4,145),(917,7,'classify_1','final',52,4,148),(918,8,'classify_1','final',52,4,152),(919,1,'classify_1','final',52,5,151),(920,2,'classify_1','final',52,5,150),(921,3,'classify_1','final',52,5,146),(922,4,'classify_1','final',52,5,147),(923,5,'classify_1','final',52,5,149),(924,6,'classify_1','final',52,5,145),(925,7,'classify_1','final',52,5,148),(926,8,'classify_1','final',52,5,152),(927,1,'classify_2','final',52,3,151),(928,2,'classify_2','final',52,3,146),(929,3,'classify_2','final',52,3,150),(930,4,'classify_2','final',52,3,149),(931,5,'classify_2','final',52,3,147),(932,6,'classify_2','final',52,3,145),(933,1,'classify_2','final',52,4,151),(934,2,'classify_2','final',52,4,150),(935,3,'classify_2','final',52,4,149),(936,4,'classify_2','final',52,4,146),(937,5,'classify_2','final',52,4,147),(938,6,'classify_2','final',52,4,145),(939,1,'classify_2','final',52,5,151),(940,2,'classify_2','final',52,5,150),(941,3,'classify_2','final',52,5,146),(942,4,'classify_2','final',52,5,149),(943,5,'classify_2','final',52,5,145),(944,6,'classify_2','final',52,5,147);

/*Table structure for table `tournaments` */

DROP TABLE IF EXISTS `tournaments`;

CREATE TABLE `tournaments` (
  `id` int(11) NOT NULL AUTO_INCREMENT,
  `description` varchar(200) NOT NULL,
  `date_begin` date DEFAULT NULL,
  `date_end` date DEFAULT NULL,
  `type` enum('jury','wjury') NOT NULL DEFAULT 'jury',
  `status` enum('inactive','active','deleted') NOT NULL DEFAULT 'inactive',
  PRIMARY KEY (`id`)
) ENGINE=InnoDB AUTO_INCREMENT=2 DEFAULT CHARSET=utf8;

/*Data for the table `tournaments` */

insert  into `tournaments`(`id`,`description`,`date_begin`,`date_end`,`type`,`status`) values (1,'XXXVII CONCURSO DEPARTAMENTAL DEL CABALLO PERUANO DE PASO','2015-11-06','2015-11-08','jury','active');

/*Table structure for table `users` */

DROP TABLE IF EXISTS `users`;

CREATE TABLE `users` (
  `id` int(11) NOT NULL AUTO_INCREMENT,
  `names` varchar(50) NOT NULL,
  `lastname` varchar(80) NOT NULL,
  `user` varchar(15) NOT NULL,
  `password` varchar(100) NOT NULL,
  `login` tinyint(1) NOT NULL DEFAULT '0',
  `remember_token` varchar(50) DEFAULT NULL,
  `profile` enum('admin','commissar','jury') NOT NULL,
  `status` enum('active','inactive') NOT NULL DEFAULT 'active',
  PRIMARY KEY (`id`)
) ENGINE=InnoDB AUTO_INCREMENT=6 DEFAULT CHARSET=utf8;

/*Data for the table `users` */

insert  into `users`(`id`,`names`,`lastname`,`user`,`password`,`login`,`remember_token`,`profile`,`status`) values (1,'Miguel','Pazo Sánchez','admin','$2y$10$4H4J2nPfxtfujPYxdcqAROboWri0X2C2La1FJY9KEQ6nY8TwIhS2e',0,'AbPx9I5gYra9sTve71WLdyOFZCYV3NQy2IG1WoHIyhxPmSNiks','admin','active'),(2,'Jose','Canario','Comisario','$2y$10$/Wif1hA3o4OxVTitJUypk.GKCgaTxwwBf45JxXgDL4jdv/qZT2FJS',0,'mQ8G3L7M0jAyN8bfhNGX3UUqza4SvX48XVzYjzjX00jOPElNlG','commissar','active'),(3,'Roque','Benavides','jurado1','$2y$10$tHuQC.0eUcFmig4qaT8YTOCTlnDI5v2he5cyy3UbVD9k7flP7cuaK',0,'FbduUBa37YNWg8IQ8Tn3Xp1oemiw2sHCm8KOvldY0DT1SuFJ77','jury','active'),(4,'Ernesto','Roca','jurado2','$2y$10$PwiptRtAbBRI3c4lZLGNC.cqbT82o79g3NimrOT/f9v/awpbPMrOe',0,'3R1xOgNYwatXpx5uL0XvW6EknUqNhHgG5rP2nmDlWA9KFMFyOl','jury','active'),(5,'Luis Pablo','Vasquez','jurado3','$2y$10$4r/bMvcDr7H0cPSI7bEjH.LGcRJKBkiNofiwcIO3ZLHT8/5.S5qFW',0,'1j3lzSvSUUQPBVQM6oYAdetR63IUH8nWYHIhiKHF7H4OyH6KXt','jury','active');

/*!40101 SET SQL_MODE=@OLD_SQL_MODE */;
/*!40014 SET FOREIGN_KEY_CHECKS=@OLD_FOREIGN_KEY_CHECKS */;
/*!40014 SET UNIQUE_CHECKS=@OLD_UNIQUE_CHECKS */;
/*!40111 SET SQL_NOTES=@OLD_SQL_NOTES */;
