/*
SQLyog Community v12.09 (64 bit)
MySQL - 10.1.9-MariaDB : Database - horses
*********************************************************************
*/

/*!40101 SET NAMES utf8 */;

/*!40101 SET SQL_MODE=''*/;

/*!40014 SET @OLD_UNIQUE_CHECKS=@@UNIQUE_CHECKS, UNIQUE_CHECKS=0 */;
/*!40014 SET @OLD_FOREIGN_KEY_CHECKS=@@FOREIGN_KEY_CHECKS, FOREIGN_KEY_CHECKS=0 */;
/*!40101 SET @OLD_SQL_MODE=@@SQL_MODE, SQL_MODE='NO_AUTO_VALUE_ON_ZERO' */;
/*!40111 SET @OLD_SQL_NOTES=@@SQL_NOTES, SQL_NOTES=0 */;
CREATE DATABASE /*!32312 IF NOT EXISTS*/`horses` /*!40100 DEFAULT CHARACTER SET utf8 */;

USE `horses`;

/*Table structure for table `agents` */

DROP TABLE IF EXISTS `agents`;

CREATE TABLE `agents` (
  `id` int(10) unsigned NOT NULL AUTO_INCREMENT,
  `prefix` varchar(20) DEFAULT NULL,
  `names` varchar(100) NOT NULL,
  `created_at` timestamp NULL DEFAULT NULL,
  `updated_at` timestamp NULL DEFAULT NULL,
  `deleted_at` timestamp NULL DEFAULT NULL,
  PRIMARY KEY (`id`)
) ENGINE=InnoDB AUTO_INCREMENT=2096 DEFAULT CHARSET=utf8;

/*Data for the table `agents` */

insert  into `agents`(`id`,`prefix`,`names`,`created_at`,`updated_at`,`deleted_at`) values (1714,'JTA','JUAN TUDELA ARAMBURU','2016-02-18 23:35:36','2016-02-18 23:35:36',NULL),(1715,NULL,'WILFREDO MONTALVO BERNILLA','2016-02-18 23:35:36','2016-02-18 23:35:36',NULL),(1717,'JCDCH','JOSE CARLOS DEXTRE CHACON','2016-02-18 23:35:36','2016-02-18 23:35:36',NULL),(1718,'JAGT','JOSE ALEJANDRO GOMEZ DE LA TORRE MIRANDA','2016-02-18 23:35:36','2016-02-18 23:35:36',NULL),(1719,'JOR','CRIADERO JOSE ANTONIO ONRUBIA ROMERO S.A.','2016-02-18 23:35:36','2016-02-18 23:35:36',NULL),(1720,'JPT','JORGE AUGUSTO PEREZ TAIMAN','2016-02-18 23:35:36','2016-02-18 23:35:36',NULL),(1721,'MRA','MIGUEL ARBULU ALVA','2016-02-18 23:35:36','2016-02-18 23:35:36',NULL),(1722,'JR','JOSE RISSO MONTES','2016-02-18 23:35:36','2016-02-18 23:35:36',NULL),(1723,'ERPB','ENRIQUE RIZO PATRON BAZO','2016-02-18 23:35:36','2016-02-18 23:35:36',NULL),(1724,'*FJ','FERNANDO JARQUIN PIRA','2016-02-18 23:35:36','2016-02-18 23:35:36',NULL),(1725,'JZ','JAIME URANGA BUSTOS/CRIADERO J.J.','2016-02-18 23:35:36','2016-02-18 23:35:36',NULL),(1727,'R','CRIADERO R S.A.C.','2016-02-18 23:35:36','2016-02-18 23:35:36',NULL),(1728,'CBM','CESAR BENITES MENDOZA','2016-02-18 23:35:36','2016-02-18 23:35:36',NULL),(1729,'MSCRL','CRIADERO LA MAESTRANZA SCRL','2016-02-18 23:35:36','2016-02-18 23:35:36',NULL),(1730,'RCM','RENZO CAROZZI MORALES/CRIADERO EL CRIOLLO','2016-02-18 23:35:36','2016-02-18 23:35:36',NULL),(1731,'AZF','ABRAHAM ZAVALA FALCON','2016-02-18 23:35:36','2016-02-18 23:35:36',NULL),(1732,'KRA','KARL WILHELM REUSCHE ARAMBULO','2016-02-18 23:35:36','2016-02-18 23:35:36',NULL),(1733,'NEC','NATALIA ESTEVES CALDERON','2016-02-18 23:35:36','2016-02-18 23:35:36',NULL),(1734,'FyEP','FERNANDO Y ELSA PUGA','2016-02-18 23:35:36','2016-02-18 23:35:36',NULL),(1735,'AZ','ALBERTO DE AZAMBUJA PASARA','2016-02-18 23:35:36','2016-02-18 23:35:36',NULL),(1736,'CFF','CARLOS FUKUDA FUKUDA','2016-02-18 23:35:36','2016-02-18 23:35:36',NULL),(1737,'JMLL','JUAN MANUEL LLANOS RODRIGUEZ','2016-02-18 23:35:36','2016-02-18 23:35:36',NULL),(1738,'JRM','JOSE RISSO MATELLINI','2016-02-18 23:35:36','2016-02-18 23:35:36',NULL),(1739,'JD','JORGE DYER DE LAS CASAS','2016-02-18 23:35:36','2016-02-18 23:35:36',NULL),(1740,'VHHP','HUGO HUERTAS DEL PINO UTRILLA','2016-02-18 23:35:36','2016-02-18 23:35:36',NULL),(1741,'FESA','FIDEL ERNESTO SANCHEZ ALAYO','2016-02-18 23:35:36','2016-02-18 23:35:36',NULL),(1742,'LAG','LUIS ALEJANDRO GONZALEZ LEOPARDI','2016-02-18 23:35:36','2016-02-18 23:35:36',NULL),(1743,'FBB','FERNANDO BUSTAMANTE BELAUNDE','2016-02-18 23:35:36','2016-02-18 23:35:36',NULL),(1744,'JCK','JAVIER CLAUX KOECHLIN','2016-02-18 23:35:36','2016-02-18 23:35:36',NULL),(1745,'CEC','RENZO Y ROSSANA CAROZZI MORALES/CRIADERO EL CRIOLLO','2016-02-18 23:35:36','2016-02-18 23:35:36',NULL),(1746,'MLM','MICHAEL Y LINDA MEWHINNEY','2016-02-18 23:35:36','2016-02-18 23:35:36',NULL),(1747,'AHT','ANTONIO HUDTWALCKER TEIXEIRA','2016-02-18 23:35:36','2016-02-18 23:35:36',NULL),(1748,'BC','BELISARIO DE LAS CASAS PIEDRA','2016-02-18 23:35:36','2016-02-18 23:35:36',NULL),(1749,'FC','FERNANDO CERUTI COGORNO','2016-02-18 23:35:36','2016-02-18 23:35:36',NULL),(1750,'MEAA','MANUEL ENRIQUE ACUÑA ALFARO','2016-02-18 23:35:36','2016-02-18 23:35:36',NULL),(1751,'RHM','ROBERTO HOYLE MC CALLUM','2016-02-18 23:35:36','2016-02-18 23:35:36',NULL),(1752,'MMC','MANUEL MAZZI CASAS','2016-02-18 23:35:36','2016-02-18 23:35:36',NULL),(1753,'ARL','ALFREDO RUZO LOPEZ DE LA FUENTE','2016-02-18 23:35:36','2016-02-18 23:35:36',NULL),(1754,'LV','LUIS VASQUEZ NACARINO','2016-02-18 23:35:36','2016-02-18 23:35:36',NULL),(1755,'JFRN','JUAN FRANCISCO RAFFO NOVELLI / CRIADERO ALTO PRADO','2016-02-18 23:35:36','2016-02-18 23:35:36',NULL),(1756,'BSP','BLANCA SALCEDO DE PONCE','2016-02-18 23:35:36','2016-02-18 23:35:36',NULL),(1757,'SRT','SANTA ROSA Y TOMABAL S.A.C.','2016-02-18 23:35:36','2016-02-18 23:35:36',NULL),(1758,'CCMV','CECILIA MANNUCCI VEGA','2016-02-18 23:35:36','2016-02-18 23:35:36',NULL),(1759,'SFL','SUMIKO ROCIO FUKUDA LENCI','2016-02-18 23:35:36','2016-02-18 23:35:36',NULL),(1760,'JM','JUAN MANUEL RIZO PATRON B. E HIJAS','2016-02-18 23:35:36','2016-02-18 23:35:36',NULL),(1761,'BRR','BELISARIO ROSAS RAZETO','2016-02-18 23:35:36','2016-02-18 23:35:36',NULL),(1762,'ByEP','BARBARA Y ENRIQUE PRADO','2016-02-18 23:35:36','2016-02-18 23:35:36',NULL),(1763,'INP','ISMAEL NOYA DE LA PIEDRA','2016-02-18 23:35:36','2016-02-18 23:35:36',NULL),(1764,'CN','CERVECERIAS PERUANAS BACKUS S.A.A.','2016-02-18 23:35:36','2016-02-18 23:35:36',NULL),(1765,'GAN','GONZALO ANDRADE NICOLI','2016-02-18 23:35:36','2016-02-18 23:35:36',NULL),(1766,'RBC','RICARDO BUSTAMANTE CILLONIZ','2016-02-18 23:35:36','2016-02-18 23:35:36',NULL),(1767,'BCD','BELISARIO DE LAS CASAS D\'ONOFRIO','2016-02-18 23:35:36','2016-02-18 23:35:36',NULL),(1768,'ACZ','ARTURO CAVERO ZAVALA','2016-02-18 23:35:36','2016-02-18 23:35:36',NULL),(1769,'ERM','EDUARDO RISSO MONTES','2016-02-18 23:35:36','2016-02-18 23:35:36',NULL),(1770,'JBL','JUAN ARTURO BRESCIA LUGON','2016-02-18 23:35:36','2016-02-18 23:35:36',NULL),(1771,'JVDZ','JORGE VILLACORTA DIAZ / CRIADERO LAZCAN','2016-02-18 23:35:36','2016-02-18 23:35:36',NULL),(1774,'DMCB','DANIEL MEZA CUADRA BUCKLEY','2016-02-18 23:35:36','2016-02-18 23:35:36',NULL),(1776,'CVD','CARLOS VICENTE VILLACORTA DIAZ','2016-02-18 23:35:36','2016-02-18 23:35:36',NULL),(1777,'JyEP','JULIO Y EDITH PESCHIERA','2016-02-18 23:35:36','2016-02-18 23:35:36',NULL),(1778,'FER','FERNANDO RISSO MONTES','2016-02-18 23:35:36','2016-02-18 23:35:36',NULL),(1780,'GBC','GEETA BALANI','2016-02-18 23:35:36','2016-02-18 23:35:36',NULL),(1781,'OAMS','ALBERTO MASSARO SILVA','2016-02-18 23:35:36','2016-02-18 23:35:36',NULL),(1782,'WPA','WALTER NERY PEÑA ALDEA','2016-02-18 23:35:36','2016-02-18 23:35:36',NULL),(1783,'NVG','NAZARIO VILLAFUERTE GUARDIA','2016-02-18 23:35:36','2016-02-18 23:35:36',NULL),(1784,'PYR','PABLO YSAUL RIVERA CHAVEZ','2016-02-18 23:35:36','2016-02-18 23:35:36',NULL),(1785,'JJP','CRIADERO JORGE JUAN PINILLOS COX','2016-02-18 23:35:36','2016-02-18 23:35:36',NULL),(1786,'NVF','NAZARIO VILLAFUERTE FALCON','2016-02-18 23:35:36','2016-02-18 23:35:36',NULL),(1787,'OV','OSCAR VILCHEZ CHAMOCHUMBI','2016-02-18 23:35:36','2016-02-18 23:35:36',NULL),(1788,'ALM','AURELIO LORET DE MOLA BOHME','2016-02-18 23:35:36','2016-02-18 23:35:36',NULL),(1789,'ABB','JOSE ALBERTO BARRENA BERROSPI','2016-02-18 23:35:36','2016-02-18 23:35:36',NULL),(1790,'FNC','JOSE LUIS NORIEGA ZEGARRA / CRIADERO NORIEGA HERMANOS','2016-02-18 23:35:36','2016-02-18 23:35:36',NULL),(1791,'JLK','JUAN LUIS KRUGER CARRION','2016-02-18 23:35:36','2016-02-18 23:35:36',NULL),(1792,'RHG','RICHARD HALE GARCIA','2016-02-18 23:35:36','2016-02-18 23:35:36',NULL),(1793,'LSC','LUIS FERNANDO SUAREZ CAÑEDO','2016-02-18 23:35:36','2016-02-18 23:35:36',NULL),(1794,'*EG','EDIE GANDY','2016-02-18 23:35:36','2016-02-18 23:35:36',NULL),(1795,'FCY','FRANCO CORNO YORI','2016-02-18 23:35:36','2016-02-18 23:35:36',NULL),(1796,'RML','RAIMUNDO MORALES LLOSA','2016-02-18 23:35:36','2016-02-18 23:35:36',NULL),(1797,'CYU','CARLOS YORI UMLAUFF','2016-02-18 23:35:36','2016-02-18 23:35:36',NULL),(1799,NULL,'CESAR VERA ARBAIZA','2016-02-18 23:35:36','2016-02-18 23:35:36',NULL),(1800,'CR','CARLOS RAMIREZ CHUPICA','2016-02-18 23:35:36','2016-02-18 23:35:36',NULL),(1807,NULL,'ENRIQUE RIZO PATRON BAZO / HACIENDA MAMACONA','2016-02-18 23:35:36','2016-02-18 23:35:36',NULL),(1808,NULL,'GINO GUIULFO GARCIA','2016-02-18 23:35:36','2016-02-18 23:35:36',NULL),(1810,'RFM','RAFAEL FRANCO MONTES','2016-02-18 23:35:36','2016-02-18 23:35:36',NULL),(1814,NULL,'RENZO CAROZZI M/FABRIZIO Y ALESSANDRO CAROZZI S','2016-02-18 23:35:36','2016-02-18 23:35:36',NULL),(1825,NULL,'ALFONSO VALMORE GARCIA GARCIA','2016-02-18 23:35:36','2016-02-18 23:35:36',NULL),(1826,NULL,'HACIENDA SANTA ROSA S.A.C.','2016-02-18 23:35:36','2016-02-18 23:35:36',NULL),(1831,NULL,'HARAS EL MAYOR  S.A.','2016-02-18 23:35:36','2016-02-18 23:35:36',NULL),(1845,NULL,'JOSE LUIS NOGUERA ZAVALA / ANA SLOCOVICH DE NOGUERA','2016-02-18 23:35:36','2016-02-18 23:35:36',NULL),(1846,NULL,'JENNY VILLAFUERTE FALCON','2016-02-18 23:35:36','2016-02-18 23:35:36',NULL),(1849,NULL,'JORGE LUIS OTOYA CABRERA','2016-02-18 23:35:36','2016-02-18 23:35:36',NULL),(1850,NULL,'GLADYS NELLY ALARCON CANCHARI','2016-02-18 23:35:36','2016-02-18 23:35:36',NULL),(1851,NULL,'FIORELLA NADIA TOMATIS KORRODI','2016-02-18 23:35:36','2016-02-18 23:35:36',NULL),(1852,NULL,'GIORGIO CROLLE LORO PIANA / ARTURO CAVERO ZAVALA','2016-02-18 23:35:36','2016-02-18 23:35:36',NULL),(1855,NULL,'GONZALO ANDRADE NICOLI/ASOC. TRADICIONES COSTUMBRISTAS','2016-02-18 23:35:36','2016-02-18 23:35:36',NULL),(1858,NULL,'NAZARIO VILLAFUERTE GUARDIA/NAZARIO VILLAFUERTE FALCON','2016-02-18 23:35:36','2016-02-18 23:35:36',NULL),(1859,NULL,'ANIBAL ANTONIO LAVADO OLIVERA','2016-02-18 23:35:36','2016-02-18 23:35:36',NULL),(1861,NULL,'MICHAEL FOX RUDVALL','2016-02-18 23:35:36','2016-02-18 23:35:36',NULL),(1862,NULL,'CARLOS PACHECO VILLAVICENCIO','2016-02-18 23:35:36','2016-02-18 23:35:36',NULL),(1865,NULL,'JORGE FRANCISCO DE LA FLOR BARATTA','2016-02-18 23:35:36','2016-02-18 23:35:36',NULL),(1866,NULL,'MANUEL ANTONIO MANRIQUE FIGUEROA','2016-02-18 23:35:36','2016-02-18 23:35:36',NULL),(1869,NULL,'FRANCO CORNO YORI / HUGO HUERTAS DEL PINO UTRILLA','2016-02-18 23:35:36','2016-02-18 23:35:36',NULL),(1870,NULL,'LUIS CARLOS IGLESIAS LEON','2016-02-18 23:35:36','2016-02-18 23:35:36',NULL),(1871,NULL,'LUIS HUMBERTO TRAVERSO RAMIREZ','2016-02-18 23:35:36','2016-02-18 23:35:36',NULL),(1969,'ABE','ALICIA BARREDA DE ELIAS',NULL,NULL,NULL),(1970,'ECH','EDUARDO EDGARDO CHAMAN COMMOTTO',NULL,NULL,NULL),(1974,'HH','SALVADOR GUTIERREZ BENAVIDES','2016-02-19 14:23:03','2016-02-19 14:23:03',NULL),(1978,'GP','HACIENDA EL CORTIJO S.A.C','2016-02-18 23:35:36','2016-02-18 23:35:36',NULL),(1980,'JRR','JOSE ROBERTO RISSO DE LAS CASAS','2016-02-18 23:35:36','2016-02-18 23:35:36',NULL),(1983,'RPC','RAFAEL PUGA CASTRO','2016-02-18 23:35:36','2016-02-18 23:35:36',NULL),(1984,'ASR','ALBERTO SALAVERRY REUSCHE','2016-02-19 19:08:54','2016-02-19 19:08:54',NULL),(1985,'EEE','ARMANDO E. ESPINOZA MONTES/EMER GUSTAVO ESPINOZA MONTES','2016-02-19 19:08:54','2016-02-19 19:08:54',NULL),(1986,NULL,'CARLOS CORNEJO BUSTILLO','2016-02-19 19:08:54','2016-02-19 19:08:54',NULL),(1987,'CCC','CRIADERO CUARTO CRECIENTE','2016-02-19 19:08:54','2016-02-19 19:08:54',NULL),(1989,NULL,'DANIELA FORTON OJEDA/JUAN CARLOS VELEZ GADEA','2016-02-19 19:08:54','2016-02-19 19:08:54',NULL),(1991,'FFL','FRANCISCO ALBERTO FUKUDA LENCI','2016-02-19 19:08:54','2016-02-19 19:08:54',NULL),(1992,NULL,'FRANKLIN R. RODRIGUEZ M.','2016-02-19 19:08:54','2016-02-19 19:08:54',NULL),(1994,'GCLP','GIORGIO CROLLE LORO PIANA','2016-02-19 19:08:54','2016-02-19 19:08:54',NULL),(1995,NULL,'GUILLERMO ALEJANDRO CHAVEZ AMADO','2016-02-19 19:08:54','2016-02-19 19:08:54',NULL),(1996,NULL,'JAIME EDUARDO SANCHEZ BERNAL','2016-02-19 19:08:54','2016-02-19 19:08:54',NULL),(1997,'JHL','JAIME RAUL HEREDIA LANDEO','2016-02-19 19:08:54','2016-02-19 19:08:54',NULL),(1998,NULL,'JAVIER NAVARRO DEL RIO','2016-02-19 19:08:54','2016-02-19 19:08:54',NULL),(1999,'JGH','JONAS GARCIA HERBOZO','2016-02-19 19:08:54','2016-02-19 19:08:54',NULL),(2000,NULL,'JOSE MARIANO LAOS OSSIO','2016-02-19 19:08:54','2016-02-19 19:08:54',NULL),(2001,NULL,'JUAN FRANCISCO HIDALGO BARAHONA','2016-02-19 19:08:54','2016-02-19 19:08:54',NULL),(2004,NULL,'MANUEL VALENCIA DE LA RIVA','2016-02-19 19:08:54','2016-02-19 19:08:54',NULL),(2005,NULL,'MARCELA CAMPODONICO DE VALENTIN','2016-02-19 19:08:54','2016-02-19 19:08:54',NULL),(2006,NULL,'MARCO ANTONIO FRANCO SEVILLA','2016-02-19 19:08:54','2016-02-19 19:08:54',NULL),(2007,NULL,'MIGUEL ANGEL NEYRA CAUTI','2016-02-19 19:08:54','2016-02-19 19:08:54',NULL),(2008,'','NEGOCIACION AGROPECUARIA MONTALVAN S.A.C.','2016-02-19 19:08:54','2016-02-19 19:08:54',NULL),(2009,NULL,'PAUL ALFREDO BARREDA PEZO','2016-02-19 19:08:54','2016-02-19 19:08:54',NULL),(2010,'PMCC','PEDRO MIGUEL CAMAIORA CARCOVICH','2016-02-19 19:08:54','2016-02-19 19:08:54',NULL),(2011,'RCH','RAFAEL CORNEJO HEINRICH','2016-02-19 19:08:54','2016-02-19 19:08:54',NULL),(2012,'RCCL','RENZO CROLLE CLAUX','2016-02-19 19:08:54','2016-02-19 19:08:54',NULL),(2013,'RyJLG','RENZO LAZO GOMEZ / JULIO LAZO GOMEZ','2016-02-19 19:08:54','2016-02-19 19:08:54',NULL),(2014,NULL,'SEBASTIAN PEREZ ARIAS SCHREIBER','2016-02-19 19:08:54','2016-02-19 19:08:54',NULL),(2015,'VCB','VICTOR CASTRO BARBIERI','2016-02-19 19:08:54','2016-02-19 19:08:54',NULL),(2016,NULL,'W.A. VISION S.A.C.','2016-02-19 19:08:54','2016-02-19 19:08:54',NULL),(2017,'YRN','YOHNNY RAMIREZ NUÑEZ','2016-02-19 19:08:54','2016-02-19 19:08:54',NULL),(2018,'AFS','ALBERT FORSYTH SOLARI','2016-02-20 07:53:08','2016-02-20 07:53:08',NULL),(2020,'CCY','CARLOS CORNO YORI','2016-02-20 07:53:08','2016-02-20 07:53:08',NULL),(2021,'CZ','CARMELA ZAPATA DE ARAMBURU','2016-02-20 07:53:08','2016-02-20 07:53:08',NULL),(2026,'GLVI','GIANFRANCO VENTOLINI RAFFO / GIANPIER VENTOLINI RAFFO','2016-02-20 07:53:08','2016-02-20 07:53:08',NULL),(2028,'JCR','JAIME CROSBY RUSSO','2016-02-20 07:53:08','2016-02-20 07:53:08',NULL),(2031,'JAO','JOSE ANTONIO ONRUBIA HOLDER','2016-02-20 07:53:08','2016-02-20 07:53:08',NULL),(2032,'VC','JOSE VALENTIN COQUIS','2016-02-20 07:53:08','2016-02-20 07:53:08',NULL),(2033,'JM','JUAN MANUEL RIZO PATRON BARUA','2016-02-20 07:53:08','2016-02-20 07:53:08',NULL),(2034,'LSR','LUIS JOSE SAENZ RAEZ','2016-02-20 07:53:08','2016-02-20 07:53:08',NULL),(2035,'MSC','MANUEL JOSE SALAZAR CORVETTO','2016-02-20 07:53:08','2016-02-20 07:53:08',NULL),(2036,'NC','NORMAN EDDIE CANCHAYA ORE','2016-02-20 07:53:08','2016-02-20 07:53:08',NULL),(2038,'SQ','SANTIAGO QUEIROLO CIUFFARDI','2016-02-20 07:53:08','2016-02-20 07:53:08',NULL),(2039,'VHMC','VICTOR HUGO MAMANI COLQUE','2016-02-20 07:53:08','2016-02-20 07:53:08',NULL),(2040,'*AR','*AR','2016-02-29 09:38:31','2016-02-29 09:38:31',NULL),(2041,'*FG','*FG','2016-02-29 09:38:31','2016-02-29 09:38:31',NULL),(2042,'*JAI','*JAI','2016-02-29 09:38:31','2016-02-29 09:38:31',NULL),(2043,'*WF','*WF','2016-02-29 09:38:31','2016-02-29 09:38:31',NULL),(2044,'ABM','ABM','2016-02-29 09:38:31','2016-02-29 09:38:31',NULL),(2045,'ACL','ACL','2016-02-29 09:38:31','2016-02-29 09:38:31',NULL),(2046,'AECH','AECH','2016-02-29 09:38:31','2016-02-29 09:38:31',NULL),(2047,'AEV','AEV','2016-02-29 09:38:31','2016-02-29 09:38:31',NULL),(2048,'ALA','ALA','2016-02-29 09:38:31','2016-02-29 09:38:31',NULL),(2049,'AND','AND','2016-02-29 09:38:31','2016-02-29 09:38:31',NULL),(2050,'AV','AV','2016-02-29 09:38:31','2016-02-29 09:38:31',NULL),(2051,'BCH','BCH','2016-02-29 09:38:31','2016-02-29 09:38:31',NULL),(2052,'CBB','CBB','2016-02-29 09:38:31','2016-02-29 09:38:31',NULL),(2053,'CLVL','CLVL','2016-02-29 09:38:31','2016-02-29 09:38:31',NULL),(2054,'CMV','CMV','2016-02-29 09:38:31','2016-02-29 09:38:31',NULL),(2055,'CZF','CZF','2016-02-29 09:38:31','2016-02-29 09:38:31',NULL),(2056,'ECM','ECM','2016-02-29 09:38:31','2016-02-29 09:38:31',NULL),(2057,'EG','EG','2016-02-29 09:38:31','2016-02-29 09:38:31',NULL),(2058,'ERB','ERB','2016-02-29 09:38:31','2016-02-29 09:38:31',NULL),(2059,'FOX','FOX','2016-02-29 09:38:31','2016-02-29 09:38:31',NULL),(2060,'FPC','FPC','2016-02-29 09:38:31','2016-02-29 09:38:31',NULL),(2061,'FTV','FTV','2016-02-29 09:38:31','2016-02-29 09:38:31',NULL),(2062,'GAR','GAR','2016-02-29 09:38:31','2016-02-29 09:38:31',NULL),(2063,'GCD','GCD','2016-02-29 09:38:31','2016-02-29 09:38:31',NULL),(2064,'GMC','GMC','2016-02-29 09:38:31','2016-02-29 09:38:31',NULL),(2065,'GR','GR','2016-02-29 09:38:31','2016-02-29 09:38:31',NULL),(2066,'GS','GS','2016-02-29 09:38:31','2016-02-29 09:38:31',NULL),(2067,'HHP','HHP','2016-02-29 09:38:31','2016-02-29 09:38:31',NULL),(2068,'HMC','HMC','2016-02-29 09:38:31','2016-02-29 09:38:31',NULL),(2069,'HNS','HNS','2016-02-29 09:38:31','2016-02-29 09:38:31',NULL),(2070,'JAF','JAF','2016-02-29 09:38:31','2016-02-29 09:38:31',NULL),(2071,'JCL','JCL','2016-02-29 09:38:31','2016-02-29 09:38:31',NULL),(2072,'JEB','JEB','2016-02-29 09:38:31','2016-02-29 09:38:31',NULL),(2073,'JHBC','JHBC','2016-02-29 09:38:31','2016-02-29 09:38:31',NULL),(2074,'JLR','JLR','2016-02-29 09:38:31','2016-02-29 09:38:31',NULL),(2075,'LB','LB','2016-02-29 09:38:31','2016-02-29 09:38:31',NULL),(2076,'LBL','LBL','2016-02-29 09:38:31','2016-02-29 09:38:31',NULL),(2077,'LMMP','LMMP','2016-02-29 09:38:31','2016-02-29 09:38:31',NULL),(2078,'LPV','LPV','2016-02-29 09:38:31','2016-02-29 09:38:31',NULL),(2079,'MCD','MCD','2016-02-29 09:38:31','2016-02-29 09:38:31',NULL),(2080,'MD','MD','2016-02-29 09:38:31','2016-02-29 09:38:31',NULL),(2081,'MLL','MLL','2016-02-29 09:38:31','2016-02-29 09:38:31',NULL),(2082,'MMG','MMG','2016-02-29 09:38:31','2016-02-29 09:38:31',NULL),(2083,'MSP','MSP','2016-02-29 09:38:31','2016-02-29 09:38:31',NULL),(2084,'MYC','MYC','2016-02-29 09:38:31','2016-02-29 09:38:31',NULL),(2085,'OSP','OSP','2016-02-29 09:38:31','2016-02-29 09:38:31',NULL),(2086,'PBV','PBV','2016-02-29 09:38:31','2016-02-29 09:38:31',NULL),(2087,'PK','PK','2016-02-29 09:38:31','2016-02-29 09:38:31',NULL),(2088,'RCC','RCC','2016-02-29 09:38:31','2016-02-29 09:38:31',NULL),(2089,'RSMQ','RSMQ','2016-02-29 09:38:31','2016-02-29 09:38:31',NULL),(2090,'RVB','RVB','2016-02-29 09:38:31','2016-02-29 09:38:31',NULL),(2091,'RVO','RVO','2016-02-29 09:38:31','2016-02-29 09:38:31',NULL),(2092,'RyRLG','RyRLG','2016-02-29 09:38:31','2016-02-29 09:38:31',NULL),(2093,'SGA','SGA','2016-02-29 09:38:31','2016-02-29 09:38:31',NULL),(2094,'SM','SM','2016-02-29 09:38:31','2016-02-29 09:38:31',NULL),(2095,'VGB','VGB','2016-02-29 09:38:31','2016-02-29 09:38:31',NULL);

/*Table structure for table `animal_agent` */

DROP TABLE IF EXISTS `animal_agent`;

CREATE TABLE `animal_agent` (
  `id` int(10) unsigned NOT NULL AUTO_INCREMENT,
  `animal_id` int(10) unsigned NOT NULL,
  `agent_id` int(10) unsigned NOT NULL,
  `type` enum('breeder','owner') NOT NULL,
  PRIMARY KEY (`id`),
  KEY `fk_animal_agents_animals1_idx` (`animal_id`),
  KEY `fk_animal_agents_agents1_idx` (`agent_id`),
  CONSTRAINT `fk_animal_agents_agents1` FOREIGN KEY (`agent_id`) REFERENCES `agents` (`id`) ON DELETE NO ACTION ON UPDATE NO ACTION,
  CONSTRAINT `fk_animal_agents_animals1` FOREIGN KEY (`animal_id`) REFERENCES `animals` (`id`) ON DELETE NO ACTION ON UPDATE NO ACTION
) ENGINE=InnoDB AUTO_INCREMENT=4500 DEFAULT CHARSET=utf8;

/*Data for the table `animal_agent` */

insert  into `animal_agent`(`id`,`animal_id`,`agent_id`,`type`) values (3215,3631,1754,'breeder'),(3216,3638,1717,'breeder'),(3217,3639,1796,'breeder'),(3218,3641,1722,'breeder'),(3219,3643,1738,'breeder'),(3220,3645,1720,'breeder'),(3221,3648,1721,'breeder'),(3222,3651,1768,'breeder'),(3223,3657,2012,'breeder'),(3224,3661,1718,'breeder'),(3225,3662,1718,'breeder'),(3226,3663,1723,'breeder'),(3227,3669,1717,'breeder'),(3228,3670,1744,'breeder'),(3229,3672,1728,'breeder'),(3230,3674,1750,'breeder'),(3231,3675,1721,'breeder'),(3232,3676,1718,'breeder'),(3233,3681,1753,'breeder'),(3234,3683,1718,'breeder'),(3235,3685,1718,'breeder'),(3236,3686,1731,'breeder'),(3237,3687,1748,'breeder'),(3238,3688,1736,'breeder'),(3239,3689,1722,'breeder'),(3240,3690,1725,'breeder'),(3241,3693,1718,'breeder'),(3242,3695,1734,'breeder'),(3243,3696,1795,'breeder'),(3244,3698,1721,'breeder'),(3245,3700,1721,'breeder'),(3246,3701,1737,'breeder'),(3247,3702,1722,'breeder'),(3248,3703,1793,'breeder'),(3249,3705,1723,'breeder'),(3250,3707,1722,'breeder'),(3251,3708,1734,'breeder'),(3252,3709,1736,'breeder'),(3253,3711,1741,'breeder'),(3254,3714,1722,'breeder'),(3255,3719,1728,'breeder'),(3256,3721,1763,'breeder'),(3257,3723,1747,'breeder'),(3258,3724,1763,'breeder'),(3259,3725,1717,'breeder'),(3260,3726,1787,'breeder'),(3261,3728,1737,'breeder'),(3262,3730,1721,'breeder'),(3263,3732,1739,'breeder'),(3264,3734,1735,'breeder'),(3265,3737,1765,'breeder'),(3266,3741,1762,'breeder'),(3267,3742,1717,'breeder'),(3268,3745,1730,'breeder'),(3269,3747,1785,'breeder'),(3270,3748,1731,'breeder'),(3271,3751,1735,'breeder'),(3272,3752,1782,'breeder'),(3273,3755,1767,'breeder'),(3274,3757,1733,'breeder'),(3275,3760,1734,'breeder'),(3276,3765,1724,'breeder'),(3277,3768,1741,'breeder'),(3278,3769,1717,'breeder'),(3279,3770,1748,'breeder'),(3280,3771,1743,'breeder'),(3281,3772,1741,'breeder'),(3282,3773,1741,'breeder'),(3283,3775,1730,'breeder'),(3284,3776,1768,'breeder'),(3285,3779,1774,'breeder'),(3286,3780,1771,'breeder'),(3287,3781,1755,'breeder'),(3288,3782,1771,'breeder'),(3289,3783,1717,'breeder'),(3290,3786,1736,'breeder'),(3291,3791,1728,'breeder'),(3292,3792,1741,'breeder'),(3293,3794,1754,'breeder'),(3294,3795,1761,'breeder'),(3295,3799,1778,'breeder'),(3296,3800,1741,'breeder'),(3297,3807,1794,'breeder'),(3298,3809,1741,'breeder'),(3299,3811,1734,'breeder'),(3300,3812,1721,'breeder'),(3301,3814,1743,'breeder'),(3302,3817,1734,'breeder'),(3303,3818,1769,'breeder'),(3304,3823,1723,'breeder'),(3305,3824,1788,'breeder'),(3306,3825,1797,'breeder'),(3307,3829,1747,'breeder'),(3308,3830,1731,'breeder'),(3309,3831,1745,'breeder'),(3310,3832,1781,'breeder'),(3311,3834,1719,'breeder'),(3312,3839,1735,'breeder'),(3313,3840,1760,'breeder'),(3314,3843,1719,'breeder'),(3315,3844,1734,'breeder'),(3316,3845,1751,'breeder'),(3317,3848,1731,'breeder'),(3318,3850,1719,'breeder'),(3319,3851,1722,'breeder'),(3320,3852,1722,'breeder'),(3321,3853,1722,'breeder'),(3322,3857,1729,'breeder'),(3323,3859,1780,'breeder'),(3324,3860,1738,'breeder'),(3325,3861,1783,'breeder'),(3326,3868,1731,'breeder'),(3327,3869,1736,'breeder'),(3328,3870,1719,'breeder'),(3329,3871,1717,'breeder'),(3330,3876,1759,'breeder'),(3331,3879,1723,'breeder'),(3332,3882,1737,'breeder'),(3333,3883,1994,'breeder'),(3334,3884,1758,'breeder'),(3335,3891,1729,'breeder'),(3336,3892,1714,'breeder'),(3337,3896,1765,'breeder'),(3338,3898,1765,'breeder'),(3339,3899,1746,'breeder'),(3340,3903,1738,'breeder'),(3341,3905,1747,'breeder'),(3342,3906,1766,'breeder'),(3343,3911,1729,'breeder'),(3344,3915,1757,'breeder'),(3345,3921,1741,'breeder'),(3346,3922,1721,'breeder'),(3347,3925,1721,'breeder'),(3348,3929,1721,'breeder'),(3349,3931,1738,'breeder'),(3350,3938,1714,'breeder'),(3351,3939,1740,'breeder'),(3352,3940,1737,'breeder'),(3353,3942,1722,'breeder'),(3354,3943,2015,'breeder'),(3355,3944,1735,'breeder'),(3356,3947,1732,'breeder'),(3357,3948,1810,'breeder'),(3358,3951,1722,'breeder'),(3359,3952,1770,'breeder'),(3360,3953,1722,'breeder'),(3361,3956,1746,'breeder'),(3362,3959,1725,'breeder'),(3363,3960,1717,'breeder'),(3364,3963,1742,'breeder'),(3365,3965,1718,'breeder'),(3366,3967,1729,'breeder'),(3367,3968,1790,'breeder'),(3368,3971,1729,'breeder'),(3369,3972,1739,'breeder'),(3370,3974,1721,'breeder'),(3371,3975,1776,'breeder'),(3372,3979,1780,'breeder'),(3373,3984,1722,'breeder'),(3374,3991,1777,'breeder'),(3375,3992,1738,'breeder'),(3376,3993,1722,'breeder'),(3377,3997,1739,'breeder'),(3378,3998,1723,'breeder'),(3379,4000,1717,'breeder'),(3380,4002,1717,'breeder'),(3381,4004,1749,'breeder'),(3382,4006,1756,'breeder'),(3383,4007,1723,'breeder'),(3384,4010,1786,'breeder'),(3385,4014,1723,'breeder'),(3386,4018,1735,'breeder'),(3387,4019,1734,'breeder'),(3388,4020,1723,'breeder'),(3389,4023,1723,'breeder'),(3390,4027,1745,'breeder'),(3391,4029,1791,'breeder'),(3392,4041,1789,'breeder'),(3393,4044,1736,'breeder'),(3394,4047,1768,'breeder'),(3395,4051,1755,'breeder'),(3396,4053,1725,'breeder'),(3397,4055,1737,'breeder'),(3398,4056,1719,'breeder'),(3399,4059,1737,'breeder'),(3400,4060,1719,'breeder'),(3401,4061,1760,'breeder'),(3402,4064,1737,'breeder'),(3403,4065,1719,'breeder'),(3404,4069,1771,'breeder'),(3405,4070,1765,'breeder'),(3406,4071,1792,'breeder'),(3407,4076,1738,'breeder'),(3408,4077,1741,'breeder'),(3409,4078,2034,'breeder'),(3410,4080,1763,'breeder'),(3411,4082,1719,'breeder'),(3412,4083,1760,'breeder'),(3413,4084,1727,'breeder'),(3414,4089,1768,'breeder'),(3415,4090,1764,'breeder'),(3416,4092,1717,'breeder'),(3417,4094,1752,'breeder'),(3418,4095,1738,'breeder'),(3419,4098,1749,'breeder'),(3420,4100,1761,'breeder'),(3421,4102,1784,'breeder'),(3422,4103,1717,'breeder'),(3423,4106,1725,'breeder'),(3424,4107,1721,'breeder'),(3470,3631,1730,'owner'),(3471,3638,1717,'owner'),(3472,3639,1870,'owner'),(3473,3641,1722,'owner'),(3474,3643,1826,'owner'),(3475,3645,1720,'owner'),(3476,3648,1808,'owner'),(3477,3651,1768,'owner'),(3478,3657,1852,'owner'),(3479,3661,1718,'owner'),(3480,3662,1718,'owner'),(3481,3663,1807,'owner'),(3482,3669,1717,'owner'),(3483,3670,1744,'owner'),(3484,3672,1728,'owner'),(3485,3674,1750,'owner'),(3486,3675,1721,'owner'),(3487,3676,1718,'owner'),(3488,3681,1753,'owner'),(3489,3683,1718,'owner'),(3490,3685,1718,'owner'),(3491,3686,1731,'owner'),(3492,3687,1767,'owner'),(3493,3688,1736,'owner'),(3494,3689,1722,'owner'),(3495,3690,1810,'owner'),(3496,3693,1718,'owner'),(3497,3695,1734,'owner'),(3498,3696,1869,'owner'),(3499,3698,1721,'owner'),(3500,3700,1728,'owner'),(3501,3701,1737,'owner'),(3502,3702,1722,'owner'),(3503,3703,1793,'owner'),(3504,3705,1807,'owner'),(3505,3707,1722,'owner'),(3506,3708,1734,'owner'),(3507,3709,1736,'owner'),(3508,3711,1741,'owner'),(3509,3714,1722,'owner'),(3510,3719,1728,'owner'),(3511,3721,1850,'owner'),(3512,3723,1747,'owner'),(3513,3724,1763,'owner'),(3514,3725,1717,'owner'),(3515,3726,1862,'owner'),(3516,3728,1737,'owner'),(3517,3730,1721,'owner'),(3518,3732,1739,'owner'),(3519,3734,1735,'owner'),(3520,3737,1765,'owner'),(3521,3741,1762,'owner'),(3522,3742,1717,'owner'),(3523,3745,1814,'owner'),(3524,3747,1785,'owner'),(3525,3748,1731,'owner'),(3526,3751,1735,'owner'),(3527,3752,1782,'owner'),(3528,3755,1767,'owner'),(3529,3757,1733,'owner'),(3530,3760,1734,'owner'),(3531,3765,1724,'owner'),(3532,3768,1741,'owner'),(3533,3769,1717,'owner'),(3534,3770,1767,'owner'),(3535,3771,1741,'owner'),(3536,3772,1741,'owner'),(3537,3773,1741,'owner'),(3538,3775,1814,'owner'),(3539,3776,1768,'owner'),(3540,3777,1714,'owner'),(3541,3779,1774,'owner'),(3542,3780,1846,'owner'),(3543,3781,1729,'owner'),(3544,3782,1771,'owner'),(3545,3783,1717,'owner'),(3546,3786,1736,'owner'),(3547,3791,1728,'owner'),(3548,3792,1741,'owner'),(3549,3794,1728,'owner'),(3550,3795,1761,'owner'),(3551,3799,1778,'owner'),(3552,3800,1741,'owner'),(3553,3807,1861,'owner'),(3554,3809,1741,'owner'),(3555,3811,1734,'owner'),(3556,3812,1721,'owner'),(3557,3814,1741,'owner'),(3558,3817,1734,'owner'),(3559,3818,1808,'owner'),(3560,3823,1807,'owner'),(3561,3824,1788,'owner'),(3562,3825,1871,'owner'),(3563,3829,1861,'owner'),(3564,3830,1731,'owner'),(3565,3831,1730,'owner'),(3566,3832,1781,'owner'),(3567,3834,1719,'owner'),(3568,3839,1735,'owner'),(3569,3840,1760,'owner'),(3570,3843,1719,'owner'),(3571,3844,1734,'owner'),(3572,3845,1751,'owner'),(3573,3848,1778,'owner'),(3574,3850,1810,'owner'),(3575,3851,1722,'owner'),(3576,3852,1722,'owner'),(3577,3853,1722,'owner'),(3578,3857,1729,'owner'),(3579,3859,1780,'owner'),(3580,3860,1722,'owner'),(3581,3861,1858,'owner'),(3582,3867,1800,'owner'),(3583,3868,1851,'owner'),(3584,3869,1736,'owner'),(3585,3870,1719,'owner'),(3586,3871,1717,'owner'),(3587,3876,1759,'owner'),(3588,3879,1807,'owner'),(3589,3882,1737,'owner'),(3590,3883,1799,'owner'),(3591,3884,1735,'owner'),(3592,3891,1729,'owner'),(3593,3892,1714,'owner'),(3594,3896,1855,'owner'),(3595,3898,1765,'owner'),(3596,3899,1728,'owner'),(3597,3903,1731,'owner'),(3598,3905,1747,'owner'),(3599,3906,1808,'owner'),(3600,3911,1808,'owner'),(3601,3915,1757,'owner'),(3602,3921,1741,'owner'),(3603,3922,1728,'owner'),(3604,3925,1728,'owner'),(3605,3929,1721,'owner'),(3606,3931,1810,'owner'),(3607,3938,1714,'owner'),(3608,3939,1740,'owner'),(3609,3940,1737,'owner'),(3610,3942,1722,'owner'),(3611,3943,1850,'owner'),(3612,3944,1735,'owner'),(3613,3947,1721,'owner'),(3614,3948,1810,'owner'),(3615,3951,1722,'owner'),(3616,3952,1770,'owner'),(3617,3953,1722,'owner'),(3618,3956,1810,'owner'),(3619,3958,1799,'owner'),(3620,3959,1724,'owner'),(3621,3960,1717,'owner'),(3622,3963,1825,'owner'),(3623,3965,1718,'owner'),(3624,3967,1729,'owner'),(3625,3968,1865,'owner'),(3626,3971,1729,'owner'),(3627,3972,1849,'owner'),(3628,3974,1728,'owner'),(3629,3975,1825,'owner'),(3630,3979,1780,'owner'),(3631,3984,1722,'owner'),(3632,3991,1763,'owner'),(3633,3992,1727,'owner'),(3634,3993,1722,'owner'),(3635,3997,1739,'owner'),(3636,3998,1807,'owner'),(3637,4000,1717,'owner'),(3638,4002,1717,'owner'),(3639,4004,1831,'owner'),(3640,4006,1756,'owner'),(3641,4007,1807,'owner'),(3642,4010,1858,'owner'),(3643,4014,1808,'owner'),(3644,4018,1735,'owner'),(3645,4019,1734,'owner'),(3646,4020,1807,'owner'),(3647,4023,1807,'owner'),(3648,4027,1730,'owner'),(3649,4029,1866,'owner'),(3650,4041,1789,'owner'),(3651,4044,1736,'owner'),(3652,4047,1768,'owner'),(3653,4051,1825,'owner'),(3654,4053,1741,'owner'),(3655,4055,1737,'owner'),(3656,4056,1719,'owner'),(3657,4059,1737,'owner'),(3658,4060,1719,'owner'),(3659,4061,1760,'owner'),(3660,4064,1737,'owner'),(3661,4065,1719,'owner'),(3662,4069,1771,'owner'),(3663,4070,1765,'owner'),(3664,4071,1741,'owner'),(3665,4076,1810,'owner'),(3666,4077,1741,'owner'),(3667,4078,2034,'owner'),(3668,4080,1763,'owner'),(3669,4082,1719,'owner'),(3670,4083,1760,'owner'),(3671,4084,1727,'owner'),(3672,4089,1768,'owner'),(3673,4090,1741,'owner'),(3674,4092,1845,'owner'),(3675,4094,1744,'owner'),(3676,4095,1731,'owner'),(3677,4098,1749,'owner'),(3678,4100,1761,'owner'),(3679,4102,1859,'owner'),(3680,4103,1717,'owner'),(3681,4106,1741,'owner'),(3682,4107,1728,'owner'),(3725,3646,1714,'breeder'),(3726,3682,1714,'breeder'),(3727,3954,1717,'breeder'),(3728,3978,1717,'breeder'),(3729,3656,1718,'breeder'),(3730,3658,1718,'breeder'),(3731,3679,1718,'breeder'),(3732,4033,1719,'breeder'),(3733,3888,1719,'breeder'),(3734,3767,1719,'breeder'),(3735,3816,1719,'breeder'),(3736,4021,1719,'breeder'),(3737,3835,1719,'breeder'),(3738,3727,1720,'breeder'),(3739,3923,1721,'breeder'),(3740,4085,1721,'breeder'),(3741,3854,1721,'breeder'),(3742,3957,1721,'breeder'),(3743,3926,1721,'breeder'),(3744,3920,1722,'breeder'),(3745,3889,1722,'breeder'),(3746,3697,1722,'breeder'),(3747,4022,1722,'breeder'),(3748,4073,1722,'breeder'),(3749,4042,1723,'breeder'),(3750,4012,1723,'breeder'),(3751,3653,1723,'breeder'),(3752,3878,1723,'breeder'),(3753,3787,1723,'breeder'),(3754,4046,1725,'breeder'),(3755,4104,1725,'breeder'),(3756,3873,1725,'breeder'),(3757,3664,1725,'breeder'),(3758,3855,1725,'breeder'),(3759,3735,1729,'breeder'),(3760,3908,1729,'breeder'),(3761,3736,1729,'breeder'),(3762,3858,1729,'breeder'),(3763,4057,1729,'breeder'),(3764,3916,1729,'breeder'),(3765,3692,1731,'breeder'),(3766,3828,1731,'breeder'),(3767,3865,1731,'breeder'),(3768,3671,1731,'breeder'),(3769,3740,1734,'breeder'),(3770,3677,1734,'breeder'),(3771,3629,1734,'breeder'),(3772,3977,1734,'breeder'),(3773,3633,1735,'breeder'),(3774,4037,1735,'breeder'),(3775,4096,1735,'breeder'),(3776,3946,1735,'breeder'),(3777,3877,1735,'breeder'),(3778,4017,1735,'breeder'),(3779,3837,1735,'breeder'),(3780,4026,1735,'breeder'),(3781,3659,1735,'breeder'),(3782,3986,1736,'breeder'),(3783,3913,1736,'breeder'),(3784,3785,1736,'breeder'),(3785,4049,1736,'breeder'),(3786,3710,1736,'breeder'),(3787,3764,1736,'breeder'),(3788,3863,1736,'breeder'),(3789,3637,1737,'breeder'),(3790,3932,1737,'breeder'),(3791,3885,1737,'breeder'),(3792,3969,1737,'breeder'),(3793,3717,1738,'breeder'),(3794,3945,1738,'breeder'),(3795,4011,1738,'breeder'),(3796,3766,1738,'breeder'),(3797,3936,1738,'breeder'),(3798,3901,1738,'breeder'),(3799,4034,1738,'breeder'),(3800,3762,1738,'breeder'),(3801,3987,1738,'breeder'),(3802,3973,1738,'breeder'),(3803,3895,1738,'breeder'),(3804,3999,1738,'breeder'),(3805,3909,1738,'breeder'),(3806,3995,1738,'breeder'),(3807,3919,1738,'breeder'),(3808,3897,1738,'breeder'),(3809,3753,1738,'breeder'),(3810,3847,1738,'breeder'),(3811,4032,1738,'breeder'),(3812,3636,1738,'breeder'),(3813,3989,1738,'breeder'),(3814,3680,1739,'breeder'),(3815,3655,1739,'breeder'),(3816,3706,1739,'breeder'),(3817,3668,1739,'breeder'),(3818,4105,1739,'breeder'),(3819,3635,1739,'breeder'),(3820,3649,1739,'breeder'),(3821,4009,1739,'breeder'),(3822,3804,1741,'breeder'),(3823,4087,1742,'breeder'),(3824,3949,1742,'breeder'),(3825,4091,1742,'breeder'),(3826,4074,1743,'breeder'),(3827,3715,1743,'breeder'),(3828,4086,1743,'breeder'),(3829,4101,1745,'breeder'),(3830,3759,1746,'breeder'),(3831,3749,1747,'breeder'),(3832,4054,1747,'breeder'),(3833,3821,1747,'breeder'),(3834,3933,1747,'breeder'),(3835,4025,1747,'breeder'),(3836,3902,1747,'breeder'),(3837,3691,1747,'breeder'),(3838,3789,1748,'breeder'),(3839,3756,1748,'breeder'),(3840,3642,1748,'breeder'),(3841,4079,1748,'breeder'),(3842,3894,1749,'breeder'),(3843,3790,1749,'breeder'),(3844,3930,1749,'breeder'),(3845,3650,1749,'breeder'),(3846,3678,1750,'breeder'),(3847,3665,1750,'breeder'),(3848,3666,1750,'breeder'),(3849,3644,1750,'breeder'),(3850,3673,1750,'breeder'),(3851,3849,1751,'breeder'),(3852,4093,1752,'breeder'),(3853,3820,1754,'breeder'),(3854,3881,1754,'breeder'),(3855,3990,1754,'breeder'),(3856,4067,1754,'breeder'),(3857,3917,1754,'breeder'),(3858,3842,1754,'breeder'),(3859,3928,1754,'breeder'),(3860,3630,1754,'breeder'),(3861,4035,1754,'breeder'),(3862,3914,1754,'breeder'),(3863,3744,1754,'breeder'),(3864,3654,1754,'breeder'),(3865,3880,1754,'breeder'),(3866,3826,1754,'breeder'),(3867,3647,1755,'breeder'),(3868,3935,1755,'breeder'),(3869,4024,1756,'breeder'),(3870,4072,1756,'breeder'),(3871,3893,1760,'breeder'),(3872,3918,1761,'breeder'),(3873,3722,1763,'breeder'),(3874,3739,1763,'breeder'),(3875,4088,1764,'breeder'),(3876,4097,1764,'breeder'),(3877,3950,1764,'breeder'),(3878,3934,1765,'breeder'),(3879,4001,1766,'breeder'),(3880,3912,1769,'breeder'),(3881,3731,1769,'breeder'),(3882,3886,1769,'breeder'),(3883,4039,1769,'breeder'),(3884,3866,1769,'breeder'),(3885,3819,1769,'breeder'),(3886,4036,1769,'breeder'),(3887,3801,1769,'breeder'),(3888,4040,1769,'breeder'),(3889,3805,1769,'breeder'),(3890,3841,1771,'breeder'),(3891,3718,1771,'breeder'),(3892,4075,1771,'breeder'),(3893,3961,1771,'breeder'),(3894,3904,2034,'breeder'),(3895,4028,1994,'breeder'),(3896,3720,1994,'breeder'),(3897,3704,1774,'breeder'),(3898,3907,2015,'breeder'),(3899,3887,2015,'breeder'),(3900,3784,1776,'breeder'),(3901,4016,1777,'breeder'),(3902,3980,1777,'breeder'),(3903,4050,2012,'breeder'),(3904,3667,1780,'breeder'),(3905,3652,1781,'breeder'),(3906,3712,1781,'breeder'),(3907,3988,1783,'breeder'),(3908,4005,1784,'breeder'),(3909,4068,1785,'breeder'),(3910,3862,1785,'breeder'),(3911,4013,1786,'breeder'),(3912,3981,1787,'breeder'),(3913,3838,1788,'breeder'),(3914,4048,1789,'breeder'),(3915,4052,1790,'breeder'),(3916,3875,1790,'breeder'),(3917,3941,1791,'breeder'),(3918,3729,1792,'breeder'),(3919,3694,1793,'breeder'),(3920,3660,1797,'breeder'),(3921,3872,1797,'breeder'),(3980,4146,1739,'breeder'),(3981,4147,1722,'breeder'),(3982,4167,1783,'breeder'),(3983,4170,1724,'breeder'),(3984,4171,1781,'breeder'),(3985,4175,1994,'breeder'),(3986,4177,1781,'breeder'),(3987,4179,1736,'breeder'),(3988,4184,1722,'breeder'),(3989,4186,1722,'breeder'),(3990,4188,1721,'breeder'),(3991,4192,1768,'breeder'),(3992,4194,1723,'breeder'),(3993,4199,1721,'breeder'),(3994,4204,1781,'breeder'),(3995,4207,1783,'breeder'),(3996,4208,1994,'breeder'),(3997,4211,1994,'breeder'),(3998,4212,1733,'breeder'),(3999,4216,1734,'breeder'),(4000,4217,1741,'breeder'),(4001,4219,1734,'breeder'),(4002,4222,1759,'breeder'),(4003,4225,1717,'breeder'),(4004,4226,2015,'breeder'),(4005,4227,2012,'breeder'),(4006,4229,1749,'breeder'),(4007,4235,1789,'breeder'),(4008,4236,1724,'breeder'),(4009,4238,1723,'breeder'),(4010,4247,1734,'breeder'),(4011,4257,1769,'breeder'),(4013,4264,1747,'breeder'),(4014,4266,1797,'breeder'),(4015,4278,1781,'breeder'),(4016,4285,1730,'breeder'),(4017,4286,1778,'breeder'),(4018,4288,1754,'breeder'),(4019,4289,1724,'breeder'),(4020,4291,1714,'breeder'),(4021,4296,1722,'breeder'),(4022,4308,1749,'breeder'),(4023,4313,1721,'breeder'),(4024,4315,1994,'breeder'),(4025,4316,1721,'breeder'),(4026,4317,1727,'breeder'),(4027,4321,1768,'breeder'),(4028,4328,1723,'breeder'),(4029,4331,1723,'breeder'),(4030,4338,1730,'breeder'),(4031,4344,1722,'breeder'),(4032,4347,1723,'breeder'),(4033,4350,1722,'breeder'),(4034,4352,2012,'breeder'),(4035,4353,1994,'breeder'),(4036,4357,1810,'breeder'),(4037,4359,1727,'breeder'),(4038,4360,1736,'breeder'),(4039,4364,1749,'breeder'),(4040,4366,1994,'breeder'),(4041,4370,1994,'breeder'),(4042,4375,1730,'breeder'),(4043,3863,1736,'owner'),(4044,3999,1807,'owner'),(4045,4146,1739,'owner'),(4046,4147,1722,'owner'),(4047,4167,1858,'owner'),(4048,4170,1724,'owner'),(4049,4171,1781,'owner'),(4050,4177,1781,'owner'),(4051,4179,1736,'owner'),(4052,4184,1722,'owner'),(4053,4186,1722,'owner'),(4054,4188,1721,'owner'),(4055,4194,1807,'owner'),(4057,4204,1781,'owner'),(4058,4207,1858,'owner'),(4059,4211,1852,'owner'),(4060,4216,1825,'owner'),(4061,4217,1741,'owner'),(4062,4219,1734,'owner'),(4063,4222,1759,'owner'),(4064,4225,1717,'owner'),(4065,4229,1749,'owner'),(4066,4236,1724,'owner'),(4067,4238,1807,'owner'),(4068,4245,1810,'owner'),(4069,4247,1734,'owner'),(4070,4248,1727,'owner'),(4072,4264,1741,'owner'),(4073,4278,1781,'owner'),(4074,4285,1814,'owner'),(4075,4286,1778,'owner'),(4076,4289,1724,'owner'),(4077,4291,1714,'owner'),(4078,4296,1722,'owner'),(4079,4306,1810,'owner'),(4080,4308,1749,'owner'),(4081,4316,1721,'owner'),(4082,4317,1727,'owner'),(4083,4321,1768,'owner'),(4084,4328,1807,'owner'),(4085,4331,1807,'owner'),(4086,4338,1814,'owner'),(4087,4344,1722,'owner'),(4088,4347,1807,'owner'),(4090,4357,1810,'owner'),(4092,4359,1727,'owner'),(4093,4360,1736,'owner'),(4094,4364,1749,'owner'),(4095,4375,1730,'owner'),(4106,4220,1719,'breeder'),(4107,4356,1719,'breeder'),(4108,4309,1719,'breeder'),(4109,4244,1719,'breeder'),(4110,4265,1719,'breeder'),(4111,4240,1719,'breeder'),(4112,4144,1719,'breeder'),(4113,4162,1719,'breeder'),(4114,4340,1722,'breeder'),(4115,4294,1725,'breeder'),(4116,4262,1725,'breeder'),(4117,4333,1728,'breeder'),(4118,4332,1734,'breeder'),(4119,4143,1735,'breeder'),(4120,4159,1736,'breeder'),(4121,4334,1736,'breeder'),(4122,4156,1736,'breeder'),(4123,4324,1738,'breeder'),(4124,4164,1738,'breeder'),(4125,4272,1738,'breeder'),(4126,4290,1738,'breeder'),(4127,4274,1738,'breeder'),(4128,4241,1738,'breeder'),(4129,4301,1738,'breeder'),(4130,4165,1739,'breeder'),(4131,4293,1739,'breeder'),(4132,4218,1741,'breeder'),(4133,4368,1742,'breeder'),(4134,4361,1743,'breeder'),(4135,4182,1746,'breeder'),(4136,4318,1746,'breeder'),(4137,4189,1747,'breeder'),(4138,4271,1749,'breeder'),(4139,4176,1749,'breeder'),(4140,4169,1750,'breeder'),(4141,4228,1754,'breeder'),(4142,4141,1754,'breeder'),(4143,4367,1754,'breeder'),(4144,4254,1760,'breeder'),(4145,4304,1760,'breeder'),(4146,4209,1760,'breeder'),(4147,4232,1760,'breeder'),(4148,4351,1768,'breeder'),(4149,4281,1769,'breeder'),(4150,4322,1769,'breeder'),(4151,4202,1994,'breeder'),(4152,4205,2015,'breeder'),(4153,4203,2015,'breeder'),(4154,4374,2012,'breeder'),(4155,4155,1781,'breeder'),(4156,4346,1781,'breeder'),(4157,4213,1781,'breeder'),(4158,4373,1781,'breeder'),(4159,4242,1781,'breeder'),(4160,4206,1783,'breeder'),(4161,4158,1783,'breeder'),(4162,4173,1789,'breeder'),(4163,4201,1790,'breeder'),(4164,4307,1790,'breeder'),(4169,4352,2012,'owner'),(4170,4370,1994,'owner'),(4172,4306,1969,'breeder'),(4173,4353,1994,'owner'),(4174,4198,1970,'owner'),(4175,4198,1970,'breeder'),(4176,4243,2031,'breeder'),(4177,4145,1970,'owner'),(4178,4145,1984,'breeder'),(4179,4183,1986,'owner'),(4180,4183,1974,'breeder'),(4181,4228,1807,'owner'),(4182,4275,2010,'owner'),(4183,4275,2010,'breeder'),(4184,4237,1719,'owner'),(4185,4237,1719,'breeder'),(4186,4270,1719,'owner'),(4187,4270,1719,'breeder'),(4188,4199,1996,'owner'),(4189,4363,2031,'breeder'),(4190,4363,1719,'owner'),(4191,4259,2016,'owner'),(4192,4259,1978,'breeder'),(4195,4190,2034,'owner'),(4196,4190,2034,'breeder'),(4199,4246,1719,'owner'),(4200,4246,1719,'breeder'),(4201,4245,1980,'breeder'),(4202,4248,2013,'breeder'),(4203,4261,2007,'owner'),(4204,4261,1983,'breeder'),(4205,4263,1725,'breeder'),(4206,4163,1984,'breeder'),(4207,4168,2010,'breeder'),(4208,4214,2010,'breeder'),(4209,4276,2010,'breeder'),(4210,4151,2010,'breeder'),(4211,4279,2010,'breeder'),(4212,4224,2013,'breeder'),(4213,4355,1983,'breeder'),(4282,4292,1985,'owner'),(4283,4341,1987,'owner'),(4284,4323,1719,'owner'),(4285,4300,1719,'owner'),(4286,4223,1719,'owner'),(4287,4256,1719,'owner'),(4288,4311,1991,'owner'),(4289,4354,2026,'owner'),(4290,4365,2026,'owner'),(4291,4305,1994,'owner'),(4292,4251,1995,'owner'),(4293,4230,1995,'owner'),(4294,4295,1997,'owner'),(4295,4312,1997,'owner'),(4296,4336,1997,'owner'),(4297,4348,1999,'owner'),(4298,4221,2001,'owner'),(4299,4193,2033,'owner'),(4300,4233,2033,'owner'),(4301,4215,2033,'owner'),(4302,4255,2033,'owner'),(4303,4369,2004,'owner'),(4304,4234,2005,'owner'),(4305,4267,2006,'owner'),(4306,4150,2006,'owner'),(4307,4372,2009,'owner'),(4308,4260,2011,'owner'),(4309,4277,2011,'owner'),(4310,4157,2011,'owner'),(4311,4297,2017,'owner'),(4312,4268,2017,'owner'),(4313,4365,2018,'breeder'),(4314,4305,2018,'breeder'),(4315,4292,1985,'breeder'),(4316,4150,2020,'breeder'),(4317,4267,2021,'breeder'),(4318,4341,1987,'breeder'),(4319,4323,1719,'breeder'),(4320,4300,1719,'breeder'),(4321,4223,1719,'breeder'),(4322,4256,1719,'breeder'),(4323,4311,1991,'breeder'),(4324,4354,2026,'breeder'),(4325,4369,2028,'breeder'),(4326,4295,1997,'breeder'),(4327,4312,1997,'breeder'),(4328,4336,1997,'breeder'),(4329,4348,1999,'breeder'),(4330,4234,2032,'breeder'),(4331,4193,2033,'breeder'),(4332,4233,2033,'breeder'),(4333,4215,2033,'breeder'),(4334,4255,2033,'breeder'),(4335,4268,2035,'breeder'),(4336,4221,2036,'breeder'),(4337,4260,2011,'breeder'),(4338,4277,2011,'breeder'),(4339,4157,2011,'breeder'),(4340,4251,2038,'breeder'),(4341,4230,2038,'breeder'),(4342,4372,2039,'breeder'),(4343,4297,2017,'breeder'),(4344,4355,1768,'owner'),(4345,4279,2010,'owner'),(4346,4350,1992,'owner'),(4347,4243,1719,'owner'),(4348,4266,1998,'owner'),(4349,4235,2000,'owner'),(4350,4288,1989,'owner'),(4351,4208,1994,'owner'),(4352,4168,2010,'owner'),(4353,4224,2013,'owner'),(4354,4151,2010,'owner'),(4355,4192,2006,'owner'),(4356,4214,2014,'owner'),(4357,4175,1994,'owner'),(4358,4315,1994,'owner'),(4359,4227,2012,'owner'),(4360,4263,1825,'owner'),(4361,4212,1994,'owner'),(4362,4257,2010,'owner'),(4363,4313,1970,'owner'),(4364,4226,2015,'owner'),(4365,4276,2010,'owner'),(4366,4163,1984,'owner'),(4367,4366,1994,'owner'),(4368,4358,1800,'owner'),(4369,4358,1800,'breeder'),(4370,4197,1800,'owner'),(4371,4197,1800,'breeder'),(4372,4252,2008,'owner'),(4373,4252,1800,'breeder'),(4374,3632,2053,'breeder'),(4375,3634,2008,'breeder'),(4376,3640,2069,'breeder'),(4377,3684,1984,'breeder'),(4378,3699,1984,'breeder'),(4379,3713,2049,'breeder'),(4380,3716,2073,'breeder'),(4381,3733,2076,'breeder'),(4382,3738,1987,'breeder'),(4383,3743,2047,'breeder'),(4384,3746,2083,'breeder'),(4385,3750,1997,'breeder'),(4386,3754,2072,'breeder'),(4387,3758,2062,'breeder'),(4388,3761,2080,'breeder'),(4389,3763,2047,'breeder'),(4390,3774,2045,'breeder'),(4391,3778,2066,'breeder'),(4392,3788,2047,'breeder'),(4393,3793,2050,'breeder'),(4394,3796,2047,'breeder'),(4395,3797,2069,'breeder'),(4396,3798,2047,'breeder'),(4397,3802,2040,'breeder'),(4398,3803,2043,'breeder'),(4399,3806,2020,'breeder'),(4400,3808,2083,'breeder'),(4401,3810,2079,'breeder'),(4402,3813,2060,'breeder'),(4403,3815,2086,'breeder'),(4404,3822,2081,'breeder'),(4405,3827,2075,'breeder'),(4406,3833,2070,'breeder'),(4407,3836,2081,'breeder'),(4408,3846,2064,'breeder'),(4409,3856,2074,'breeder'),(4410,3864,2095,'breeder'),(4411,3874,2072,'breeder'),(4412,3890,2087,'breeder'),(4413,3900,2067,'breeder'),(4414,3910,2059,'breeder'),(4415,3924,2071,'breeder'),(4416,3927,2050,'breeder'),(4417,3937,2094,'breeder'),(4418,3955,2057,'breeder'),(4419,3962,2047,'breeder'),(4420,3964,2047,'breeder'),(4421,3966,2047,'breeder'),(4422,3970,2052,'breeder'),(4423,3976,2061,'breeder'),(4424,3982,2044,'breeder'),(4425,3983,2047,'breeder'),(4426,3985,2069,'breeder'),(4427,3994,2050,'breeder'),(4428,3996,2087,'breeder'),(4429,4003,2042,'breeder'),(4430,4008,2076,'breeder'),(4431,4015,2087,'breeder'),(4432,4030,2054,'breeder'),(4433,4031,2063,'breeder'),(4434,4038,2058,'breeder'),(4435,4043,2047,'breeder'),(4436,4045,2050,'breeder'),(4437,4058,2046,'breeder'),(4438,4062,2090,'breeder'),(4439,4063,2050,'breeder'),(4440,4066,2085,'breeder'),(4441,4081,2083,'breeder'),(4442,4099,2077,'breeder'),(4443,4140,1984,'breeder'),(4444,4142,2041,'breeder'),(4445,4148,2032,'breeder'),(4446,4149,2082,'breeder'),(4447,4152,2020,'breeder'),(4448,4153,1781,'breeder'),(4449,4154,2076,'breeder'),(4450,4160,2050,'breeder'),(4451,4161,2010,'breeder'),(4452,4166,2068,'breeder'),(4453,4172,2092,'breeder'),(4454,4174,1800,'breeder'),(4455,4178,2010,'breeder'),(4456,4180,2010,'breeder'),(4457,4181,2010,'breeder'),(4458,4185,2089,'breeder'),(4459,4187,2067,'breeder'),(4460,4191,2084,'breeder'),(4461,4195,2050,'breeder'),(4462,4196,2020,'breeder'),(4463,4200,2048,'breeder'),(4464,4210,1997,'breeder'),(4465,4231,2038,'breeder'),(4466,4239,1980,'breeder'),(4467,4249,2069,'breeder'),(4468,4250,1983,'breeder'),(4469,4253,1974,'breeder'),(4470,4258,2065,'breeder'),(4471,4269,1969,'breeder'),(4472,4273,2047,'breeder'),(4473,4280,2026,'breeder'),(4474,4282,1987,'breeder'),(4475,4283,2038,'breeder'),(4476,4284,1983,'breeder'),(4477,4287,1800,'breeder'),(4478,4298,2028,'breeder'),(4479,4299,2011,'breeder'),(4480,4302,2050,'breeder'),(4481,4303,1997,'breeder'),(4482,4310,1983,'breeder'),(4483,4314,2093,'breeder'),(4484,4319,2056,'breeder'),(4485,4320,1984,'breeder'),(4486,4325,2091,'breeder'),(4487,4326,1984,'breeder'),(4488,4327,1749,'breeder'),(4489,4329,2010,'breeder'),(4490,4330,2051,'breeder'),(4491,4335,1736,'breeder'),(4492,4337,2078,'breeder'),(4493,4339,2035,'breeder'),(4494,4342,2021,'breeder'),(4495,4343,2055,'breeder'),(4496,4345,2018,'breeder'),(4497,4349,2051,'breeder'),(4498,4362,1983,'breeder'),(4499,4371,2094,'breeder');

/*Table structure for table `animals` */

DROP TABLE IF EXISTS `animals`;

CREATE TABLE `animals` (
  `id` int(10) unsigned NOT NULL AUTO_INCREMENT,
  `code` varchar(20) DEFAULT NULL,
  `name` varchar(60) NOT NULL,
  `birthdate` datetime DEFAULT NULL,
  `mom` int(10) unsigned DEFAULT NULL,
  `dad` int(10) unsigned DEFAULT NULL,
  `gender` enum('female','male') DEFAULT NULL,
  `created_at` timestamp NULL DEFAULT NULL,
  `updated_at` timestamp NULL DEFAULT NULL,
  `deleted_at` timestamp NULL DEFAULT NULL,
  PRIMARY KEY (`id`),
  KEY `fk_animals_animals1_idx` (`dad`),
  CONSTRAINT `fk_animals_animals1` FOREIGN KEY (`dad`) REFERENCES `animals` (`id`) ON DELETE NO ACTION ON UPDATE NO ACTION
) ENGINE=InnoDB AUTO_INCREMENT=4397 DEFAULT CHARSET=utf8;

/*Data for the table `animals` */

insert  into `animals`(`id`,`code`,`name`,`birthdate`,`mom`,`dad`,`gender`,`created_at`,`updated_at`,`deleted_at`) values (3629,NULL,'ACIERTO',NULL,NULL,NULL,'male','2016-02-18 23:35:45','2016-02-18 23:35:45',NULL),(3630,NULL,'ACTOR',NULL,NULL,NULL,'male','2016-02-18 23:35:45','2016-02-18 23:35:45',NULL),(3631,'YN-13760','ACTORA','2006-12-28 00:00:00',NULL,NULL,NULL,'2016-02-18 23:35:45','2016-02-18 23:35:45',NULL),(3632,NULL,'ACTRIZ',NULL,NULL,NULL,'female','2016-02-18 23:35:45','2016-02-18 23:35:45',NULL),(3633,NULL,'ACUARELA',NULL,NULL,NULL,NULL,'2016-02-18 23:35:45','2016-02-18 23:35:45',NULL),(3634,NULL,'ADINERADA CAYALTI',NULL,NULL,NULL,NULL,'2016-02-18 23:35:45','2016-02-18 23:35:45',NULL),(3635,NULL,'AFRICA',NULL,NULL,NULL,'female','2016-02-18 23:35:45','2016-02-18 23:35:45',NULL),(3636,NULL,'AFRICANA',NULL,NULL,NULL,'female','2016-02-18 23:35:45','2016-02-18 23:35:45',NULL),(3637,NULL,'AGRESOR',NULL,NULL,NULL,NULL,'2016-02-18 23:35:45','2016-02-18 23:35:45',NULL),(3638,'YN-18021','AGRESORA-TE','2014-03-21 00:00:00',NULL,NULL,NULL,'2016-02-18 23:35:45','2016-02-18 23:35:45',NULL),(3639,'PN-07275','AGUAYMANTO','2005-11-06 00:00:00',NULL,NULL,NULL,'2016-02-18 23:35:45','2016-02-18 23:35:45',NULL),(3640,NULL,'ALBILLA',NULL,NULL,NULL,'female','2016-02-18 23:35:45','2016-02-18 23:35:45',NULL),(3641,'PN-09981','ALBOROTO','2013-08-01 00:00:00',3678,3754,NULL,'2016-02-18 23:35:45','2016-02-18 23:35:45',NULL),(3642,NULL,'ALEGRIA',NULL,NULL,NULL,NULL,'2016-02-18 23:35:45','2016-02-18 23:35:45',NULL),(3643,'YN-15152','ALEGRIA','2009-09-08 00:00:00',NULL,NULL,NULL,'2016-02-18 23:35:45','2016-02-18 23:35:45',NULL),(3644,NULL,'ALENTADORA',NULL,NULL,NULL,NULL,'2016-02-18 23:35:45','2016-02-18 23:35:45',NULL),(3645,'YN-18047','ALGECIRAS','2014-03-25 00:00:00',NULL,NULL,NULL,'2016-02-18 23:35:45','2016-02-18 23:35:45',NULL),(3646,NULL,'ALHELI',NULL,NULL,NULL,'female','2016-02-18 23:35:45','2016-02-18 23:35:45',NULL),(3647,NULL,'ALIESKA',NULL,NULL,NULL,NULL,'2016-02-18 23:35:45','2016-02-18 23:35:45',NULL),(3648,'YN-17786','ALMIBARADA','2013-10-23 00:00:00',NULL,NULL,NULL,'2016-02-18 23:35:45','2016-02-18 23:35:45',NULL),(3649,NULL,'ALOMA',NULL,NULL,NULL,NULL,'2016-02-18 23:35:45','2016-02-18 23:35:45',NULL),(3650,NULL,'ALTANERA',NULL,NULL,NULL,NULL,'2016-02-18 23:35:45','2016-02-18 23:35:45',NULL),(3651,'CN-01260','ALTANERO','2003-06-14 00:00:00',NULL,NULL,NULL,'2016-02-18 23:35:45','2016-02-18 23:35:45',NULL),(3652,NULL,'ALTANERO',NULL,NULL,NULL,'male','2016-02-18 23:35:45','2016-02-18 23:35:45',NULL),(3653,NULL,'ALTIVA',NULL,NULL,NULL,'female','2016-02-18 23:35:45','2016-02-18 23:35:45',NULL),(3654,NULL,'ALTIVO',NULL,NULL,NULL,NULL,'2016-02-18 23:35:45','2016-02-18 23:35:45',NULL),(3655,NULL,'AMBAR',NULL,NULL,NULL,'female','2016-02-18 23:35:45','2016-02-18 23:35:45',NULL),(3656,NULL,'AMBROSIA',NULL,NULL,NULL,NULL,'2016-02-18 23:35:45','2016-02-18 23:35:45',NULL),(3657,'PN-10649','AMIGO-TE','2014-03-25 00:00:00',4050,4054,NULL,'2016-02-18 23:35:45','2016-02-18 23:35:45',NULL),(3658,NULL,'AMIR',NULL,NULL,NULL,NULL,'2016-02-18 23:35:45','2016-02-18 23:35:45',NULL),(3659,NULL,'ANASTASIA',NULL,NULL,NULL,NULL,'2016-02-18 23:35:45','2016-02-18 23:35:45',NULL),(3660,NULL,'ANDARITA',NULL,NULL,NULL,'female','2016-02-18 23:35:45','2016-02-18 23:35:45',NULL),(3661,'YN-16131','ANFITRIONA-TE','2012-05-06 00:00:00',NULL,NULL,NULL,'2016-02-18 23:35:45','2016-02-18 23:35:45',NULL),(3662,'YN-18074','ANTICUARIA','2014-03-22 00:00:00',NULL,NULL,NULL,'2016-02-18 23:35:45','2016-02-18 23:35:45',NULL),(3663,'YN-15897','ANTOLOGIA','2011-03-24 00:00:00',3653,3729,NULL,'2016-02-18 23:35:45','2016-02-18 23:35:45',NULL),(3664,NULL,'APOLO',NULL,NULL,NULL,'male','2016-02-18 23:35:45','2016-02-18 23:35:45',NULL),(3665,NULL,'APRECIADO',NULL,NULL,NULL,'male','2016-02-18 23:35:45','2016-02-18 23:35:45',NULL),(3666,NULL,'APURIMAC',NULL,NULL,NULL,'female','2016-02-18 23:35:45','2016-02-18 23:35:45',NULL),(3667,NULL,'ARIANA',NULL,NULL,NULL,NULL,'2016-02-18 23:35:45','2016-02-18 23:35:45',NULL),(3668,NULL,'ARMENIA',NULL,NULL,NULL,NULL,'2016-02-18 23:35:45','2016-02-18 23:35:45',NULL),(3669,'CN-02601','ARMERO','2011-06-30 00:00:00',NULL,NULL,NULL,'2016-02-18 23:35:45','2016-02-18 23:35:45',NULL),(3670,'YN-14775','AROMATICA','2009-12-20 00:00:00',NULL,NULL,NULL,'2016-02-18 23:35:45','2016-02-18 23:35:45',NULL),(3671,NULL,'ARRIBA PERU',NULL,NULL,NULL,'male','2016-02-18 23:35:45','2016-02-18 23:35:45',NULL),(3672,'YN-17530','ARROGANCIA','2013-01-01 00:00:00',NULL,NULL,NULL,'2016-02-18 23:35:45','2016-02-18 23:35:45',NULL),(3673,NULL,'ASIA',NULL,NULL,NULL,NULL,'2016-02-18 23:35:45','2016-02-18 23:35:45',NULL),(3674,'YN-14374','ASIA II','2009-05-19 00:00:00',NULL,NULL,NULL,'2016-02-18 23:35:45','2016-02-18 23:35:45',NULL),(3675,'YN-17731','ASOMBRADA','2013-07-18 00:00:00',4062,3874,NULL,'2016-02-18 23:35:45','2016-02-18 23:35:45',NULL),(3676,'PN-10374','AUTOR','2013-10-11 00:00:00',NULL,NULL,NULL,'2016-02-18 23:35:45','2016-02-18 23:35:45',NULL),(3677,NULL,'AVENTURA',NULL,NULL,NULL,'female','2016-02-18 23:35:45','2016-02-18 23:35:45',NULL),(3678,NULL,'AVENTURA',NULL,NULL,NULL,'female','2016-02-18 23:35:45','2016-02-18 23:35:45',NULL),(3679,NULL,'AZAROSA',NULL,NULL,NULL,NULL,'2016-02-18 23:35:45','2016-02-18 23:35:45',NULL),(3680,NULL,'AZUCAR',NULL,NULL,NULL,NULL,'2016-02-18 23:35:45','2016-02-18 23:35:45',NULL),(3681,'YN-16983','AZUCENA','2008-09-15 00:00:00',3720,4048,NULL,'2016-02-18 23:35:45','2016-02-18 23:35:45',NULL),(3682,NULL,'AZUCENA',NULL,NULL,NULL,NULL,'2016-02-18 23:35:45','2016-02-18 23:35:45',NULL),(3683,'YN-16021','AZUCENA-TE','2011-11-10 00:00:00',NULL,NULL,NULL,'2016-02-18 23:35:45','2016-02-18 23:35:45',NULL),(3684,NULL,'BANDOLERO',NULL,NULL,NULL,NULL,'2016-02-18 23:35:45','2016-02-18 23:35:45',NULL),(3685,'PN-10057','BARBARESCO','2013-04-03 00:00:00',NULL,NULL,NULL,'2016-02-18 23:35:45','2016-02-18 23:35:45',NULL),(3686,'YN-14029','BARCELONA','2008-09-27 00:00:00',NULL,NULL,NULL,'2016-02-18 23:35:45','2016-02-18 23:35:45',NULL),(3687,'YN-12842','BELLA HURI','2004-10-09 00:00:00',NULL,NULL,NULL,'2016-02-18 23:35:45','2016-02-18 23:35:45',NULL),(3688,'YN-15428','BELLA LUZ','2009-12-05 00:00:00',NULL,NULL,NULL,'2016-02-18 23:35:45','2016-02-18 23:35:45',NULL),(3689,'YN-15775','BELLEZA','2011-09-16 00:00:00',3692,3989,NULL,'2016-02-18 23:35:45','2016-02-18 23:35:45',NULL),(3690,'YN-16997','BISKAIA-TE','2013-11-03 00:00:00',3855,3866,NULL,'2016-02-18 23:35:45','2016-02-18 23:35:45',NULL),(3691,NULL,'BOLERO',NULL,NULL,NULL,NULL,'2016-02-18 23:35:45','2016-02-18 23:35:45',NULL),(3692,NULL,'BONANZA',NULL,NULL,NULL,'female','2016-02-18 23:35:45','2016-02-18 23:35:45',NULL),(3693,'YN-16766','BRISA','2012-07-01 00:00:00',NULL,NULL,NULL,'2016-02-18 23:35:45','2016-02-18 23:35:45',NULL),(3694,NULL,'BRUJA DE CACHICHE',NULL,NULL,NULL,'female','2016-02-18 23:35:45','2016-02-18 23:35:45',NULL),(3695,'YN-14067','BRUMA','2008-06-02 00:00:00',NULL,NULL,NULL,'2016-02-18 23:35:45','2016-02-18 23:35:45',NULL),(3696,'PN-07644','BUEN MOZO','2006-04-19 00:00:00',NULL,NULL,NULL,'2016-02-18 23:35:45','2016-02-18 23:35:45',NULL),(3697,NULL,'BUENA LUZ',NULL,NULL,NULL,'female','2016-02-18 23:35:45','2016-02-18 23:35:45',NULL),(3698,'YN-18213','BUENA MOZA','2014-06-05 00:00:00',3957,3874,NULL,'2016-02-18 23:35:45','2016-02-18 23:35:45',NULL),(3699,NULL,'BUGAMBILLA',NULL,NULL,NULL,NULL,'2016-02-18 23:35:45','2016-02-18 23:35:45',NULL),(3700,'CN-02503','BUJAMERO','2011-01-03 00:00:00',NULL,NULL,NULL,'2016-02-18 23:35:45','2016-02-18 23:35:45',NULL),(3701,'YN-16542','BULERIA','2011-02-20 00:00:00',3640,NULL,NULL,'2016-02-18 23:35:45','2016-02-18 23:35:45',NULL),(3702,'YN-17007','BURUNDANGA','2013-07-01 00:00:00',3697,3754,NULL,'2016-02-18 23:35:45','2016-02-18 23:35:45',NULL),(3703,'PN-09965','CACHICHE','2005-08-28 00:00:00',3694,3887,NULL,'2016-02-18 23:35:45','2016-02-18 23:35:45',NULL),(3704,NULL,'CACHINA',NULL,NULL,NULL,NULL,'2016-02-18 23:35:45','2016-02-18 23:35:45',NULL),(3705,'PN-10389','CADIZ','2013-09-26 00:00:00',NULL,NULL,NULL,'2016-02-18 23:35:45','2016-02-18 23:35:45',NULL),(3706,NULL,'CALUPEÑO',NULL,NULL,NULL,'male','2016-02-18 23:35:45','2016-02-18 23:35:45',NULL),(3707,'YN-15773','CAMELIA','2011-07-20 00:00:00',3919,3989,NULL,'2016-02-18 23:35:45','2016-02-18 23:35:45',NULL),(3708,'PN-08371','CAMINANTE','2009-07-17 00:00:00',NULL,NULL,NULL,'2016-02-18 23:35:45','2016-02-18 23:35:45',NULL),(3709,'PN-10446','CAMPEADOR','2014-01-04 00:00:00',3710,3895,NULL,'2016-02-18 23:35:45','2016-02-18 23:35:45',NULL),(3710,NULL,'CAMPEADORA',NULL,NULL,NULL,'female','2016-02-18 23:35:45','2016-02-18 23:35:45',NULL),(3711,'CN-02479','CANCILLER-TE','2011-01-15 00:00:00',3804,3630,NULL,'2016-02-18 23:35:45','2016-02-18 23:35:45',NULL),(3712,NULL,'CANDELA',NULL,NULL,NULL,'female','2016-02-18 23:35:45','2016-02-18 23:35:45',NULL),(3713,NULL,'CANDELARIA',NULL,NULL,NULL,NULL,'2016-02-18 23:35:45','2016-02-18 23:35:45',NULL),(3714,'YN-16277','CANDELARIA','2012-07-01 00:00:00',3919,3989,NULL,'2016-02-18 23:35:45','2016-02-18 23:35:45',NULL),(3715,NULL,'CANDILEJA',NULL,NULL,NULL,NULL,'2016-02-18 23:35:45','2016-02-18 23:35:45',NULL),(3716,NULL,'CANELA',NULL,NULL,NULL,NULL,'2016-02-18 23:35:45','2016-02-18 23:35:45',NULL),(3717,NULL,'CAPITANA',NULL,NULL,NULL,NULL,'2016-02-18 23:35:45','2016-02-18 23:35:45',NULL),(3718,NULL,'CAPRICHO',NULL,NULL,NULL,NULL,'2016-02-18 23:35:45','2016-02-18 23:35:45',NULL),(3719,'YN-16899','CAPRICHOSA','2012-03-01 00:00:00',NULL,NULL,NULL,'2016-02-18 23:35:45','2016-02-18 23:35:45',NULL),(3720,NULL,'CAPULI',NULL,NULL,NULL,'female','2016-02-18 23:35:45','2016-02-18 23:35:45',NULL),(3721,'CN-01468','CARACOL','2004-01-16 00:00:00',NULL,NULL,NULL,'2016-02-18 23:35:45','2016-02-18 23:35:45',NULL),(3722,NULL,'CARACOLETA',NULL,NULL,NULL,NULL,'2016-02-18 23:35:45','2016-02-18 23:35:45',NULL),(3723,'PN-09609','CARLO MAGNO','2012-04-27 00:00:00',NULL,NULL,NULL,'2016-02-18 23:35:45','2016-02-18 23:35:45',NULL),(3724,'CN-02083','CARLO MAGNO','2008-09-13 00:00:00',NULL,NULL,NULL,'2016-02-18 23:35:45','2016-02-18 23:35:45',NULL),(3725,'YN-17561','CAROZA','2013-01-12 00:00:00',NULL,NULL,NULL,'2016-02-18 23:35:45','2016-02-18 23:35:45',NULL),(3726,'PN-08642','CASIQUE','2008-04-15 00:00:00',3981,3976,NULL,'2016-02-18 23:35:45','2016-02-18 23:35:45',NULL),(3727,NULL,'CATALANA',NULL,NULL,NULL,NULL,'2016-02-18 23:35:45','2016-02-18 23:35:45',NULL),(3728,'YN-16744','CATARINA','2012-01-10 00:00:00',NULL,NULL,NULL,'2016-02-18 23:35:45','2016-02-18 23:35:45',NULL),(3729,NULL,'CATON',NULL,NULL,NULL,'male','2016-02-18 23:35:45','2016-02-18 23:35:45',NULL),(3730,'PN-09974','CAYETANO','2012-12-05 00:00:00',3923,3874,NULL,'2016-02-18 23:35:45','2016-02-18 23:35:45',NULL),(3731,NULL,'CELESTE',NULL,NULL,NULL,'female','2016-02-18 23:35:45','2016-02-18 23:35:45',NULL),(3732,'YN-15097','CENTELLA','2010-02-25 00:00:00',3635,3806,NULL,'2016-02-18 23:35:45','2016-02-18 23:35:45',NULL),(3733,NULL,'CENTENARIA',NULL,NULL,NULL,'female','2016-02-18 23:35:45','2016-02-18 23:35:45',NULL),(3734,'CN-02416','CENTURION-TE','2010-01-11 00:00:00',NULL,NULL,NULL,'2016-02-18 23:35:45','2016-02-18 23:35:45',NULL),(3735,NULL,'CEREZA',NULL,NULL,NULL,NULL,'2016-02-18 23:35:45','2016-02-18 23:35:45',NULL),(3736,NULL,'CEREZO',NULL,NULL,NULL,NULL,'2016-02-18 23:35:45','2016-02-18 23:35:45',NULL),(3737,'PN-10386','CERTERO','2013-04-15 00:00:00',NULL,NULL,NULL,'2016-02-18 23:35:45','2016-02-18 23:35:45',NULL),(3738,NULL,'CHICAMA',NULL,NULL,NULL,NULL,'2016-02-18 23:35:45','2016-02-18 23:35:45',NULL),(3739,NULL,'CHICUELINA',NULL,NULL,NULL,NULL,'2016-02-18 23:35:45','2016-02-18 23:35:45',NULL),(3740,NULL,'CHINA LINDA',NULL,NULL,NULL,'female','2016-02-18 23:35:45','2016-02-18 23:35:45',NULL),(3741,'YN-11561','CHIQUITA BONITA','2003-09-24 00:00:00',NULL,NULL,NULL,'2016-02-18 23:35:45','2016-02-18 23:35:45',NULL),(3742,'CN-02229','CHOLOLOLO','2009-09-23 00:00:00',NULL,NULL,NULL,'2016-02-18 23:35:45','2016-02-18 23:35:45',NULL),(3743,NULL,'CISNE',NULL,NULL,NULL,'male','2016-02-18 23:35:45','2016-02-18 23:35:45',NULL),(3744,NULL,'CITA',NULL,NULL,NULL,NULL,'2016-02-18 23:35:45','2016-02-18 23:35:45',NULL),(3745,'PN-09927','CITADINO-TE','2013-05-03 00:00:00',NULL,NULL,NULL,'2016-02-18 23:35:45','2016-02-18 23:35:45',NULL),(3746,NULL,'CLAVELINA',NULL,NULL,NULL,NULL,'2016-02-18 23:35:45','2016-02-18 23:35:45',NULL),(3747,'PN-10559','CLAVIJO','2011-11-20 00:00:00',NULL,NULL,NULL,'2016-02-18 23:35:45','2016-02-18 23:35:45',NULL),(3748,'YN-15782','CONSISTENCIA','2011-12-18 00:00:00',NULL,NULL,NULL,'2016-02-18 23:35:45','2016-02-18 23:35:45',NULL),(3749,NULL,'COPETINERA',NULL,NULL,NULL,'female','2016-02-18 23:35:45','2016-02-18 23:35:45',NULL),(3750,NULL,'COQUETA',NULL,NULL,NULL,NULL,'2016-02-18 23:35:45','2016-02-18 23:35:45',NULL),(3751,'PN-08965','CORSARIO I','2010-10-03 00:00:00',NULL,NULL,NULL,'2016-02-18 23:35:45','2016-02-18 23:35:45',NULL),(3752,'PN-10125','CORTESANO','2012-12-22 00:00:00',NULL,NULL,NULL,'2016-02-18 23:35:45','2016-02-18 23:35:45',NULL),(3753,NULL,'CORTESIA',NULL,NULL,NULL,NULL,'2016-02-18 23:35:45','2016-02-18 23:35:45',NULL),(3754,NULL,'DANDY-TE',NULL,NULL,NULL,'male','2016-02-18 23:35:45','2016-02-18 23:35:45',NULL),(3755,'CN-02126','DANUBIO','2009-12-09 00:00:00',NULL,NULL,NULL,'2016-02-18 23:35:45','2016-02-18 23:35:45',NULL),(3756,NULL,'DECIDIDA',NULL,NULL,NULL,NULL,'2016-02-18 23:35:45','2016-02-18 23:35:45',NULL),(3757,'YN-16060','DEIDAD-TE','2012-01-20 00:00:00',NULL,NULL,NULL,'2016-02-18 23:35:45','2016-02-18 23:35:45',NULL),(3758,NULL,'DELIRIO',NULL,NULL,NULL,NULL,'2016-02-18 23:35:45','2016-02-18 23:35:45',NULL),(3759,NULL,'DIANA',NULL,NULL,NULL,NULL,'2016-02-18 23:35:45','2016-02-18 23:35:45',NULL),(3760,'YN-15604','DIFERENCIA','2010-02-25 00:00:00',3677,3743,NULL,'2016-02-18 23:35:45','2016-02-18 23:35:45',NULL),(3761,NULL,'DIFERENTE',NULL,NULL,NULL,'male','2016-02-18 23:35:45','2016-02-18 23:35:45',NULL),(3762,NULL,'DIFORZADA',NULL,NULL,NULL,NULL,'2016-02-18 23:35:45','2016-02-18 23:35:45',NULL),(3763,NULL,'DIGNATARIO',NULL,NULL,NULL,'male','2016-02-18 23:35:45','2016-02-18 23:35:45',NULL),(3764,NULL,'DINASTIA',NULL,NULL,NULL,'female','2016-02-18 23:35:45','2016-02-18 23:35:45',NULL),(3765,'YN-17333','DIPLOMATICA','2013-12-29 00:00:00',3964,3803,NULL,'2016-02-18 23:35:45','2016-02-18 23:35:45',NULL),(3766,NULL,'DISCORDIA',NULL,NULL,NULL,NULL,'2016-02-18 23:35:45','2016-02-18 23:35:45',NULL),(3767,NULL,'DIVINA',NULL,NULL,NULL,'female','2016-02-18 23:35:45','2016-02-18 23:35:45',NULL),(3768,'YN-17529','DOÑA ANDREA-TE','2010-07-20 00:00:00',NULL,NULL,NULL,'2016-02-18 23:35:45','2016-02-18 23:35:45',NULL),(3769,'YN-17739','DOÑA ANTONIETA','2014-04-03 00:00:00',NULL,NULL,NULL,'2016-02-18 23:35:45','2016-02-18 23:35:45',NULL),(3770,'YN-13904','DOÑA G II','2008-09-15 00:00:00',NULL,NULL,NULL,'2016-02-18 23:35:45','2016-02-18 23:35:45',NULL),(3771,'YN-12926','DOÑA JIMENA','2006-09-20 00:00:00',NULL,NULL,NULL,'2016-02-18 23:35:45','2016-02-18 23:35:45',NULL),(3772,'YN-16317','DOÑA LUCIANA-TE','2010-01-21 00:00:00',NULL,NULL,NULL,'2016-02-18 23:35:45','2016-02-18 23:35:45',NULL),(3773,'YN-16321','DOÑA MARINA -TE','2009-10-23 00:00:00',NULL,NULL,NULL,'2016-02-18 23:35:45','2016-02-18 23:35:45',NULL),(3774,NULL,'DOÑA TILA',NULL,NULL,NULL,'female','2016-02-18 23:35:45','2016-02-18 23:35:45',NULL),(3775,'YN-16942','DOÑA TITA','2013-01-08 00:00:00',NULL,NULL,NULL,'2016-02-18 23:35:45','2016-02-18 23:35:45',NULL),(3776,'CN-02504','DOCTOR','2011-02-07 00:00:00',NULL,NULL,NULL,'2016-02-18 23:35:45','2016-02-18 23:35:45',NULL),(3777,NULL,'DOMINICA',NULL,NULL,NULL,NULL,'2016-02-18 23:35:45','2016-02-18 23:35:45',NULL),(3778,NULL,'DON ANTONIO',NULL,NULL,NULL,'male','2016-02-18 23:35:45','2016-02-18 23:35:45',NULL),(3779,'CN-02426','DON BARTOLO','2006-09-15 00:00:00',NULL,NULL,NULL,'2016-02-18 23:35:45','2016-02-18 23:35:45',NULL),(3780,'CN-01917','DON ERNESTO','2007-10-19 00:00:00',4075,3778,NULL,'2016-02-18 23:35:45','2016-02-18 23:35:45',NULL),(3781,'PN-08995','DON GABRIEL','2008-04-07 00:00:00',NULL,NULL,NULL,'2016-02-18 23:35:45','2016-02-18 23:35:45',NULL),(3782,'PN-07489','DON LUIS','2007-06-28 00:00:00',NULL,NULL,NULL,'2016-02-18 23:35:45','2016-02-18 23:35:45',NULL),(3783,'PN-10521','DON SOL-TE','2014-01-28 00:00:00',NULL,NULL,NULL,'2016-02-18 23:35:45','2016-02-18 23:35:45',NULL),(3784,NULL,'DON VICENTE',NULL,NULL,NULL,NULL,'2016-02-18 23:35:45','2016-02-18 23:35:45',NULL),(3785,NULL,'DORADA',NULL,NULL,NULL,'female','2016-02-18 23:35:45','2016-02-18 23:35:45',NULL),(3786,'CN-02036','DORADO','2005-08-15 00:00:00',3785,4073,NULL,'2016-02-18 23:35:45','2016-02-18 23:35:45',NULL),(3787,NULL,'DUQUESA',NULL,NULL,NULL,NULL,'2016-02-18 23:35:45','2016-02-18 23:35:45',NULL),(3788,NULL,'DYANGO',NULL,NULL,NULL,'male','2016-02-18 23:35:45','2016-02-18 23:35:45',NULL),(3789,NULL,'ECIJANO',NULL,NULL,NULL,'male','2016-02-18 23:35:45','2016-02-18 23:35:45',NULL),(3790,NULL,'ECIJANO',NULL,NULL,NULL,'male','2016-02-18 23:35:45','2016-02-18 23:35:45',NULL),(3791,'PN-08927','ECLIPSE','2010-03-06 00:00:00',NULL,NULL,NULL,'2016-02-18 23:35:45','2016-02-18 23:35:45',NULL),(3792,'CN-02235','ECLIPSE-TE','2008-10-19 00:00:00',NULL,NULL,NULL,'2016-02-18 23:35:45','2016-02-18 23:35:45',NULL),(3793,NULL,'EJECUTIVO',NULL,NULL,NULL,'male','2016-02-18 23:35:45','2016-02-18 23:35:45',NULL),(3794,'PN-09540','EL CAMPEADOR','2011-09-14 00:00:00',NULL,NULL,NULL,'2016-02-18 23:35:45','2016-02-18 23:35:45',NULL),(3795,'CN-02528','EL MAJO','2007-12-24 00:00:00',NULL,NULL,NULL,'2016-02-18 23:35:45','2016-02-18 23:35:45',NULL),(3796,NULL,'EL MELLIZO-TE',NULL,NULL,NULL,'male','2016-02-18 23:35:45','2016-02-18 23:35:45',NULL),(3797,NULL,'EL NEGRO',NULL,NULL,NULL,NULL,'2016-02-18 23:35:45','2016-02-18 23:35:45',NULL),(3798,NULL,'EL PATRICIO',NULL,NULL,NULL,'male','2016-02-18 23:35:45','2016-02-18 23:35:45',NULL),(3799,'PN-10430','EL SORO','2014-01-23 00:00:00',4063,3796,NULL,'2016-02-18 23:35:45','2016-02-18 23:35:45',NULL),(3800,'PN-09538','EL SULTAN-TE','2009-07-06 00:00:00',3873,4081,NULL,'2016-02-18 23:35:45','2016-02-18 23:35:45',NULL),(3801,NULL,'ELEGIDO',NULL,NULL,NULL,'male','2016-02-18 23:35:45','2016-02-18 23:35:45',NULL),(3802,NULL,'ELEONORA',NULL,NULL,NULL,NULL,'2016-02-18 23:35:45','2016-02-18 23:35:45',NULL),(3803,NULL,'EMBAJADOR',NULL,NULL,NULL,'male','2016-02-18 23:35:45','2016-02-18 23:35:45',NULL),(3804,NULL,'EMBAJADORA-TE',NULL,NULL,NULL,'female','2016-02-18 23:35:45','2016-02-18 23:35:45',NULL),(3805,NULL,'EMBRUJO DE CACHICHE',NULL,NULL,NULL,'male','2016-02-18 23:35:45','2016-02-18 23:35:45',NULL),(3806,NULL,'EMISARIO',NULL,NULL,NULL,'male','2016-02-18 23:35:45','2016-02-18 23:35:45',NULL),(3807,'PI-00314','EMPERADOR','2004-03-17 00:00:00',NULL,NULL,NULL,'2016-02-18 23:35:45','2016-02-18 23:35:45',NULL),(3808,NULL,'EMPERADOR',NULL,NULL,NULL,'male','2016-02-18 23:35:45','2016-02-18 23:35:45',NULL),(3809,'YN-16319','EMPERADORA-TE','2010-01-08 00:00:00',4043,3808,NULL,'2016-02-18 23:35:45','2016-02-18 23:35:45',NULL),(3810,NULL,'EMPERATRIZ DE ROMA',NULL,NULL,NULL,NULL,'2016-02-18 23:35:45','2016-02-18 23:35:45',NULL),(3811,'CN-02381','EMPRESARIO','2011-08-14 00:00:00',3666,3629,NULL,'2016-02-18 23:35:45','2016-02-18 23:35:45',NULL),(3812,'YN-17787','ENCANDILADA','2013-11-02 00:00:00',NULL,NULL,NULL,'2016-02-18 23:35:45','2016-02-18 23:35:45',NULL),(3813,NULL,'ENGREIDO',NULL,NULL,NULL,NULL,'2016-02-18 23:35:45','2016-02-18 23:35:45',NULL),(3814,'YN-15011','ENSUEÑO','2010-01-07 00:00:00',NULL,NULL,NULL,'2016-02-18 23:35:45','2016-02-18 23:35:45',NULL),(3815,NULL,'EROILA',NULL,NULL,NULL,NULL,'2016-02-18 23:35:45','2016-02-18 23:35:45',NULL),(3816,NULL,'ESCENCIA',NULL,NULL,NULL,'female','2016-02-18 23:35:45','2016-02-18 23:35:45',NULL),(3817,'YN-15747','ESENCIA','2011-03-18 00:00:00',3740,3763,NULL,'2016-02-18 23:35:45','2016-02-18 23:35:45',NULL),(3818,'CN-02383','ESPARTANO','2010-07-22 00:00:00',NULL,NULL,NULL,'2016-02-18 23:35:45','2016-02-18 23:35:45',NULL),(3819,NULL,'ESPONTANEO',NULL,NULL,NULL,'male','2016-02-18 23:35:45','2016-02-18 23:35:45',NULL),(3820,NULL,'ESTAMPA',NULL,NULL,NULL,NULL,'2016-02-18 23:35:45','2016-02-18 23:35:45',NULL),(3821,NULL,'ESTANCIERA V',NULL,NULL,NULL,NULL,'2016-02-18 23:35:45','2016-02-18 23:35:45',NULL),(3822,NULL,'ESTIRPE',NULL,NULL,NULL,'male','2016-02-18 23:35:45','2016-02-18 23:35:45',NULL),(3823,'YN-15679','EXCELENCIA I','2010-11-17 00:00:00',NULL,NULL,'female','2016-02-18 23:35:45','2016-02-18 23:35:45',NULL),(3824,'PN-08692','EXCLUSIVO DE MALA','2009-02-04 00:00:00',NULL,NULL,NULL,'2016-02-18 23:35:45','2016-02-18 23:35:45',NULL),(3825,'PN-07538','EXIGENTE','2007-02-06 00:00:00',NULL,NULL,NULL,'2016-02-18 23:35:45','2016-02-18 23:35:45',NULL),(3826,NULL,'EXPRESO',NULL,NULL,NULL,NULL,'2016-02-18 23:35:45','2016-02-18 23:35:45',NULL),(3827,NULL,'FABULOSO',NULL,NULL,NULL,NULL,'2016-02-18 23:35:45','2016-02-18 23:35:45',NULL),(3828,NULL,'FANTASIA',NULL,NULL,NULL,NULL,'2016-02-18 23:35:45','2016-02-18 23:35:45',NULL),(3829,'PN-08376','FARSANTE','2009-08-12 00:00:00',NULL,NULL,NULL,'2016-02-18 23:35:45','2016-02-18 23:35:45',NULL),(3830,'YN-17093','FAVORITA-TE','2013-04-07 00:00:00',NULL,NULL,NULL,'2016-02-18 23:35:45','2016-02-18 23:35:45',NULL),(3831,'PN-08444','FAVORITO','2009-12-13 00:00:00',NULL,NULL,NULL,'2016-02-18 23:35:45','2016-02-18 23:35:45',NULL),(3832,'PN-10221','FESTEJO','2013-09-24 00:00:00',3712,3652,NULL,'2016-02-18 23:35:45','2016-02-18 23:35:45',NULL),(3833,NULL,'FIESTAS PATRIAS',NULL,NULL,NULL,NULL,'2016-02-18 23:35:45','2016-02-18 23:35:45',NULL),(3834,'YN-17926','FILARMONIA','2014-06-02 00:00:00',NULL,NULL,NULL,'2016-02-18 23:35:45','2016-02-18 23:35:45',NULL),(3835,NULL,'FILIGRANA',NULL,NULL,NULL,'female','2016-02-18 23:35:45','2016-02-18 23:35:45',NULL),(3836,NULL,'FINA ESTAMPA',NULL,NULL,NULL,NULL,'2016-02-18 23:35:45','2016-02-18 23:35:45',NULL),(3837,NULL,'FINURA',NULL,NULL,NULL,NULL,'2016-02-18 23:35:45','2016-02-18 23:35:45',NULL),(3838,NULL,'FINURA DE MALA',NULL,NULL,NULL,NULL,'2016-02-18 23:35:45','2016-02-18 23:35:45',NULL),(3839,'YN-15464','FIRMEZA-TE','2009-12-23 00:00:00',NULL,NULL,NULL,'2016-02-18 23:35:45','2016-02-18 23:35:45',NULL),(3840,'PN-09100','FISCAL-TE','2011-01-28 00:00:00',NULL,NULL,NULL,'2016-02-18 23:35:45','2016-02-18 23:35:45',NULL),(3841,NULL,'FLOR DE AZPITIA',NULL,NULL,NULL,NULL,'2016-02-18 23:35:45','2016-02-18 23:35:45',NULL),(3842,NULL,'FLOR SALVAJE',NULL,NULL,NULL,NULL,'2016-02-18 23:35:45','2016-02-18 23:35:45',NULL),(3843,'YN-17927','FRAGANCIA-TE','2014-04-17 00:00:00',3816,3801,NULL,'2016-02-18 23:35:45','2016-02-18 23:35:45',NULL),(3844,'YN-16195','FRONTERA-TE','2012-04-14 00:00:00',NULL,NULL,NULL,'2016-02-18 23:35:45','2016-02-18 23:35:45',NULL),(3845,'YN-13704','GALA','2007-10-11 00:00:00',NULL,NULL,NULL,'2016-02-18 23:35:45','2016-02-18 23:35:45',NULL),(3846,NULL,'GALERA',NULL,NULL,NULL,NULL,'2016-02-18 23:35:45','2016-02-18 23:35:45',NULL),(3847,NULL,'GALLEGA',NULL,NULL,NULL,'female','2016-02-18 23:35:45','2016-02-18 23:35:45',NULL),(3848,'YN-16357','GALLEGA - TE','2012-05-05 00:00:00',3847,3671,NULL,'2016-02-18 23:35:45','2016-02-18 23:35:45',NULL),(3849,NULL,'GARUA',NULL,NULL,NULL,NULL,'2016-02-18 23:35:45','2016-02-18 23:35:45',NULL),(3850,'CN-02540','GENERALIFE','2010-10-11 00:00:00',NULL,NULL,NULL,'2016-02-18 23:35:45','2016-02-18 23:35:45',NULL),(3851,'YN-13951','GENEROSA','2008-09-10 00:00:00',NULL,NULL,'female','2016-02-18 23:35:45','2016-02-18 23:35:45',NULL),(3852,'PN-09511','GENTIL','2012-03-11 00:00:00',3851,3754,NULL,'2016-02-18 23:35:45','2016-02-18 23:35:45',NULL),(3853,'YN-17696','GENUINA','2014-01-02 00:00:00',NULL,NULL,NULL,'2016-02-18 23:35:45','2016-02-18 23:35:45',NULL),(3854,NULL,'GITANILLA',NULL,NULL,NULL,'female','2016-02-18 23:35:45','2016-02-18 23:35:45',NULL),(3855,NULL,'GRACIOSA',NULL,NULL,NULL,'female','2016-02-18 23:35:45','2016-02-18 23:35:45',NULL),(3856,NULL,'GRAN SEÑOR',NULL,NULL,NULL,'male','2016-02-18 23:35:45','2016-02-18 23:35:45',NULL),(3857,'YN-17261','GRANADA II-TE','2013-01-31 00:00:00',NULL,NULL,NULL,'2016-02-18 23:35:45','2016-02-18 23:35:45',NULL),(3858,NULL,'GRANADILLA',NULL,NULL,NULL,NULL,'2016-02-18 23:35:45','2016-02-18 23:35:45',NULL),(3859,'PN-10557','GRANDIOSO','2013-10-03 00:00:00',NULL,NULL,NULL,'2016-02-18 23:35:45','2016-02-18 23:35:45',NULL),(3860,'YN-14566','HEREDERA','2009-09-01 00:00:00',NULL,NULL,NULL,'2016-02-18 23:35:45','2016-02-18 23:35:45',NULL),(3861,'PN-09199','HEREDERO','2011-09-14 00:00:00',3988,4101,NULL,'2016-02-18 23:35:45','2016-02-18 23:35:45',NULL),(3862,NULL,'HERENCIA',NULL,NULL,NULL,NULL,'2016-02-18 23:35:45','2016-02-18 23:35:45',NULL),(3863,'PN-07473\n','HORUS','2006-09-13 00:00:00',3913,4096,'male','2016-02-18 23:35:45','2016-02-18 23:35:45',NULL),(3864,NULL,'IBERICA',NULL,NULL,NULL,NULL,'2016-02-18 23:35:45','2016-02-18 23:35:45',NULL),(3865,NULL,'IBIZA',NULL,NULL,NULL,NULL,'2016-02-18 23:35:45','2016-02-18 23:35:45',NULL),(3866,NULL,'IDOLO',NULL,NULL,NULL,'male','2016-02-18 23:35:45','2016-02-18 23:35:45',NULL),(3867,NULL,'II CALAMBUCO',NULL,NULL,NULL,NULL,'2016-02-18 23:35:45','2016-02-18 23:35:45',NULL),(3868,'CN-02074','IMPACTO','2007-03-14 00:00:00',NULL,NULL,NULL,'2016-02-18 23:35:45','2016-02-18 23:35:45',NULL),(3869,'PN-10128','IMPACTO','2013-10-17 00:00:00',3876,3863,NULL,'2016-02-18 23:35:45','2016-02-18 23:35:45',NULL),(3870,'CN-02086','IMPACTO','2008-10-24 00:00:00',3888,4067,NULL,'2016-02-18 23:35:45','2016-02-18 23:35:45',NULL),(3871,'YN-16157','INFANTA','2012-01-14 00:00:00',4026,3763,NULL,'2016-02-18 23:35:45','2016-02-18 23:35:45',NULL),(3872,NULL,'INSURGENTE',NULL,NULL,NULL,'male','2016-02-18 23:35:45','2016-02-18 23:35:45',NULL),(3873,NULL,'IRONIA',NULL,NULL,NULL,'female','2016-02-18 23:35:45','2016-02-18 23:35:45',NULL),(3874,NULL,'IRREVERENTE',NULL,NULL,NULL,'male','2016-02-18 23:35:45','2016-02-18 23:35:45',NULL),(3875,NULL,'ISABELLA',NULL,NULL,NULL,NULL,'2016-02-18 23:35:45','2016-02-18 23:35:45',NULL),(3876,'YN-13788','ISIS','2007-04-12 00:00:00',NULL,NULL,'female','2016-02-18 23:35:45','2016-02-18 23:35:45',NULL),(3877,NULL,'JERARCA',NULL,NULL,NULL,NULL,'2016-02-18 23:35:45','2016-02-18 23:35:45',NULL),(3878,NULL,'JERARCA',NULL,NULL,NULL,NULL,'2016-02-18 23:35:45','2016-02-18 23:35:45',NULL),(3879,'YN-16080','JERARQUIA','2011-12-16 00:00:00',NULL,NULL,NULL,'2016-02-18 23:35:45','2016-02-18 23:35:45',NULL),(3880,NULL,'JEREZANA',NULL,NULL,NULL,NULL,'2016-02-18 23:35:45','2016-02-18 23:35:45',NULL),(3881,NULL,'JEREZANO',NULL,NULL,NULL,NULL,'2016-02-18 23:35:45','2016-02-18 23:35:45',NULL),(3882,'PN-08386','JOSELITO','2006-06-02 00:00:00',NULL,NULL,NULL,'2016-02-18 23:35:45','2016-02-18 23:35:45',NULL),(3883,'CN-02507','JUPITER','2008-07-03 00:00:00',NULL,NULL,NULL,'2016-02-18 23:35:45','2016-02-18 23:35:45',NULL),(3884,'YN-12463','JUSHAPE','2005-08-13 00:00:00',NULL,NULL,NULL,'2016-02-18 23:35:45','2016-02-18 23:35:45',NULL),(3885,NULL,'JUSTICIA',NULL,NULL,NULL,NULL,'2016-02-18 23:35:45','2016-02-18 23:35:45',NULL),(3886,NULL,'JUSTICIERO',NULL,NULL,NULL,NULL,'2016-02-18 23:35:45','2016-02-18 23:35:45',NULL),(3887,NULL,'KEOMA',NULL,NULL,NULL,'male','2016-02-18 23:35:45','2016-02-18 23:35:45',NULL),(3888,NULL,'LA DIVA',NULL,NULL,NULL,'female','2016-02-18 23:35:45','2016-02-18 23:35:45',NULL),(3889,NULL,'LA DOÑA',NULL,NULL,NULL,'female','2016-02-18 23:35:45','2016-02-18 23:35:45',NULL),(3890,NULL,'LA FAVORITA',NULL,NULL,NULL,'female','2016-02-18 23:35:45','2016-02-18 23:35:45',NULL),(3891,'YN-16425','LA MOZA','2012-10-14 00:00:00',NULL,NULL,NULL,'2016-02-18 23:35:45','2016-02-18 23:35:45',NULL),(3892,'YN-14286','LA PAYASA','2006-10-06 00:00:00',NULL,NULL,NULL,'2016-02-18 23:35:45','2016-02-18 23:35:45',NULL),(3893,NULL,'LA SOÑADA',NULL,NULL,NULL,'female','2016-02-18 23:35:45','2016-02-18 23:35:45',NULL),(3894,NULL,'LA VERBENA',NULL,NULL,NULL,'female','2016-02-18 23:35:45','2016-02-18 23:35:45',NULL),(3895,NULL,'LABRADOR',NULL,NULL,NULL,'male','2016-02-18 23:35:45','2016-02-18 23:35:45',NULL),(3896,'PN-10444','LABRIEGO','2013-05-09 00:00:00',NULL,NULL,NULL,'2016-02-18 23:35:45','2016-02-18 23:35:45',NULL),(3897,NULL,'LAGRIMA',NULL,NULL,NULL,'female','2016-02-18 23:35:45','2016-02-18 23:35:45',NULL),(3898,'PN-09769','LEÑADOR','2012-05-05 00:00:00',NULL,NULL,NULL,'2016-02-18 23:35:45','2016-02-18 23:35:45',NULL),(3899,'YN-13935','LETICIA','2008-07-01 00:00:00',NULL,NULL,NULL,'2016-02-18 23:35:45','2016-02-18 23:35:45',NULL),(3900,NULL,'LIA',NULL,NULL,NULL,NULL,'2016-02-18 23:35:45','2016-02-18 23:35:45',NULL),(3901,NULL,'LIBERA',NULL,NULL,NULL,NULL,'2016-02-18 23:35:45','2016-02-18 23:35:45',NULL),(3902,NULL,'LIMEÑA',NULL,NULL,NULL,NULL,'2016-02-18 23:35:45','2016-02-18 23:35:45',NULL),(3903,'YN-15373','LIRICA','2010-09-01 00:00:00',NULL,NULL,NULL,'2016-02-18 23:35:45','2016-02-18 23:35:45',NULL),(3904,NULL,'LLUVIA',NULL,NULL,NULL,NULL,'2016-02-18 23:35:45','2016-02-18 23:35:45',NULL),(3905,'YN-14081','LUCERO','2008-02-26 00:00:00',NULL,NULL,NULL,'2016-02-18 23:35:45','2016-02-18 23:35:45',NULL),(3906,'CN-02330','LUCHADOR','2010-07-03 00:00:00',NULL,NULL,NULL,'2016-02-18 23:35:45','2016-02-18 23:35:45',NULL),(3907,NULL,'LUCUMA',NULL,NULL,NULL,NULL,'2016-02-18 23:35:45','2016-02-18 23:35:45',NULL),(3908,NULL,'LUCUMO',NULL,NULL,NULL,NULL,'2016-02-18 23:35:45','2016-02-18 23:35:45',NULL),(3909,NULL,'LUJURIA',NULL,NULL,NULL,NULL,'2016-02-18 23:35:45','2016-02-18 23:35:45',NULL),(3910,NULL,'LUNA DE MIEL',NULL,NULL,NULL,NULL,'2016-02-18 23:35:45','2016-02-18 23:35:45',NULL),(3911,'YN-16314','LUNA NUEVA-TE','2012-11-11 00:00:00',NULL,NULL,NULL,'2016-02-18 23:35:45','2016-02-18 23:35:45',NULL),(3912,NULL,'LUNAREJO',NULL,NULL,NULL,NULL,'2016-02-18 23:35:45','2016-02-18 23:35:45',NULL),(3913,NULL,'LUZ DE ORO',NULL,NULL,NULL,'female','2016-02-18 23:35:45','2016-02-18 23:35:45',NULL),(3914,NULL,'MACARENO',NULL,NULL,NULL,'male','2016-02-18 23:35:45','2016-02-18 23:35:45',NULL),(3915,'YN-14172','MAGISTRADA','2006-09-20 00:00:00',NULL,NULL,NULL,'2016-02-18 23:35:45','2016-02-18 23:35:45',NULL),(3916,NULL,'MAGISTRADO',NULL,NULL,NULL,NULL,'2016-02-18 23:35:45','2016-02-18 23:35:45',NULL),(3917,NULL,'MAGISTRAL',NULL,NULL,NULL,NULL,'2016-02-18 23:35:45','2016-02-18 23:35:45',NULL),(3918,NULL,'MAJADERA',NULL,NULL,NULL,NULL,'2016-02-18 23:35:45','2016-02-18 23:35:45',NULL),(3919,NULL,'MAJADERA',NULL,NULL,NULL,'female','2016-02-18 23:35:45','2016-02-18 23:35:45',NULL),(3920,NULL,'MAJESTUOSA',NULL,NULL,NULL,'female','2016-02-18 23:35:45','2016-02-18 23:35:45',NULL),(3921,'CN-02347','MAJESTUOSO','2006-04-30 00:00:00',3920,4034,NULL,'2016-02-18 23:35:45','2016-02-18 23:35:45',NULL),(3922,'CN-01915','MALABRIGO','2008-08-31 00:00:00',NULL,NULL,NULL,'2016-02-18 23:35:45','2016-02-18 23:35:45',NULL),(3923,NULL,'MALAGA',NULL,NULL,NULL,'female','2016-02-18 23:35:45','2016-02-18 23:35:45',NULL),(3924,NULL,'MALAGUEÑA',NULL,NULL,NULL,NULL,'2016-02-18 23:35:45','2016-02-18 23:35:45',NULL),(3925,'CN-02198','MALAMBO','2010-01-21 00:00:00',NULL,NULL,NULL,'2016-02-18 23:35:45','2016-02-18 23:35:45',NULL),(3926,NULL,'MALAYA',NULL,NULL,NULL,'female','2016-02-18 23:35:45','2016-02-18 23:35:45',NULL),(3927,NULL,'MALVAVISCO',NULL,NULL,NULL,NULL,'2016-02-18 23:35:45','2016-02-18 23:35:45',NULL),(3928,NULL,'MANDAMAS',NULL,NULL,NULL,'male','2016-02-18 23:35:45','2016-02-18 23:35:45',NULL),(3929,'PN-10491','MANDARIN','2013-10-02 00:00:00',3926,3874,NULL,'2016-02-18 23:35:45','2016-02-18 23:35:45',NULL),(3930,NULL,'MANDATARIO',NULL,NULL,NULL,'male','2016-02-18 23:35:45','2016-02-18 23:35:45',NULL),(3931,'YN-13119','MANDOLINA','2006-11-25 00:00:00',4011,3798,'female','2016-02-18 23:35:45','2016-02-18 23:35:45',NULL),(3932,NULL,'MARCIAL',NULL,NULL,NULL,NULL,'2016-02-18 23:35:45','2016-02-18 23:35:45',NULL),(3933,NULL,'MARIA CAMPERA',NULL,NULL,NULL,NULL,'2016-02-18 23:35:45','2016-02-18 23:35:45',NULL),(3934,NULL,'MARIA FIESTA',NULL,NULL,NULL,NULL,'2016-02-18 23:35:45','2016-02-18 23:35:45',NULL),(3935,NULL,'MARIA MILAGROS',NULL,NULL,NULL,NULL,'2016-02-18 23:35:45','2016-02-18 23:35:45',NULL),(3936,NULL,'MARIONETA',NULL,NULL,NULL,'female','2016-02-18 23:35:45','2016-02-18 23:35:45',NULL),(3937,NULL,'MARROQUI',NULL,NULL,NULL,NULL,'2016-02-18 23:35:45','2016-02-18 23:35:45',NULL),(3938,'YN-16471','MATILDE','2011-01-02 00:00:00',NULL,NULL,NULL,'2016-02-18 23:35:45','2016-02-18 23:35:45',NULL),(3939,'YN-16199','MAYA','2010-07-29 00:00:00',NULL,NULL,NULL,'2016-02-18 23:35:45','2016-02-18 23:35:45',NULL),(3940,'YN-12518','MELODISTA','2004-09-27 00:00:00',NULL,NULL,NULL,'2016-02-18 23:35:45','2016-02-18 23:35:45',NULL),(3941,NULL,'MENSAJERA',NULL,NULL,NULL,NULL,'2016-02-18 23:35:45','2016-02-18 23:35:45',NULL),(3942,'YN-16350','MI CHINA-TE','2012-10-12 00:00:00',3945,3754,NULL,'2016-02-18 23:35:45','2016-02-18 23:35:45',NULL),(3943,'CN-02050','MI NEGRITO','2006-11-27 00:00:00',NULL,NULL,NULL,'2016-02-18 23:35:45','2016-02-18 23:35:45',NULL),(3944,'YN-14207','MICAELA','2007-10-16 00:00:00',NULL,NULL,NULL,'2016-02-18 23:35:45','2016-02-18 23:35:45',NULL),(3945,NULL,'MICHINA',NULL,NULL,NULL,'female','2016-02-18 23:35:45','2016-02-18 23:35:45',NULL),(3946,NULL,'MILENARIA',NULL,NULL,NULL,NULL,'2016-02-18 23:35:45','2016-02-18 23:35:45',NULL),(3947,'YN-16815','MILENARIA','2012-07-27 00:00:00',3733,3874,NULL,'2016-02-18 23:35:45','2016-02-18 23:35:45',NULL),(3948,'YN-17334','MILENARIA','2013-10-29 00:00:00',3931,3803,NULL,'2016-02-18 23:35:45','2016-02-18 23:35:45',NULL),(3949,NULL,'MILONGA',NULL,NULL,NULL,NULL,'2016-02-18 23:35:45','2016-02-18 23:35:45',NULL),(3950,NULL,'MINERVA',NULL,NULL,NULL,'female','2016-02-18 23:35:45','2016-02-18 23:35:45',NULL),(3951,'YN-17010','MIRA-TE','2013-08-10 00:00:00',3936,3754,NULL,'2016-02-18 23:35:45','2016-02-18 23:35:45',NULL),(3952,'CN-02396','MISTERIOSO','2010-02-05 00:00:00',NULL,NULL,NULL,'2016-02-18 23:35:45','2016-02-18 23:35:45',NULL),(3953,'PN-09595','MISTICO-TE','2012-12-03 00:00:00',NULL,NULL,NULL,'2016-02-18 23:35:45','2016-02-18 23:35:45',NULL),(3954,NULL,'MOCITA DEL SUR',NULL,NULL,NULL,NULL,'2016-02-18 23:35:45','2016-02-18 23:35:45',NULL),(3955,NULL,'MONTERO',NULL,NULL,NULL,NULL,'2016-02-18 23:35:45','2016-02-18 23:35:45',NULL),(3956,'CN-02476','MOVADO','2009-11-27 00:00:00',3731,4039,NULL,'2016-02-18 23:35:45','2016-02-18 23:35:45',NULL),(3957,NULL,'MOZA MALA',NULL,NULL,NULL,'female','2016-02-18 23:35:45','2016-02-18 23:35:45',NULL),(3958,NULL,'MULATO',NULL,NULL,NULL,NULL,'2016-02-18 23:35:45','2016-02-18 23:35:45',NULL),(3959,'YN-16917','NAVARRA II-TE','2012-01-27 00:00:00',NULL,NULL,NULL,'2016-02-18 23:35:45','2016-02-18 23:35:45',NULL),(3960,'YN-15196','NIÑA BELLA-TE','2010-12-19 00:00:00',NULL,NULL,NULL,'2016-02-18 23:35:45','2016-02-18 23:35:45',NULL),(3961,NULL,'NOBLE REY',NULL,NULL,NULL,NULL,'2016-02-18 23:35:45','2016-02-18 23:35:45',NULL),(3962,NULL,'NOCHE LINDA',NULL,NULL,NULL,NULL,'2016-02-18 23:35:45','2016-02-18 23:35:45',NULL),(3963,'YN-15060','NOVA','2009-09-21 00:00:00',NULL,NULL,NULL,'2016-02-18 23:35:45','2016-02-18 23:35:45',NULL),(3964,NULL,'NUEVA ESPERANZA',NULL,NULL,NULL,'female','2016-02-18 23:35:45','2016-02-18 23:35:45',NULL),(3965,'YN-17543','NUEVA PROMESA-TE','2013-08-26 00:00:00',NULL,NULL,NULL,'2016-02-18 23:35:45','2016-02-18 23:35:45',NULL),(3966,NULL,'NUEVO REY',NULL,NULL,NULL,NULL,'2016-02-18 23:35:45','2016-02-18 23:35:45',NULL),(3967,'CN-02343','ODISEO-TE','2011-03-19 00:00:00',NULL,NULL,NULL,'2016-02-18 23:35:45','2016-02-18 23:35:45',NULL),(3968,'PN-07943','OLIVO','2007-12-07 00:00:00',NULL,NULL,NULL,'2016-02-18 23:35:45','2016-02-18 23:35:45',NULL),(3969,NULL,'OSADIA',NULL,NULL,NULL,NULL,'2016-02-18 23:35:45','2016-02-18 23:35:45',NULL),(3970,NULL,'PALANGANA',NULL,NULL,NULL,NULL,'2016-02-18 23:35:45','2016-02-18 23:35:45',NULL),(3971,'PN-09535','PALANGANO','2012-07-26 00:00:00',NULL,NULL,NULL,'2016-02-18 23:35:45','2016-02-18 23:35:45',NULL),(3972,'CN-01728','PALOMO','2005-11-11 00:00:00',4105,4038,NULL,'2016-02-18 23:35:45','2016-02-18 23:35:45',NULL),(3973,NULL,'PANDORA',NULL,NULL,NULL,'female','2016-02-18 23:35:45','2016-02-18 23:35:45',NULL),(3974,'YN-13994','PARACAS','2007-08-14 00:00:00',NULL,NULL,NULL,'2016-02-18 23:35:45','2016-02-18 23:35:45',NULL),(3975,'CN-01971','PATRIARCA','2005-05-10 00:00:00',NULL,NULL,'male','2016-02-18 23:35:45','2016-02-18 23:35:45',NULL),(3976,NULL,'PAYANDE',NULL,NULL,NULL,'male','2016-02-18 23:35:45','2016-02-18 23:35:45',NULL),(3977,NULL,'PECANA',NULL,NULL,NULL,NULL,'2016-02-18 23:35:45','2016-02-18 23:35:45',NULL),(3978,NULL,'PEPITA DEL SUR',NULL,NULL,NULL,'female','2016-02-18 23:35:45','2016-02-18 23:35:45',NULL),(3979,'PN-10556','PEREGRINO','2012-01-15 00:00:00',NULL,NULL,NULL,'2016-02-18 23:35:45','2016-02-18 23:35:45',NULL),(3980,NULL,'PERFUME',NULL,NULL,NULL,NULL,'2016-02-18 23:35:45','2016-02-18 23:35:45',NULL),(3981,NULL,'PERFUME',NULL,NULL,NULL,'female','2016-02-18 23:35:45','2016-02-18 23:35:45',NULL),(3982,NULL,'PERFUME DE',NULL,NULL,NULL,NULL,'2016-02-18 23:35:45','2016-02-18 23:35:45',NULL),(3983,NULL,'PERICLES',NULL,NULL,NULL,'male','2016-02-18 23:35:45','2016-02-18 23:35:45',NULL),(3984,'YN-15367','PERLA','2010-12-03 00:00:00',3987,3989,NULL,'2016-02-18 23:35:45','2016-02-18 23:35:45',NULL),(3985,NULL,'PERLA II',NULL,NULL,NULL,NULL,'2016-02-18 23:35:45','2016-02-18 23:35:45',NULL),(3986,NULL,'PERRICHOLI',NULL,NULL,NULL,NULL,'2016-02-18 23:35:45','2016-02-18 23:35:45',NULL),(3987,NULL,'PERUANISIMA',NULL,NULL,NULL,'female','2016-02-18 23:35:45','2016-02-18 23:35:45',NULL),(3988,NULL,'PIEDRA ROMI',NULL,NULL,NULL,'female','2016-02-18 23:35:45','2016-02-18 23:35:45',NULL),(3989,NULL,'PINCEL',NULL,NULL,NULL,'male','2016-02-18 23:35:45','2016-02-18 23:35:45',NULL),(3990,NULL,'PINCELADA',NULL,NULL,NULL,NULL,'2016-02-18 23:35:45','2016-02-18 23:35:45',NULL),(3991,'CN-01315','PINTADO','2001-07-02 00:00:00',NULL,NULL,NULL,'2016-02-18 23:35:45','2016-02-18 23:35:45',NULL),(3992,'PN-08916','PINTON','2010-10-04 00:00:00',NULL,NULL,NULL,'2016-02-18 23:35:45','2016-02-18 23:35:45',NULL),(3993,'YN-15368','PINTURA','2010-10-17 00:00:00',3889,3989,NULL,'2016-02-18 23:35:45','2016-02-18 23:35:45',NULL),(3994,NULL,'PINTURERO',NULL,NULL,NULL,NULL,'2016-02-18 23:35:45','2016-02-18 23:35:45',NULL),(3995,NULL,'PIZPIRETA',NULL,NULL,NULL,'female','2016-02-18 23:35:45','2016-02-18 23:35:45',NULL),(3996,NULL,'POTRILLAZO',NULL,NULL,NULL,NULL,'2016-02-18 23:35:45','2016-02-18 23:35:45',NULL),(3997,'PN-05871','PREAMBULO','2002-07-02 00:00:00',3655,4009,'male','2016-02-18 23:35:45','2016-02-18 23:35:45',NULL),(3998,'YN-17439','PRECIOSA','2013-07-23 00:00:00',3999,3754,NULL,'2016-02-18 23:35:45','2016-02-18 23:35:45',NULL),(3999,'YN-15117','PRECIOSURA','2009-09-02 00:00:00',4324,3819,'female','2016-02-18 23:35:45','2016-02-18 23:35:45',NULL),(4000,'PN-10059','PREFERENTE','2013-02-17 00:00:00',3978,3874,NULL,'2016-02-18 23:35:45','2016-02-18 23:35:45',NULL),(4001,NULL,'PREFERIDA',NULL,NULL,NULL,NULL,'2016-02-18 23:35:45','2016-02-18 23:35:45',NULL),(4002,'YN-15699','PREMISA','2011-04-20 00:00:00',3978,3997,NULL,'2016-02-18 23:35:45','2016-02-18 23:35:45',NULL),(4003,NULL,'PRESTIGIO',NULL,NULL,NULL,'male','2016-02-18 23:35:45','2016-02-18 23:35:45',NULL),(4004,'YN-13719','PRESUMIDA','2007-09-22 00:00:00',NULL,NULL,'female','2016-02-18 23:35:45','2016-02-18 23:35:45',NULL),(4005,NULL,'PRESUMIDA',NULL,NULL,NULL,NULL,'2016-02-18 23:35:45','2016-02-18 23:35:45',NULL),(4006,'YN-14182','PRETENCIOSA','2007-06-09 00:00:00',NULL,NULL,NULL,'2016-02-18 23:35:45','2016-02-18 23:35:45',NULL),(4007,'YN-17203','PRETENCIOSA','2013-02-12 00:00:00',4008,3819,NULL,'2016-02-18 23:35:45','2016-02-18 23:35:45',NULL),(4008,NULL,'PRETENCIOSA',NULL,NULL,NULL,'female','2016-02-18 23:35:45','2016-02-18 23:35:45',NULL),(4009,NULL,'PRETENDIDO',NULL,NULL,NULL,'male','2016-02-18 23:35:45','2016-02-18 23:35:45',NULL),(4010,'PN-08635','PRETENDIENTE','2009-11-17 00:00:00',NULL,NULL,NULL,'2016-02-18 23:35:45','2016-02-18 23:35:45',NULL),(4011,NULL,'PRETORIANA',NULL,NULL,NULL,'female','2016-02-18 23:35:45','2016-02-18 23:35:45',NULL),(4012,NULL,'PRIMACIA',NULL,NULL,NULL,NULL,'2016-02-18 23:35:45','2016-02-18 23:35:45',NULL),(4013,NULL,'PRIMOGENITA',NULL,NULL,NULL,NULL,'2016-02-18 23:35:45','2016-02-18 23:35:45',NULL),(4014,'CN-02402','PRIMOGENITO','2010-12-17 00:00:00',NULL,NULL,NULL,'2016-02-18 23:35:45','2016-02-18 23:35:45',NULL),(4015,NULL,'PRIMOROSO',NULL,NULL,NULL,NULL,'2016-02-18 23:35:45','2016-02-18 23:35:45',NULL),(4016,NULL,'PRIVILEGIO',NULL,NULL,NULL,NULL,'2016-02-18 23:35:45','2016-02-18 23:35:45',NULL),(4017,NULL,'PROCURADORA',NULL,NULL,NULL,NULL,'2016-02-18 23:35:45','2016-02-18 23:35:45',NULL),(4018,'YN-17455','PROCURADORA I','2011-11-15 00:00:00',NULL,NULL,NULL,'2016-02-18 23:35:45','2016-02-18 23:35:45',NULL),(4019,'YN-13005','PROLIJA','2006-04-19 00:00:00',3740,3763,'female','2016-02-18 23:35:45','2016-02-18 23:35:45',NULL),(4020,'YN-16081','PROMESA','2011-10-01 00:00:00',4022,4036,NULL,'2016-02-18 23:35:45','2016-02-18 23:35:45',NULL),(4021,NULL,'PROMESA',NULL,NULL,NULL,NULL,'2016-02-18 23:35:45','2016-02-18 23:35:45',NULL),(4022,NULL,'PROMESA',NULL,NULL,NULL,'female','2016-02-18 23:35:45','2016-02-18 23:35:45',NULL),(4023,'YN-16881','PROMETIDA I','2012-10-13 00:00:00',4022,3754,NULL,'2016-02-18 23:35:45','2016-02-18 23:35:45',NULL),(4024,NULL,'PROMETIDO',NULL,NULL,NULL,'male','2016-02-18 23:35:45','2016-02-18 23:35:45',NULL),(4025,NULL,'RAJADIABLOS',NULL,NULL,NULL,NULL,'2016-02-18 23:35:45','2016-02-18 23:35:45',NULL),(4026,NULL,'REALEZA',NULL,NULL,NULL,'female','2016-02-18 23:35:45','2016-02-18 23:35:45',NULL),(4027,'YN-14700','RECUPERADA','2009-12-13 00:00:00',NULL,NULL,NULL,'2016-02-18 23:35:45','2016-02-18 23:35:45',NULL),(4028,NULL,'RECUPERADA',NULL,NULL,NULL,'female','2016-02-18 23:35:45','2016-02-18 23:35:45',NULL),(4029,'PN-08806','REFLEJO','2007-10-16 00:00:00',NULL,NULL,NULL,'2016-02-18 23:35:45','2016-02-18 23:35:45',NULL),(4030,NULL,'REHEN',NULL,NULL,NULL,NULL,'2016-02-18 23:35:45','2016-02-18 23:35:45',NULL),(4031,NULL,'RELIQUIA',NULL,NULL,NULL,NULL,'2016-02-18 23:35:45','2016-02-18 23:35:45',NULL),(4032,NULL,'RESPLANDOR',NULL,NULL,NULL,NULL,'2016-02-18 23:35:45','2016-02-18 23:35:45',NULL),(4033,NULL,'RETADOR',NULL,NULL,NULL,NULL,'2016-02-18 23:35:45','2016-02-18 23:35:45',NULL),(4034,NULL,'RETORNO',NULL,NULL,NULL,'male','2016-02-18 23:35:45','2016-02-18 23:35:45',NULL),(4035,NULL,'RETRATO',NULL,NULL,NULL,'male','2016-02-18 23:35:45','2016-02-18 23:35:45',NULL),(4036,NULL,'REVOLUCIONARIO',NULL,NULL,NULL,'male','2016-02-18 23:35:45','2016-02-18 23:35:45',NULL),(4037,NULL,'REVUELO',NULL,NULL,NULL,NULL,'2016-02-18 23:35:45','2016-02-18 23:35:45',NULL),(4038,NULL,'REY SOL',NULL,NULL,NULL,'male','2016-02-18 23:35:45','2016-02-18 23:35:45',NULL),(4039,NULL,'ROLEX',NULL,NULL,NULL,'male','2016-02-18 23:35:45','2016-02-18 23:35:45',NULL),(4040,NULL,'ROMA',NULL,NULL,NULL,NULL,'2016-02-18 23:35:45','2016-02-18 23:35:45',NULL),(4041,'PN-10500','ROMANO','2009-04-14 00:00:00',3636,3793,NULL,'2016-02-18 23:35:45','2016-02-18 23:35:45',NULL),(4042,NULL,'RONDA',NULL,NULL,NULL,'female','2016-02-18 23:35:45','2016-02-18 23:35:45',NULL),(4043,NULL,'ROSA DEL PERU',NULL,NULL,NULL,'female','2016-02-18 23:35:45','2016-02-18 23:35:45',NULL),(4044,'YN-16174','ROSA LUZ','2011-10-14 00:00:00',3913,3763,NULL,'2016-02-18 23:35:45','2016-02-18 23:35:45',NULL),(4045,NULL,'SAETA',NULL,NULL,NULL,NULL,'2016-02-18 23:35:45','2016-02-18 23:35:45',NULL),(4046,NULL,'SALAMANCA',NULL,NULL,NULL,'female','2016-02-18 23:35:45','2016-02-18 23:35:45',NULL),(4047,'CN-02328','SALVADOR','2010-02-17 00:00:00',3632,4003,NULL,'2016-02-18 23:35:45','2016-02-18 23:35:45',NULL),(4048,NULL,'SAN GRACIANO',NULL,NULL,NULL,'male','2016-02-18 23:35:45','2016-02-18 23:35:45',NULL),(4049,NULL,'SANANDA',NULL,NULL,NULL,NULL,'2016-02-18 23:35:45','2016-02-18 23:35:45',NULL),(4050,NULL,'SANTA BARBARA',NULL,NULL,NULL,'female','2016-02-18 23:35:45','2016-02-18 23:35:45',NULL),(4051,'YN-11835','SANTA INES','2004-09-11 00:00:00',NULL,NULL,NULL,'2016-02-18 23:35:45','2016-02-18 23:35:45',NULL),(4052,NULL,'SANTA PATRICIA',NULL,NULL,NULL,NULL,'2016-02-18 23:35:45','2016-02-18 23:35:45',NULL),(4053,'YN-14089','SARASARA','2008-10-27 00:00:00',NULL,NULL,NULL,'2016-02-18 23:35:45','2016-02-18 23:35:45',NULL),(4054,NULL,'SARRACENO',NULL,NULL,NULL,'male','2016-02-18 23:35:45','2016-02-18 23:35:45',NULL),(4055,'CN-02210','SATURNO','2007-02-17 00:00:00',NULL,NULL,NULL,'2016-02-18 23:35:45','2016-02-18 23:35:45',NULL),(4056,'PN-07898','SEÑOR DE SEÑORES','2007-08-04 00:00:00',3767,3856,'male','2016-02-18 23:35:45','2016-02-18 23:35:45',NULL),(4057,NULL,'SEÑORITA CAYALTI',NULL,NULL,NULL,NULL,'2016-02-18 23:35:45','2016-02-18 23:35:45',NULL),(4058,NULL,'SEÑORITA PERU',NULL,NULL,NULL,NULL,'2016-02-18 23:35:45','2016-02-18 23:35:45',NULL),(4059,'CN-02394','SEDUCTOR','2008-01-03 00:00:00',NULL,NULL,NULL,'2016-02-18 23:35:45','2016-02-18 23:35:45',NULL),(4060,'PN-08725','SENADOR','2010-10-01 00:00:00',3888,3630,NULL,'2016-02-18 23:35:45','2016-02-18 23:35:45',NULL),(4061,'YN-12175','SIVANA','2005-11-27 00:00:00',NULL,NULL,NULL,'2016-02-18 23:35:45','2016-02-18 23:35:45',NULL),(4062,NULL,'SOBERANA',NULL,NULL,NULL,'female','2016-02-18 23:35:45','2016-02-18 23:35:45',NULL),(4063,NULL,'SOBERANA I',NULL,NULL,NULL,'female','2016-02-18 23:35:45','2016-02-18 23:35:45',NULL),(4064,'YN-14936','SOBERBIA','2007-06-14 00:00:00',NULL,NULL,NULL,'2016-02-18 23:35:45','2016-02-18 23:35:45',NULL),(4065,'PN-10423','SOBERBIO','2013-09-08 00:00:00',3835,3798,NULL,'2016-02-18 23:35:45','2016-02-18 23:35:45',NULL),(4066,NULL,'SOCRATES',NULL,NULL,NULL,NULL,'2016-02-18 23:35:45','2016-02-18 23:35:45',NULL),(4067,NULL,'SOL BRILLANTE',NULL,NULL,NULL,'male','2016-02-18 23:35:45','2016-02-18 23:35:45',NULL),(4068,NULL,'SOL DE PIURA',NULL,NULL,NULL,NULL,'2016-02-18 23:35:45','2016-02-18 23:35:45',NULL),(4069,'PN-07031','SOL DEL PERU','2006-01-17 00:00:00',NULL,NULL,NULL,'2016-02-18 23:35:45','2016-02-18 23:35:45',NULL),(4070,'CN-02483','SOLERO','2011-02-02 00:00:00',NULL,NULL,NULL,'2016-02-18 23:35:45','2016-02-18 23:35:45',NULL),(4071,'PN-05584','SOLIMAN','2002-02-05 00:00:00',3764,3706,'male','2016-02-18 23:35:45','2016-02-18 23:35:45',NULL),(4072,NULL,'SORPRESA',NULL,NULL,NULL,NULL,'2016-02-18 23:35:45','2016-02-18 23:35:45',NULL),(4073,NULL,'SOY DEL PERU',NULL,NULL,NULL,'male','2016-02-18 23:35:45','2016-02-18 23:35:45',NULL),(4074,NULL,'SU MAJESTAD',NULL,NULL,NULL,NULL,'2016-02-18 23:35:45','2016-02-18 23:35:45',NULL),(4075,NULL,'SULLANERA',NULL,NULL,NULL,'female','2016-02-18 23:35:45','2016-02-18 23:35:45',NULL),(4076,'YN-16749','SULTANA','2010-01-09 00:00:00',3973,3819,'female','2016-02-18 23:35:45','2016-02-18 23:35:45',NULL),(4077,'PN-10807','SUMAQ','2012-01-19 00:00:00',3731,3801,NULL,'2016-02-18 23:35:45','2016-02-18 23:35:45',NULL),(4078,'CN-02446','SUPER','2008-03-12 00:00:00',NULL,NULL,NULL,'2016-02-18 23:35:45','2016-02-18 23:35:45',NULL),(4079,NULL,'SUSPIRO',NULL,NULL,NULL,NULL,'2016-02-18 23:35:45','2016-02-18 23:35:45',NULL),(4080,'YN-09976','SUSURRO','2002-11-28 00:00:00',NULL,NULL,NULL,'2016-02-18 23:35:45','2016-02-18 23:35:45',NULL),(4081,NULL,'TELEMACO',NULL,NULL,NULL,'male','2016-02-18 23:35:45','2016-02-18 23:35:45',NULL),(4082,'CN-01882','TENOR','2007-08-27 00:00:00',NULL,NULL,NULL,'2016-02-18 23:35:45','2016-02-18 23:35:45',NULL),(4083,'PN-09800','TIBETANO','2012-09-13 00:00:00',NULL,NULL,NULL,'2016-02-18 23:35:45','2016-02-18 23:35:45',NULL),(4084,'YN-17580','TOMBOLA-TE','2013-03-17 00:00:00',3897,3895,NULL,'2016-02-18 23:35:45','2016-02-18 23:35:45',NULL),(4085,NULL,'TORMENTA',NULL,NULL,NULL,'female','2016-02-18 23:35:45','2016-02-18 23:35:45',NULL),(4086,NULL,'TRADICION',NULL,NULL,NULL,NULL,'2016-02-18 23:35:45','2016-02-18 23:35:45',NULL),(4087,NULL,'TRIBUNO',NULL,NULL,NULL,'male','2016-02-18 23:35:45','2016-02-18 23:35:45',NULL),(4088,NULL,'TRUJILLANA',NULL,NULL,NULL,NULL,'2016-02-18 23:35:45','2016-02-18 23:35:45',NULL),(4089,'PN-09037','TULIPAN','2010-09-02 00:00:00',NULL,NULL,NULL,'2016-02-18 23:35:45','2016-02-18 23:35:45',NULL),(4090,'YN-09770','UTOPIA','2000-10-30 00:00:00',3950,3788,NULL,'2016-02-18 23:35:45','2016-02-18 23:35:45',NULL),(4091,NULL,'VALENTINO',NULL,NULL,NULL,NULL,'2016-02-18 23:35:45','2016-02-18 23:35:45',NULL),(4092,'CN-02349','VALEROSO','2010-01-09 00:00:00',NULL,NULL,NULL,'2016-02-18 23:35:45','2016-02-18 23:35:45',NULL),(4093,NULL,'VASCONGADA',NULL,NULL,NULL,NULL,'2016-02-18 23:35:45','2016-02-18 23:35:45',NULL),(4094,'YN-14338','VENECIANA','2009-01-10 00:00:00',NULL,NULL,NULL,'2016-02-18 23:35:45','2016-02-18 23:35:45',NULL),(4095,'CN-02564','VENGADOR','2009-09-28 00:00:00',NULL,NULL,NULL,'2016-02-18 23:35:45','2016-02-18 23:35:45',NULL),(4096,NULL,'VENTARRON',NULL,NULL,NULL,'male','2016-02-18 23:35:45','2016-02-18 23:35:45',NULL),(4097,NULL,'VENUS',NULL,NULL,NULL,NULL,'2016-02-18 23:35:45','2016-02-18 23:35:45',NULL),(4098,'PN-10538','VERBENERO','2012-06-05 00:00:00',3894,3790,NULL,'2016-02-18 23:35:45','2016-02-18 23:35:45',NULL),(4099,NULL,'VIÑA',NULL,NULL,NULL,NULL,'2016-02-18 23:35:45','2016-02-18 23:35:45',NULL),(4100,'YN-12225','VIÑA HUARALINA','2004-09-24 00:00:00',NULL,NULL,NULL,'2016-02-18 23:35:45','2016-02-18 23:35:45',NULL),(4101,NULL,'VIAJERO',NULL,NULL,NULL,'male','2016-02-18 23:35:45','2016-02-18 23:35:45',NULL),(4102,'PN-09955','VICTORIOSO','2011-11-30 00:00:00',NULL,NULL,NULL,'2016-02-18 23:35:45','2016-02-18 23:35:45',NULL),(4103,'PN-10448','VICTORIOSO - TE','2014-01-01 00:00:00',NULL,NULL,NULL,'2016-02-18 23:35:45','2016-02-18 23:35:45',NULL),(4104,NULL,'YERBA BUENA',NULL,NULL,NULL,NULL,'2016-02-18 23:35:45','2016-02-18 23:35:45',NULL),(4105,NULL,'ZAFRA',NULL,NULL,NULL,'female','2016-02-18 23:35:45','2016-02-18 23:35:45',NULL),(4106,'YN-13613','ZALAMANDRA','2007-10-09 00:00:00',4046,3664,NULL,'2016-02-18 23:35:45','2016-02-18 23:35:45',NULL),(4107,'YN-14461','ZARZUELA','2008-12-11 00:00:00',NULL,NULL,NULL,'2016-02-18 23:35:45','2016-02-18 23:35:45',NULL),(4140,NULL,'ABOLENGO',NULL,NULL,NULL,'male','2016-02-18 23:56:24','2016-02-18 23:56:24',NULL),(4141,NULL,'ACTRIZ',NULL,NULL,NULL,'female','2016-02-18 23:56:24','2016-02-18 23:56:24',NULL),(4142,NULL,'AFRODITA',NULL,NULL,NULL,'female','2016-02-18 23:56:24','2016-02-18 23:56:24',NULL),(4143,NULL,'AGUALUNA',NULL,NULL,NULL,'female','2016-02-18 23:56:24','2016-02-18 23:56:24',NULL),(4144,NULL,'AGUARDIENTE',NULL,NULL,NULL,'male','2016-02-18 23:56:24','2016-02-18 23:56:24',NULL),(4145,'CN-02243','AGUAYMANTO','2007-10-20 00:00:00',4320,3665,NULL,'2016-02-18 23:56:24','2016-02-19 14:16:38',NULL),(4146,'YN-14779','ALADA','2009-12-03 00:00:00',4165,4293,NULL,'2016-02-18 23:56:24','2016-02-18 23:56:24',NULL),(4147,'YN-17951','ALAHARACA','2014-08-30 00:00:00',3678,3754,NULL,'2016-02-18 23:56:24','2016-02-18 23:56:24',NULL),(4148,NULL,'ALBILLA',NULL,NULL,NULL,'female','2016-02-18 23:56:24','2016-02-18 23:56:24',NULL),(4149,NULL,'ALGARROBO',NULL,NULL,NULL,'male','2016-02-18 23:56:24','2016-02-18 23:56:24',NULL),(4150,'CN-02046','ALGUACIL','2008-06-12 00:00:00',4152,4196,NULL,'2016-02-18 23:56:24','2016-02-18 23:56:24',NULL),(4151,'YN-15183','ALHELI','2008-12-05 00:00:00',4180,4329,NULL,'2016-02-18 23:56:24','2016-02-18 23:56:24',NULL),(4152,NULL,'ALMUDENA',NULL,NULL,NULL,'female','2016-02-18 23:56:24','2016-02-18 23:56:24',NULL),(4153,NULL,'ALTANERO',NULL,NULL,NULL,'male','2016-02-18 23:56:24','2016-02-18 23:56:24',NULL),(4154,NULL,'ALTIVO',NULL,NULL,NULL,'male','2016-02-18 23:56:24','2016-02-18 23:56:24',NULL),(4155,NULL,'AMARANTO II',NULL,NULL,NULL,'male','2016-02-18 23:56:24','2016-02-18 23:56:24',NULL),(4156,NULL,'AMARU',NULL,NULL,NULL,'female','2016-02-18 23:56:24','2016-02-18 23:56:24',NULL),(4157,'CN-02656','AMAT','2011-01-02 00:00:00',4299,4201,NULL,'2016-02-18 23:56:24','2016-02-18 23:56:24',NULL),(4158,NULL,'AMISTAD',NULL,NULL,NULL,'female','2016-02-18 23:56:24','2016-02-18 23:56:24',NULL),(4159,NULL,'AMORA',NULL,NULL,NULL,'female','2016-02-18 23:56:24','2016-02-18 23:56:24',NULL),(4160,NULL,'ANDALUZ',NULL,NULL,NULL,'male','2016-02-18 23:56:24','2016-02-18 23:56:24',NULL),(4161,NULL,'ANDARES',NULL,NULL,NULL,'female','2016-02-18 23:56:24','2016-02-18 23:56:24',NULL),(4162,NULL,'AÑORANZA',NULL,NULL,NULL,'female','2016-02-18 23:56:24','2016-02-18 23:56:24',NULL),(4163,'YN-15655','ANTARES','2010-08-20 00:00:00',4187,4326,NULL,'2016-02-18 23:56:24','2016-02-18 23:56:24',NULL),(4164,NULL,'ANTICUARIA',NULL,NULL,NULL,'female','2016-02-18 23:56:24','2016-02-18 23:56:24',NULL),(4165,NULL,'ANTIGUA',NULL,NULL,NULL,'female','2016-02-18 23:56:24','2016-02-18 23:56:24',NULL),(4166,NULL,'ANTUANE',NULL,NULL,NULL,'female','2016-02-18 23:56:24','2016-02-18 23:56:24',NULL),(4167,'YN-16448','ARENA','2012-08-21 00:00:00',4158,4368,NULL,'2016-02-18 23:56:24','2016-02-18 23:56:24',NULL),(4168,'PN-10079','ARGENTO','2012-08-17 00:00:00',4161,3989,NULL,'2016-02-18 23:56:24','2016-02-18 23:56:24',NULL),(4169,NULL,'ARICA',NULL,NULL,NULL,'female','2016-02-18 23:56:24','2016-02-18 23:56:24',NULL),(4170,'PN-09638','ARMAGEDON','2012-12-10 00:00:00',3964,3989,NULL,'2016-02-18 23:56:24','2016-02-18 23:56:24',NULL),(4171,'CN-02579','ARMENTO','2012-10-13 00:00:00',4242,4038,NULL,'2016-02-18 23:56:24','2016-02-18 23:56:24',NULL),(4172,NULL,'AROMA',NULL,NULL,NULL,'female','2016-02-18 23:56:24','2016-02-18 23:56:24',NULL),(4173,NULL,'ARTESANO',NULL,NULL,NULL,'male','2016-02-18 23:56:24','2016-02-18 23:56:24',NULL),(4174,NULL,'ASTUTA',NULL,NULL,NULL,'female','2016-02-18 23:56:24','2016-02-18 23:56:24',NULL),(4175,'PN-09743','ATILA-TE','2012-12-09 00:00:00',3774,3630,NULL,'2016-02-18 23:56:24','2016-02-18 23:56:24',NULL),(4176,NULL,'AURORA',NULL,NULL,NULL,'female','2016-02-18 23:56:24','2016-02-18 23:56:24',NULL),(4177,'YN-17664','AVELLANA','2014-05-25 00:00:00',4373,4155,NULL,'2016-02-18 23:56:24','2016-02-18 23:56:24',NULL),(4178,NULL,'AVELLANA',NULL,NULL,NULL,'female','2016-02-18 23:56:24','2016-02-18 23:56:24',NULL),(4179,'PN-10478','AYAPLIANO','2014-02-19 00:00:00',4159,3866,NULL,'2016-02-18 23:56:24','2016-02-18 23:56:24',NULL),(4180,NULL,'AZAHAR',NULL,NULL,NULL,'female','2016-02-18 23:56:24','2016-02-18 23:56:24',NULL),(4181,NULL,'AZUCENA',NULL,NULL,NULL,'female','2016-02-18 23:56:24','2016-02-18 23:56:24',NULL),(4182,NULL,'AZURRA',NULL,NULL,NULL,'female','2016-02-18 23:56:24','2016-02-18 23:56:24',NULL),(4183,'PN-09185','BACO','2011-10-15 00:00:00',4253,3763,NULL,'2016-02-18 23:56:24','2016-02-19 14:23:03',NULL),(4184,'PN-10640','BAMBINO','2014-08-15 00:00:00',4186,3754,NULL,'2016-02-18 23:56:24','2016-02-18 23:56:24',NULL),(4185,NULL,'BAMBOLA',NULL,NULL,NULL,'female','2016-02-18 23:56:24','2016-02-18 23:56:24',NULL),(4186,'YN-15366','BARONESA','2010-08-23 00:00:00',3692,3803,'female','2016-02-18 23:56:24','2016-02-18 23:56:24',NULL),(4187,NULL,'BARTOLA',NULL,NULL,NULL,'female','2016-02-18 23:56:24','2016-02-18 23:56:24',NULL),(4188,'CN-02637','BAVARO','2012-09-21 00:00:00',4085,3874,NULL,'2016-02-18 23:56:24','2016-02-18 23:56:24',NULL),(4189,NULL,'BAVIERA',NULL,NULL,NULL,'female','2016-02-18 23:56:24','2016-02-18 23:56:24',NULL),(4190,'YN-09024','BELEN','2002-10-08 00:00:00',4258,4140,NULL,'2016-02-18 23:56:24','2016-02-18 23:56:24',NULL),(4191,NULL,'BIENVENIDA',NULL,NULL,NULL,'female','2016-02-18 23:56:24','2016-02-18 23:56:24',NULL),(4192,'CN-02307','BOHEMIO','2009-09-12 00:00:00',4142,4003,NULL,'2016-02-18 23:56:24','2016-02-18 23:56:24',NULL),(4193,'YN-17637','BOLIVARIANA','2013-11-26 00:00:00',4209,4232,NULL,'2016-02-18 23:56:24','2016-02-18 23:56:24',NULL),(4194,'PN-10802','BURANO','2014-10-12 00:00:00',4182,3754,NULL,'2016-02-18 23:56:24','2016-02-18 23:56:24',NULL),(4195,NULL,'BURBUJA',NULL,NULL,NULL,'female','2016-02-18 23:56:24','2016-02-18 23:56:24',NULL),(4196,NULL,'CADIZ',NULL,NULL,NULL,'male','2016-02-18 23:56:24','2016-02-18 23:56:24',NULL),(4197,'','CALAMBUCO II',NULL,NULL,NULL,NULL,'2016-02-18 23:56:24','2016-02-26 16:44:04',NULL),(4198,'YN-17213','CAMILA','2012-06-05 00:00:00',4327,3805,NULL,'2016-02-18 23:56:24','2016-02-18 23:56:24',NULL),(4199,'YN-13400','CANDELARIA','2006-08-12 00:00:00',4314,3914,NULL,'2016-02-18 23:56:24','2016-02-18 23:56:24',NULL),(4200,NULL,'CANDELITAS',NULL,NULL,NULL,'female','2016-02-18 23:56:24','2016-02-18 23:56:24',NULL),(4201,NULL,'CAPATAZ',NULL,NULL,NULL,'male','2016-02-18 23:56:24','2016-02-18 23:56:24',NULL),(4202,NULL,'CAPITU',NULL,NULL,NULL,'female','2016-02-18 23:56:24','2016-02-18 23:56:24',NULL),(4203,NULL,'CARO AMIGO',NULL,NULL,NULL,'male','2016-02-18 23:56:24','2016-02-18 23:56:24',NULL),(4204,'YN-15820','CASTAÑA','2010-07-10 00:00:00',4213,4154,NULL,'2016-02-18 23:56:24','2016-02-18 23:56:24',NULL),(4205,NULL,'CASTAÑUELA',NULL,NULL,NULL,'female','2016-02-18 23:56:24','2016-02-18 23:56:24',NULL),(4206,NULL,'CATALUÑA',NULL,NULL,NULL,'female','2016-02-18 23:56:24','2016-02-18 23:56:24',NULL),(4207,'CN-02621','CENTELLO','2012-12-04 00:00:00',4206,3822,NULL,'2016-02-18 23:56:24','2016-02-18 23:56:24',NULL),(4208,'CN-02657','CINEASTA - TE','2010-10-28 00:00:00',4028,4160,NULL,'2016-02-18 23:56:24','2016-02-18 23:56:24',NULL),(4209,NULL,'CONQUISTADORA',NULL,NULL,NULL,'female','2016-02-18 23:56:24','2016-02-18 23:56:24',NULL),(4210,NULL,'COQUETA',NULL,NULL,NULL,'female','2016-02-18 23:56:24','2016-02-18 23:56:24',NULL),(4211,'PN-09744','CRATOS','2012-12-02 00:00:00',4333,3630,NULL,'2016-02-18 23:56:24','2016-02-18 23:56:24',NULL),(4212,'YN-14169','DAMISELA','2008-11-11 00:00:00',3774,3801,'female','2016-02-18 23:56:24','2016-02-18 23:56:24',NULL),(4213,NULL,'DAMISELA',NULL,NULL,NULL,'female','2016-02-18 23:56:24','2016-02-18 23:56:24',NULL),(4214,'PN-08804','DESAFIO','2009-07-10 00:00:00',4181,4329,NULL,'2016-02-18 23:56:24','2016-02-18 23:56:24',NULL),(4215,'PN-09101','DESVELO','2011-02-24 00:00:00',3893,3806,NULL,'2016-02-18 23:56:24','2016-02-18 23:56:24',NULL),(4216,'YN-15606','DINASTIA','2010-02-10 00:00:00',4332,3763,NULL,'2016-02-18 23:56:24','2016-02-18 23:56:24',NULL),(4217,'YN-18344','DIPLOMACIA-TE','2012-04-17 00:00:00',4218,3630,NULL,'2016-02-18 23:56:24','2016-02-18 23:56:24',NULL),(4218,NULL,'DIPLOMATICA-TE',NULL,NULL,NULL,'female','2016-02-18 23:56:24','2016-02-18 23:56:24',NULL),(4219,'CN-02407','DIRECTOR','2010-01-20 00:00:00',4019,3630,NULL,'2016-02-18 23:56:24','2016-02-18 23:56:24',NULL),(4220,NULL,'DISTINGUIDO',NULL,NULL,NULL,'male','2016-02-18 23:56:24','2016-02-18 23:56:24',NULL),(4221,'YN-15687','DIVA','2008-09-12 00:00:00',4195,3788,NULL,'2016-02-18 23:56:24','2016-02-18 23:56:24',NULL),(4222,'YN-16854','DIVINA','2011-12-25 00:00:00',3876,4036,NULL,'2016-02-18 23:56:24','2016-02-18 23:56:24',NULL),(4223,'YN-16969','DOGMA','2012-08-24 00:00:00',4244,4056,NULL,'2016-02-18 23:56:24','2016-02-18 23:56:24',NULL),(4224,'CN-02596','DON FIDEL','2011-11-05 00:00:00',4172,4038,NULL,'2016-02-18 23:56:24','2016-02-18 23:56:24',NULL),(4225,'PN-09563','DON FINO-TE','2012-11-20 00:00:00',4228,4367,NULL,'2016-02-18 23:56:24','2016-02-18 23:56:24',NULL),(4226,'PN-06407','DON OSCAR','1999-08-07 00:00:00',4205,4203,NULL,'2016-02-18 23:56:24','2016-02-18 23:56:24',NULL),(4227,'YN-18106','DOÑA BEA-TE','2014-01-23 00:00:00',4050,4220,NULL,'2016-02-18 23:56:24','2016-02-18 23:56:24',NULL),(4228,NULL,'DOÑA FLOR',NULL,NULL,NULL,'female','2016-02-18 23:56:24','2016-02-18 23:56:24',NULL),(4229,'YN-12440','DULCINEA','2005-07-19 00:00:00',4176,3930,NULL,'2016-02-18 23:56:24','2016-02-18 23:56:24',NULL),(4230,'CN-02261','DUQUE','2008-10-23 00:00:00',4231,4371,NULL,'2016-02-18 23:56:24','2016-02-18 23:56:24',NULL),(4231,NULL,'DUQUESA',NULL,NULL,NULL,'female','2016-02-18 23:56:24','2016-02-18 23:56:24',NULL),(4232,NULL,'ECLIPSE',NULL,NULL,NULL,'male','2016-02-18 23:56:24','2016-02-18 23:56:24',NULL),(4233,'PN-10415','ECLIPSE II','2014-02-23 00:00:00',4304,4232,NULL,'2016-02-18 23:56:24','2016-02-18 23:56:24',NULL),(4234,'PN-10466','EL FADO','2014-03-28 00:00:00',4148,3798,NULL,'2016-02-18 23:56:24','2016-02-18 23:56:24',NULL),(4235,'PN-09480','ELEGANTE','2010-11-15 00:00:00',4200,4173,NULL,'2016-02-18 23:56:24','2016-02-18 23:56:24',NULL),(4236,'PN-10638','ELEGANTE-TE','2014-09-20 00:00:00',4274,3803,NULL,'2016-02-18 23:56:24','2016-02-18 23:56:24',NULL),(4237,'YN-14684','ELEGIDA-TE','2009-10-20 00:00:00',4265,3801,NULL,'2016-02-18 23:56:24','2016-02-18 23:56:24',NULL),(4238,'YN-18094','EMINENCIA','2014-09-03 00:00:00',3823,3754,NULL,'2016-02-18 23:56:24','2016-02-18 23:56:24',NULL),(4239,NULL,'EMINENCIA',NULL,NULL,NULL,'female','2016-02-18 23:56:24','2016-02-18 23:56:24',NULL),(4240,NULL,'ENVIDIA II',NULL,NULL,NULL,'female','2016-02-18 23:56:24','2016-02-18 23:56:24',NULL),(4241,NULL,'ENVIDIA-TE',NULL,NULL,NULL,'female','2016-02-18 23:56:24','2016-02-18 23:56:24',NULL),(4242,NULL,'ESCARAMUSA',NULL,NULL,NULL,'female','2016-02-18 23:56:24','2016-02-18 23:56:24',NULL),(4243,'YN-15109','ESCULTURA','2010-10-24 00:00:00',4164,3793,NULL,'2016-02-18 23:56:24','2016-02-18 23:56:24',NULL),(4244,NULL,'ESTIGMA',NULL,NULL,NULL,'female','2016-02-18 23:56:24','2016-02-18 23:56:24',NULL),(4245,'YN-16043','EUFORIA','2011-10-20 00:00:00',4239,3895,NULL,'2016-02-18 23:56:24','2016-02-18 23:56:24',NULL),(4246,'YN-16057','EVIDENCIA','2011-08-20 00:00:00',4162,3803,NULL,'2016-02-18 23:56:24','2016-02-18 23:56:24',NULL),(4247,'PN-09448','FAVORITO-TE','2012-05-04 00:00:00',3740,4362,NULL,'2016-02-18 23:56:24','2016-02-18 23:56:24',NULL),(4248,'YN-14056','FIESTA','2009-01-22 00:00:00',4319,4349,NULL,'2016-02-18 23:56:24','2016-02-18 23:56:24',NULL),(4249,NULL,'FINURA IQUEÑA',NULL,NULL,NULL,'female','2016-02-18 23:56:24','2016-02-18 23:56:24',NULL),(4250,NULL,'FLAMENCA',NULL,NULL,NULL,'female','2016-02-18 23:56:24','2016-02-18 23:56:24',NULL),(4251,'CN-02505','FLOR DE CANELA','2011-11-10 00:00:00',4283,4071,NULL,'2016-02-18 23:56:24','2016-02-18 23:56:24',NULL),(4252,'YN-13072','FLOR DE LA ESPERANZA','2002-07-25 00:00:00',4143,4334,NULL,'2016-02-18 23:56:24','2016-02-26 16:44:42',NULL),(4253,NULL,'FLOR DE VERANO',NULL,NULL,NULL,'female','2016-02-18 23:56:24','2016-02-18 23:56:24',NULL),(4254,NULL,'FRAGANCIA',NULL,NULL,NULL,'female','2016-02-18 23:56:24','2016-02-18 23:56:24',NULL),(4255,'YN-15650','FRINE','2011-05-08 00:00:00',4254,3806,NULL,'2016-02-18 23:56:24','2016-02-18 23:56:24',NULL),(4256,'PN-10627','FULMINANTE-TE','2014-01-04 00:00:00',4162,3801,NULL,'2016-02-18 23:56:24','2016-02-18 23:56:24',NULL),(4257,'YN-15314','GALLETA','2010-08-02 00:00:00',4322,3819,NULL,'2016-02-18 23:56:24','2016-02-18 23:56:24',NULL),(4258,NULL,'GAMUZA II',NULL,NULL,NULL,'female','2016-02-18 23:56:24','2016-02-18 23:56:24',NULL),(4259,'YN-14334','GARUA','2006-04-14 00:00:00',4361,3763,NULL,'2016-02-18 23:56:24','2016-02-18 23:56:24',NULL),(4260,'CN-02397','GENEROSO','2009-10-01 00:00:00',4299,4201,NULL,'2016-02-18 23:56:24','2016-02-18 23:56:24',NULL),(4261,'YN-14397','GITANA','2008-11-20 00:00:00',4250,4362,'female','2016-02-18 23:56:24','2016-02-18 23:56:24',NULL),(4262,NULL,'GRANDIOSA',NULL,NULL,NULL,'female','2016-02-18 23:56:24','2016-02-18 23:56:24',NULL),(4263,'YN-13615','GRANDIOSA II','2007-09-24 00:00:00',4262,3763,NULL,'2016-02-18 23:56:24','2016-02-18 23:56:24',NULL),(4264,'YN-14971','HECHICERA','2007-10-23 00:00:00',4189,3763,NULL,'2016-02-18 23:56:24','2016-02-18 23:56:24',NULL),(4265,NULL,'ISABELITA',NULL,NULL,NULL,'female','2016-02-18 23:56:24','2016-02-18 23:56:24',NULL),(4266,'CN-01804','JUAN DEL MONTE','2005-04-30 00:00:00',3660,3872,NULL,'2016-02-18 23:56:24','2016-02-18 23:56:24',NULL),(4267,'CN-02512','KAISER','2009-02-04 00:00:00',4342,4024,NULL,'2016-02-18 23:56:24','2016-02-18 23:56:24',NULL),(4268,'YN-16375','LA ELEGANTE','2012-05-06 00:00:00',4339,4153,NULL,'2016-02-18 23:56:24','2016-02-18 23:56:24',NULL),(4269,NULL,'LA GRINGA',NULL,NULL,NULL,'female','2016-02-18 23:56:24','2016-02-18 23:56:24',NULL),(4270,'YN-14082','LA JOTA','2007-10-20 00:00:00',4240,4035,NULL,'2016-02-18 23:56:24','2016-02-18 23:56:24',NULL),(4271,NULL,'LA TINAJERA',NULL,NULL,NULL,'female','2016-02-18 23:56:24','2016-02-18 23:56:24',NULL),(4272,NULL,'LABERINTO',NULL,NULL,NULL,'male','2016-02-18 23:56:24','2016-02-18 23:56:24',NULL),(4273,NULL,'LEAL',NULL,NULL,NULL,'male','2016-02-18 23:56:24','2016-02-18 23:56:24',NULL),(4274,NULL,'LEGENDARIA',NULL,NULL,NULL,'female','2016-02-18 23:56:24','2016-02-18 23:56:24',NULL),(4275,'PN-10958','LEGIONARIO','2014-06-20 00:00:00',4178,3801,NULL,'2016-02-18 23:56:24','2016-02-18 23:56:24',NULL),(4276,'PN-10957','LIBERTADOR','2013-10-22 00:00:00',4318,3819,NULL,'2016-02-18 23:56:24','2016-02-18 23:56:24',NULL),(4277,'YN-13859','LIMEÑA','2008-01-16 00:00:00',4299,4144,NULL,'2016-02-18 23:56:24','2016-02-18 23:56:24',NULL),(4278,'CN-02655','LUCANO','2012-06-29 00:00:00',4346,3729,NULL,'2016-02-18 23:56:24','2016-02-18 23:56:24',NULL),(4279,'YN-18427','LUCERO','2014-02-23 00:00:00',4281,3866,NULL,'2016-02-18 23:56:24','2016-02-18 23:56:24',NULL),(4280,NULL,'LUCIANA',NULL,NULL,NULL,'female','2016-02-18 23:56:24','2016-02-18 23:56:24',NULL),(4281,NULL,'LUCIERNAGA',NULL,NULL,NULL,'female','2016-02-18 23:56:24','2016-02-18 23:56:24',NULL),(4282,NULL,'LUZMA',NULL,NULL,NULL,'female','2016-02-18 23:56:24','2016-02-18 23:56:24',NULL),(4283,NULL,'MADRE SELVA',NULL,NULL,NULL,'female','2016-02-18 23:56:24','2016-02-18 23:56:24',NULL),(4284,NULL,'MAESTRO',NULL,NULL,NULL,'male','2016-02-18 23:56:24','2016-02-18 23:56:24',NULL),(4285,'YN-16308','MAGALY-TE','2012-08-08 00:00:00',3890,3928,NULL,'2016-02-18 23:56:24','2016-02-18 23:56:24',NULL),(4286,'CN-02515','MANDRAKE','2010-11-28 00:00:00',4301,3989,NULL,'2016-02-18 23:56:24','2016-02-18 23:56:24',NULL),(4287,NULL,'MARAHA',NULL,NULL,NULL,'male','2016-02-18 23:56:24','2016-02-18 23:56:24',NULL),(4288,'PN-09290','MARENGO-TE','2011-12-18 00:00:00',4141,4302,NULL,'2016-02-18 23:56:24','2016-02-18 23:56:24',NULL),(4289,'YN-17945','MARIMBA-TE','2014-09-14 00:00:00',4290,3754,NULL,'2016-02-18 23:56:24','2016-02-18 23:56:24',NULL),(4290,NULL,'MAROMA',NULL,NULL,NULL,'female','2016-02-18 23:56:24','2016-02-18 23:56:24',NULL),(4291,'YN-11803','MARQUESA','2003-10-17 00:00:00',3646,4272,NULL,'2016-02-18 23:56:24','2016-02-18 23:56:24',NULL),(4292,'PN-10480','MAXIMUS','2014-02-13 00:00:00',4191,4149,NULL,'2016-02-18 23:56:24','2016-02-18 23:56:24',NULL),(4293,NULL,'MAYASCONG',NULL,NULL,NULL,'male','2016-02-18 23:56:24','2016-02-18 23:56:24',NULL),(4294,NULL,'MENSAJERA II',NULL,NULL,NULL,'female','2016-02-18 23:56:24','2016-02-18 23:56:24',NULL),(4295,'CN-02618','MENSAJERO','2012-10-10 00:00:00',4210,3806,NULL,'2016-02-18 23:56:24','2016-02-18 23:56:24',NULL),(4296,'YN-16346','MIA-TE','2012-08-23 00:00:00',3936,3754,NULL,'2016-02-18 23:56:24','2016-02-18 23:56:24',NULL),(4297,'CN-02646','MIRAFLORES - TE','2012-06-28 00:00:00',4343,4351,NULL,'2016-02-18 23:56:24','2016-02-18 23:56:24',NULL),(4298,NULL,'MOCHERA',NULL,NULL,NULL,'female','2016-02-18 23:56:24','2016-02-18 23:56:24',NULL),(4299,NULL,'MONA LISA',NULL,NULL,NULL,'female','2016-02-18 23:56:24','2016-02-18 23:56:24',NULL),(4300,'YN-17931','MONARQUIA-TE','2014-03-12 00:00:00',4265,3983,NULL,'2016-02-18 23:56:24','2016-02-18 23:56:24',NULL),(4301,NULL,'MORALEJA',NULL,NULL,NULL,'female','2016-02-18 23:56:24','2016-02-18 23:56:24',NULL),(4302,NULL,'MOTIVO',NULL,NULL,NULL,'male','2016-02-18 23:56:24','2016-02-18 23:56:24',NULL),(4303,NULL,'MUÑECA',NULL,NULL,NULL,'female','2016-02-18 23:56:24','2016-02-18 23:56:24',NULL),(4304,NULL,'NATIVIDAD',NULL,NULL,NULL,'female','2016-02-18 23:56:24','2016-02-18 23:56:24',NULL),(4305,'YN-12431','NIÑA LINDA','2005-03-28 00:00:00',4185,3630,NULL,'2016-02-18 23:56:24','2016-02-18 23:56:24',NULL),(4306,'YN-16421','NIRVANA','2012-10-16 00:00:00',4269,3763,NULL,'2016-02-18 23:56:24','2016-02-18 23:56:24',NULL),(4307,NULL,'ÑUSTA',NULL,NULL,NULL,'female','2016-02-18 23:56:24','2016-02-18 23:56:24',NULL),(4308,'YN-17728','OFRENDA II','2013-07-18 00:00:00',4004,3989,NULL,'2016-02-18 23:56:24','2016-02-18 23:56:24',NULL),(4309,NULL,'OPERA',NULL,NULL,NULL,'female','2016-02-18 23:56:24','2016-02-18 23:56:24',NULL),(4310,NULL,'ORGULLOSA',NULL,NULL,NULL,'female','2016-02-18 23:56:24','2016-02-18 23:56:24',NULL),(4311,'YN-16147','PACHAMAMA','2011-08-25 00:00:00',3710,3819,NULL,'2016-02-18 23:56:24','2016-02-18 23:56:24',NULL),(4312,'CN-02398','PALOMO','2008-09-18 00:00:00',4303,3761,NULL,'2016-02-18 23:56:24','2016-02-18 23:56:24',NULL),(4313,'CN-02140','PALOMO','2008-11-26 00:00:00',3749,3975,NULL,'2016-02-18 23:56:24','2016-02-18 23:56:24',NULL),(4314,NULL,'PAMPERITA',NULL,NULL,NULL,'female','2016-02-18 23:56:24','2016-02-18 23:56:24',NULL),(4315,'YN-16705','PASION-TE','2012-10-04 00:00:00',4028,3630,NULL,'2016-02-18 23:56:24','2016-02-18 23:56:24',NULL),(4316,'YN-15965','PASO Y PASION','2011-08-13 00:00:00',3854,3819,NULL,'2016-02-18 23:56:24','2016-02-18 23:56:24',NULL),(4317,'YN-17519','PATALETA','2012-09-08 00:00:00',3995,4273,NULL,'2016-02-18 23:56:24','2016-02-18 23:56:24',NULL),(4318,NULL,'PERLA',NULL,NULL,NULL,'female','2016-02-18 23:56:24','2016-02-18 23:56:24',NULL),(4319,NULL,'PERLA NEGRA',NULL,NULL,NULL,'female','2016-02-18 23:56:24','2016-02-18 23:56:24',NULL),(4320,NULL,'PERUANA',NULL,NULL,NULL,'female','2016-02-18 23:56:24','2016-02-18 23:56:24',NULL),(4321,'YN-16122','PERUANITA','2011-07-28 00:00:00',4310,4362,NULL,'2016-02-18 23:56:24','2016-02-18 23:56:24',NULL),(4322,NULL,'PINTORESCA',NULL,NULL,NULL,'female','2016-02-18 23:56:24','2016-02-18 23:56:24',NULL),(4323,'PN-09371','POSITANO','2011-11-08 00:00:00',4309,4056,NULL,'2016-02-18 23:56:24','2016-02-18 23:56:24',NULL),(4324,NULL,'PRECIOSA',NULL,NULL,NULL,'female','2016-02-18 23:56:24','2016-02-18 23:56:24',NULL),(4325,NULL,'PREFERIDO',NULL,NULL,NULL,'male','2016-02-18 23:56:24','2016-02-18 23:56:24',NULL),(4326,NULL,'PRESAGIO',NULL,NULL,NULL,'male','2016-02-18 23:56:24','2016-02-18 23:56:24',NULL),(4327,NULL,'PRESUMIDA',NULL,NULL,NULL,'female','2016-02-18 23:56:24','2016-02-18 23:56:24',NULL),(4328,'PN-10726','PRETENDIENTE-TE','2014-08-21 00:00:00',4008,3754,NULL,'2016-02-18 23:56:24','2016-02-18 23:56:24',NULL),(4329,NULL,'PRETORIANO',NULL,NULL,NULL,'male','2016-02-18 23:56:24','2016-02-18 23:56:24',NULL),(4330,NULL,'PRIMOR',NULL,NULL,NULL,'male','2016-02-18 23:56:24','2016-02-18 23:56:24',NULL),(4331,'YN-17134','PROMESITA','2012-12-14 00:00:00',4022,3754,NULL,'2016-02-18 23:56:24','2016-02-18 23:56:24',NULL),(4332,NULL,'PROMETIDA',NULL,NULL,NULL,'female','2016-02-18 23:56:24','2016-02-18 23:56:24',NULL),(4333,NULL,'QUIMERA',NULL,NULL,NULL,'female','2016-02-18 23:56:24','2016-02-18 23:56:24',NULL),(4334,NULL,'RAYO DE ORO',NULL,NULL,NULL,'male','2016-02-18 23:56:24','2016-02-18 23:56:24',NULL),(4335,NULL,'RAYO DE ORO',NULL,NULL,NULL,'male','2016-02-18 23:56:24','2016-02-18 23:56:24',NULL),(4336,'CN-01630','RAYO DE PLATA','2004-01-03 00:00:00',4249,4335,NULL,'2016-02-18 23:56:24','2016-02-18 23:56:24',NULL),(4337,NULL,'RAYUELA II',NULL,NULL,NULL,'female','2016-02-18 23:56:24','2016-02-18 23:56:24',NULL),(4338,'YN-17045','RAYUELA III-TE','2013-09-11 00:00:00',4337,4101,NULL,'2016-02-18 23:56:24','2016-02-18 23:56:24',NULL),(4339,NULL,'RECATADA',NULL,NULL,NULL,'female','2016-02-18 23:56:24','2016-02-18 23:56:24',NULL),(4340,NULL,'RECOMPENSA',NULL,NULL,NULL,'female','2016-02-18 23:56:24','2016-02-18 23:56:24',NULL),(4341,'CN-02268','RECUERDO','2012-05-17 00:00:00',4282,3763,NULL,'2016-02-18 23:56:24','2016-02-18 23:56:24',NULL),(4342,NULL,'RECUERDO I',NULL,NULL,NULL,'female','2016-02-18 23:56:24','2016-02-18 23:56:24',NULL),(4343,NULL,'REGUILETE',NULL,NULL,NULL,'female','2016-02-18 23:56:24','2016-02-18 23:56:24',NULL),(4344,'YN-17949','REINA-TE','2014-08-28 00:00:00',4340,3754,NULL,'2016-02-18 23:56:24','2016-02-18 23:56:24',NULL),(4345,NULL,'REMO -TE',NULL,NULL,NULL,'male','2016-02-18 23:56:24','2016-02-18 23:56:24',NULL),(4346,NULL,'REPLICA',NULL,NULL,NULL,'female','2016-02-18 23:56:24','2016-02-18 23:56:24',NULL),(4347,'CN-02639','RESCATE','2012-03-21 00:00:00',4042,3754,NULL,'2016-02-18 23:56:24','2016-02-18 23:56:24',NULL),(4348,'CN-02623','RETABLO','2010-12-08 00:00:00',4174,4287,NULL,'2016-02-18 23:56:24','2016-02-18 23:56:24',NULL),(4349,NULL,'REY',NULL,NULL,NULL,'male','2016-02-18 23:56:24','2016-02-18 23:56:24',NULL),(4350,'PN-09593','ROYAL-TE','2012-09-12 00:00:00',4294,3989,NULL,'2016-02-18 23:56:24','2016-02-18 23:56:24',NULL),(4351,NULL,'SAGITARIO',NULL,NULL,NULL,'male','2016-02-18 23:56:24','2016-02-18 23:56:24',NULL),(4352,'YN-16645','SANTA','2012-11-01 00:00:00',4374,3866,NULL,'2016-02-18 23:56:24','2016-02-18 23:56:24',NULL),(4353,'YN-16644','SANTA CRUZ','2012-09-30 00:00:00',4202,3630,NULL,'2016-02-18 23:56:24','2016-02-18 23:56:24',NULL),(4354,'PN-10277','SECRETARIO','2012-09-02 00:00:00',4280,4034,NULL,'2016-02-18 23:56:24','2016-02-18 23:56:24',NULL),(4355,'YN-16496','SEVILLANA','2012-07-30 00:00:00',4261,4284,NULL,'2016-02-18 23:56:24','2016-02-18 23:56:24',NULL),(4356,NULL,'SINFONIA',NULL,NULL,NULL,'female','2016-02-18 23:56:24','2016-02-18 23:56:24',NULL),(4357,'YN-17506','SOBERANA','2013-09-08 00:00:00',4076,3754,NULL,'2016-02-18 23:56:24','2016-02-18 23:56:24',NULL),(4358,'','SOÑADOR',NULL,NULL,NULL,NULL,'2016-02-18 23:56:24','2016-02-26 16:42:33',NULL),(4359,'YN-17880','SONAJA','2014-09-23 00:00:00',4241,4054,NULL,'2016-02-18 23:56:24','2016-02-18 23:56:24',NULL),(4360,'CN-02642','SONCO','2010-06-18 00:00:00',4156,4003,NULL,'2016-02-18 23:56:24','2016-02-18 23:56:24',NULL),(4361,NULL,'SORPRESIVA',NULL,NULL,NULL,'female','2016-02-18 23:56:24','2016-02-18 23:56:24',NULL),(4362,NULL,'SUPERIOR',NULL,NULL,NULL,'male','2016-02-18 23:56:24','2016-02-18 23:56:24',NULL),(4363,'YN-12819','SUTILEZA','2006-05-01 00:00:00',4356,4330,NULL,'2016-02-18 23:56:24','2016-02-18 23:56:24',NULL),(4364,'CN-01272','TINAJERO','2002-09-10 00:00:00',4271,3789,NULL,'2016-02-18 23:56:24','2016-02-18 23:56:24',NULL),(4365,'YN-14293','TORMENTA','2008-11-08 00:00:00',4307,4345,NULL,'2016-02-18 23:56:24','2016-02-18 23:56:24',NULL),(4366,'CN-02590','TRIBUNAL - TE','2011-08-15 00:00:00',4028,4087,NULL,'2016-02-18 23:56:24','2016-02-18 23:56:24',NULL),(4367,NULL,'TRIFINO-TE',NULL,NULL,NULL,'male','2016-02-18 23:56:24','2016-02-18 23:56:24',NULL),(4368,NULL,'TRIGAL',NULL,NULL,NULL,'male','2016-02-18 23:56:24','2016-02-18 23:56:24',NULL),(4369,'CN-02649','TRUJILLO','2010-11-21 00:00:00',4298,4160,NULL,'2016-02-18 23:56:24','2016-02-18 23:56:24',NULL),(4370,'YN-17268','TUCUMANA','2012-09-09 00:00:00',4212,4067,NULL,'2016-02-18 23:56:24','2016-02-18 23:56:24',NULL),(4371,NULL,'UMBRIEL',NULL,NULL,NULL,'male','2016-02-18 23:56:24','2016-02-18 23:56:24',NULL),(4372,'YN-16468','USURPADORA','2011-05-26 00:00:00',4166,4325,NULL,'2016-02-18 23:56:24','2016-02-18 23:56:24',NULL),(4373,NULL,'VALENTINA',NULL,NULL,NULL,'female','2016-02-18 23:56:24','2016-02-18 23:56:24',NULL),(4374,NULL,'VENUS',NULL,NULL,NULL,'female','2016-02-18 23:56:24','2016-02-18 23:56:24',NULL),(4375,'YN-16223','YORKA','2011-11-28 00:00:00',4169,4087,NULL,'2016-02-18 23:56:24','2016-02-18 23:56:24',NULL),(4395,'','ANGHY MARIANA REYES MELO',NULL,NULL,NULL,NULL,'2016-02-19 12:15:10','2016-02-19 12:15:10',NULL),(4396,'','MIA REYES SARMIENTO',NULL,NULL,NULL,NULL,'2016-02-19 12:16:06','2016-02-19 12:16:06',NULL);

/*Table structure for table `catalogs` */

DROP TABLE IF EXISTS `catalogs`;

CREATE TABLE `catalogs` (
  `id` int(10) unsigned NOT NULL AUTO_INCREMENT,
  `group` tinyint(4) DEFAULT NULL,
  `number` smallint(5) unsigned DEFAULT NULL,
  `outsider` tinyint(1) NOT NULL DEFAULT '0',
  `category_id` int(11) DEFAULT NULL,
  `tournament_id` int(10) unsigned NOT NULL,
  `animal_id` int(10) unsigned NOT NULL,
  PRIMARY KEY (`id`),
  KEY `fk_catalog_tournaments1_idx` (`tournament_id`),
  KEY `fk_catalog_animals1_idx` (`animal_id`),
  CONSTRAINT `fk_catalog_animals1` FOREIGN KEY (`animal_id`) REFERENCES `animals` (`id`) ON DELETE NO ACTION ON UPDATE NO ACTION,
  CONSTRAINT `fk_catalog_tournaments1` FOREIGN KEY (`tournament_id`) REFERENCES `tournaments` (`id`) ON DELETE NO ACTION ON UPDATE NO ACTION
) ENGINE=InnoDB AUTO_INCREMENT=2597 DEFAULT CHARSET=utf8;

/*Data for the table `catalogs` */

insert  into `catalogs`(`id`,`group`,`number`,`outsider`,`category_id`,`tournament_id`,`animal_id`) values (1743,NULL,93,0,12,1,3631),(1744,NULL,7,0,52,1,3638),(1745,NULL,161,0,33,1,3639),(1746,NULL,119,0,26,1,3641),(1747,NULL,72,0,10,1,3643),(1748,NULL,5,0,52,1,3645),(1749,NULL,13,0,3,1,3648),(1750,NULL,202,0,23,1,3651),(1751,NULL,107,0,26,1,3657),(1752,NULL,32,0,7,1,3661),(1753,NULL,6,0,52,1,3662),(1754,NULL,49,0,9,1,3663),(1755,NULL,167,0,20,1,3669),(1756,NULL,67,0,10,1,3670),(1757,NULL,25,0,51,1,3672),(1758,NULL,74,0,11,1,3674),(1759,NULL,17,0,3,1,3675),(1760,NULL,113,0,26,1,3676),(1761,NULL,79,0,11,1,3681),(1762,NULL,43,0,7,1,3683),(1763,NULL,123,0,27,1,3685),(1764,NULL,78,0,11,1,3686),(1765,NULL,78,0,15,1,3686),(1766,NULL,100,0,12,1,3687),(1767,NULL,69,0,10,1,3688),(1768,NULL,46,0,7,1,3689),(1769,NULL,46,0,16,1,3689),(1770,NULL,10,0,3,1,3690),(1771,NULL,31,0,5,1,3693),(1772,NULL,83,0,11,1,3695),(1773,NULL,159,0,33,1,3696),(1774,NULL,1,0,52,1,3698),(1775,NULL,171,0,20,1,3700),(1776,NULL,171,0,25,1,3700),(1777,NULL,51,0,9,1,3701),(1778,NULL,18,0,3,1,3702),(1779,NULL,162,0,33,1,3703),(1780,NULL,116,0,26,1,3705),(1781,NULL,47,0,7,1,3707),(1782,NULL,47,0,15,1,3707),(1783,NULL,47,0,16,1,3707),(1784,NULL,47,0,34,1,3707),(1785,NULL,148,0,31,1,3708),(1786,NULL,148,0,44,1,3708),(1787,NULL,110,0,26,1,3709),(1788,NULL,170,0,20,1,3711),(1789,NULL,170,0,55,1,3711),(1790,NULL,170,0,41,1,3711),(1791,NULL,204,0,15,1,3714),(1792,NULL,204,0,34,1,3714),(1793,NULL,35,0,7,1,3719),(1794,NULL,213,0,22,1,3721),(1795,NULL,131,0,29,1,3723),(1796,NULL,131,0,30,1,3723),(1797,NULL,186,0,21,1,3724),(1798,NULL,23,0,51,1,3725),(1799,NULL,152,0,32,1,3726),(1800,NULL,39,0,7,1,3728),(1801,NULL,126,0,27,1,3730),(1802,NULL,60,0,9,1,3732),(1803,NULL,179,0,20,1,3734),(1804,NULL,122,0,27,1,3737),(1805,NULL,104,0,12,1,3741),(1806,NULL,184,0,20,1,3742),(1807,NULL,121,0,27,1,3745),(1808,NULL,136,0,29,1,3747),(1809,NULL,40,0,7,1,3748),(1810,NULL,40,0,15,1,3748),(1811,NULL,141,0,31,1,3751),(1812,NULL,141,0,35,1,3751),(1813,NULL,141,0,37,1,3751),(1814,NULL,141,0,43,1,3751),(1815,NULL,141,0,47,1,3751),(1816,NULL,125,0,27,1,3752),(1817,NULL,181,0,20,1,3755),(1818,NULL,37,0,7,1,3757),(1819,NULL,61,0,10,1,3760),(1820,NULL,61,0,16,1,3760),(1821,NULL,9,0,3,1,3765),(1822,NULL,59,0,9,1,3768),(1823,NULL,4,0,52,1,3769),(1824,NULL,80,0,11,1,3770),(1825,NULL,97,0,12,1,3771),(1826,NULL,62,0,10,1,3772),(1827,NULL,70,0,10,1,3773),(1828,NULL,24,0,51,1,3775),(1829,NULL,169,0,20,1,3776),(1830,NULL,211,0,1,1,3777),(1831,NULL,197,0,22,1,3779),(1832,NULL,197,0,55,1,3779),(1833,NULL,197,0,41,1,3779),(1834,NULL,197,0,45,1,3779),(1835,NULL,192,0,21,1,3780),(1836,NULL,153,0,32,1,3781),(1837,NULL,208,0,47,1,3782),(1838,NULL,108,0,26,1,3783),(1839,NULL,200,0,22,1,3786),(1840,NULL,144,0,31,1,3791),(1841,NULL,185,0,21,1,3792),(1842,NULL,138,0,29,1,3794),(1843,NULL,191,0,21,1,3795),(1844,NULL,109,0,26,1,3799),(1845,NULL,149,0,31,1,3800),(1846,NULL,163,0,33,1,3807),(1847,NULL,64,0,10,1,3809),(1848,NULL,166,0,53,1,3811),(1849,NULL,166,0,19,1,3811),(1850,NULL,166,0,44,1,3811),(1851,NULL,11,0,3,1,3812),(1852,NULL,65,0,10,1,3814),(1853,NULL,50,0,9,1,3817),(1854,NULL,50,0,15,1,3817),(1855,NULL,50,0,16,1,3817),(1856,NULL,174,0,20,1,3818),(1857,NULL,174,0,25,1,3818),(1858,NULL,55,0,9,1,3823),(1859,NULL,151,0,32,1,3824),(1860,NULL,157,0,33,1,3825),(1861,NULL,147,0,31,1,3829),(1862,NULL,19,0,51,1,3830),(1863,NULL,145,0,31,1,3831),(1864,NULL,117,0,26,1,3832),(1865,NULL,2,0,52,1,3834),(1866,NULL,66,0,10,1,3839),(1867,NULL,139,0,31,1,3840),(1868,NULL,3,0,52,1,3843),(1869,NULL,34,0,7,1,3844),(1870,NULL,86,0,11,1,3845),(1871,NULL,33,0,7,1,3848),(1872,NULL,173,0,20,1,3850),(1873,NULL,81,0,11,1,3851),(1874,NULL,81,0,16,1,3851),(1875,NULL,132,0,29,1,3852),(1876,NULL,8,0,52,1,3853),(1877,NULL,22,0,51,1,3857),(1878,NULL,114,0,26,1,3859),(1879,NULL,73,0,10,1,3860),(1880,NULL,73,0,16,1,3860),(1881,NULL,137,0,29,1,3861),(1882,NULL,210,0,1,1,3867),(1883,NULL,194,0,22,1,3868),(1884,NULL,112,0,26,1,3869),(1885,NULL,207,0,45,1,3870),(1886,NULL,38,0,7,1,3871),(1887,NULL,92,0,12,1,3876),(1888,NULL,41,0,7,1,3879),(1889,NULL,158,0,33,1,3882),(1890,NULL,158,0,34,1,3882),(1891,NULL,188,0,21,1,3883),(1892,NULL,99,0,12,1,3884),(1893,NULL,27,0,5,1,3891),(1894,NULL,95,0,12,1,3892),(1895,NULL,120,0,27,1,3896),(1896,NULL,130,0,29,1,3898),(1897,NULL,82,0,11,1,3899),(1898,NULL,57,0,9,1,3903),(1899,NULL,57,0,13,1,3903),(1900,NULL,57,0,17,1,3903),(1901,NULL,57,0,64,1,3903),(1902,NULL,57,0,46,1,3903),(1903,NULL,84,0,11,1,3905),(1904,NULL,175,0,20,1,3906),(1905,NULL,175,0,25,1,3906),(1906,NULL,26,0,5,1,3911),(1907,NULL,96,0,12,1,3915),(1908,NULL,198,0,22,1,3921),(1909,NULL,187,0,21,1,3922),(1910,NULL,187,0,25,1,3922),(1911,NULL,178,0,20,1,3925),(1912,NULL,178,0,25,1,3925),(1913,NULL,115,0,26,1,3929),(1914,NULL,115,0,28,1,3929),(1915,NULL,94,0,12,1,3931),(1916,NULL,52,0,9,1,3938),(1917,NULL,58,0,9,1,3939),(1918,NULL,101,0,12,1,3940),(1919,NULL,101,0,34,1,3940),(1920,NULL,29,0,5,1,3942),(1921,NULL,196,0,22,1,3943),(1922,NULL,85,0,11,1,3944),(1923,NULL,30,0,5,1,3947),(1924,NULL,12,0,3,1,3948),(1925,NULL,15,0,3,1,3951),(1926,NULL,177,0,20,1,3952),(1927,NULL,206,0,34,1,3953),(1928,NULL,182,0,20,1,3956),(1929,NULL,212,0,1,1,3958),(1930,NULL,36,0,7,1,3959),(1931,NULL,53,0,9,1,3960),(1932,NULL,71,0,10,1,3963),(1933,NULL,71,0,64,1,3963),(1934,NULL,14,0,3,1,3965),(1935,NULL,168,0,20,1,3967),(1936,NULL,154,0,32,1,3968),(1937,NULL,128,0,27,1,3971),(1938,NULL,199,0,22,1,3972),(1939,NULL,89,0,11,1,3974),(1940,NULL,201,0,22,1,3975),(1941,NULL,134,0,29,1,3979),(1942,NULL,54,0,9,1,3984),(1943,NULL,54,0,13,1,3984),(1944,NULL,54,0,16,1,3984),(1945,NULL,54,0,34,1,3984),(1946,NULL,203,0,23,1,3991),(1947,NULL,140,0,31,1,3992),(1948,NULL,56,0,9,1,3993),(1949,NULL,56,0,16,1,3993),(1950,NULL,56,0,34,1,3993),(1951,NULL,164,0,33,1,3997),(1952,NULL,16,0,3,1,3998),(1953,NULL,124,0,27,1,4000),(1954,NULL,48,0,9,1,4002),(1955,NULL,88,0,11,1,4004),(1956,NULL,91,0,12,1,4006),(1957,NULL,21,0,51,1,4007),(1958,NULL,146,0,31,1,4010),(1959,NULL,172,0,20,1,4014),(1960,NULL,172,0,25,1,4014),(1961,NULL,42,0,7,1,4018),(1962,NULL,205,0,46,1,4019),(1963,NULL,205,0,15,1,4019),(1964,NULL,205,0,16,1,4019),(1965,NULL,205,0,44,1,4019),(1966,NULL,45,0,7,1,4020),(1967,NULL,28,0,5,1,4023),(1968,NULL,68,0,10,1,4027),(1969,NULL,155,0,32,1,4029),(1970,NULL,150,0,32,1,4041),(1971,NULL,44,0,7,1,4044),(1972,NULL,176,0,20,1,4047),(1973,NULL,103,0,12,1,4051),(1974,NULL,77,0,11,1,4053),(1975,NULL,195,0,45,1,4055),(1976,NULL,195,0,34,1,4055),(1977,NULL,156,0,32,1,4056),(1978,NULL,156,0,35,1,4056),(1979,NULL,156,0,37,1,4056),(1980,NULL,156,0,43,1,4056),(1981,NULL,190,0,21,1,4059),(1982,NULL,142,0,31,1,4060),(1983,NULL,98,0,12,1,4061),(1984,NULL,90,0,12,1,4064),(1985,NULL,90,0,34,1,4064),(1986,NULL,118,0,26,1,4065),(1987,NULL,160,0,33,1,4069),(1988,NULL,214,0,53,1,4070),(1989,NULL,165,0,33,1,4071),(1990,NULL,165,0,47,1,4071),(1991,NULL,63,0,10,1,4076),(1992,NULL,133,0,29,1,4077),(1993,NULL,189,0,21,1,4078),(1994,NULL,105,0,12,1,4080),(1995,NULL,193,0,21,1,4082),(1996,NULL,127,0,27,1,4083),(1997,NULL,20,0,51,1,4084),(1998,NULL,20,0,6,1,4084),(1999,NULL,143,0,31,1,4089),(2000,NULL,106,0,12,1,4090),(2001,NULL,180,0,20,1,4092),(2002,NULL,75,0,11,1,4094),(2003,NULL,183,0,20,1,4095),(2004,NULL,129,0,29,1,4098),(2005,NULL,102,0,12,1,4100),(2006,NULL,135,0,29,1,4102),(2007,NULL,111,0,26,1,4103),(2008,NULL,87,0,11,1,4106),(2009,NULL,76,0,11,1,4107),(2254,NULL,115,0,81,2,3641),(2255,NULL,103,0,80,2,3657),(2256,NULL,60,0,76,2,3663),(2257,NULL,21,0,70,2,3675),(2258,NULL,81,0,83,2,3681),(2259,NULL,51,0,75,2,3689),(2260,1,51,0,88,2,3689),(2261,4,51,0,90,2,3689),(2262,NULL,14,0,70,2,3690),(2263,NULL,6,0,69,2,3698),(2264,NULL,22,0,70,2,3702),(2265,NULL,142,0,105,2,3703),(2266,NULL,56,0,75,2,3707),(2267,3,56,0,88,2,3707),(2268,4,56,0,90,2,3707),(2269,NULL,108,0,80,2,3709),(2270,NULL,157,0,94,2,3711),(2271,NULL,40,0,72,2,3714),(2272,3,40,0,88,2,3714),(2273,4,40,0,90,2,3714),(2274,NULL,139,0,104,2,3726),(2275,NULL,119,0,101,2,3730),(2276,NULL,69,0,76,2,3732),(2277,NULL,70,0,76,2,3760),(2278,2,70,0,90,2,3760),(2279,2,70,0,112,2,3760),(2280,NULL,12,0,70,2,3765),(2281,NULL,174,0,96,2,3780),(2282,NULL,177,0,96,2,3786),(2283,NULL,107,0,80,2,3799),(2284,NULL,137,0,104,2,3800),(2285,NULL,73,0,76,2,3809),(2286,NULL,156,0,94,2,3811),(2287,2,156,0,112,2,3811),(2288,NULL,61,0,76,2,3817),(2289,2,61,0,88,2,3817),(2290,2,61,0,90,2,3817),(2291,2,61,0,112,2,3817),(2292,NULL,113,0,81,2,3832),(2293,NULL,8,0,69,2,3843),(2294,NULL,43,0,72,2,3848),(2295,NULL,127,0,101,2,3852),(2296,NULL,132,0,103,2,3861),(2297,NULL,141,0,105,2,3863),(2298,NULL,111,0,81,2,3869),(2299,NULL,182,0,113,2,3870),(2300,NULL,45,0,72,2,3871),(2301,NULL,175,0,96,2,3921),(2302,NULL,112,0,81,2,3929),(2303,NULL,87,0,84,2,3931),(2304,NULL,29,0,72,2,3942),(2305,4,29,0,90,2,3942),(2306,NULL,39,0,72,2,3947),(2307,NULL,15,0,70,2,3948),(2308,NULL,18,0,70,2,3951),(2309,NULL,166,0,95,2,3956),(2310,NULL,176,0,96,2,3972),(2311,NULL,62,0,76,2,3984),(2312,4,62,0,90,2,3984),(2313,NULL,64,0,76,2,3993),(2314,4,64,0,90,2,3993),(2315,NULL,143,0,106,2,3997),(2316,NULL,19,0,70,2,3998),(2317,NULL,76,0,83,2,3999),(2318,NULL,116,0,81,2,4000),(2319,NULL,59,0,75,2,4002),(2320,NULL,24,0,71,2,4007),(2321,NULL,90,0,84,2,4019),(2322,2,90,0,88,2,4019),(2323,2,90,0,90,2,4019),(2324,2,90,0,112,2,4019),(2325,NULL,50,0,75,2,4020),(2326,4,50,0,88,2,4020),(2327,NULL,28,0,72,2,4023),(2328,4,28,0,88,2,4023),(2329,NULL,138,0,104,2,4041),(2330,NULL,49,0,75,2,4044),(2331,NULL,164,0,94,2,4047),(2332,NULL,140,0,105,2,4056),(2333,NULL,135,0,103,2,4060),(2334,NULL,114,0,81,2,4065),(2335,NULL,185,0,115,2,4071),(2336,NULL,72,0,76,2,4076),(2337,9,128,0,92,2,4077),(2338,NULL,23,0,71,2,4084),(2339,NULL,96,0,85,2,4090),(2340,NULL,125,0,101,2,4098),(2341,1,125,0,112,2,4098),(2342,NULL,86,0,84,2,4106),(2344,NULL,74,0,83,2,4146),(2345,NULL,4,0,68,2,4147),(2346,NULL,183,0,113,2,4150),(2347,NULL,78,0,83,2,4151),(2348,NULL,158,0,94,2,4157),(2349,1,158,0,99,2,4157),(2350,NULL,66,0,76,2,4163),(2351,NULL,36,0,72,2,4167),(2352,NULL,124,0,101,2,4168),(2353,NULL,117,0,101,2,4170),(2354,2,146,0,92,2,4171),(2355,NULL,118,0,101,2,4175),(2356,NULL,7,0,69,2,4177),(2357,NULL,105,0,80,2,4179),(2359,NULL,100,0,80,2,4184),(2360,NULL,65,0,76,2,4186),(2361,1,65,0,88,2,4186),(2362,4,65,0,90,2,4186),(2363,4,148,0,92,2,4188),(2364,NULL,188,0,85,2,4190),(2365,NULL,168,0,95,2,4192),(2366,NULL,13,0,70,2,4193),(2367,NULL,97,0,80,2,4194),(2369,NULL,41,0,72,2,4198),(2370,NULL,88,0,84,2,4199),(2371,NULL,68,0,76,2,4204),(2372,1,145,0,92,2,4207),(2373,NULL,162,0,94,2,4208),(2374,NULL,120,0,101,2,4211),(2375,1,181,0,89,2,4212),(2376,3,181,0,90,2,4212),(2377,NULL,181,0,114,2,4212),(2378,NULL,136,0,104,2,4214),(2379,NULL,133,0,103,2,4215),(2380,NULL,71,0,76,2,4216),(2381,NULL,44,0,72,2,4217),(2382,NULL,165,0,94,2,4219),(2383,NULL,82,0,83,2,4221),(2384,NULL,46,0,75,2,4222),(2385,NULL,34,0,72,2,4223),(2386,NULL,154,0,94,2,4224),(2387,NULL,121,0,101,2,4225),(2388,NULL,144,0,106,2,4226),(2389,NULL,11,0,69,2,4227),(2390,NULL,92,0,84,2,4229),(2391,1,92,0,112,2,4229),(2392,NULL,171,0,95,2,4230),(2393,NULL,104,0,80,2,4233),(2394,NULL,102,0,80,2,4234),(2395,NULL,134,0,103,2,4235),(2396,NULL,98,0,80,2,4236),(2397,NULL,75,0,83,2,4237),(2398,1,75,0,90,2,4237),(2399,NULL,3,0,68,2,4238),(2400,NULL,63,0,76,2,4243),(2401,NULL,48,0,75,2,4245),(2402,NULL,53,0,75,2,4246),(2403,1,53,0,90,2,4246),(2404,NULL,126,0,101,2,4247),(2405,2,126,0,112,2,4247),(2406,NULL,77,0,83,2,4248),(2407,NULL,153,0,94,2,4251),(2409,NULL,58,0,75,2,4255),(2410,NULL,109,0,80,2,4256),(2411,NULL,67,0,76,2,4257),(2412,NULL,91,0,84,2,4259),(2413,NULL,167,0,95,2,4260),(2414,1,167,0,99,2,4260),(2415,NULL,79,0,83,2,4261),(2416,NULL,184,0,114,2,4263),(2417,NULL,84,0,84,2,4264),(2418,NULL,178,0,96,2,4266),(2419,NULL,169,0,95,2,4267),(2420,NULL,42,0,72,2,4268),(2421,NULL,85,0,84,2,4270),(2422,NULL,101,0,80,2,4275),(2423,NULL,110,0,81,2,4276),(2424,NULL,83,0,83,2,4277),(2425,5,149,0,92,2,4278),(2426,NULL,10,0,69,2,4279),(2427,NULL,37,0,72,2,4285),(2428,NULL,160,0,94,2,4286),(2429,NULL,129,0,103,2,4288),(2430,NULL,2,0,68,2,4289),(2431,NULL,94,0,85,2,4291),(2432,NULL,106,0,80,2,4292),(2433,3,147,0,92,2,4295),(2434,NULL,35,0,72,2,4296),(2435,4,35,0,90,2,4296),(2436,6,150,0,92,2,4297),(2437,NULL,9,0,69,2,4300),(2438,NULL,93,0,84,2,4305),(2439,3,93,0,90,2,4305),(2440,NULL,27,0,72,2,4306),(2441,NULL,20,0,70,2,4308),(2442,NULL,52,0,75,2,4311),(2443,NULL,172,0,95,2,4312),(2444,NULL,170,0,95,2,4313),(2445,NULL,30,0,72,2,4315),(2446,3,30,0,90,2,4315),(2447,NULL,54,0,75,2,4316),(2448,NULL,33,0,72,2,4317),(2449,NULL,55,0,75,2,4321),(2450,NULL,130,0,103,2,4323),(2451,NULL,99,0,80,2,4328),(2452,NULL,25,0,72,2,4331),(2453,4,25,0,88,2,4331),(2454,NULL,179,0,96,2,4336),(2455,NULL,16,0,70,2,4338),(2456,7,151,0,92,2,4341),(2457,NULL,5,0,68,2,4344),(2458,8,152,0,92,2,4347),(2459,NULL,159,0,94,2,4348),(2460,NULL,122,0,101,2,4350),(2461,NULL,26,0,72,2,4352),(2462,NULL,31,0,72,2,4353),(2463,3,31,0,90,2,4353),(2464,NULL,123,0,101,2,4354),(2465,NULL,38,0,72,2,4355),(2466,NULL,17,0,70,2,4357),(2468,NULL,1,0,68,2,4359),(2469,NULL,163,0,94,2,4360),(2470,NULL,89,0,84,2,4363),(2471,1,89,0,90,2,4363),(2472,NULL,180,0,97,2,4364),(2473,1,180,0,112,2,4364),(2474,NULL,80,0,83,2,4365),(2475,NULL,155,0,94,2,4366),(2476,NULL,161,0,94,2,4369),(2477,NULL,32,0,72,2,4370),(2478,1,32,0,89,2,4370),(2479,3,32,0,90,2,4370),(2480,NULL,57,0,75,2,4372),(2481,NULL,47,0,75,2,4375),(2509,NULL,5,0,74,2,4344),(2510,NULL,10,0,74,2,4279),(2511,NULL,21,0,74,2,3675),(2512,NULL,24,0,74,2,4007),(2515,NULL,173,0,96,2,4145),(2516,NULL,131,0,103,2,4183),(2517,NULL,109,0,82,2,4256),(2518,NULL,112,0,82,2,3929),(2519,NULL,53,0,86,2,4246),(2520,NULL,48,0,86,2,4245),(2521,NULL,70,0,86,2,3760),(2522,NULL,71,0,86,2,4216),(2523,NULL,77,0,86,2,4248),(2524,NULL,79,0,86,2,4261),(2525,NULL,90,0,86,2,4019),(2526,NULL,87,0,86,2,3931),(2527,NULL,188,0,86,2,4190),(2528,NULL,96,0,86,2,4090),(2529,NULL,53,0,87,2,4246),(2530,NULL,48,0,87,2,4245),(2531,NULL,70,0,87,2,3760),(2532,NULL,71,0,87,2,4216),(2533,NULL,77,0,87,2,4248),(2534,NULL,79,0,87,2,4261),(2535,NULL,90,0,87,2,4019),(2536,NULL,87,0,87,2,3931),(2537,NULL,188,0,87,2,4190),(2538,NULL,96,0,87,2,4090),(2539,NULL,53,0,91,2,4246),(2540,NULL,48,0,91,2,4245),(2541,NULL,70,0,91,2,3760),(2542,NULL,71,0,91,2,4216),(2543,NULL,77,0,91,2,4248),(2544,NULL,79,0,91,2,4261),(2545,NULL,90,0,91,2,4019),(2546,NULL,87,0,91,2,3931),(2547,NULL,188,0,91,2,4190),(2548,NULL,96,0,91,2,4090),(2549,5,50,0,90,2,4020),(2550,5,76,0,90,2,3999),(2551,5,60,0,90,2,3663),(2552,NULL,160,0,98,2,4286),(2553,NULL,157,0,98,2,3711),(2554,NULL,166,0,98,2,3956),(2555,NULL,168,0,98,2,4192),(2556,NULL,173,0,98,2,4145),(2557,NULL,176,0,98,2,3972),(2558,NULL,180,0,98,2,4364),(2559,NULL,160,0,100,2,4286),(2560,NULL,157,0,100,2,3711),(2561,NULL,166,0,100,2,3956),(2562,NULL,168,0,100,2,4192),(2563,NULL,173,0,100,2,4145),(2564,NULL,176,0,100,2,3972),(2565,NULL,130,0,107,2,4323),(2566,NULL,129,0,107,2,4288),(2567,NULL,139,0,107,2,3726),(2568,NULL,137,0,107,2,3800),(2569,NULL,140,0,107,2,4056),(2570,NULL,142,0,107,2,3703),(2571,NULL,143,0,107,2,3997),(2572,NULL,144,0,107,2,4226),(2573,NULL,130,0,108,2,4323),(2574,NULL,129,0,108,2,4288),(2575,NULL,139,0,108,2,3726),(2576,NULL,137,0,108,2,3800),(2577,NULL,140,0,108,2,4056),(2578,NULL,142,0,108,2,3703),(2579,NULL,143,0,108,2,3997),(2580,NULL,144,0,108,2,4226),(2581,NULL,130,0,111,2,4323),(2582,NULL,129,0,111,2,4288),(2583,NULL,139,0,111,2,3726),(2584,NULL,137,0,111,2,3800),(2585,NULL,140,0,111,2,4056),(2586,NULL,142,0,111,2,3703),(2587,NULL,143,0,111,2,3997),(2588,2,165,0,112,2,4219),(2589,NULL,173,0,113,2,4145),(2590,NULL,77,0,114,2,4248),(2591,NULL,129,0,115,2,4288),(2592,NULL,189,0,116,2,4396),(2593,NULL,190,0,117,2,4395),(2594,NULL,186,0,65,2,4358),(2595,NULL,187,0,66,2,4197),(2596,NULL,95,0,85,2,4252);

/*Table structure for table `categories` */

DROP TABLE IF EXISTS `categories`;

CREATE TABLE `categories` (
  `id` int(10) unsigned NOT NULL AUTO_INCREMENT,
  `description` varchar(200) NOT NULL,
  `type` enum('selection','wselection') NOT NULL,
  `mode` enum('personal','group') NOT NULL DEFAULT 'personal',
  `status` enum('inactive','active','final','deleted') NOT NULL DEFAULT 'inactive',
  `actual_stage` enum('assistance','selection','classify_1','classify_2') DEFAULT NULL,
  `num_begin` int(11) NOT NULL DEFAULT '1',
  `order` smallint(5) unsigned DEFAULT NULL,
  `count_competitors` tinyint(4) NOT NULL DEFAULT '0',
  `count_presents` tinyint(4) NOT NULL DEFAULT '0',
  `tournament_id` int(10) unsigned NOT NULL,
  PRIMARY KEY (`id`,`type`),
  KEY `fk_categories_tournaments1_idx` (`tournament_id`),
  CONSTRAINT `fk_categories_tournaments1` FOREIGN KEY (`tournament_id`) REFERENCES `tournaments` (`id`) ON DELETE NO ACTION ON UPDATE NO ACTION
) ENGINE=InnoDB AUTO_INCREMENT=182 DEFAULT CHARSET=utf8;

/*Data for the table `categories` */

insert  into `categories`(`id`,`description`,`type`,`mode`,`status`,`actual_stage`,`num_begin`,`order`,`count_competitors`,`count_presents`,`tournament_id`) values (1,'MULARES','selection','personal','final','classify_2',1,1,3,0,1),(3,'CATEGORIA DE POTRANCAS AL CABESTRO DE 1 1/2 A 2 AÑOS','selection','personal','final','classify_2',1,4,10,0,1),(5,'CATEGORIA DE POTRANCAS AL CABESTRO DE 2 1/2 A 3 AÑOS','selection','personal','final','classify_2',1,6,6,0,1),(6,'PREMIO A LA MEJOR POTRANCA PRESENTADA AL CABESTRO','selection','personal','final','classify_2',1,7,4,0,1),(7,'CATEGORIA DE POTRANCAS DE BOZAL DE 3 A 4 AÑOS','selection','personal','final','classify_2',1,8,16,0,1),(8,'CAMPEONA DE BOZAL HEMBRA','selection','personal','inactive',NULL,1,9,0,0,1),(9,'CATEGORIA DE YEGUAS DE FRENO Y ESPUELAS DE 4 A 6 AÑOS - GRUPO 1','selection','personal','final','classify_2',1,10,13,0,1),(10,'CATEGORIA DE YEGUAS DE FRENO Y ESPUELAS DE 4 A 6 AÑOS - GRUPO 2','selection','personal','final','classify_2',1,11,13,0,1),(11,'CATEGORIA DE YEGUAS DE FRENO Y ESPUELAS DE 6 A 8 AÑOS','selection','personal','final','classify_2',1,12,14,0,1),(12,'CATEGORIA DE YEGUAS DE FRENO Y ESPUELAS DE MAS DE 8 AÑOS','selection','personal','final','classify_2',1,13,16,0,1),(13,'PREMIO PISOS PARA YEGUAS','selection','personal','final','classify_2',1,14,9,0,1),(14,'PREMIO MADRE E HIJA','selection','group','inactive',NULL,1,15,0,0,1),(15,'PREMIO PROGENIE DE MADRE','selection','group','final','classify_2',1,16,3,0,1),(16,'PREMIO CONJUNTO DE YEGUAS','selection','group','final','classify_2',1,17,3,0,1),(17,'PREMIO MERITO ZOOTECNICO HEMBRA','selection','personal','final','classify_2',1,18,9,0,1),(19,'CAMPEON DE BOZAL CAPON','selection','personal','inactive',NULL,1,20,0,0,1),(20,'CATEGORIA DE CAPONES DE FRENO Y ESPUELAS DE 4 A 6 AÑOS','selection','personal','final','classify_2',1,21,16,0,1),(21,'CATEGORIA DE CAPONES DE FRENO Y ESPUELAS DE 6 A 8 AÑOS','selection','personal','final','classify_2',1,22,9,0,1),(22,'CATEGORIA DE CAPONES DE FRENO Y ESPUELAS DE 8 A 12 AÑOS','selection','personal','final','classify_2',1,23,7,0,1),(23,'CATEGORIA DE CAPONES DE FRENO Y ESPUELAS DE MAS DE 12 AÑOS','selection','personal','final','classify_2',1,24,6,0,1),(25,'PREMIO CONJUNTO DE CAPONES','selection','group','final','classify_2',1,26,2,0,1),(26,'CATEGORIA DE POTRILLOS AL CABESTRO DE 1 A 2 AÑOS','selection','personal','final','classify_2',1,27,12,0,1),(27,'CATEGORIA DE POTRILLOS AL CABESTRO DE 2 A 3 AÑOS','selection','personal','final','classify_2',1,28,8,0,1),(28,'PREMIO AL MEJOR POTRILLO PRESENTADO AL CABESTRO','selection','personal','final','classify_2',1,29,2,0,1),(29,'CATEGORIA DE POTRILLOS DE BOZAL DE 3 A 4 AÑOS','selection','personal','final','classify_2',1,30,10,0,1),(30,'CAMPEON DE BOZAL MACHO','selection','personal','inactive',NULL,1,31,0,0,1),(31,'CATEGORIA DE POTROS DE FRENO Y ESPUELAS DE 4 A 6 AÑOS','selection','personal','final','classify_2',1,32,9,0,1),(32,'CATEGORIA DE POTROS DE FRENO Y ESPUELAS DE 6 A 8 AÑOS','selection','personal','final','classify_2',1,33,6,0,1),(33,'CATEGORIA DE POTROS DE FRENO Y ESPUELAS DE MAS DE 8 AÑOS','selection','personal','final','classify_2',1,34,9,0,1),(34,'PREMIO PROGENIE DE PADRE','selection','group','final','classify_2',1,35,2,0,1),(35,'PREMIO PISOS PARA POTROS','selection','personal','final','classify_2',1,36,5,0,1),(36,'PREMIO CONJUNTO DE POTROS','selection','group','inactive',NULL,1,37,0,0,1),(37,'PREMIO MERITO ZOOTECNICO MACHO','selection','personal','final','classify_2',1,38,5,0,1),(40,'PRUEBA DE ENFRENADURA','selection','personal','inactive',NULL,1,43,0,0,1),(41,'CAMPEON Y RESERVA DE CAMPEON DEL AÑO CAPON','selection','personal','final','classify_2',1,44,4,0,1),(43,'CAMPEON Y RESERVA DE CAMPEON DEL AÑO MACHO','selection','personal','final','classify_2',1,46,3,0,1),(44,'PREMIO AFICION','selection','group','final','classify_2',1,47,1,0,1),(45,'CAMPEON DE CAMPEONES CAPON','selection','personal','final','classify_2',1,48,3,0,1),(46,'CAMPEONA DE CAMPEONAS HEMBRA','selection','personal','final','classify_2',1,49,2,0,1),(47,'CAMPEON DE CAMPEONES MACHO','selection','personal','final','classify_2',1,50,3,0,1),(49,'POTROS MULETEROS','selection','personal','final','classify_2',1,2,2,0,1),(51,'CATEGORIA DE POTRANCAS AL CABESTRO DE 2 A 2 1/2 AÑOS','selection','personal','final','classify_2',1,5,7,0,1),(52,'CATEGORIA DE POTRANCAS AL CABESTRO DE 1 A 1 1/2 AÑOS','selection','personal','final','classify_2',1,3,8,0,1),(53,'CATEGORIA DE CAPONES DE BOZAL DE 3 A 4 AÑOS','selection','personal','final','classify_2',1,19,4,0,1),(55,'PREMIO PISOS PARA CAPONES','selection','personal','final','classify_2',1,25,5,0,1),(57,'PRUEBA DE MENORES DE 6 A 9 AÑOS (NIÑOS)','selection','personal','inactive',NULL,1,39,0,0,1),(58,'PRUEBA DE MENORES DE 6 A 9 AÑOS (NIÑAS)','selection','personal','final','classify_2',1,40,1,0,1),(59,'PRUEBA DE MENORES DE 10 A 12 AÑOS (NIÑOS)','selection','personal','final','classify_2',1,41,1,0,1),(60,'PRUEBA DE MENORES DE 10 A 12 AÑOS (NIÑAS)','selection','personal','final','classify_2',1,42,1,0,1),(62,'CONJUNTO DE MULARES','selection','personal','inactive',NULL,1,1,0,0,1),(64,'CAMPEONA Y RESERVA DE CAMPEONA DEL AÑO HEMBRA','selection','personal','final','classify_2',1,45,7,0,1),(65,'BURROS','selection','personal','final','classify_2',1,1,1,1,2),(66,'MULARES','selection','personal','final','classify_2',1,2,1,1,2),(67,'CONJUNTO DE MULARES','selection','personal','inactive',NULL,1,3,0,0,2),(68,'CATEGORIA DE POTRANCAS AL CABESTRO DE 1 A 1 1/2 AÑOS','selection','personal','final','classify_2',1,4,5,4,2),(69,'CATEGORIA DE POTRANCAS AL CABESTRO DE 1 1/2 A 2 AÑOS','selection','personal','final','classify_2',1,5,6,6,2),(70,'CATEGORIA DE POTRANCAS AL CABESTRO DE 2 A 2 1/2 AÑOS','selection','personal','final','classify_2',1,6,11,11,2),(71,'CATEGORIA DE POTRANCAS AL CABESTRO DE 2 1/2 A 3 AÑOS','selection','personal','final','classify_2',1,7,2,1,2),(72,'CATEGORIA DE POTRANCAS DE BOZAL DE 3 A 4 AÑOS','selection','personal','final','classify_2',1,8,21,19,2),(73,'PREMIO CAMPEONA BOZAL HEMBRA','selection','personal','inactive',NULL,1,9,0,0,2),(74,'PREMIO A LA MEJOR POTRANCA PRESENTADA AL CABESTRO','selection','personal','final','classify_2',1,10,4,4,2),(75,'CATEGORIA DE YEGUAS DE FRENO Y ESPUELAS DE 4 A 6 AÑOS - GRUPO 1','selection','personal','final','classify_2',1,11,14,11,2),(76,'CATEGORIA DE YEGUAS DE FRENO Y ESPUELAS DE 4 A 6 AÑOS - GRUPO 2','selection','personal','final','classify_2',1,12,14,13,2),(77,'PRUEBA DE ENFRENADURA','selection','personal','inactive',NULL,1,13,0,0,2),(78,'PRUEBA DE MENORES DE 6 A 9 AÑOS (NIÑOS Y NIÑAS)','selection','personal','inactive',NULL,1,14,0,0,2),(80,'CATEGORIA DE POTRILLOS AL CABESTRO DE 1 A 2 AÑOS','selection','personal','final','classify_2',1,17,13,12,2),(81,'CATEGORIA DE POTRILLOS AL CABESTRO DE 2 A 3 AÑOS','selection','personal','final','classify_2',1,18,7,6,2),(82,'PREMIO AL MEJOR POTRILLO PRESENTADO AL CABESTRO','selection','personal','final','classify_2',1,19,2,2,2),(83,'CATEGORIA DE YEGUAS DE FRENO Y ESPUELAS DE 6 A 8 AÑOS','selection','personal','final','classify_2',1,20,10,10,2),(84,'CATEGORIA DE YEGUAS DE FRENO Y ESPUELAS DE 8 A 12 AÑOS','selection','personal','final','classify_2',1,21,10,9,2),(85,'CATEGORIA DE YEGUAS DE FRENO Y ESPUELAS DE MAS DE 12 AÑOS','selection','personal','final','classify_2',1,22,4,4,2),(86,'PREMIO PISOS PARA YEGUAS','selection','personal','final','classify_2',1,23,10,10,2),(87,'PREMIO MERITO ZOOTECNICO','selection','personal','final','classify_2',1,24,10,10,2),(88,'PREMIO PROGENIE DE MADRE','selection','group','final','classify_2',1,25,4,2,2),(89,'PREMIO MADRE E HIJA','selection','group','final','classify_2',1,26,1,1,2),(90,'PREMIO CONJUNTO DE YEGUAS','selection','group','final','classify_2',1,27,5,3,2),(91,'CAMPEONA Y RESERVA DE CAMPEONA DEL AÑO HEMBRA','selection','personal','final','classify_2',1,28,10,10,2),(92,'CATEGORIA DE CAPONES DE BOZAL DE 3 A 4 AÑOS','selection','group','final','classify_2',1,29,9,9,2),(93,'PREMIO CAMPEON BOZAL CAPON','selection','personal','inactive',NULL,1,30,0,0,2),(94,'CATEGORIA DE CAPONES DE FRENO Y ESPUELAS DE 4 A 6 AÑOS','selection','personal','final','classify_2',1,31,13,9,2),(95,'CATEGORIA DE CAPONES DE FRENO Y ESPUELAS DE 6 A 8 AÑOS','selection','personal','final','classify_2',1,32,7,6,2),(96,'CATEGORIA DE CAPONES DE FRENO Y ESPUELAS DE 8 A 12 AÑOS','selection','personal','final','classify_2',1,33,7,6,2),(97,'CATEGORIA DE CAPONES DE FRENO Y ESPUELAS DE MAS DE 12 AÑOS','selection','personal','final','classify_2',1,34,1,1,2),(98,'PREMIO PISOS PARA CAPONES','selection','personal','final','classify_2',1,35,7,6,2),(99,'PREMIO CONJUNTO DE CAPONES','selection','group','inactive',NULL,1,36,0,0,2),(100,'CAMPEON Y RESERVA DE CAMPEON DEL AÑO CAPON','selection','personal','final','classify_2',1,37,6,6,2),(101,'CATEGORIA DE POTRILLOS DE BOZAL DE 3 A 4 AÑOS','selection','personal','final','classify_2',1,38,11,11,2),(102,'PREMIO CAMPEON BOZAL MACHO','selection','personal','inactive',NULL,1,39,0,0,2),(103,'CATEGORIA DE POTROS DE FRENO Y ESPUELAS DE 4 A 6 AÑOS','selection','personal','final','classify_2',1,40,7,6,2),(104,'CATEGORIA DE POTROS DE FRENO Y ESPUELAS DE 6 A 8 AÑOS','selection','personal','final','classify_2',1,41,4,4,2),(105,'CATEGORIA DE POTROS DE FRENO Y ESPUELAS DE 8 A 12 AÑOS','selection','personal','final','classify_2',1,42,3,3,2),(106,'CATEGORIA DE POTROS DE FRENO Y ESPUELAS DE MAS DE 12 AÑOS','selection','personal','final','classify_2',1,43,2,2,2),(107,'PREMIO MERITO ZOOTECNICO MACHO','selection','personal','final','classify_2',1,44,8,7,2),(108,'PREMIO PISOS PARA POTROS','selection','personal','final','classify_2',1,45,8,7,2),(109,'PREMIO CONJUNTO DE POTROS','selection','group','inactive',NULL,1,46,0,0,2),(110,'PREMIO PROGENIE DE PADRE','selection','group','inactive',NULL,1,47,0,0,2),(111,'CAMPEON Y RESERVA DE CAMPEON DEL AÑO MACHO','selection','personal','final','classify_2',1,48,7,7,2),(112,'PREMIO AFICION','selection','group','final','classify_2',1,49,2,1,2),(113,'CAMPEON DE CAMPEONES CAPON','selection','personal','final','classify_2',1,50,3,3,2),(114,'CAMPEONA DE CAMPEONAS HEMBRA','selection','personal','final','classify_2',1,51,3,3,2),(115,'CAMPEON DE CAMPEONES MACHO','selection','personal','final','classify_2',1,52,2,2,2),(116,'PRUEBA DE MENORES DE 10 A 12 AÑOS (NIÑOS Y NIÑAS) - Grupo 1','selection','personal','final','classify_2',1,15,1,1,2),(117,'PRUEBA DE MENORES DE 10 A 12 AÑOS (NIÑOS Y NIÑAS) - Grupo 2','selection','personal','final','classify_2',1,16,1,1,2),(119,'PRUEBA DE MENORES 6 A 9 AÑOS (NIÑOS)','selection','personal','inactive',NULL,1,1,0,0,3),(120,'PRUEBA DE MENORES 6 A 9 AÑOS (NIÑAS)','selection','personal','inactive',NULL,1,2,0,0,3),(121,'PRUEBA DE MENORES 10 A 12 AÑOS (NIÑOS)','selection','personal','inactive',NULL,1,3,0,0,3),(122,'PRUEBA DE MENORES 10 A 12 AÑOS (NIÑAS)','selection','personal','inactive',NULL,1,4,0,0,3),(123,'PRUEBA DE ENFRENADURA','selection','personal','inactive',NULL,1,5,0,0,3),(124,'BURROS HECHORES','selection','personal','inactive',NULL,1,6,0,0,3),(125,'MULARES','selection','personal','inactive',NULL,1,7,0,0,3),(126,'CONJUNTO DE MULARES','selection','personal','inactive',NULL,1,8,0,0,3),(127,'POTROS MULETEROS','selection','personal','inactive',NULL,1,9,0,0,3),(128,'CATEGORIA DE POTRANCAS AL CABESTRO DE 1 A 3 AÑOS (GRUPO 1)','selection','personal','inactive',NULL,1,10,0,0,3),(129,'CATEGORIA DE POTRANCAS AL CABESTRO DE 1 A 3 AÑOS (GRUPO 2)','selection','personal','inactive',NULL,1,11,0,0,3),(130,'CATEGORIA DE POTRANCAS AL CABESTRO DE 1 A 3 AÑOS (GRUPO 3)','selection','personal','inactive',NULL,1,12,0,0,3),(131,'CATEGORIA DE POTRANCAS AL CABESTRO DE 1 A 3 AÑOS (GRUPO 4)','selection','personal','inactive',NULL,1,13,0,0,3),(132,'CATEGORIA DE POTRANCAS DE BOZAL DE 3 A 4 AÑOS (GRUPO 1)','selection','personal','inactive',NULL,1,14,0,0,3),(133,'CATEGORIA DE POTRANCAS DE BOZAL DE 3 A 4 AÑOS (GRUPO 2)','selection','personal','inactive',NULL,1,15,0,0,3),(134,'CATEGORIA DE POTRANCAS DE BOZAL DE 3 A 4 AÑOS (GRUPO 3)','selection','personal','inactive',NULL,1,16,0,0,3),(135,'CATEGORIA DE YEGUAS DE FRENO Y ESPUELAS DE MAS DE 4 AÑOS (GRUPO 1)','selection','personal','inactive',NULL,1,17,0,0,3),(136,'CATEGORIA DE YEGUAS DE FRENO Y ESPUELAS DE MAS DE 4 AÑOS (GRUPO 2)','selection','personal','inactive',NULL,1,18,0,0,3),(137,'CATEGORIA DE YEGUAS DE FRENO Y ESPUELAS DE MAS DE 4 AÑOS (GRUPO 3)','selection','personal','inactive',NULL,1,19,0,0,3),(138,'CATEGORIA DE YEGUAS DE FRENO Y ESPUELAS DE MAS DE 4 AÑOS (GRUPO 4)','selection','personal','inactive',NULL,1,20,0,0,3),(139,'CATEGORIA DE YEGUAS DE FRENO Y ESPUELAS DE MAS DE 4 AÑOS (GRUPO 5)','selection','personal','inactive',NULL,1,21,0,0,3),(140,'CATEGORIA DE YEGUAS DE FRENO Y ESPUELAS DE MAS DE 4 AÑOS (GRUPO 6)','selection','personal','inactive',NULL,1,22,0,0,3),(141,'CATEGORIA DE YEGUAS DE FRENO Y ESPUELAS DE MAS DE 4 AÑOS (GRUPO 7)','selection','personal','inactive',NULL,1,23,0,0,3),(142,'CATEGORIA DE YEGUAS DE FRENO Y ESPUELAS DE MAS DE 4 AÑOS (GRUPO 8)','selection','personal','inactive',NULL,1,24,0,0,3),(143,'CATEGORIA DE YEGUAS DE FRENO Y ESPUELAS DE MAS DE 4 AÑOS (GRUPO 9)','selection','personal','inactive',NULL,1,25,0,0,3),(144,'PREMIO PISOS PARA YEGUAS','selection','personal','inactive',NULL,1,26,0,0,3),(145,'PREMIO PROGENIE DE MADRE','selection','group','inactive',NULL,1,27,0,0,3),(146,'PREMIO MADRE E HIJA','selection','group','inactive',NULL,1,28,0,0,3),(147,'PREMIO CONJUNTO DE YEGUAS','selection','group','inactive',NULL,1,29,0,0,3),(148,'PREMIO MERITO ZOOTECNICO HEMBRA','selection','personal','inactive',NULL,1,30,0,0,3),(149,'CATEGORIA DE POTRILLOS AL CABESTRO DE 1 A 3 AÑOS (GRUPO 1)','selection','personal','inactive',NULL,1,31,0,0,3),(150,'CATEGORIA DE POTRILLOS AL CABESTRO DE 1 A 3 AÑOS (GRUPO 2)','selection','personal','inactive',NULL,1,32,0,0,3),(151,'CATEGORIA DE POTRILLOS DE BOZAL DE 3 A 4 AÑOS (GRUPO 1)','selection','personal','inactive',NULL,1,33,0,0,3),(152,'CATEGORIA DE POTRILLOS DE BOZAL DE 3 A 4 AÑOS (GRUPO 2)','selection','personal','inactive',NULL,1,34,0,0,3),(153,'CATEGORIA DE POTROS DE FRENO Y ESPUELAS DE MAS DE 4 AÑOS (GRUPO 1)','selection','personal','inactive',NULL,1,35,0,0,3),(154,'CATEGORIA DE POTROS DE FRENO Y ESPUELAS DE MAS DE 4 AÑOS (GRUPO 2)','selection','personal','inactive',NULL,1,36,0,0,3),(155,'CATEGORIA DE POTROS DE FRENO Y ESPUELAS DE MAS DE 4 AÑOS (GRUPO 3)','selection','personal','inactive',NULL,1,37,0,0,3),(156,'CATEGORIA DE POTROS DE FRENO Y ESPUELAS DE MAS DE 4 AÑOS (GRUPO 4)','selection','personal','inactive',NULL,1,38,0,0,3),(157,'PREMIO PISOS PARA POTROS','selection','personal','inactive',NULL,1,39,0,0,3),(158,'PREMIO PROGENIE DE PADRE','selection','group','inactive',NULL,1,40,0,0,3),(159,'PREMIO CONJUNTO DE POTROS','selection','group','inactive',NULL,1,41,0,0,3),(160,'PREMIO MERITO ZOOTECNICO MACHO','selection','personal','inactive',NULL,1,42,0,0,3),(161,'CATEGORIA DE CAPONES DE BOZAL DE 3 A 4 AÑOS','selection','personal','inactive',NULL,1,43,0,0,3),(162,'CATEGORIA DE CAPONES DE FRENO Y ESPUELAS DE MAS DE 4 AÑOS (GRUPO 1)','selection','personal','inactive',NULL,1,44,0,0,3),(163,'CATEGORIA DE CAPONES DE FRENO Y ESPUELAS DE MAS DE 4 AÑOS (GRUPO 2)','selection','personal','inactive',NULL,1,45,0,0,3),(164,'CATEGORIA DE CAPONES DE FRENO Y ESPUELAS DE MAS DE 4 AÑOS (GRUPO 3)','selection','personal','inactive',NULL,1,46,0,0,3),(165,'CATEGORIA DE CAPONES DE FRENO Y ESPUELAS DE MAS DE 4 AÑOS (GRUPO 4)','selection','personal','inactive',NULL,1,47,0,0,3),(166,'CATEGORIA DE CAPONES DE FRENO Y ESPUELAS DE MAS DE 4 AÑOS (GRUPO 5)','selection','personal','inactive',NULL,1,48,0,0,3),(167,'PREMIO PISOS PARA CAPONES','selection','personal','inactive',NULL,1,49,0,0,3),(168,'PREMIO CONJUNTO DE CAPONES','selection','group','inactive',NULL,1,50,0,0,3),(169,'PREMIO A LA MEJOR POTRANCA PRESENTADA AL CABESTRO','selection','personal','inactive',NULL,1,51,0,0,3),(170,'PREMIO AL MEJOR POTRILLO PRESENTADO AL CABESTRO','selection','personal','inactive',NULL,1,52,0,0,3),(171,'CAMPEON DE BOZAL CAPON','selection','personal','inactive',NULL,1,53,0,0,3),(172,'CAMPEONA DE BOZAL HEMBRA','selection','personal','inactive',NULL,1,54,0,0,3),(173,'CAMPEON DE BOZAL MACHO','selection','personal','inactive',NULL,1,55,0,0,3),(174,'CAMPEON Y RESERVA DE CAMPEON DEL AÑO CAPON','selection','personal','inactive',NULL,1,56,0,0,3),(175,'CAMPEONA Y RESERVA DE CAMPEONA DEL AÑO HEMBRA','selection','personal','inactive',NULL,1,57,0,0,3),(176,'CAMPEON Y RESERVA DE CAMPEON DEL AÑO MACHO','selection','personal','inactive',NULL,1,58,0,0,3),(177,'PREMIO TRES GENERACIONES','selection','group','inactive',NULL,1,59,0,0,3),(178,'PREMIO AFICION','selection','group','inactive',NULL,1,60,0,0,3),(179,'CAMPEON DE CAMPEONES CAPON','selection','personal','inactive',NULL,1,61,0,0,3),(180,'CAMPEONA DE CAMPEONAS HEMBRA','selection','personal','inactive',NULL,1,62,0,0,3),(181,'CAMPEONES DE CAMPEONES MACHO','selection','personal','inactive',NULL,1,63,0,0,3);

/*Table structure for table `category_users` */

DROP TABLE IF EXISTS `category_users`;

CREATE TABLE `category_users` (
  `id` bigint(20) unsigned NOT NULL AUTO_INCREMENT,
  `dirimente` tinyint(1) unsigned NOT NULL DEFAULT '0',
  `actual_stage` enum('assistance','selection','classify_1','classify_2') DEFAULT NULL,
  `category_id` int(10) unsigned NOT NULL,
  `user_id` int(10) unsigned NOT NULL,
  PRIMARY KEY (`id`),
  KEY `fk_category_users_categories1_idx` (`category_id`),
  KEY `fk_category_users_users1_idx` (`user_id`),
  CONSTRAINT `fk_category_users_categories1` FOREIGN KEY (`category_id`) REFERENCES `categories` (`id`) ON DELETE NO ACTION ON UPDATE NO ACTION,
  CONSTRAINT `fk_category_users_users1` FOREIGN KEY (`user_id`) REFERENCES `users` (`id`) ON DELETE NO ACTION ON UPDATE NO ACTION
) ENGINE=InnoDB AUTO_INCREMENT=514 DEFAULT CHARSET=utf8;

/*Data for the table `category_users` */

insert  into `category_users`(`id`,`dirimente`,`actual_stage`,`category_id`,`user_id`) values (10,0,'classify_2',1,3),(11,1,'classify_2',1,4),(12,0,'classify_2',1,5),(13,0,'classify_2',49,3),(14,0,'classify_2',49,4),(15,1,'classify_2',49,5),(28,0,'classify_2',3,3),(29,1,'classify_2',3,4),(30,0,'classify_2',3,5),(31,0,'classify_2',51,3),(32,1,'classify_2',51,4),(33,0,'classify_2',51,5),(34,0,'classify_2',5,3),(35,0,'classify_2',5,4),(36,1,'classify_2',5,5),(40,0,'classify_2',6,3),(41,1,'classify_2',6,4),(42,0,'classify_2',6,5),(46,1,'classify_2',7,3),(47,0,'classify_2',7,4),(48,0,'classify_2',7,5),(55,0,'classify_2',9,3),(56,0,'classify_2',9,4),(57,1,'classify_2',9,5),(58,0,'classify_2',10,3),(59,1,'classify_2',10,4),(60,0,'classify_2',10,5),(61,1,'classify_2',11,3),(62,0,'classify_2',11,4),(63,0,'classify_2',11,5),(64,0,'classify_2',12,3),(65,0,'classify_2',12,4),(66,1,'classify_2',12,5),(70,0,'classify_2',13,3),(71,1,'classify_2',13,4),(72,0,'classify_2',13,5),(73,1,'classify_2',15,3),(74,0,'classify_2',15,4),(75,0,'classify_2',15,5),(82,0,'classify_2',16,3),(83,0,'classify_2',16,4),(84,1,'classify_2',16,5),(91,0,'classify_2',17,3),(92,1,'classify_2',17,4),(93,0,'classify_2',17,5),(94,0,'classify_2',52,3),(95,0,'classify_2',52,4),(96,1,'classify_2',52,5),(100,0,'classify_2',53,3),(101,1,'classify_2',53,4),(102,0,'classify_2',53,5),(103,1,'classify_2',20,3),(104,0,'classify_2',20,4),(105,0,'classify_2',20,5),(106,0,'classify_2',21,3),(107,0,'classify_2',21,4),(108,1,'classify_2',21,5),(109,0,'classify_2',22,3),(110,1,'classify_2',22,4),(111,0,'classify_2',22,5),(112,1,'classify_2',23,3),(113,0,'classify_2',23,4),(114,0,'classify_2',23,5),(130,0,'classify_2',26,3),(131,1,'classify_2',26,4),(132,0,'classify_2',26,5),(133,1,'classify_2',27,3),(134,0,'classify_2',27,4),(135,0,'classify_2',27,5),(136,0,'classify_2',28,3),(137,0,'classify_2',28,4),(138,1,'classify_2',28,5),(139,0,'classify_2',29,3),(140,1,'classify_2',29,4),(141,0,'classify_2',29,5),(142,1,'classify_2',31,3),(143,0,'classify_2',31,4),(144,0,'classify_2',31,5),(145,0,'classify_2',32,3),(146,0,'classify_2',32,4),(147,1,'classify_2',32,5),(148,0,'classify_2',33,3),(149,1,'classify_2',33,4),(150,0,'classify_2',33,5),(151,1,'classify_2',34,3),(152,0,'classify_2',34,4),(153,0,'classify_2',34,5),(154,0,'classify_2',35,3),(155,0,'classify_2',35,4),(156,1,'classify_2',35,5),(157,0,'classify_2',37,3),(158,1,'classify_2',37,4),(159,0,'classify_2',37,5),(184,0,'classify_2',41,3),(185,1,'classify_2',41,4),(186,0,'classify_2',41,5),(190,0,'classify_2',43,3),(191,0,'classify_2',43,4),(192,1,'classify_2',43,5),(202,0,'classify_2',44,3),(203,1,'classify_2',44,4),(204,0,'classify_2',44,5),(208,1,'classify_2',45,3),(209,0,'classify_2',45,4),(210,0,'classify_2',45,5),(211,0,'classify_2',46,3),(212,0,'classify_2',46,4),(213,1,'classify_2',46,5),(214,0,'classify_2',47,3),(215,1,'classify_2',47,4),(216,0,'classify_2',47,5),(217,0,'classify_2',60,3),(218,0,'classify_2',60,4),(219,1,'classify_2',60,5),(220,1,'classify_2',59,3),(221,0,'classify_2',59,4),(222,0,'classify_2',59,5),(223,0,'classify_2',58,3),(224,1,'classify_2',58,4),(225,0,'classify_2',58,5),(226,0,'classify_2',55,3),(227,0,'classify_2',55,4),(228,1,'classify_2',55,5),(235,1,'classify_2',64,3),(236,0,'classify_2',64,4),(237,0,'classify_2',64,5),(238,0,'classify_2',25,3),(239,1,'classify_2',25,4),(240,0,'classify_2',25,5),(241,0,'classify_2',65,5),(242,1,'classify_2',65,8),(243,0,'classify_2',65,9),(244,0,'classify_2',66,5),(245,0,'classify_2',66,8),(246,1,'classify_2',66,9),(247,1,NULL,67,5),(248,0,NULL,67,8),(249,0,NULL,67,9),(250,1,'classify_2',68,5),(251,0,'classify_2',68,8),(252,0,'classify_2',68,9),(253,0,'classify_2',69,5),(254,1,'classify_2',69,8),(255,0,'classify_2',69,9),(256,0,'classify_2',70,5),(257,0,'classify_2',70,8),(258,1,'classify_2',70,9),(259,1,'classify_2',71,5),(260,0,'classify_2',71,8),(261,0,'classify_2',71,9),(262,0,'classify_2',72,5),(263,1,'classify_2',72,8),(264,0,'classify_2',72,9),(265,0,NULL,73,5),(266,0,NULL,73,8),(267,1,NULL,73,9),(277,0,'classify_2',75,5),(278,1,'classify_2',75,8),(279,0,'classify_2',75,9),(280,0,'classify_2',76,5),(281,0,'classify_2',76,8),(282,1,'classify_2',76,9),(283,1,NULL,77,5),(284,0,NULL,77,8),(285,0,NULL,77,9),(289,0,NULL,78,5),(290,1,NULL,78,8),(291,0,NULL,78,9),(295,0,'classify_2',74,5),(296,0,'classify_2',74,8),(297,1,'classify_2',74,9),(301,0,'classify_2',80,5),(302,1,'classify_2',80,8),(303,0,'classify_2',80,9),(304,0,'classify_2',81,5),(305,0,'classify_2',81,8),(306,1,'classify_2',81,9),(313,1,'classify_2',82,5),(314,0,'classify_2',82,8),(315,0,'classify_2',82,9),(319,0,'classify_2',83,5),(320,1,'classify_2',83,8),(321,0,'classify_2',83,9),(322,0,'classify_2',84,5),(323,0,'classify_2',84,8),(324,1,'classify_2',84,9),(325,1,'classify_2',85,5),(326,0,'classify_2',85,8),(327,0,'classify_2',85,9),(328,0,'classify_2',86,5),(329,1,'classify_2',86,8),(330,0,'classify_2',86,9),(331,0,'classify_2',87,5),(332,0,'classify_2',87,8),(333,1,'classify_2',87,9),(334,1,'classify_2',88,5),(335,0,'classify_2',88,8),(336,0,'classify_2',88,9),(337,0,'classify_2',89,5),(338,1,'classify_2',89,8),(339,0,'classify_2',89,9),(340,0,'classify_2',90,5),(341,0,'classify_2',90,8),(342,1,'classify_2',90,9),(343,1,'classify_2',91,5),(344,0,'classify_2',91,8),(345,0,'classify_2',91,9),(349,0,NULL,93,5),(350,0,NULL,93,8),(351,1,NULL,93,9),(352,1,'classify_2',94,5),(353,0,'classify_2',94,8),(354,0,'classify_2',94,9),(355,0,'classify_2',92,5),(356,1,'classify_2',92,8),(357,0,'classify_2',92,9),(358,0,'classify_2',95,5),(359,1,'classify_2',95,8),(360,0,'classify_2',95,9),(409,1,'classify_2',112,5),(410,0,'classify_2',112,8),(411,0,'classify_2',112,9),(412,0,'classify_2',113,5),(413,1,'classify_2',113,8),(414,0,'classify_2',113,9),(415,0,'classify_2',114,5),(416,0,'classify_2',114,8),(417,1,'classify_2',114,9),(418,1,'classify_2',115,5),(419,0,'classify_2',115,8),(420,0,'classify_2',115,9),(421,0,'classify_2',96,5),(422,1,'classify_2',96,8),(423,0,'classify_2',96,9),(424,0,'classify_2',97,5),(425,0,'classify_2',97,8),(426,1,'classify_2',97,9),(427,1,'classify_2',98,5),(428,0,'classify_2',98,8),(429,0,'classify_2',98,9),(430,0,NULL,99,5),(431,1,NULL,99,8),(432,0,NULL,99,9),(454,0,'classify_2',105,5),(455,1,'classify_2',105,8),(456,0,'classify_2',105,9),(469,0,'classify_2',100,5),(470,1,'classify_2',100,8),(471,0,'classify_2',100,9),(472,0,'classify_2',101,5),(473,0,'classify_2',101,8),(474,1,'classify_2',101,9),(475,1,NULL,102,5),(476,0,NULL,102,8),(477,0,NULL,102,9),(478,1,'classify_2',103,5),(479,0,'classify_2',103,8),(480,0,'classify_2',103,9),(484,0,'classify_2',104,5),(485,0,'classify_2',104,8),(486,1,'classify_2',104,9),(487,1,'classify_2',106,5),(488,0,'classify_2',106,8),(489,0,'classify_2',106,9),(490,0,'classify_2',107,5),(491,1,'classify_2',107,8),(492,0,'classify_2',107,9),(493,0,'classify_2',108,5),(494,0,'classify_2',108,8),(495,1,'classify_2',108,9),(496,1,NULL,109,5),(497,0,NULL,109,8),(498,0,NULL,109,9),(502,1,NULL,110,5),(503,0,NULL,110,8),(504,0,NULL,110,9),(505,1,'classify_2',111,5),(506,0,'classify_2',111,8),(507,0,'classify_2',111,9),(508,1,'classify_2',116,5),(509,0,'classify_2',116,8),(510,0,'classify_2',116,9),(511,1,'classify_2',117,5),(512,0,'classify_2',117,8),(513,0,'classify_2',117,9);

/*Table structure for table `competitors` */

DROP TABLE IF EXISTS `competitors`;

CREATE TABLE `competitors` (
  `id` int(10) unsigned NOT NULL AUTO_INCREMENT,
  `number` tinyint(3) unsigned DEFAULT NULL,
  `position` tinyint(3) unsigned DEFAULT NULL,
  `points` smallint(5) unsigned DEFAULT NULL,
  `catalog` varchar(45) DEFAULT NULL,
  `status` enum('present','missing','limp') DEFAULT NULL,
  `category_id` int(10) unsigned NOT NULL,
  PRIMARY KEY (`id`),
  KEY `fk_competitors_categories1_idx` (`category_id`),
  CONSTRAINT `fk_competitors_categories1` FOREIGN KEY (`category_id`) REFERENCES `categories` (`id`) ON DELETE NO ACTION ON UPDATE NO ACTION
) ENGINE=InnoDB AUTO_INCREMENT=794 DEFAULT CHARSET=utf8;

/*Data for the table `competitors` */

insert  into `competitors`(`id`,`number`,`position`,`points`,`catalog`,`status`,`category_id`) values (1,1,3,9,'210','present',1),(2,2,1,3,'211','present',1),(3,3,2,6,'212','present',1),(4,1,1,3,NULL,'present',49),(5,1,NULL,NULL,NULL,'missing',49),(22,1,9,26,'9','present',3),(23,2,7,23,'10','present',3),(24,3,8,24,'11','present',3),(25,4,10,27,'12','present',3),(26,5,6,16,'13','present',3),(27,6,4,13,'14','present',3),(28,7,2,7,'15','present',3),(29,8,1,3,'16','present',3),(30,9,3,9,'17','present',3),(31,10,5,15,'18','present',3),(32,1,7,19,'19','present',51),(33,2,1,3,'20','present',51),(34,3,3,8,'21','present',51),(35,4,5,15,'22','present',51),(36,5,4,12,'23','present',51),(37,6,6,18,'24','present',51),(38,7,2,7,'25','present',51),(39,1,5,15,'26','present',5),(40,2,6,17,'27','present',5),(41,3,4,13,'28','present',5),(42,4,1,4,'29','present',5),(43,5,2,7,'30','present',5),(44,6,3,7,'31','present',5),(45,1,4,11,NULL,'present',6),(46,2,2,6,NULL,'present',6),(47,3,1,3,NULL,'present',6),(48,4,3,10,NULL,'present',6),(49,1,NULL,NULL,'32','missing',7),(50,2,9,26,'33','present',7),(51,3,10,29,'34','present',7),(52,4,4,11,'35','present',7),(53,5,5,14,'36','present',7),(54,6,3,9,'37','present',7),(55,7,NULL,NULL,'38','missing',7),(56,8,NULL,NULL,'39','missing',7),(57,9,1,4,'40','present',7),(58,10,6,17,'41','present',7),(59,11,8,22,'42','present',7),(60,12,NULL,NULL,'43','missing',7),(61,13,11,33,'44','present',7),(62,14,2,8,'45','present',7),(63,15,NULL,NULL,'46','missing',7),(64,16,7,21,'47','present',7),(65,1,7,18,'48','present',9),(66,2,4,14,'49','present',9),(67,3,3,7,'50','present',9),(68,4,9,25,'51','present',9),(69,5,NULL,NULL,'52','missing',9),(70,6,10,28,'53','present',9),(71,7,2,7,'54','present',9),(72,8,6,17,'55','present',9),(73,9,5,14,'56','present',9),(74,10,1,4,'57','present',9),(75,11,NULL,NULL,'58','missing',9),(76,12,NULL,NULL,'59','missing',9),(77,13,8,19,'60','present',9),(78,1,2,6,'61','present',10),(79,2,NULL,NULL,'62','missing',10),(80,3,4,12,'63','present',10),(81,4,7,23,'64','present',10),(82,5,5,14,'65','present',10),(83,6,6,18,'66','present',10),(84,7,9,26,'67','present',10),(85,8,NULL,NULL,'68','missing',10),(86,9,NULL,NULL,'69','missing',10),(87,10,10,27,'70','present',10),(88,11,1,3,'71','present',10),(89,12,3,10,'72','present',10),(90,13,8,25,'73','present',10),(91,1,10,26,'74','present',11),(92,2,NULL,NULL,'75','missing',11),(93,3,NULL,NULL,'76','missing',11),(94,4,11,27,'77','present',11),(95,5,2,6,'78','present',11),(96,7,5,15,'80','present',11),(97,8,7,22,'81','present',11),(98,9,1,3,'82','present',11),(99,11,3,10,'84','present',11),(100,12,9,24,'85','present',11),(101,13,NULL,NULL,'86','missing',11),(102,14,4,13,'87','present',11),(103,15,8,22,'88','present',11),(104,16,6,16,'89','present',11),(105,1,3,10,'90','present',12),(106,2,4,11,'91','present',12),(107,3,NULL,NULL,'92','missing',12),(108,4,1,3,'93','present',12),(109,5,8,22,'94','present',12),(110,6,NULL,NULL,'95','missing',12),(111,7,5,14,'96','present',12),(112,8,NULL,NULL,'97','missing',12),(113,10,6,17,'99','present',12),(114,11,7,21,'100','present',12),(115,12,9,26,'101','present',12),(116,13,NULL,NULL,'102','missing',12),(117,14,2,8,'103','present',12),(118,15,NULL,NULL,'104','missing',12),(119,16,NULL,NULL,'105','missing',12),(120,17,NULL,NULL,'106','missing',12),(121,1,1,7,'57','present',13),(122,2,2,8,'54','present',13),(123,3,5,11,'71','present',13),(124,4,NULL,NULL,'61','missing',13),(125,5,3,9,'82','present',13),(126,6,NULL,NULL,'78','missing',13),(127,7,4,10,'93','present',13),(128,8,NULL,NULL,'103','missing',13),(129,9,NULL,NULL,'90','missing',13),(130,1,1,3,'40,78','present',15),(131,2,2,7,'50,205','present',15),(132,3,3,8,'204,47','present',15),(133,1,2,6,'50,61,205','present',16),(134,2,1,3,'46,47,54,56,81','present',16),(135,3,3,9,'51,90,101','present',16),(136,1,1,7,'57','present',17),(137,2,NULL,NULL,'54','missing',17),(138,3,3,9,'71','present',17),(139,4,2,7,'61','present',17),(140,5,4,11,'82','present',17),(141,6,NULL,NULL,'78','missing',17),(142,7,5,11,'93','present',17),(143,8,NULL,NULL,'103','missing',17),(144,9,NULL,NULL,'56','missing',17),(145,1,6,17,'1','present',52),(146,2,3,9,'2','present',52),(147,3,5,16,'3','present',52),(148,4,7,19,'4','present',52),(149,5,4,11,'5','present',52),(150,6,2,7,'6','present',52),(151,7,1,3,'7','present',52),(152,8,8,24,'8','present',52),(155,1,1,3,'166','present',53),(156,2,2,6,'214','present',53),(157,1,NULL,NULL,NULL,'missing',53),(158,2,NULL,NULL,NULL,'missing',53),(159,2,2,7,'168','present',20),(160,3,NULL,NULL,'169','missing',20),(161,4,1,3,'170','present',20),(162,5,3,10,'171','present',20),(163,6,NULL,NULL,'172','missing',20),(164,7,4,13,'173','present',20),(165,8,NULL,NULL,'174','missing',20),(166,9,6,16,'175','present',20),(167,10,NULL,NULL,'176','missing',20),(168,11,NULL,NULL,'177','missing',20),(169,12,7,18,'178','present',20),(170,13,8,21,'179','present',20),(171,14,NULL,NULL,'180','missing',20),(172,15,9,21,'181','present',20),(173,16,NULL,NULL,'182','missing',20),(174,17,5,14,'183','present',20),(175,1,5,15,'185','present',21),(176,2,NULL,NULL,'186','missing',21),(177,3,2,7,'187','present',21),(178,4,NULL,NULL,'188','missing',21),(179,5,6,16,'189','present',21),(180,6,3,8,'190','present',21),(181,7,7,20,'191','present',21),(182,8,4,14,'192','present',21),(183,9,1,3,'193','present',21),(184,1,NULL,NULL,'194','missing',22),(185,2,6,18,'196(CL)','present',22),(186,3,1,3,'197','present',22),(187,4,3,9,'198','present',22),(188,5,2,8,'199','present',22),(189,6,4,10,'200','present',22),(190,8,5,15,'213','present',22),(191,1,2,6,'202','present',23),(192,2,1,3,'203','present',23),(193,1,NULL,NULL,NULL,'missing',23),(194,2,NULL,NULL,NULL,'missing',23),(195,1,NULL,NULL,NULL,'missing',23),(196,2,NULL,NULL,NULL,'missing',23),(213,1,NULL,NULL,'107','missing',26),(214,2,NULL,NULL,'108','missing',26),(215,3,3,12,'109','present',26),(216,4,6,13,'110','present',26),(217,5,NULL,NULL,'111','missing',26),(218,6,5,12,'112','present',26),(219,7,NULL,NULL,'113','missing',26),(220,8,NULL,NULL,'114','missing',26),(221,9,1,5,'115','present',26),(222,10,7,18,'116','present',26),(223,12,2,9,'118','present',26),(224,13,4,12,'119','present',26),(225,1,5,14,'120','present',27),(226,2,NULL,NULL,'121','missing',27),(227,3,3,10,'122','present',27),(228,4,4,13,'123','present',27),(229,5,2,5,'124','present',27),(230,6,7,19,'125','present',27),(231,7,1,4,'126','present',27),(232,9,6,17,'128','present',27),(233,1,2,5,'115','present',28),(234,2,1,4,'126','present',28),(235,1,5,16,'129','present',29),(236,2,3,9,'130','present',29),(237,3,1,3,'131','present',29),(238,4,4,11,'132','present',29),(239,5,NULL,NULL,'133','missing',29),(240,6,NULL,NULL,'134','missing',29),(241,7,NULL,NULL,'135','missing',29),(242,8,NULL,NULL,'136','missing',29),(243,9,6,17,'137','present',29),(244,10,2,7,'138','present',29),(245,2,3,12,'140','present',31),(246,3,1,3,'141','present',31),(247,5,NULL,NULL,'143','missing',31),(248,6,2,6,'144','present',31),(249,7,4,12,'145','present',31),(250,8,NULL,NULL,'146','missing',31),(251,9,6,15,'147','present',31),(252,10,5,15,'148','present',31),(253,11,7,17,'149','present',31),(254,1,NULL,NULL,'150','missing',32),(255,2,4,12,'151','present',32),(256,3,2,6,'152','present',32),(257,4,3,9,'153','present',32),(258,5,NULL,NULL,'154','missing',32),(259,7,1,3,'156','present',32),(260,1,NULL,NULL,'157','missing',33),(261,2,5,15,'158','present',33),(262,3,7,21,'159','present',33),(263,4,1,5,'160','present',33),(264,5,8,22,'161','present',33),(265,6,3,10,'162','present',33),(266,7,4,11,'163','present',33),(267,8,6,15,'164','present',33),(268,9,2,7,'165','present',33),(269,1,1,4,'46,47,54,56,204,206','present',34),(270,2,2,5,'90,101,158,195','present',34),(271,1,2,5,'141','present',35),(272,3,1,4,'156','present',35),(273,4,3,9,'152','present',35),(274,5,4,12,'160','present',35),(275,6,5,15,'165','present',35),(276,1,1,3,'141','present',37),(277,3,2,7,'156','present',37),(278,4,4,13,'152','present',37),(279,5,3,9,'160','present',37),(280,6,5,13,'165','present',37),(284,1,2,5,'170','present',41),(285,3,3,8,'193','present',41),(286,5,1,5,'197','present',41),(287,6,4,12,'196','present',41),(302,1,1,3,'141','present',43),(303,3,2,6,'156','present',43),(304,5,NULL,NULL,'160','missing',43),(305,1,1,3,'205,166,148','present',44),(306,1,1,4,'207','present',45),(307,2,3,8,'195','present',45),(308,3,2,6,'197','present',45),(309,1,2,6,'205','present',46),(310,2,1,3,'57','present',46),(311,1,2,6,'208','present',47),(312,2,3,9,'165','present',47),(313,3,1,3,'141','present',47),(314,1,1,3,NULL,'present',60),(315,1,1,3,NULL,'present',59),(316,1,1,3,NULL,'present',58),(317,1,2,7,'170','present',55),(318,3,3,8,'193','present',55),(319,4,4,13,'187','present',55),(320,5,1,3,'197','present',55),(321,7,5,14,'203','present',55),(337,1,1,4,'57','present',64),(338,2,4,12,'54','present',64),(339,3,2,5,'71','present',64),(340,4,6,18,'61','present',64),(341,5,3,9,'82','present',64),(342,7,5,15,'93','present',64),(343,8,7,21,'103','present',64),(344,1,1,3,'171,178,187','present',25),(345,2,2,6,'172,174,175','present',25),(346,1,1,3,'186','present',65),(347,1,1,3,'187','present',66),(348,1,NULL,NULL,'1','missing',68),(349,2,2,6,'2','present',68),(350,3,4,12,'3','present',68),(351,4,3,9,'4','present',68),(352,5,1,3,'5','present',68),(353,1,2,6,'6','present',69),(354,2,6,18,'7','present',69),(355,3,4,13,'8','present',69),(356,4,5,14,'9','present',69),(357,5,1,3,'10','present',69),(358,6,3,9,'11','present',69),(359,1,9,27,'12','present',70),(360,2,8,20,'13','present',70),(361,3,6,16,'14','present',70),(362,4,11,30,'15','present',70),(363,5,7,19,'16','present',70),(364,6,10,28,'17','present',70),(365,7,3,7,'18','present',70),(366,8,2,7,'19','present',70),(367,9,4,14,'20','present',70),(368,10,1,4,'21','present',70),(369,11,5,15,'22','present',70),(370,1,NULL,NULL,'23','missing',71),(371,2,1,3,'24','present',71),(372,1,NULL,NULL,'25','present',72),(373,2,1,5,'26','present',72),(374,3,11,31,'27','present',72),(375,4,8,23,'28','present',72),(376,5,5,14,'29','present',72),(377,6,NULL,NULL,'30','present',72),(378,7,10,27,'31','present',72),(379,8,2,6,'32','present',72),(380,9,3,7,'33','present',72),(381,10,NULL,NULL,'34','present',72),(382,11,7,22,'35','present',72),(383,12,NULL,NULL,'36','present',72),(384,13,NULL,NULL,'37','present',72),(385,14,NULL,NULL,'38','present',72),(386,15,NULL,NULL,'39','missing',72),(387,16,6,18,'40','present',72),(388,17,4,13,'41','present',72),(389,18,NULL,NULL,'42','present',72),(390,19,NULL,NULL,'43','missing',72),(391,20,NULL,NULL,'44','present',72),(392,21,9,25,'45','present',72),(397,1,2,6,'5','present',74),(398,2,NULL,NULL,'10','present',74),(399,3,1,3,'21','present',74),(400,4,NULL,NULL,'24','present',74),(415,1,NULL,NULL,'46','present',75),(416,2,6,17,'47','present',75),(417,3,2,6,'48','present',75),(418,4,NULL,NULL,'49','missing',75),(419,5,NULL,NULL,'50','missing',75),(420,6,4,13,'51','present',75),(421,7,5,14,'52','present',75),(422,8,1,3,'53','present',75),(423,9,NULL,NULL,'54','missing',75),(424,10,8,22,'55','present',75),(425,11,9,26,'56','present',75),(426,12,7,20,'57','present',75),(427,13,NULL,NULL,'58','present',75),(428,14,3,10,'59','present',75),(471,1,4,11,'60','present',76),(472,2,3,10,'61','present',76),(473,3,NULL,NULL,'62','missing',76),(474,4,7,21,'63','present',76),(475,5,NULL,NULL,'64','present',76),(476,6,9,25,'65','present',76),(477,7,8,24,'66','present',76),(478,8,5,15,'67','present',76),(479,9,NULL,NULL,'68','present',76),(480,10,NULL,NULL,'69','present',76),(481,11,1,3,'70','present',76),(482,12,2,7,'71','present',76),(483,13,NULL,NULL,'72','present',76),(484,14,6,17,'73','present',76),(489,1,4,10,'97','present',80),(490,2,5,16,'98','present',80),(491,3,3,8,'99','present',80),(492,4,NULL,NULL,'100','present',80),(493,5,NULL,NULL,'101','present',80),(494,6,NULL,NULL,'102','present',80),(495,7,7,20,'103','present',80),(496,8,NULL,NULL,'104','present',80),(497,9,NULL,NULL,'105','present',80),(498,10,NULL,NULL,'106','missing',80),(499,11,2,7,'107','present',80),(500,12,6,17,'108','present',80),(501,13,1,5,'109','present',80),(502,1,5,13,'110','present',81),(503,2,3,11,'111','present',81),(504,3,1,3,'112','present',81),(505,4,4,12,'113','present',81),(506,5,NULL,NULL,'114','missing',81),(507,6,2,6,'115','present',81),(508,7,6,18,'116','present',81),(511,1,1,4,'109','present',82),(512,2,2,5,'112','present',82),(513,1,7,18,'74','present',83),(514,2,3,10,'75','present',83),(515,3,5,14,'76','present',83),(516,4,1,3,'77','present',83),(517,5,NULL,NULL,'78','present',83),(518,6,2,7,'79','present',83),(519,7,6,17,'80','present',83),(520,8,4,12,'81','present',83),(521,9,NULL,NULL,'82','present',83),(522,10,NULL,NULL,'83','present',83),(523,1,8,23,'84','present',84),(524,2,NULL,NULL,'85','missing',84),(525,3,5,13,'86','present',84),(526,4,2,5,'87','present',84),(527,5,9,26,'88','present',84),(528,6,3,11,'89','present',84),(529,7,1,5,'90','present',84),(530,8,7,21,'91','present',84),(531,9,6,17,'92','present',84),(532,10,4,12,'93','present',84),(533,1,4,11,'94','present',85),(534,2,1,3,'188','present',85),(535,3,3,10,'95','present',85),(536,4,2,6,'96','present',85),(547,1,5,15,'53','present',86),(548,2,2,6,'48','present',86),(549,3,3,8,'70','present',86),(550,4,NULL,NULL,'71','present',86),(551,5,1,5,'77','present',86),(552,6,6,18,'79','present',86),(553,7,NULL,NULL,'90','present',86),(554,8,4,11,'87','present',86),(555,9,NULL,NULL,'188','present',86),(556,10,NULL,NULL,'96','present',86),(577,1,2,8,'53','present',87),(578,2,5,13,'48','present',87),(579,3,3,9,'70','present',87),(580,4,7,19,'71','present',87),(581,5,1,4,'77','present',87),(582,6,NULL,NULL,'79','present',87),(583,7,4,11,'90','present',87),(584,8,6,18,'87','present',87),(585,9,NULL,NULL,'188','present',87),(586,10,NULL,NULL,'96','present',87),(591,1,NULL,NULL,'51,65','missing',88),(592,2,1,3,'61,90','present',88),(593,3,NULL,NULL,'40,56','missing',88),(594,4,2,6,'25,28,50','present',88),(595,1,1,3,'32,181','present',89),(616,1,NULL,NULL,'53,75,89','missing',90),(617,2,2,5,'61,70,90','present',90),(618,3,1,4,'30,31,32,93,181','present',90),(619,4,NULL,NULL,'29,35,40,51,56,62,64,65','missing',90),(620,5,3,9,'50,76,60','present',90),(621,1,7,21,'53','present',91),(622,2,3,9,'48','present',91),(623,3,2,6,'70','present',91),(624,4,6,18,'71','present',91),(625,5,1,3,'77','present',91),(626,6,NULL,NULL,'79','present',91),(627,7,4,12,'90','present',91),(628,8,5,15,'87','present',91),(629,9,NULL,NULL,'188','present',91),(630,10,NULL,NULL,'96','present',91),(649,1,8,22,'145','present',92),(650,2,6,18,'146','present',92),(651,3,5,15,'147','present',92),(652,4,4,11,'148','present',92),(653,5,NULL,NULL,'149','present',92),(654,6,7,21,'150','present',92),(655,7,1,3,'151','present',92),(656,8,2,6,'152','present',92),(657,9,3,10,'128','present',92),(658,1,NULL,NULL,'153','missing',94),(659,2,NULL,NULL,'154','missing',94),(660,3,7,18,'155','present',94),(661,4,5,13,'156','present',94),(662,5,2,9,'157','present',94),(663,6,NULL,NULL,'158','present',94),(664,7,NULL,NULL,'159','missing',94),(665,8,1,5,'160','present',94),(666,9,8,23,'161','present',94),(667,10,NULL,NULL,'162','missing',94),(668,11,6,15,'163','present',94),(669,12,3,10,'164','present',94),(670,13,4,11,'165','present',94),(671,1,1,4,'166','present',95),(672,2,6,18,'167','present',95),(673,3,2,5,'168','present',95),(674,4,NULL,NULL,'169','missing',95),(675,5,4,11,'170','present',95),(676,6,3,10,'171','present',95),(677,7,5,15,'172','present',95),(685,1,1,3,'173','present',96),(686,2,6,17,'174','present',96),(687,3,4,14,'175','present',96),(688,4,2,7,'176','present',96),(689,5,3,8,'177','present',96),(690,6,5,14,'178','present',96),(691,7,NULL,NULL,'179','missing',96),(692,1,1,3,'180','present',97),(693,1,1,3,'160','present',98),(694,2,6,17,'157','present',98),(695,3,3,10,'166','present',98),(696,4,4,11,'168','present',98),(697,5,2,6,'173','present',98),(698,6,5,16,'176','present',98),(699,7,NULL,NULL,'180','missing',98),(700,1,3,8,'160','present',100),(701,2,5,16,'157','present',100),(702,3,2,8,'166','present',100),(703,4,4,11,'168','present',100),(704,5,1,3,'173','present',100),(705,6,6,17,'176','present',100),(706,1,2,6,'117','present',101),(707,2,3,11,'118','present',101),(708,3,6,18,'119','present',101),(709,4,NULL,NULL,'120','present',101),(710,5,1,3,'121','present',101),(711,6,7,21,'122','present',101),(712,7,4,12,'123','present',101),(713,8,NULL,NULL,'124','present',101),(714,9,NULL,NULL,'125','present',101),(715,10,NULL,NULL,'126','present',101),(716,11,5,13,'127','present',101),(717,1,2,6,'129','present',103),(718,2,1,3,'130','present',103),(719,3,5,15,'131','present',103),(720,4,4,12,'132','present',103),(721,5,NULL,NULL,'133','missing',103),(722,6,6,18,'134','present',103),(723,7,3,9,'135','present',103),(724,1,4,12,'136','present',104),(725,2,2,6,'137','present',104),(726,3,3,9,'138','present',104),(727,4,1,3,'139','present',104),(728,1,1,3,'140','present',105),(729,2,3,9,'141','present',105),(730,3,2,6,'142','present',105),(731,1,1,3,'143','present',106),(732,2,2,6,'144','present',106),(741,1,NULL,NULL,'130','present',107),(742,2,NULL,NULL,'129','present',107),(743,3,NULL,NULL,'139','present',107),(744,4,NULL,NULL,'137','present',107),(745,5,NULL,NULL,'140','present',107),(746,6,1,3,'142','present',107),(747,7,NULL,NULL,'143','present',107),(748,8,NULL,NULL,'144','missing',107),(757,1,1,3,'130','present',108),(758,2,2,7,'129','present',108),(759,3,6,18,'139','present',108),(760,4,7,21,'137','present',108),(761,5,4,13,'140','present',108),(762,6,5,13,'142','present',108),(763,7,3,9,'143','present',108),(764,8,NULL,NULL,'144','missing',108),(765,1,6,17,'130','present',111),(766,2,1,4,'129','present',111),(767,3,5,16,'139','present',111),(768,4,4,12,'137','present',111),(769,5,3,9,'140','present',111),(770,6,7,20,'142','present',111),(771,7,2,5,'143','present',111),(772,1,NULL,NULL,'92,125,180','missing',112),(773,2,1,3,'70,126,165','present',112),(782,1,1,3,'182','present',113),(783,2,3,9,'183','present',113),(784,3,2,6,'173','present',113),(785,1,1,4,'181','present',114),(786,2,2,5,'184','present',114),(787,3,3,9,'77','present',114),(790,1,2,6,'185','present',115),(791,2,1,3,'129','present',115),(792,1,1,3,'189','present',116),(793,1,1,3,'190','present',117);

/*Table structure for table `stages` */

DROP TABLE IF EXISTS `stages`;

CREATE TABLE `stages` (
  `id` bigint(20) unsigned NOT NULL AUTO_INCREMENT,
  `position` int(11) NOT NULL,
  `stage` enum('assistance','selection','classify_1','classify_2') NOT NULL,
  `status` enum('active','final') NOT NULL DEFAULT 'active',
  `category_id` int(11) NOT NULL DEFAULT '1',
  `competitor_id` int(10) unsigned NOT NULL,
  `user_id` int(10) unsigned NOT NULL,
  PRIMARY KEY (`id`),
  KEY `fk_stages_competitors1_idx` (`competitor_id`),
  KEY `fk_stages_users1_idx` (`user_id`),
  CONSTRAINT `fk_stages_competitors1` FOREIGN KEY (`competitor_id`) REFERENCES `competitors` (`id`) ON DELETE NO ACTION ON UPDATE NO ACTION,
  CONSTRAINT `fk_stages_users1` FOREIGN KEY (`user_id`) REFERENCES `users` (`id`) ON DELETE NO ACTION ON UPDATE NO ACTION
) ENGINE=InnoDB DEFAULT CHARSET=utf8;

/*Data for the table `stages` */

/*Table structure for table `temp1` */

DROP TABLE IF EXISTS `temp1`;

CREATE TABLE `temp1` (
  `category` varchar(5) DEFAULT NULL,
  `number` varchar(5) DEFAULT NULL,
  `catalog` varchar(5) DEFAULT NULL,
  `prefix` varchar(20) DEFAULT NULL,
  `NAME` varchar(45) DEFAULT NULL,
  `CODE` varchar(20) DEFAULT NULL,
  `birthdate` varchar(15) DEFAULT NULL,
  `dad_prefix` varchar(20) DEFAULT NULL,
  `dad_name` varchar(45) DEFAULT NULL,
  `mom_prefix` varchar(20) DEFAULT NULL,
  `mom_name` varchar(45) DEFAULT NULL,
  `breeder` varchar(100) DEFAULT NULL,
  `OWNER` varchar(100) DEFAULT NULL
) ENGINE=InnoDB DEFAULT CHARSET=utf8;

/*Data for the table `temp1` */

insert  into `temp1`(`category`,`number`,`catalog`,`prefix`,`NAME`,`CODE`,`birthdate`,`dad_prefix`,`dad_name`,`mom_prefix`,`mom_name`,`breeder`,`OWNER`) values ('124','1','1','AASM','MÜLLER','','','','','','','ALFREDO SANCHEZ MIRANDA','ALFREDO SANCHEZ MIRANDA\r'),('124','2','2','CR','SOÑADOR','','','','','','','CARLOS RAMIREZ CHUPICA','CARLOS RAMIREZ CHUPICA\r'),('124','3','3','JSM','PAJARITO','','','','','','','JOSE SANCHEZ MIRANDA','JOSE SANCHEZ MIRANDA\r'),('124','4','4','FESA','TIRO FIJO','','','','','','','FIDEL ERNESTO SANCHEZ ALAYO','FIDEL ERNESTO SANCHEZ ALAYO\r'),('125','5','1','OSP','LIRICA','','','','','','','ORLANDO SANCHEZ PAREDES','ORLANDO SANCHEZ PAREDES\r'),('125','6','2','RPC','URPI','','','','','','','RAFAEL PUGA CASTRO','RAFAEL PUGA CASTRO\r'),('125','7','3','WM','MULATO','','','','','','','WILFREDO MONTALVO','CESAR VERA ARBAIZA\r'),('125','8','4','CR','CALAMBUCO II','','','','','','','CARLOS RAMIREZ CHUPICA','CARLOS RAMIREZ CHUPICA\r'),('125','9','5','OSM','FARFAN','','','','','','','ORLANDO SANCHEZ MIRANDA','ORLANDO SANCHEZ MIRANDA\r'),('127','10','1','JLK','REFLEJO','','','','','','','JUAN LUIS KRUGER','MANUEL MANRIQUE FIGUEROA\r'),('127','11','2','CR','CARMELO II','','','','','','','CARLOS RAMIREZ CHUPICA','CARLOS RAMIREZ CHUPICA\r'),('128','12','1','JOR','COHIBA-TE','YN-17923','18/12/2014','ERM','ELEGIDO','MLM','MESSINA','CRIADERO JOSE ANTONIO ONRUBIA ROMERO S.A','CRIADERO JOSE ANTONIO ONRUBIA ROMERO S.A\r'),('128','13','2','GCLP','BLANCA LUZ','YN-18460','10/12/2014','MSCRL','LUCUMO','GCLP','MORGANA','GIORGIO CROLLE LORO PIANA','GIORGIO CROLLE LORO PIANA\r'),('128','14','3','JCDCH','LA FARAONA - TE','YN-17736','17/11/2014','JVDZ','LAZCANO I','JD','AFRICA','JOSE CARLOS DEXTRE CHACON','JOSE CARLOS DEXTRE CHACON\r'),('128','15','4','JZ','AFARIA','YN-17881','03/11/2014','AEV','PERICLES','JZ','GRANDIOSA','JAIME URANGA BUSTOS/CRIADERO J.J.','JAIME URANGA BUSTOS/CRIADERO J.J.\r'),('128','16','5','PMCC','PICCOLINA','YN-18543','24/10/2014','JEB','DANDY-TE','PMCC','ARTEMISA','PEDRO MIGUEL CAMAIORA CARCOVICH','PEDRO MIGUEL CAMAIORA CARCOVICH\r'),('128','17','6','JLGW','VERONA','YN-17958','15/10/2014','JLGW','MISTERIO','JLGW','CAPRICHO','JOSE LUIS GAGLIARDI WAKEHAM','JOSE LUIS GAGLIARDI WAKEHAM\r'),('128','18','7','CBM','BRISA','YN-18330','02/10/2014','JEB','DANDY-TE','ERM','ZINGARA','CESAR BENITES MENDOZA','CESAR BENITES MENDOZA\r'),('128','19','8','R','SONAJA','YN-17880','23/09/2014','AHT','SARRACENO','JRM','ENVIDIA-TE','CRIADERO R S.A.C.','CRIADERO R S.A.C.\r'),('128','20','9','*FJ','MARIMBA-TE','YN-17945','14/09/2014','JEB','DANDY-TE','JRM','MAROMA','FERNANDO JARQUIN PIRA','FERNANDO JARQUIN PIRA\r'),('128','21','10','JOR','SUSPICACIA','YN-17925','09/09/2014','JOR','RETADOR','JAO','SUTILEZA','CRIADERO JOSE ANTONIO ONRUBIA ROMERO S.A','CRIADERO JOSE ANTONIO ONRUBIA ROMERO S.A\r'),('128','22','11','JR','ALAHARACA','YN-17951','30/08/2014','JEB','DANDY-TE','MEAA','AVENTURA','JOSE RISSO MONTES','JOSE RISSO MONTES\r'),('128','23','12','JR','REINA-TE','YN-17949','28/08/2014','JEB','DANDY-TE','JR','RECOMPENSA','JOSE RISSO MONTES','JOSE RISSO MONTES\r'),('128','24','13','CRC','POMPEYA - TE','YN-18435','09/08/2014','AEV','LEAL','CRC','AGUAGUANA','CESAR WILLIAM RETAMOZO CACERES','CESAR WILLIAM RETAMOZO CACERES\r'),('128','25','14','MRA','LINDA MOZA','YN-18541','02/08/2014','JEB','DANDY-TE','MRA','MALA MOZA','MIGUEL ARBULU ALVA','MIGUEL ARBULU ALVA\r'),('128','26','15','JEB','MELODIA - TE','YN-18561','30/07/2014','AEV','PERICLES','JEB','NUEVA LUNA','JORGE ELIAS BARREDA','JORGE ELIAS BARREDA\r'),('128','27','16','JEB','YESERA','YN-18560','09/07/2014','AEV','DIGNATARIO','JEB','NUEVA LUNA','JORGE ELIAS BARREDA','JORGE ELIAS BARREDA\r'),('129','28','1','CBM','AMANECER','YN-18342','22/06/2014','CBM','ECLIPSE','MLM','LETICIA','CESAR BENITES MENDOZA','CESAR BENITES MENDOZA\r'),('129','29','2','VHHP','REYNA','YN-18091','16/06/2014','LV','ALTIVO','AZ','PRINCESA','HUGO HUERTAS DEL PINO UTRILLA','HUGO HUERTAS DEL PINO UTRILLA\r'),('129','30','3','MRA','BUENA MOZA','YN-18213','05/06/2014','JEB','IRREVERENTE','MRA','MOZA MALA','MIGUEL ARBULU ALVA','MIGUEL ARBULU ALVA\r'),('129','31','4','JOR','FILARMONIA','YN-17926','02/06/2014','JOR','RETADOR','JRM','DISCORDIA','CRIADERO JOSE ANTONIO ONRUBIA ROMERO S.A','CRIADERO JOSE ANTONIO ONRUBIA ROMERO S.A\r'),('129','32','5','*FJ','LA NOVIA-TE','YN-17946','21/05/2014','AEV','PERICLES','AV','LA DOÑA','FERNANDO JARQUIN PIRA','FERNANDO JARQUIN PIRA\r'),('129','33','6','GPV','DISTINGUIDA','YN-18334','27/04/2014','JLR','RENOMBRE','JLR','HIDALGUIA','GUSTAVO PALOMINO VILCHEZ','GUSTAVO PALOMINO VILCHEZ\r'),('129','34','7','JHL','DULCINEA','YN-18215','20/04/2014','JEB','IRREVERENTE','JHL','CASTA FINA','JAIME RAUL HEREDIA LANDEO','JAIME RAUL HEREDIA LANDEO\r'),('129','35','8','JOR','FRAGANCIA-TE','YN-17927','17/04/2014','ERM','ELEGIDO','JOR','ESCENCIA','CRIADERO JOSE ANTONIO ONRUBIA ROMERO S.A','CRIADERO JOSE ANTONIO ONRUBIA ROMERO S.A\r'),('129','36','9','LAG','TURMA','YN-18496','04/04/2014','LAG','TRIBUNO','LAG','TURMALINA-TE','LUIS ALEJANDRO GONZALEZ LEOPARDI','LUIS ALEJANDRO GONZALEZ LEOPARDI\r'),('129','37','10','JPT','ALGECIRAS','YN-18047','25/03/2014','AHT','SARRACENO','JPT','CATALANA','JORGE AUGUSTO PEREZ TAIMAN','JORGE AUGUSTO PEREZ TAIMAN\r'),('129','38','11','JCDCH','AGRESORA-TE','YN-18021','21/03/2014','JMLL','AGRESOR','JD','AZUCAR','JOSE CARLOS DEXTRE CHACON','JOSE CARLOS DEXTRE CHACON\r'),('129','39','12','PMCC','LUCERO','YN-18427','23/02/2014','ERM','IDOLO','ERM','LUCIERNAGA','PEDRO MIGUEL CAMAIORA CARCOVICH','PEDRO MIGUEL CAMAIORA CARCOVICH\r'),('129','40','13','*MMS','LA FEDE','YN-17317','24/01/2014','JOR','RETADOR','LAM','ARICA','MARTIN MIGUEL SARAVIA','MARTIN MIGUEL SARAVIA\r'),('129','41','14','CVD','SOLIDARIA','YN-17168','18/01/2014','JVDZ','SOL DEL PERU','CVD','SOBERANA','CARLOS VICENTE VILLACORTA DIAZ','CARLOS VICENTE VILLACORTA DIAZ\r'),('129','42','15','RML','MENSAJERA','YN-18117','13/01/2014','LAM','CONDE DE NIEVA','JLH','EMISARIA','RAIMUNDO MORALES LLOSA','RAIMUNDO MORALES LLOSA\r'),('129','43','16','LAG','TORBELLINA - TE','YN-17746','07/01/2014','LAG','TRIBUNO','LAM','TURMANLLE','LUIS ALEJANDRO GONZALEZ LEOPARDI','ALFONSO VALMORE GARCIA GARCIA\r'),('130','44','1','ACZ','KITANA','YN-17407','05/01/2014','*JAI','PRESTIGIO','RPC','ORGULLOSA','ARTURO CAVERO ZAVALA','JOSE LUIS ASCUÑA/ROSA RODRIGUEZ E HIJOS\r'),('130','45','2','*FJ','DIPLOMATICA','YN-17333','29/12/2013','*WF','EMBAJADOR','AEV','NUEVA ESPERANZA','FERNANDO JARQUIN PIRA','FERNANDO JARQUIN PIRA\r'),('130','46','3','MSCRL','MOSCATEL','YN-17260','17/12/2013','LAG','TRIBUNO','MSCRL','SOLERA-TE','CRIADERO LA MAESTRANZA SCRL','CRIADERO LA MAESTRANZA SCRL\r'),('130','47','4','AHT','ALHARACA','YN-17594','15/12/2013','AEV','DIGNATARIO','AHT','LA DIVINA','ANTONIO HUDTWALCKER TEIXEIRA','ANTONIO HUDTWALCKER TEIXEIRA\r'),('130','48','5','JM','BOLIVARIANA','YN-17637','26/11/2013','JM','ECLIPSE','JM','CONQUISTADORA','JUAN MANUEL RIZO PATRON BARUA','JUAN MANUEL RIZO PATRON BARUA\r'),('130','49','6','JZ','ONDARROA-TE','YN-16999','22/11/2013','ERM','ELEGIDO','JZ','GRACIOSA','JAIME URANGA BUSTOS/CRIADERO J.J.','JAIME URANGA BUSTOS/CRIADERO J.J.\r'),('130','50','7','*FJ','PUREZA','YN-17331','20/11/2013','JEB','DANDY-TE','JOR','ESCENCIA','FERNANDO JARQUIN PIRA','FERNANDO JARQUIN PIRA\r'),('130','51','8','JZ','BISKAIA-TE','YN-16997','03/11/2013','ERM','IDOLO','JZ','GRACIOSA','JAIME URANGA BUSTOS/CRIADERO J.J.','RAFAEL FRANCO MONTES\r'),('130','52','9','AV','SALVADORA-TE','YN-17395','26/10/2013','JEB','DANDY-TE','AV','LA DOÑA','CRIADERO ANIBAL VASQUEZ MONTOYA','CRIADERO ANIBAL VASQUEZ MONTOYA\r'),('130','53','10','MRA','ALMIBARADA','YN-17786','23/10/2013','JEB','IRREVERENTE','MRA','GITANILLA','MIGUEL ARBULU ALVA','GINO GUIULFO GARCIA\r'),('130','54','11','AZF','IBERA-TE','YN-17091','22/10/2013','ERM','ESPONTANEO','AZF','IBIZA','ABRAHAM ZAVALA FALCON','ABRAHAM ZAVALA FALCON\r'),('130','55','12','BCD','ECIJANA','YN-17635','17/10/2013','FC','ECIJANO','BC','BELLA HURI','BELISARIO DE LAS CASAS D\'ONOFRIO','FERNANDO CERUTI COGORNO\r'),('130','56','13','CVD','ILUSION','YN-16919','10/10/2013','LV','MANDAMAS','CVD','OSADIA','CARLOS VICENTE VILLACORTA DIAZ','CARLOS VICENTE VILLACORTA DIAZ\r'),('130','57','14','LAG','MERIDEÑA','YN-17747','28/09/2013','LAG','ORO-TE','LAG','MERIDA-TE','LUIS ALEJANDRO GONZALEZ LEOPARDI','LUIS ALEJANDRO GONZALEZ LEOPARDI\r'),('130','58','15','RCM','RAYUELA III-TE','YN-17045','11/09/2013','CEC','VIAJERO','LPV','RAYUELA II','RENZO CAROZZI MORALES/CRIADERO EL CRIOLLO','RENZO CAROZZI M/FABRIZIO Y ALESSANDRO CAROZZI S\r'),('130','59','16','JZ','KALEA','YN-16998','05/09/2013','ERM','IDOLO','JZ','OBSIDIANA','JAIME URANGA BUSTOS/CRIADERO J.J.','OLGA AROSEMENA / FINCA AGUA MINA\r'),('130','60','17','JAGT','NUEVA PROMESA-TE','YN-17543','26/08/2013','JRM','LABRADOR','AEV ','NUEVA ESPERANZA','JOSE ALEJANDRO GOMEZ DE LA TORRE MIRANDA','JOSE ALEJANDRO GOMEZ DE LA TORRE MIRANDA\r'),('131','61','1','ACZ','ALTEZA','YN-17271','19/08/2013','*JAI','PRESTIGIO','ACZ','FATIMA','ARTURO CAVERO ZAVALA','ARTURO CAVERO ZAVALA\r'),('131','62','2','JR','MIRA-TE','YN-17010','10/08/2013','JEB','DANDY-TE','JRM','MARIONETA','JOSE RISSO MONTES','JOSE RISSO MONTES\r'),('131','63','3','AEV','LEGITIMA','YN-17293','30/07/2013','AEV','DIGNATARIO','AEV','PROMETIDA','ALFREDO ELIAS VARGAS','ALFREDO ELIAS VARGAS\r'),('131','64','4','EAA','FILOMENA','YN-17480','28/07/2013','LAG','VALENTINO','EAA','PERFUME','ENRIQUE ARBULU AGUINAGA','ENRIQUE ARBULU AGUINAGA\r'),('131','65','5','FC','OFRENDA II','YN-17728','18/07/2013','JRM','PINCEL','FC','PRESUMIDA','FERNANDO CERUTI COGORNO','FERNANDO CERUTI COGORNO\r'),('131','66','6','MRA','ASOMBRADA','YN-17731','18/07/2013','JEB','IRREVERENTE','RVB','SOBERANA','MIGUEL ARBULU ALVA','MIGUEL ARBULU ALVA\r'),('131','67','7','LAM','COLA BLANCA','YN-17103','09/07/2013','LAG','BAYOTORDO','LAM','MINERVA','LUIS ALFREDO MALATESTA ANDERSON','GONZALO ANDRADE NICOLI\r'),('131','68','8','JR','BURUNDANGA','YN-17007','01/07/2013','JEB','DANDY-TE','JR','BUENA LUZ','JOSE RISSO MONTES','JOSE RISSO MONTES\r'),('131','69','9','BCD','ALELUYA-TE','YN-17165','19/03/2013','JRM','LABRADOR','BC','ALEGRIA','BELISARIO DE LAS CASAS D\'ONOFRIO','BELISARIO DE LAS CASAS D\'ONOFRIO\r'),('131','70','10','R','TOMBOLA-TE','YN-17580','17/03/2013','JRM','LABRADOR','JRM','LAGRIMA','CRIADERO R S.A.C.','CRIADERO R S.A.C.\r'),('131','71','11','JEB','EMPALIZADA','YN-17843','09/02/2013','AEV','DIGNATARIO','JEB','NUEVA LUNA','JORGE ELIAS BARREDA','LEO DAVID COHEN MUGRABI\r'),('131','72','12','JR','GENOVA','YN-17008','01/02/2013','JEB','DANDY-TE','JR','GENEROSA','JOSE RISSO MONTES','JOSE RISSO MONTES\r'),('131','73','13','MSCRL','GRANADA II-TE','YN-17261','31/01/2013','AEV','EL PATRICIO','MSCRL','CEREZA','CRIADERO LA MAESTRANZA SCRL','CRIADERO LA MAESTRANZA SCRL\r'),('131','74','14','RCM','INDECISA','YN-16938','13/01/2013','LV','ACTOR','CEC','APERTURA','RENZO CAROZZI MORALES/CRIADERO EL CRIOLLO','CARLOS ANTONIO CHIRINOS SORIA\r'),('131','75','15','JCDCH','CAROZA','YN-17561','12/01/2013','ERM','ESPONTANEO','JVDZ','CAPRICHO','JOSE CARLOS DEXTRE CHACON','JOSE CARLOS DEXTRE CHACON\r'),('131','76','16','RCM','DOÑA TITA','YN-16942','08/01/2013','CEC','VIAJERO','INP','CHICUELINA','RENZO CAROZZI MORALES/CRIADERO EL CRIOLLO','RENZO CAROZZI M/FABRIZIO Y ALESSANDRO CAROZZI S\r'),('131','77','17','CBM','ARROGANCIA','YN-17530','01/01/2013','LV','ACTOR','LV','ESTAMPA','CESAR BENITES MENDOZA','CESAR BENITES MENDOZA\r'),('132','78','1','OSP','ACROPILIS - TE','YN-18595','30/12/2012','OSP','SOCRATES','MSP','AROMA II','ORLANDO SANCHEZ PAREDES','ORLANDO SANCHEZ PAREDES\r'),('132','79','2','SGA','MELOSA','YN-16598','21/12/2012','CCY','EMISARIO','SGA','PRESENCIA','SAMUEL GLEISER AZCARATE','SAMUEL GLEISER AZCARATE\r'),('132','80','3','JLGW','DELIRIO','YN-16915','20/12/2012','JEB','DANDY-TE','JLGW','BAIANA','JOSE LUIS GAGLIARDI WAKEHAM','JOSE LUIS GAGLIARDI WAKEHAM\r'),('132','81','4','PK','CONSTELACION','YN-16962','17/12/2012','PK','IMPONENTE','PK','COSMICA','PEDRO KOECHLIN VON STEIN','PEDRO KOECHLIN VON STEIN\r'),('132','82','5','CCC','PINCELADA','YN-17073','15/12/2012','CCC','LUXOR','AZ','ACUARELA','CRIADERO CUARTO CRECIENTE','CRIADERO CUARTO CRECIENTE\r'),('132','83','6','CAMB','VALENTINA II','YN-17390','10/12/2012','CCC','CALLANGO','CAMB','VALENTINA','CARLOS ALBERTO MARSANO BRAMBILLA','CARLOS ALBERTO MARSANO BRAMBILLA\r'),('132','84','7','JAGT','BRITANICA','YN-16782','18/11/2012','JEB','IRREVERENTE','JRM','PRECAVIDA','JOSE ALEJANDRO GOMEZ DE LA TORRE MIRANDA','EDUARDO FRANCISCO BAUER CHABANEIX\r'),('132','85','8','KRA','ACUARELA','YN-16401','16/11/2012','LV','CAUDILLO-TE','LV','PINTURA I','KARL WILHELM REUSCHE ARAMBULO','KARL WILHELM REUSCHE ARAMBULO\r'),('132','86','9','GLR','NANDA','YN-16261','14/11/2012','GLR','CARRIZAL','GLR','FRANCISQUITA','JAVIER A.LA ROSA MUSANTE/CRIADERO DOÑA IRMA','JAVIER A.LA ROSA MUSANTE/CRIADERO DOÑA IRMA\r'),('132','87','10','ERM','ENIGMATICA-TE','YN-16302','10/11/2012','ERM','ESPONTANEO','JRM','ENIGMA','EDUARDO RISSO MONTES','EDUARDO RISSO MONTES\r'),('132','88','11','R','PICONA','YN-17518','05/11/2012','JEB','DANDY-TE','JRM','NOSTALGIA','CRIADERO R S.A.C.','CRIADERO R S.A.C.\r'),('132','89','12','MSP','HECHICERA II - TE','YN-18568','04/11/2012','MSP','PERSEPTOLIS-TE','MSP','TIFA I - TE','MANUEL SANCHEZ PAREDES','MANUEL SANCHEZ PAREDES\r'),('132','90','13','JFRN','ACTRIZ','YN-16413','30/10/2012','LV','ACTOR','JFRN','LA NOVIA','JUAN FRANCISCO RAFFO NOVELLI / CRIADERO ALTO PRADO','JUAN FRANCISCO RAFFO NOVELLI / CRIADERO ALTO PRADO\r'),('132','91','14','AJ','LA MAR','YN-16352','26/10/2012','LAG','VALENTINO','MEAA','APURIMAC','ALFONSO AVILA JORDAN','ALFONSO AVILA JORDAN\r'),('132','92','15','JZ','IRUÑA','YN-16988','23/10/2012','LV','SOL BRILLANTE','JZ','GRANDIOSA II','JAIME URANGA BUSTOS/CRIADERO J.J.','JAIME URANGA BUSTOS/CRIADERO J.J.\r'),('132','93','16','RCM','LUANA-TE','YN-16307','22/10/2012','CEC','VIAJERO','NNP','ANA MARIA','RENZO CAROZZI MORALES/CRIADERO EL CRIOLLO','RENZO CAROZZI M/FABRIZIO Y ALESSANDRO CAROZZI S\r'),('132','94','17','ERM','AMOROSA','YN-16500','22/10/2012','JRM','PATRIMONIO','ERM','ROMANCERA','EDUARDO RISSO MONTES','PEDRO MIGUEL CAMAIORA CARCOVICH\r'),('132','95','18','ABE','NIRVANA','YN-16421','16/10/2012','AEV','DIGNATARIO','ABE','LA GRINGA','ALICIA BARREDA DE ELIAS','RAFAEL FRANCO MONTES\r'),('132','96','19','CCC','CONQUISTADORA-TE','YN-16371','15/10/2012','JEB','DANDY-TE','LV','CONQUISTA','CRIADERO CUARTO CRECIENTE','CRIADERO CUARTO CRECIENTE\r'),('132','97','20','MEAA','ANABOLENA','YN-17716','14/10/2012','JD','PREAMBULO','MEAA','ALBANIA IV','MANUEL ENRIQUE ACUÑA ALFARO','MANUEL ENRIQUE ACUÑA ALFARO\r'),('132','98','21','MSCRL','LA MOZA','YN-16425','14/10/2012','JEB','DANDY-TE','MSCRL','SEÑORITA CAYALTI','CRIADERO LA MAESTRANZA SCRL','CRIADERO LA MAESTRANZA SCRL\r'),('132','99','22','JR','MI CHINA-TE','YN-16350','12/10/2012','JEB','DANDY-TE','JRM','MICHINA','JOSE RISSO MONTES','JOSE RISSO MONTES\r'),('132','100','23','BCD','ALGAZARA','YN-16595','09/10/2012','LV','SOL BRILLANTE','BC','ALGARABIA','BELISARIO DE LAS CASAS D\'ONOFRIO','BELISARIO DE LAS CASAS D\'ONOFRIO\r'),('132','101','24','GCLP','SANTA CRUZ','YN-16644','30/09/2012','LV','ACTOR','GCLP','CAPITU','GIORGIO CROLLE LORO PIANA','GIORGIO CROLLE LORO PIANA\r'),('133','102','1','CCY','MARIA LUISA','YN-17724','26/09/2012','LV','CAUDILLO-TE','CCY','MARISMA','CARLOS CORNO YORI','ILEANA JERI DE CORNO\r'),('133','103','2','FyEP','FIRMEZA','YN-16193','25/09/2012','AEV','EL PATRICIO','FyEP','PROLIJA','FERNANDO Y ELSA PUGA','FERNANDO Y ELSA PUGA\r'),('133','104','3','CFF','AYAPLIANA','YN-16853','25/09/2012','ERM','IDOLO','CFF','AMORA','CARLOS FUKUDA FUKUDA','CARLOS FUKUDA FUKUDA\r'),('133','105','4','HSR','ROSAMAR','YN-17119','25/09/2012','CEC','VIAJERO','SRT','MAGISTRADA','HACIENDA SANTA ROSA S.A.C.','HACIENDA SANTA ROSA S.A.C.\r'),('133','106','5','ERM','ABANDERADA-TE','YN-16301','17/09/2012','FCY','VANDALO','ERM','BANDERA','EDUARDO RISSO MONTES','EDUARDO RISSO MONTES\r'),('133','107','6','OSP','ARROGANCIA','YN-18596','16/09/2012','JRM','RETORNO','BCH','REALIDAD','ORLANDO SANCHEZ PAREDES','ORLANDO SANCHEZ PAREDES\r'),('133','108','7','MLM','ANASTASIA','YN-16395','16/09/2012','ERM','ELEGIDO','MLM','RANIA','MICHAEL Y LINDA MEWHINNEY','MICHAEL Y LINDA MEWHINNEY\r'),('133','109','8','JAK','ALMA','YN-17153','15/09/2012','PK','IMPONENTE','OSP','SOMBREADA','HACIENDA RECOVECO S.A.C.','JOSE ALFREDO KOECHLIN FIGARI\r'),('133','110','9','GCLP','TUCUMANA','YN-17268','09/09/2012','LV','SOL BRILLANTE','NEC','DAMISELA','GIORGIO CROLLE LORO PIANA','GIORGIO CROLLE LORO PIANA\r'),('133','111','10','R','PATALETA','YN-17519','08/09/2012','AEV','LEAL','JRM','PIZPIRETA','CRIADERO R S.A.C.','CRIADERO R S.A.C.\r'),('133','112','11','JOR','DOGMA','YN-16969','24/08/2012','JOR','SEÑOR DE SEÑORES','JOR','ESTIGMA','CRIADERO JOSE ANTONIO ONRUBIA ROMERO S.A','CRIADERO JOSE ANTONIO ONRUBIA ROMERO S.A\r'),('133','113','12','JLGW','LOA','YN-16931','24/08/2012','JRM','LABRADOR','LAM','LOA','JOSE LUIS GAGLIARDI WAKEHAM','JOSE LUIS GAGLIARDI WAKEHAM\r'),('133','114','13','KRA','BAILARINA -TE','YN-16450','23/08/2012','ERM','ESPONTANEO','LV','BAILADORA','KARL WILHELM REUSCHE ARAMBULO','KARL WILHELM REUSCHE ARAMBULO\r'),('133','115','14','EAA','DELICIA','YN-16499','20/08/2012','EAA','DIAMANTE','EAA','PITUFA','ENRIQUE ARBULU AGUINAGA','ENRIQUE ARBULU AGUINAGA\r'),('133','116','15','ERM','PROEZA','YN-16501','18/08/2012','JRM','PATRIMONIO','ERM','OSADIA','EDUARDO RISSO MONTES','EDUARDO RISSO MONTES\r'),('133','117','16','ERM','FABULOSA','YN-16502','13/08/2012','JRM','PATRIMONIO','ERM','FANTASTICA','EDUARDO RISSO MONTES','EDUARDO RISSO MONTES\r'),('133','118','17','OSM','EVA','YN-17444','10/08/2012','OSM','DIPLOMATICO','OSM','SUPREMA','ORLANDO SANCHEZ MIRANDA','NEIL EDWIN CORDOVA MACASSI\r'),('133','119','18','RCM','MAGALY-TE','YN-16308','08/08/2012','LV','MANDAMAS','PK','LA FAVORITA','RENZO CAROZZI MORALES/CRIADERO EL CRIOLLO','RENZO CAROZZI M/FABRIZIO Y ALESSANDRO CAROZZI S\r'),('133','120','19','FC','SOBERBIA','YN-17727','05/08/2012','RPC','SUPERIOR','FC','DULCINEA','FERNANDO CERUTI COGORNO','FERNANDO CERUTI COGORNO\r'),('133','121','20','JR','PATRIA','YN-16275','28/07/2012','JEB','DANDY-TE','JRM','PERUANISIMA','JOSE RISSO MONTES','FERNANDO JARQUIN PIRA\r'),('133','122','21','JSS','MI VIDA','YN-17149','15/07/2012','LV','TRIFINO-TE','JSS','LUNERA','JAMES SCHNEIDER SAAVEDRA','JAMES SCHNEIDER SAAVEDRA\r'),('133','123','22','OSP','SOBERBIA','YN-18598','12/07/2012','JSM','SOLIDARIO','JZ','SEVILLA','ORLANDO SANCHEZ PAREDES','ORLANDO SANCHEZ PAREDES\r'),('133','124','23','JR','CANDELARIA','YN-16277','01/07/2012','JRM','PINCEL','JRM','MAJADERA','JOSE RISSO MONTES','JOSE RISSO MONTES\r'),('133','125','24','MLM','INFANTA','YN-16304','23/06/2012','ERM','ESPONTANEO','MLM','LETICIA','MICHAEL Y LINDA MEWHINNEY','MICHAEL Y LINDA MEWHINNEY\r'),('134','126','1','SGA','CONGA','YN-16631','16/06/2012','SGA','ALTAIR','OQ','RICA CHINITA','SAMUEL GLEISER AZCARATE','SAMUEL GLEISER AZCARATE\r'),('134','127','2','*CC','LUNATICA-TE','YN-16347','06/06/2012','JRM','PINCEL','WF','LUNAREJA','CRIADERO CASTILLO','CRIADERO CASTILLO\r'),('134','128','3','ECH','CAMILA','YN-17213','05/06/2012','ERM','EMBRUJO DE CACHICHE','ECH','PRESUMIDA','EDUARDO EDGARDO CHAMAN COMOTTO','EDUARDO EDGARDO CHAMAN COMOTTO\r'),('134','129','4','JEB','ESPARTA','YN-17336','25/05/2012','AEV','PERICLES','AEV','MOZA LINDA','JORGE ELIAS BARREDA','JORGE ELIAS BARREDA\r'),('134','130','5','GAN','FIESTERA','YN-16711','09/05/2012','JRM','LABRADOR','GAN','MARIA FIESTA','GONZALO ANDRADE NICOLI','GONZALO ANDRADE NICOLI\r'),('134','131','6','JLGW','CAMPERITA','YN-16912','06/05/2012','LBL','ALTIVO','JLGW','AZAHARA','JOSE LUIS GAGLIARDI WAKEHAM','GEORGE ANTONIO MASIAS FELIPA\r'),('134','132','7','AZ','ACHINADA I','YN-17460','30/04/2012','AZ','ANDALUZ','AZ','ACHINADA','ALBERTO DE AZAMBUJA PASARA','ALBERTO DE AZAMBUJA PASARA\r'),('134','133','8','CVD','POLVOROSA','YN-16390','11/04/2012','JVDZ','NOBLE REY','CVD','PICARDIA','CARLOS VICENTE VILLACORTA DIAZ','CARLOS VICENTE VILLACORTA DIAZ\r'),('134','134','9','AV','MORENA II','YN-16830','04/04/2012','*SK','MOMOTOMBO','AV','AGUA BENDITA','CRIADERO ANIBAL VASQUEZ MONTOYA','CRIADERO ANIBAL VASQUEZ MONTOYA\r'),('134','135','10','JR','SIEMPREVIVA','YN-16276','19/03/2012','JEB','DANDY-TE','JR','PERUANA','JOSE RISSO MONTES','JOSE RISSO MONTES / HARAS EL MAYOR S.A.\r'),('134','136','11','HH','FLOR DE SOL','YN-16029','17/03/2012','JEB','DANDY-TE','HH','FLOR DE AMANCAES','HACIENDA HUAMANI','GUILLERMO ALEJANDRO CHAVEZ AMADO\r'),('134','137','12','ERB','BANDIDA','YN-15963','09/03/2012','ERB','DESTINO','ERD','CORTESANA','ERNESTO ROCA BUSSALLEU','ERNESTO ROCA BUSSALLEU\r'),('134','138','13','CBM','CAPRICHOSA','YN-16899','01/03/2012','LV','ACTOR','CCC','CHICAMA','CESAR BENITES MENDOZA','CESAR BENITES MENDOZA\r'),('134','139','14','AV','PIMIENTA III','YN-16828','27/02/2012','*SK','MOMOTOMBO','AV','PRINCESITA','CRIADERO ANIBAL VASQUEZ MONTOYA','CRIADERO ANIBAL VASQUEZ MONTOYA\r'),('134','140','15','MSP','ARMIÑADA - TE','YN-18566','14/02/2012','MSP','SILENCIO-TE','MSP','AMANCAES','MANUEL SANCHEZ PAREDES','MANUEL SANCHEZ PAREDES\r'),('134','141','16','JOR','AIROSA','YN-16972','07/02/2012','LV','SOL BRILLANTE','JOR','LA DIVA','CRIADERO JOSE ANTONIO ONRUBIA ROMERO S.A','CRIADERO JOSE ANTONIO ONRUBIA ROMERO S.A\r'),('134','142','17','MEAA','AXIOMA','YN-16531','05/02/2012','JD','MAYASCONG','MEAA','ARTICA','MANUEL ENRIQUE ACUÑA ALFARO','MANUEL ENRIQUE ACUÑA ALFARO\r'),('134','143','18','JyVE','PERUANA','YN-16658','02/02/2012','JR','PERUANO','ERPB','MARIA DEL ALMA','JOSE ESTREMADOYRO RAMIREZ/VALERIA ESTREMADOYRO MESTANZA','JOSE ESTREMADOYRO RAMIREZ/VALERIA ESTREMADOYRO MESTANZA\r'),('134','144','19','OSP','AIROSA - TE','YN-18597','01/02/2012','MSP','TELEMACO','JZ','ANDARIEGA','ORLANDO SANCHEZ PAREDES','ORLANDO SANCHEZ PAREDES\r'),('134','145','20','FyEP','FORTUNA','YN-16194','30/01/2012','AEV','DIGNATARIO','FyEP','AVENTURA','FERNANDO Y ELSA PUGA','FERNANDO Y ELSA PUGA\r'),('134','146','21','JZ','NAVARRA II-TE','YN-16917','27/01/2012','JRM','PINCEL','JZ','YERBA BUENA','JAIME URANGA BUSTOS/CRIADERO J.J.','FERNANDO JARQUIN PIRA\r'),('134','147','22','MSCRL','FUMAROLA','YN-16403','23/01/2012','AEV','NUEVO REY','MSCRL','BENEDICTA','CRIADERO LA MAESTRANZA SCRL','CRIADERO LA MAESTRANZA SCRL\r'),('134','148','23','ERM','MILANA','YN-16503','03/01/2012','JRM','PATRIMONIO','ERM','GENOVA','EDUARDO RISSO MONTES','EDUARDO RISSO MONTES\r'),('134','149','24','LV','NATIVA-TE','YN-15666','03/01/2012','AV','MOTIVO','LV','BAILADORA','LUIS VASQUEZ NACARINO','LUIS PABLO VASQUEZ DIAZ\r'),('135','150','1','LV','CANDELA-TE','YN-15953','27/12/2011','LV','TRIFINO-TE','LV','LUNA DE PAIJAN','LUIS VASQUEZ NACARINO','GANADERA MONTECRISTO S.A.C.\r'),('135','151','2','AZF','CONSISTENCIA','YN-15782','18/12/2011','JRM','PINCEL','AZF','IBIZA','ABRAHAM ZAVALA FALCON','ABRAHAM ZAVALA FALCON\r'),('135','152','3','SGA','EXCLUSIVA','YN-15974','17/12/2011','CCY','EMISARIO','SGA','ROMANTICA','SAMUEL GLEISER AZCARATE','SAMUEL GLEISER AZCARATE\r'),('135','153','4','RML','ESMERALDA-TE','YN-16589','13/12/2011','CCC','CALLANGO','MSCRL','MARIA LUZ','RAIMUNDO MORALES LLOSA','RAIMUNDO MORALES LLOSA\r'),('135','154','5','MSP','GACELA - TE','YN-18585','30/11/2011','MSP','BROCHE DE ORO','MSP','ROSA DEL PERU-TE','MANUEL SANCHEZ PAREDES','MANUEL SANCHEZ PAREDES\r'),('135','155','6','AZF','INTEGRIDAD','YN-15779','28/11/2011','AEV','DIGNATARIO','AZF','INQUIETUD','ABRAHAM ZAVALA FALCON','ABRAHAM ZAVALA FALCON\r'),('135','156','7','VHHP','DIVINA','YN-16286','10/11/2011','LV','ALTIVO','HHP','BARTOLA','HUGO HUERTAS DEL PINO UTRILLA','HUGO HUERTAS DEL PINO UTRILLA\r'),('135','157','8','AZ','DECIDIDA','YN-17459','02/11/2011','AZ','APOLO','AZ','DICTADORA','ALBERTO DE AZAMBUJA PASARA','ALBERTO DE AZAMBUJA PASARA\r'),('135','158','9','CN','FERREÑAFANA','YN-16908','22/10/2011','AZF','COMANCHE','CN','ALMENDRA','CERVECERIAS PERUANAS BACKUS S.A.A.','CERVECERIAS PERUANAS BACKUS S.A.A.\r'),('135','159','10','FGR','ALTANERA','YN-16373','20/10/2011','JRM','PINCEL','JLGW','CAPRICHO','FABIOLA GAGLIARDI RIOS','FABIOLA GAGLIARDI RIOS\r'),('135','160','11','JRR','EUFORIA','YN-16043','20/10/2011','JRM','LABRADOR','JRR','EMINENCIA','JOSE ROBERTO RISSO DE LAS CASAS','RAFAEL FRANCO MONTES\r'),('135','161','12','CCC','PASIONARIA','YN-15829','19/10/2011','AV','ANDALUZ','SGA','PASION','CRIADERO CUARTO CRECIENTE','CRIADERO CUARTO CRECIENTE\r'),('135','162','13','AZF','EQUIDAD-TE','YN-15786','21/09/2011','ERM','REVOLUCIONARIO','JRM','LIBERA','ABRAHAM ZAVALA FALCON','ABRAHAM ZAVALA FALCON\r'),('135','163','14','JR','BELLEZA','YN-15775','16/09/2011','JRM','PINCEL','AZF','BONANZA','JOSE RISSO MONTES','JOSE RISSO MONTES\r'),('135','164','15','LV','NOTICIA','YN-18023','11/09/2011','AV','MOTIVO','LV','INTERPRETE','LUIS VASQUEZ NACARINO','CESAR BENITES MENDOZA\r'),('135','165','16','ERM','FANATICA','YN-15758','24/08/2011','AEV','DIGNATARIO','ERM','FANTASTICA','EDUARDO RISSO MONTES','EDUARDO RISSO MONTES\r'),('135','166','17','LV','VERONA','YN-15955','23/08/2011','AV','MOTIVO','LV','ACTORA','LUIS VASQUEZ NACARINO','GANADERA MONTECRISTO S.A.C.\r'),('135','167','18','JOR','EVIDENCIA','YN-16057','20/08/2011','*WF','EMBAJADOR','JOR','AÑORANZA','CRIADERO JOSE ANTONIO ONRUBIA ROMERO S.A','CRIADERO JOSE ANTONIO ONRUBIA ROMERO S.A\r'),('135','168','19','MRA','PASO Y PASION','YN-15965','13/08/2011','ERM','ESPONTANEO','MRA','GITANILLA','MIGUEL ARBULU ALVA','MIGUEL ARBULU ALVA\r'),('135','169','20','CEC','NUEVA ESPERANZA','YN-15891','12/08/2011','CEC','VIAJERO','CEC','APERTURA','RENZO Y ROSSANA CAROZZI MORALES/CRIADERO EL CRIOLLO','RENZO Y ROSSANA CAROZZI MORALES/CRIADERO EL CRIOLLO\r'),('135','170','21','HH','QUIMERA','YN-15762','06/08/2011','ERM','ESPONTANEO','HH','ODALISCA','HACIENDA HUAMANI','HACIENDA HUAMANI\r'),('135','171','22','ACZ','PERUANITA','YN-16122','28/07/2011','RPC','SUPERIOR','RPC','ORGULLOSA','ARTURO CAVERO ZAVALA','ARTURO CAVERO ZAVALA\r'),('135','172','23','LV','SIMPATIA','YN-15701','27/07/2011','LV','ACTOR','TDK','ALTAMIRA','LUIS VASQUEZ NACARINO','GANADERA MONTECRISTO S.A.C.\r'),('135','173','24','KRA','FABULA','YN-15843','18/07/2011','ERM','IDOLO','ERM','VENECIANA','KARL WILHELM REUSCHE ARAMBULO','KARL WILHELM REUSCHE ARAMBULO\r'),('136','174','1','GLR','NIRVANA','YN-15960','17/07/2011','GLR','CARRIZAL','GLR','VIAJERA','JAVIER A.LA ROSA MUSANTE/CRIADERO DOÑA IRMA','JAVIER A.LA ROSA MUSANTE/CRIADERO DOÑA IRMA\r'),('136','175','2','AHT','DESTINADA','YN-16397','15/07/2011','AEV','DIGNATARIO','AHT','LA FAROLERA','ANTONIO HUDTWALCKER TEIXEIRA','ANTONIO HUDTWALCKER TEIXEIRA\r'),('136','176','3','JZ','HERNANI-TE','YN-16525','26/06/2011','ERM','ELEGIDO','JZ','YERBA BUENA','JAIME URANGA BUSTOS/CRIADERO J.J.','JAIME URANGA BUSTOS/CRIADERO J.J.\r'),('136','177','4','ACZ','BELLA LUNA','YN-16013','13/06/2011','JRM','LOMBARDO','CDB','BELLA DONA','ARTURO CAVERO ZAVALA','ARTURO CAVERO ZAVALA\r'),('136','178','5','VHMC','USURPADORA','YN-16468','26/05/2011','RVO','PREFERIDO','HMC','ANTUANE','VICTOR HUGO MAMANI COLQUE','PAUL ALFREDO BARREDA PEZO\r'),('136','179','6','CVD','PROMESA-TE','YN-15423','12/05/2011','AV','ANDALUZ','CVD','PICARDIA','CARLOS VICENTE VILLACORTA DIAZ','CARLOS VICENTE VILLACORTA DIAZ\r'),('136','180','7','FC','CAMPANERA','YN-18060','08/05/2011','FC','MANDATARIO','FC','LA TINAJERA','FERNANDO CERUTI COGORNO','CRIADERO LA MAESTRANZA SCRL\r'),('136','181','8','JM','FRINE','YN-15650','08/05/2011','CCY','EMISARIO','JM','FRAGANCIA','JUAN MANUEL RIZO PATRON BARUA','JUAN MANUEL RIZO PATRON BARUA\r'),('136','182','9','MLM','ZAFIRO','YI-00480','01/05/2011','ERM','ESPONTANEO','JZ','AMATISTA','MICHAEL Y LINDA MEWHINNEY','CRIADERO JOSE ANTONIO ONRUBIA ROMERO S.A\r'),('136','183','10','JCDCH','PREMISA','YN-15699','20/04/2011','JD','PREAMBULO','JCDCH','PEPITA DEL SUR','JOSE CARLOS DEXTRE CHACON','JOSE CARLOS DEXTRE CHACON\r'),('136','184','11','JAK','ALQUIMIA-TE','YN-16109','09/04/2011','PK','POTRILLAZO','PK','SANGRE AZUL','HACIENDA RECOVECO S.A.C.','JOSE LUIS FAUSTINO ASCUÑA MARQUEZ\r'),('136','185','12','BCD','EUFORIA','YN-15834','08/04/2011','AEV','DIGNATARIO','BC','ALEGRIA','BELISARIO DE LAS CASAS D\'ONOFRIO','BELISARIO DE LAS CASAS D\'ONOFRIO\r'),('136','186','13','ERM','MAYNA-TE','YN-15751','28/03/2011','ERM','ELEGIDO','JRM','ENIGMA','EDUARDO RISSO MONTES','EDUARDO RISSO MONTES\r'),('136','187','14','ERM','REPLICA','YI-00479','28/03/2011','ERM','ESPONTANEO','ERM','TABATA','EDUARDO RISSO MONTES','EDUARDO RISSO MONTES\r'),('136','188','15','FyEP','ESENCIA','YN-15747','18/03/2011','AEV','DIGNATARIO','FyEP','CHINA LINDA','FERNANDO Y ELSA PUGA','FERNANDO Y ELSA PUGA\r'),('136','189','16','AdSS','AÑORANZA','YN-15818','02/03/2011','FTV','GIRASOL','JAK','NOSTALGIA','ANDRES DEL SOLAR SOLIMANO/ROSE MARIE SALINI ESPINOZA','ANDRES DEL SOLAR SOLIMANO/ROSE MARIE SALINI ESPINOZA\r'),('136','190','17','JMLL','BULERIA','YN-16542','20/02/2011','MLL','ESTIRPE','HNS','ALBILLA','JUAN MANUEL LLANOS RODRIGUEZ','JUAN MANUEL LLANOS RODRIGUEZ\r'),('136','191','18','OSP','CALIOPE-TE','YN-17848','18/02/2011','LV','EXPRESO','JZ','PENELOPE','ORLANDO SANCHEZ PAREDES','ORLANDO SANCHEZ PAREDES\r'),('136','192','19','KRA','ROSALINDA-TE','YN-15574','28/01/2011','JVDZ','SOL DEL PERU','CBR','BELLA FLOR','KARL WILHELM REUSCHE ARAMBULO','KARL WILHELM REUSCHE ARAMBULO\r'),('136','193','20','JMLL','BAILADORA','YN-17162','20/01/2011','MLL','FINA ESTAMPA','HNS','CARMELINA','JUAN MANUEL LLANOS RODRIGUEZ','JUAN MANUEL LLANOS RODRIGUEZ\r'),('136','194','21','JMLL','BAMBINA','YN-16848','10/01/2011','MLL','ESTIRPE','GAN','GRAN FIESTA','JUAN MANUEL LLANOS RODRIGUEZ','JUAN MANUEL LLANOS RODRIGUEZ\r'),('136','195','22','CCC','ACUARELA','YN-15825','04/01/2011','JRM','RESPLANDOR','AZ','ACUARELA','CRIADERO CUARTO CRECIENTE','CRIADERO CUARTO CRECIENTE\r'),('136','196','23','MSCRL','ABADESA','YN-15436','03/01/2011','AV','ANDALUZ','MSCRL','BENEDICTA','CRIADERO LA MAESTRANZA SCRL','CRIADERO LA MAESTRANZA SCRL\r'),('136','197','24','CVD','ENGREIDA-TE','YN-15420','28/12/2010','AV','ANDALUZ','AZ','ACUARELA','CARLOS VICENTE VILLACORTA DIAZ','HACIENDA HUAMANI\r'),('137','198','1','BRR','CALIENTE','YN-15861','24/12/2010','JOR','AGUARDIENTE','BRR','MAJESTAD DE HUARAL','BELISARIO ROSAS RAZETO','BELISARIO ROSAS RAZETO\r'),('137','199','2','JSM','SOLERA-TE','YN-17211','12/12/2010','LV','ACTOR','OSP','SOLIDARIA','JOSE SANCHEZ MIRANDA','JOSE SANCHEZ MIRANDA\r'),('137','200','3','JR','PERLA','YN-15367','03/12/2010','JRM','PINCEL','JRM','PERUANISIMA','JOSE RISSO MONTES','JOSE RISSO MONTES\r'),('137','201','4','BRR','AVENTURERA','YN-16547','26/11/2010','SGA','AVENTURERO','BRR','MAJADERA','BELISARIO ROSAS RAZETO','BELISARIO ROSAS RAZETO\r'),('137','202','5','BSP','NUEVA REINA','YN-16070','14/11/2010','LV','ACTOR','BSP','HEREDERA','BLANCA SALCEDO DE PONCE','ALFONSO VALMORE GARCIA GARCIA\r'),('137','203','6','MSP','ZALAMERA II-TE','YN-16556','08/11/2010','MSP','TELEMACO','AHT','SALAMERA','MANUEL SANCHEZ PAREDES','MANUEL SANCHEZ PAREDES\r'),('137','204','7','AHT','ESCANDALO','YN-15187','26/10/2010','AEV','NUEVO REY','AHT','ESTANCIERA IV','ANTONIO HUDTWALCKER TEIXEIRA','ANTONIO HUDTWALCKER TEIXEIRA\r'),('137','205','8','JAO','ESCULTURA','YN-15109','24/10/2010','AV','EJECUTIVO','JRM','ANTICUARIA','JOSE ANTONIO ONRUBIA HOLDER','CRIADERO JOSE ANTONIO ONRUBIA ROMERO S.A\r'),('137','206','9','JR','PINTURA','YN-15368','17/10/2010','JRM','PINCEL','JR','LA DOÑA','JOSE RISSO MONTES','JOSE RISSO MONTES\r'),('137','207','10','MSCRL','PECANA','YN-15435','04/10/2010','AEV','NUEVO REY','LH','LUANA','CRIADERO LA MAESTRANZA SCRL','CRIADERO LA MAESTRANZA SCRL\r'),('137','208','11','LV','ANDALUZA','YN-15632','24/09/2010','AV','ANDALUZ','LV','ACTORA','LUIS VASQUEZ NACARINO','GANADERA MONTECRISTO S.A.C.\r'),('137','209','12','JTA','ROSALIA','YN-16469','20/09/2010','CCY','EMISARIO','JTA','AZUCENA','JUAN TUDELA ARAMBURU','JUAN TUDELA ARAMBURU\r'),('137','210','13','MEAA','ANTARTIDA IV','YN-15094','16/09/2010','JD','MAYASCONG','MEAA','ANTARTIDA III','MANUEL ENRIQUE ACUÑA ALFARO','MANUEL ENRIQUE ACUÑA ALFARO\r'),('137','211','14','JRM','LIRICA','YN-15373','01/09/2010','ERM','ELEGIDO','JRM','LIBERA','JOSE RISSO MATELLINI','ABRAHAM ZAVALA FALCON\r'),('137','212','15','ERM','SELENE','YN-15316','25/08/2010','ERM','ELEGIDO','ERM','CELESTINA','EDUARDO RISSO MONTES','EDUARDO RISSO MONTES\r'),('137','213','16','SGA','NARNIA','YN-15163','23/08/2010','CCY','EMISARIO','SGA','ROMANTICA','SAMUEL GLEISER AZCARATE','SAMUEL GLEISER AZCARATE\r'),('137','214','17','JR','BARONESA','YN-15366','23/08/2010','*WF','EMBAJADOR','AZF','BONANZA','JOSE RISSO MONTES','JOSE RISSO MONTES\r'),('137','215','18','AZ','SELECTA-TE','YN-15469','20/08/2010','PK','POTRILLAZO','AZ','SENSACION','ALBERTO DE AZAMBUJA PASARA','ALBERTO DE AZAMBUJA PASARA\r'),('137','216','19','FTP','AY ROSAURA','YN-15995','20/08/2010','RHR','ROMANCERO','ACR','RETAMA','FELIPE THORNDIKE PIEDRA','FELIPE THORNDIKE PIEDRA\r'),('137','217','20','SGA','SENTENCIA','YN-15159','16/08/2010','SGA','ALTAIR','SGA','JADE','SAMUEL GLEISER AZCARATE','SAMUEL GLEISER AZCARATE\r'),('137','218','21','OSP','ESGRIMA - TE','YN-18599','12/08/2010','ERM','ESPONTANEO','OSP','GRIMANESA','ORLANDO SANCHEZ PAREDES','ORLANDO SANCHEZ PAREDES\r'),('137','219','22','SGA','NAZARIA','YN-15180','09/08/2010','BSP','PROMETIDO','SGA','AURA','SAMUEL GLEISER AZCARATE','HACIENDA HUAMANI\r'),('137','220','23','MEAA','AZUCAR','YN-15329','06/08/2010','JD','MAYASCONG','MEAA','AUSTRIA V','MANUEL ENRIQUE ACUÑA ALFARO','MANUEL ENRIQUE ACUÑA ALFARO\r'),('137','221','24','ERM','LUMBRERA','YN-15315','03/08/2010','ERM','ELEGIDO','ERM','LUCIERNAGA','EDUARDO RISSO MONTES','CESAR BENITES MENDOZA\r'),('138','222','1','ERM','GALLETA','YN-15314','02/08/2010','ERM','ESPONTANEO','ERM','PINTORESCA','EDUARDO RISSO MONTES','PEDRO MIGUEL CAMAIORA CARCOVICH\r'),('138','223','2','CCY','BULERIA','YN-15433','25/07/2010','AV','EJECUTIVO','CCY','ALMERIA','CARLOS CORNO YORI','ILEANA JERI DE CORNO\r'),('138','224','3','MSP','TIFA II - TE','YN-18567','20/07/2010','MSP','TELEMACO','LV','JEREZANA','MANUEL SANCHEZ PAREDES','MANUEL SANCHEZ PAREDES\r'),('138','225','4','JSM','LA PATRONA -TE','YN-17209','15/07/2010','PK','POTRILLAZO','OSP','SALAMERA','JOSE SANCHEZ MIRANDA','JOSE SANCHEZ MIRANDA\r'),('138','226','5','LA','ILUSION','YN-16068','08/07/2010','CEC','VIAJERO','GFCB','IRONIA','LUIS MIGUEL ARTADI URTEAGA','LUIS MIGUEL ARTADI URTEAGA\r'),('138','227','6','GLR','CASTAÑUELA','YN-14868','08/07/2010','GLR','CARRIZAL','GLR','FRANCISQUITA','JAVIER A.LA ROSA MUSANTE/CRIADERO DOÑA IRMA','JAVIER A.LA ROSA MUSANTE/CRIADERO DOÑA IRMA\r'),('138','228','7','CCC','MAJA','YN-15019','11/06/2010','AV','ANDALUZ','CCC','LUZMA','CRIADERO CUARTO CRECIENTE','CRIADERO CUARTO CRECIENTE\r'),('138','229','8','GLR','JACINTA','YN-14869','04/06/2010','GLR','CARRIZAL','GLR','ALDEANA','JAVIER A.LA ROSA MUSANTE/CRIADERO DOÑA IRMA','JAVIER A.LA ROSA MUSANTE/CRIADERO DOÑA IRMA\r'),('138','230','9','JMLL','DISTINGUIDA','YN-17177','20/05/2010','JRM','RESPLANDOR','GAN','MARIA FIESTA','JUAN MANUEL LLANOS RODRIGUEZ','JUAN MANUEL LLANOS RODRIGUEZ\r'),('138','231','10','AV','CANTORA II-TE','YN-15372','19/04/2010','AV','CANTARES','AV','LA DOÑA','CRIADERO ANIBAL VASQUEZ MONTOYA','CRIADERO ANIBAL VASQUEZ MONTOYA\r'),('138','232','11','JR','VENDIMIA','YN-14822','12/03/2010','*WF','EMBAJADOR','MSCRL','MARIA CANDELA','JOSE RISSO MONTES','CRIADERO LA MAESTRANZA SCRL\r'),('138','233','12','JD','CENTELLA','YN-15097','25/02/2010','CCY','EMISARIO','JD','AFRICA','JORGE DYER DE LAS CASAS','JORGE DYER DE LAS CASAS\r'),('138','234','13','FyEP','DIFERENCIA','YN-15604','25/02/2010','AEV','CISNE','FyEP','AVENTURA','FERNANDO Y ELSA PUGA','FERNANDO Y ELSA PUGA\r'),('138','235','14','JJCC','HECHICERA','YN-15808','16/02/2010','RHG','CATON','ERPB','ALTIVA','JULIAN CARRION CANESSA/FUNDO SANTA ROSITA','JULIAN CARRION CANESSA/FUNDO SANTA ROSITA\r'),('138','236','15','FyEP','DINASTIA','YN-15606','10/02/2010','AEV','DIGNATARIO','FyEP','PROMETIDA','FERNANDO Y ELSA PUGA','ALFONSO VALMORE GARCIA GARCIA\r'),('138','237','16','ERM','KIARA','YN-14834','05/02/2010','ERM','ELEGIDO','ERM','ISAURA','EDUARDO RISSO MONTES','EDUARDO RISSO MONTES\r'),('138','238','17','JRM','ENVIDIA-TE','YN-15777','05/02/2010','LV','SOL BRILLANTE','JRM','ENIGMA','JOSE RISSO MATELLINI','CRIADERO R S.A.C.\r'),('138','239','18','GLR','MOLINERA','YN-14529','26/01/2010','GLR','TROVADOR','GLR','ODISEA','JAVIER A.LA ROSA MUSANTE/CRIADERO DOÑA IRMA','JAVIER A.LA ROSA MUSANTE/CRIADERO DOÑA IRMA\r'),('138','240','19','JRM','SULTANA','YN-16749','09/01/2010','ERM','ESPONTANEO','JRM','PANDORA','JOSE RISSO MATELLINI','RAFAEL FRANCO MONTES\r'),('138','241','20','MSP','LA NORTEÑA - TE','YN-18565','09/01/2010','MSP','EMPERADOR','LV','CELESTINA','MANUEL SANCHEZ PAREDES','MANUEL SANCHEZ PAREDES\r'),('138','242','21','FESA','EMPERADORA-TE','YN-16319','08/01/2010','MSP','EMPERADOR','AEV','ROSA DEL PERU','FIDEL ERNESTO SANCHEZ ALAYO','FIDEL ERNESTO SANCHEZ ALAYO\r'),('138','243','22','FBB','ENSUEÑO','YN-15011','07/01/2010','FBB','TRADICION','FBB','CANDILEJA','FERNANDO BUSTAMANTE BELAUNDE','FIDEL ERNESTO SANCHEZ ALAYO\r'),('138','244','23','JRM','VERONA-TE','YN-14833','13/12/2009','ERM','ESPONTANEO','JRM','LEGENDARIA','JOSE RISSO MATELLINI','EDUARDO RISSO MONTES\r'),('138','245','24','JFRN','PRINCESA','YN-14587','10/12/2009','JVDZ','NOBLE REY','JFRN','JUSTICIA','JUAN FRANCISCO RAFFO NOVELLI / CRIADERO ALTO PRADO','JUAN FRANCISCO RAFFO NOVELLI / CRIADERO ALTO PRADO\r'),('139','246','1','AZF','EMOCION','YN-14916','26/11/2009','*WF','EMBAJADOR','AZF','LIBERTAD','ABRAHAM ZAVALA FALCON','ABRAHAM ZAVALA FALCON\r'),('139','247','2','RVO','DESIRE II','YN-14867','19/11/2009','AEV','CISNE','AEV','DESIRE','ROBERTO VARGAS OLIVARES','ROBERTO VARGAS OLIVARES\r'),('139','248','3','FC','AÑORANZA','YN-15731','24/10/2009','FC','ECIJANO','FC','MAÑANERA','FERNANDO CERUTI COGORNO','CRIADERO LA MAESTRANZA SCRL\r'),('139','249','4','JOR','ELEGIDA-TE','YN-14684','20/10/2009','ERM','ELEGIDO','JOR','ISABELITA','CRIADERO JOSE ANTONIO ONRUBIA ROMERO S.A','CRIADERO JOSE ANTONIO ONRUBIA ROMERO S.A\r'),('139','250','5','CN','DELIA','YN-15515','15/10/2009','LV','ACTOR','CN','ZARZUELA','CERVECERIAS PERUANAS BACKUS S.A.A.','CERVECERIAS PERUANAS BACKUS S.A.A.\r'),('139','251','6','CVD','LIBERTAD','YN-14463','14/10/2009','CVD','PATRIARCA','LSR','BLANCA LUZ','CARLOS VICENTE VILLACORTA DIAZ','HACIENDA HUAMANI\r'),('139','252','7','AAZ','MEZCALINA','YN-14784','04/10/2009','SGA','MERENGUE','JV','CATITA','ARNO ACKERMANN ZAMBRANO','JORGE ANTONIO PISCOYA MADUEÑO\r'),('139','253','8','AEV','BUENA GRACIA','YN-15081','24/09/2009','AEV','LEAL','AEV','NUEVA ESPERANZA','ALFREDO ELIAS VARGAS','ALFREDO ELIAS VARGAS\r'),('139','254','9','LAG','NOVA','YN-15060','21/09/2009','AEV','NUEVO REY','LAG','MILONGA','LUIS ALEJANDRO GONZALEZ LEOPARDI','ALFONSO VALMORE GARCIA GARCIA\r'),('139','255','10','AASM','ESPLENDIDA','YN-16573','01/09/2009','LV','EXPRESO','JZ','INDIA BELLA','ALFREDO SANCHEZ MIRANDA','ALFREDO SANCHEZ MIRANDA\r'),('139','256','11','JOR','FILIGRANA','YN-14688','25/08/2009','LV','ACTOR','JOR','ESCENCIA','CRIADERO JOSE ANTONIO ONRUBIA ROMERO S.A','CRIADERO JOSE ANTONIO ONRUBIA ROMERO S.A\r'),('139','257','12','MSCRL','QUEBRANTA-TE','YN-14886','12/08/2009','AEV','NUEVO REY','MSCRL','LUCUMA','CRIADERO LA MAESTRANZA SCRL','CRIADERO LA MAESTRANZA SCRL\r'),('139','258','13','ERM','EMINENCIA','YN-14527','06/08/2009','AEV','DIGNATARIO','ERM','DINASTIA','EDUARDO RISSO MONTES','GONZALO ANDRADE NICOLI\r'),('139','259','14','LV','DANZARINA II','YN-14757','31/07/2009','AV','EJECUTIVO','LV','BAILADORA','LUIS VASQUEZ NACARINO','GANADERA MONTECRISTO S.A.C.\r'),('139','260','15','MSP','VIOLETA','YN-16562','15/06/2009','LAM','SOLIMAN','CDB','CAPITANA','MANUEL SANCHEZ PAREDES','MANUEL SANCHEZ PAREDES\r'),('139','261','16','MSP','JEREZANA','YN-17179','12/06/2009','MSP','PERSEPTOLIS-TE','LV','JEREZANA','MANUEL SANCHEZ PAREDES','MANUEL SANCHEZ PAREDES\r'),('139','262','17','MEAA','ASIA II','YN-14374','19/05/2009','JD','CALUPEÑO','MEAA','ASIA','MANUEL ENRIQUE ACUÑA ALFARO','MANUEL ENRIQUE ACUÑA ALFARO\r'),('139','263','18','MSP','PROMETIDA-TE','YN-17999','08/05/2009','MSP','PRECIADO','MD','DISTINGUIDA','MANUEL SANCHEZ PAREDES','MANUEL SANCHEZ PAREDES\r'),('139','264','19','CRC','DIGNA','YN-15236','07/05/2009','AEV','DIGNATARIO','CRC','PRIMOROSA','CESAR WILLIAM RETAMOZO CACERES','CESAR WILLIAM RETAMOZO CACERES\r'),('139','265','20','MLM','CEREZA','YI-00451','17/04/2009','ERM','ESPONTANEO','MLM','LUCUMA','MICHAEL Y LINDA MEWHINNEY','ABRAHAM ZAVALA FALCON\r'),('139','266','21','LV','DIRECTORA','YN-14310','14/03/2009','AV','EJECUTIVO','LV','PINCELADA','LUIS VASQUEZ NACARINO','KARL WILHELM REUSCHE ARAMBULO\r'),('139','267','22','SGA','PELONA','YN-14991','28/02/2009','BSP','PROMETIDO','SGA','AURA','SAMUEL GLEISER AZCARATE','SAMUEL GLEISER AZCARATE\r'),('139','268','23','RyJLG','FIESTA','YN-14056','22/01/2009','BCH','REY','ECM','PERLA NEGRA','RENZO LAZO GOMEZ / JULIO LAZO GOMEZ','CRIADERO R S.A.C.\r'),('139','269','24','GLR','LUMBRERA','YN-13988','20/12/2008','GLR','TROVADOR','GLR','ODISEA','JAVIER A.LA ROSA MUSANTE/CRIADERO DOÑA IRMA','JAVIER A.LA ROSA MUSANTE/CRIADERO DOÑA IRMA\r'),('140','270','1','MRA','ZARZUELA','YN-14461','11/12/2008','LV','MACARENO','AHT','MARIA CAMPERA','MIGUEL ARBULU ALVA','CESAR BENITES MENDOZA\r'),('140','271','2','WCH','PROHIBIDA','YN-14065','11/12/2008','PYR','PROSAYCO','ECHM','ELLA Y EL','WILLY CHIRINOS CARPIO','WILLY CHIRINOS CARPIO\r'),('140','272','3','FBA','SHAKIRA','YN-14825','02/12/2008','FBA','AZAFRAN','FBA','GOLOSINA','FERNANDO BELAUNDE AUBRY','JOSE EDUARDO MARTIN CERRATI\r'),('140','273','4','AZF','LIBERAL-TE','YN-14032','23/11/2008','JRM','LABERINTO','AZF','LIBERTAD','ABRAHAM ZAVALA FALCON','ABRAHAM ZAVALA FALCON\r'),('140','274','5','RPC','GITANA','YN-14397','20/11/2008','RPC','SUPERIOR','RPC','FLAMENCA','RAFAEL PUGA CASTRO','MIGUEL ANGEL NEYRA CAUTI\r'),('140','275','6','NEC','DAMISELA','YN-14169','11/11/2008','ERM','ELEGIDO','ACL','DOÑA TILA','NATALIA ESTEVES CALDERON','GIORGIO CROLLE LORO PIANA\r'),('140','276','7','JZ','SARASARA','YN-14089','27/10/2008','ERM','ESPONTANEO','JZ','SALAMANCA','JAIME URANGA BUSTOS/CRIADERO J.J.','FIDEL ERNESTO SANCHEZ ALAYO\r'),('140','277','8','CCC','LUNA LLENA','YN-14261','26/10/2008','CCY','EMISARIO','CCC','ULLUJALLA II','CRIADERO CUARTO CRECIENTE','CRIADERO CUARTO CRECIENTE\r'),('140','278','9','JM','KIKA','YN-14274','03/10/2008','LV','MACARENO','JM','LA SOÑADA','JUAN MANUEL RIZO PATRON BARUA','JUAN MANUEL RIZO PATRON BARUA\r'),('140','279','10','AZF','BARCELONA','YN-14029','27/09/2008','AEV','EL PATRICIO','AZF','IBIZA','ABRAHAM ZAVALA FALCON','ABRAHAM ZAVALA FALCON\r'),('140','280','11','ARL','AZUCENA','YN-16983','15/09/2008','ABB','SAN GRACIANO','GCLP','CAPULI','ALFREDO RUZO LOPEZ DE LA FUENTE','ALFREDO RUZO LOPEZ DE LA FUENTE\r'),('140','281','12','BC','DOÑA G II','YN-13904','15/09/2008','LV','SOL BRILLANTE','BC','ALEGRIA','BELISARIO DE LAS CASAS PIEDRA','BELISARIO DE LAS CASAS D\'ONOFRIO\r'),('140','282','13','LV','BELLISIMA','YN-13822','09/07/2008','LV','ACTOR','LV','DOÑA FLOR','LUIS VASQUEZ NACARINO','GANADERA MONTECRISTO S.A.C.\r'),('140','283','14','MLM','LETICIA','YN-13935','01/07/2008','ERM','IDOLO','MLM','DIANA','MICHAEL Y LINDA MEWHINNEY','CESAR BENITES MENDOZA\r'),('140','284','15','MSP','PRECIOSA II-TE','YN-17205','28/05/2008','MSP','EMPERADOR','LV','PRECIOSA','MANUEL SANCHEZ PAREDES','MANUEL SANCHEZ PAREDES\r'),('140','285','16','GLR','VENTISCA','YN-13987','20/05/2008','GLR','CARRIZAL','GLR','VENTOLERA','JAVIER A.LA ROSA MUSANTE/CRIADERO DOÑA IRMA','JAVIER A.LA ROSA MUSANTE/CRIADERO DOÑA IRMA\r'),('140','286','17','JMLL','OLIMPICA','YN-15849','07/05/2008','MLL','FINA ESTAMPA','','ADINERADA CAYALTI','JUAN MANUEL LLANOS RODRIGUEZ','JUAN MANUEL LLANOS RODRIGUEZ\r'),('140','287','18','JMLL','OSIRIS','YN-15848','12/04/2008','MLL','FINA ESTAMPA','MSP','CLAVELINA','JUAN MANUEL LLANOS RODRIGUEZ','JUAN MANUEL LLANOS RODRIGUEZ\r'),('140','288','19','JMLL','OSADIA','YN-15583','07/04/2008','MLL','ESTIRPE','MLL','URANIA','JUAN MANUEL LLANOS RODRIGUEZ','GEETA BALANI\r'),('140','289','20','AHT','LUCERO','YN-14081','26/02/2008','AEV','DIGNATARIO','AHT','ESTANCIERA V','ANTONIO HUDTWALCKER TEIXEIRA','ANTONIO HUDTWALCKER TEIXEIRA\r'),('140','290','21','RCH','LIMEÑA','YN-13859','16/01/2008','JOR','AGUARDIENTE','RCH','MONA LISA','RAFAEL CORNEJO HEINRICH','RAFAEL CORNEJO HEINRICH\r'),('140','291','22','CCC','SOLEDAD','YN-14516','06/01/2008','MSP','SOLITARIO','CCC','BOHEMIA','CRIADERO CUARTO CRECIENTE','GIL JORGE CANTUARIAS DALL´ORSO\r'),('140','292','23','JLGW','PRIMAVERA','YN-13430','23/12/2007','ERM','ESPONTANEO','LAM','LOA','JOSE LUIS GAGLIARDI WAKEHAM','JOSE LUIS GAGLIARDI WAKEHAM\r'),('140','293','24','JTA','BORGOÑA','YN-14304','07/12/2007','AEV','DIGNATARIO','JTA','AZUCENA','JUAN TUDELA ARAMBURU','JUAN TUDELA ARAMBURU\r'),('141','294','1','JPT','CATALANA','YN-13911','12/11/2007','RHG','OTOMANO','JPT','ARABELA','JORGE AUGUSTO PEREZ TAIMAN','JORGE AUGUSTO PEREZ TAIMAN\r'),('141','295','2','JPT','MARIA ANTONIETA','YN-13912','03/11/2007','AEV','DIGNATARIO','JPT','MAEVA','JORGE AUGUSTO PEREZ TAIMAN','JORGE JUAN LEON HOLGUIN\r'),('141','296','3','JZ','ZALAMANDRA','YN-13613','09/10/2007','JZ','APOLO','JZ','SALAMANCA','JAIME URANGA BUSTOS/CRIADERO J.J.','FIDEL ERNESTO SANCHEZ ALAYO\r'),('141','297','4','JZ','GRANDIOSA II','YN-13615','24/09/2007','AEV','DIGNATARIO','JZ','GRANDIOSA','JAIME URANGA BUSTOS/CRIADERO J.J.','ALFONSO VALMORE GARCIA GARCIA\r'),('141','298','5','LV','PINTURA I','YN-13363','11/09/2007','LV','RETRATO','LV','MI PINTURA','LUIS VASQUEZ NACARINO','FIDEL ERNESTO SANCHEZ ALAYO\r'),('141','299','6','MRA','PARACAS','YN-13994','14/08/2007','AEV','DIGNATARIO','AHT','COPETINERA','MIGUEL ARBULU ALVA','CESAR BENITES MENDOZA\r'),('141','300','7','LV','CITA','YN-13360','30/06/2007','LV','RETRATO','LV','MIL AMORES','LUIS VASQUEZ NACARINO','ROGELIO ARANGO CHIARI / RICARDO A. PAREDES\r'),('141','301','8','JMLL','SOBERBIA','YN-14936','14/06/2007','JRM','RESPLANDOR','HNS','PERLA II','JUAN MANUEL LLANOS RODRIGUEZ','JUAN MANUEL LLANOS RODRIGUEZ\r'),('141','302','9','JLR','HIDALGUIA','YN-14465','29/04/2007','JLR','GRAN SEÑOR','JLR','GENTILEZA','JUAN LUIS RUESTA ANGULO','GUSTAVO PALOMINO VILCHEZ\r'),('141','303','10','FBB','LA ROCIO','YN-13484','09/02/2007','AEV','DIGNATARIO','FBB','LA CANDELARIA','FERNANDO BUSTAMANTE BELAUNDE','CESAR WILLIAM RETAMOZO CACERES\r'),('141','304','11','BC','ALGARABIA','YN-13589','20/01/2007','AEV','EL PATRICIO','BC','ALEGRIA','BELISARIO DE LAS CASAS PIEDRA','BELISARIO DE LAS CASAS D\'ONOFRIO\r'),('141','305','12','LV','ACTORA','YN-13760','28/12/2006','LV','ACTOR','LV','PINCELADA','LUIS VASQUEZ NACARINO','RENZO CAROZZI MORALES/CRIADERO EL CRIOLLO\r'),('141','306','13','*RAB','SOÑADORA','YE-00135','11/12/2006','LV','ATILA','PG','VIANCA','ROGER AMORES BENALCAZAR','GANADERA MONTECRISTO S.A.C.\r'),('141','307','14','JRM','MANDOLINA','YN-13119','25/11/2006','AEV','EL PATRICIO','JRM','PRETORIANA','JOSE RISSO MATELLINI','RAFAEL FRANCO MONTES\r'),('141','308','15','MSP','CAÑETANA-TE','YN-16561','24/11/2006','MSP','EMPERADOR','AEV','ROSA DEL PERU','MANUEL SANCHEZ PAREDES','MANUEL SANCHEZ PAREDES\r'),('141','309','16','ERM','FANTASTICA','YN-12976','09/11/2006','ERM','ESPONTANEO','ERM','LA FIERA','EDUARDO RISSO MONTES','EDUARDO RISSO MONTES\r'),('141','310','17','GLR','MORALEJA','YN-13217','30/09/2006','GLR','MOLINERO','GLR','BEATA','JAVIER A.LA ROSA MUSANTE/CRIADERO DOÑA IRMA','JAVIER A.LA ROSA MUSANTE/CRIADERO DOÑA IRMA\r'),('141','311','18','SRT','MAGISTRADA','YN-14172','20/09/2006','MSCRL','MAGISTRADO','AND','CANDELARIA','SANTA ROSA Y TOMABAL S.A.C.','SANTA ROSA Y TOMABAL S.A.C.\r'),('141','312','19','FBB','DOÑA JIMENA','YN-12926','20/09/2006','AEV','DIGNATARIO','FBB','SU MAJESTAD','FERNANDO BUSTAMANTE BELAUNDE','FIDEL ERNESTO SANCHEZ ALAYO\r'),('141','313','20','SGA','MILAGRO','YN-14472','25/08/2006','AI','PAMPERO','BGO','ROBERTA','SAMUEL GLEISER AZCARATE','SAMUEL GLEISER AZCARATE\r'),('141','314','21','PK','ENAMORADA','YN-14740','16/08/2006','JR','SOY DEL PERU','PK','SANGRE AZUL','PEDRO KOECHLIN VON STEIN','PEDRO KOECHLIN VON STEIN\r'),('141','315','22','LAG','MILONGA','YN-13225','15/08/2006','ERM','EMBRUJO DE CACHICHE','VCB','ARIANA','LUIS ALEJANDRO GONZALEZ LEOPARDI','KARL WILHELM REUSCHE ARAMBULO\r'),('141','316','23','ERM','PINTORESCA','YN-12978','03/08/2006','ERM','DOMINO','ERM','ALONDRA','EDUARDO RISSO MONTES','GONZALO ANDRADE NICOLI\r'),('141','317','24','JAO','SUTILEZA','YN-12819','01/05/2006','BCH','PRIMOR','JOR','SINFONIA','JOSE ANTONIO ONRUBIA HOLDER','CRIADERO JOSE ANTONIO ONRUBIA ROMERO S.A\r'),('142','318','1','FyEP','PROLIJA','YN-13005','19/04/2006','AEV','DIGNATARIO','FyEP','CHINA LINDA','FERNANDO Y ELSA PUGA','FERNANDO Y ELSA PUGA\r'),('142','319','2','MSP','PROVINCIANA-TE','YN-17845','23/02/2006','JRM','RETORNO','LV','PROVINCIANA','MANUEL SANCHEZ PAREDES','MANUEL SANCHEZ PAREDES\r'),('142','320','3','JMLL','JUSTICIA','YN-14440','15/01/2006','JRM','RESPLANDOR','','ALEGRIA CAYALTI','JUAN MANUEL LLANOS RODRIGUEZ','JUAN MANUEL LLANOS RODRIGUEZ\r'),('142','321','4','MSP','GALLARDIA-TE','YN-16560','04/01/2006','JRM','RETORNO','AEV','GALLARDIA','MANUEL SANCHEZ PAREDES','MANUEL SANCHEZ PAREDES\r'),('142','322','5','JZ','HIEDRA','YN-12901','02/01/2006','LV','EXPRESO','JZ','HIENA','JAIME URANGA BUSTOS/CRIADERO J.J.','JOSE SANCHEZ MIRANDA\r'),('142','323','6','JMLL','ALTEZA','YN-12530','21/11/2005','JRM','RESPLANDOR','','SAMARITANA CAYALTI','JUAN MANUEL LLANOS RODRIGUEZ','JUAN MANUEL LLANOS RODRIGUEZ\r'),('142','324','7','AZ','DINASTIA','YN-12462','17/10/2005','CMV','REHEN','SGA','DINASTIA','ALBERTO DE AZAMBUJA PASARA','RENZO CAROZZI MORALES/CRIADERO EL CRIOLLO\r'),('142','325','8','ASR','COFRADIA','YN-12327','15/10/2005','JR','SOY DEL PERU','RCC','COQUETA','ALBERTO SALAVERRY REUSCHE','HACIENDA HUAMANI\r'),('142','326','9','ERM','SILVANA','YN-12209','01/09/2005','ERM','ESPONTANEO','ERM','SERENA','EDUARDO RISSO MONTES','EDUARDO RISSO MONTES\r'),('142','327','10','LV','INTERPRETE','YN-13182','23/07/2005','LV','ACTOR','LV','DANZA REAL','LUIS VASQUEZ NACARINO','ROGELIO ARANGO CHIARI / RICARDO A. PAREDES\r'),('142','328','11','ERM','VENECIANA','YN-12205','02/07/2005','ERM','ESPONTANEO','ERM','VENECIA','EDUARDO RISSO MONTES','KARL WILHELM REUSCHE ARAMBULO\r'),('142','329','12','OSP','CARICIA','YN-13675','29/05/2005','MSP','TELEMACO','MSP','CONDESA','ORLANDO SANCHEZ PAREDES','ORLANDO SANCHEZ PAREDES\r'),('142','330','13','JMLL','ALTANERA','YN-12549','22/04/2005','JRM','RESPLANDOR','','ADINERADA CAYALTI','JUAN MANUEL LLANOS RODRIGUEZ','JUAN MANUEL LLANOS RODRIGUEZ\r'),('142','331','14','MSCRL','BENEDICTA','YN-12388','17/04/2005','MSCRL','MAGISTRADO','LH','LUANA','CRIADERO LA MAESTRANZA SCRL','CRIADERO LA MAESTRANZA SCRL\r'),('142','332','15','OSP','GALANURA','YN-14597','15/03/2005','MSP','TELEMACO','MSP','GRINGUITA','ORLANDO SANCHEZ PAREDES','ORLANDO SANCHEZ PAREDES\r'),('142','333','16','MLM','DIVINA','YI-00464','12/03/2005','LV','SOL BRILLANTE','MLM','INDIA BELLA','MICHAEL Y LINDA MEWHINNEY','CRIADERO JOSE ANTONIO ONRUBIA ROMERO S.A\r'),('142','334','17','','CARPERO ESTIRPE','YI-00463','07/01/2005','','CARPERO SANGRE AZUL','','CARPERO ROSA MORA','MIGUEL ROLANDO ARAMAYO GALLO','CRIADERO JOSE ANTONIO ONRUBIA ROMERO S.A\r'),('142','335','18','ACH','COPELIA','YN-12300','30/12/2004','ERM','EMBRUJO DE CACHICHE','VCB','ARIANA','AGRICOLA CHAPI S.A.','GONZALO ANDRADE NICOLI\r'),('142','336','19','JLK','PASCUALA','YN-12451','25/12/2004','JRM','MAGISTRAL','JLK','PRETENCIOSA','JUAN LUIS KRUGER CARRION','JUAN LUIS KRUGER CARRION\r'),('142','337','20','JD','ARMENIA','YN-12038','23/09/2004','LV','MIGUEL ANGEL','JD','ARTEMISA','JORGE DYER DE LAS CASAS','JOSE CARLOS DEXTRE CHACON\r'),('142','338','21','LV','MIXTURA','YN-11903','14/09/2004','LV','MIGUEL ANGEL','LV','JEREZANA','LUIS VASQUEZ NACARINO','FIDEL ERNESTO SANCHEZ ALAYO\r'),('142','339','22','JFRN','SANTA INES','YN-11835','11/09/2004','MSCRL','MAGISTRADO','FNC','SANTA PATRICIA','JUAN FRANCISCO RAFFO NOVELLI / CRIADERO ALTO PRADO','ALFONSO VALMORE GARCIA GARCIA\r'),('142','340','23','OSP','PREFERIDA','YN-13580','14/07/2004','JRM','RESPLANDOR','MSP','SANDRA','ORLANDO SANCHEZ PAREDES','ORLANDO SANCHEZ PAREDES\r'),('142','341','24','GLR','GAVIA','YN-11814','27/05/2004','GLR','ARRABAL','GLR','JOSEFA','JAVIER A.LA ROSA MUSANTE/CRIADERO DOÑA IRMA','JAVIER A.LA ROSA MUSANTE/CRIADERO DOÑA IRMA\r'),('143','342','1','BCD','OCARINA','YN-13490','24/04/2004','MSCRL','MAGISTRADO','BC','SENSACION','BELISARIO DE LAS CASAS D\'ONOFRIO','BELISARIO DE LAS CASAS D\'ONOFRIO\r'),('143','343','2','LSC','ZOILA DE CACHICHE','YN-12143','28/01/2004','AEV','DIGNATARIO','ERM','SOLANA','LUIS FERNANDO SUAREZ CAÑEDO','LUIS FERNANDO SUAREZ CAÑEDO\r'),('143','344','3','BC','SUSPIRO','YN-13043','23/12/2003','BC','ECIJANO','BC','ALEGRIA','BELISARIO DE LAS CASAS PIEDRA','GONZALO ANDRADE NICOLI\r'),('143','345','4','MLL','FANTASTICA','YN-11794','02/12/2003','JRM','RESPLANDOR','','DOÑA NAZARIA','MARTHA E. LLANOS RODRIGUEZ','JUAN MANUEL LLANOS RODRIGUEZ\r'),('143','346','5','FLLV','RIQUEZA','YN-12488','13/11/2003','JRM','RESPLANDOR','NVG','SALAMERA','FREDDY LLANOS VILLAFUERTE','JUAN MANUEL LLANOS RODRIGUEZ\r'),('143','347','6','LV','PEREGRINA','YN-11757','10/11/2003','LV','MANDAMAS','LV','PINCELADA','LUIS VASQUEZ NACARINO','RENZO CAROZZI MORALES/CRIADERO EL CRIOLLO\r'),('143','348','7','JMLL','FRAGANCIOSA','YN-12049','27/09/2003','JRM','RESPLANDOR','MSP','CLAVELINA','JUAN MANUEL LLANOS RODRIGUEZ','JUAN MANUEL LLANOS RODRIGUEZ\r'),('143','349','8','ERM','SOLERA','YN-11106','13/09/2003','SGCH','PRIMORDIAL','ERM','SOLARIEGA','EDUARDO RISSO MONTES','HACIENDA HUAMANI\r'),('143','350','9','ASR','TERNURA','YN-11564','31/08/2003','ASR','ABOLENGO','ASR','SENTENCIA','ALBERTO SALAVERRY REUSCHE','JORGE JUAN LEON HOLGUIN\r'),('143','351','10','SGA','LA NOVIA','YN-11229','28/02/2003','AI','PAMPERO','CCC','SAMACA','SAMUEL GLEISER AZCARATE','SAMUEL GLEISER AZCARATE\r'),('143','352','11','INP','SUSURRO','YN-09976','28/11/2002','MD','DIFERENTE','ABM','PERFUME DE','ISMAEL NOYA DE LA PIEDRA','ISMAEL NOYA DE LA PIEDRA\r'),('143','353','12','LSR','BELEN','YN-09024','08/10/2002','ASR','ABOLENGO','GR','GAMUZA II','LUIS JOSE  SAENZ RAEZ','LUIS JOSE  SAENZ RAEZ\r'),('143','354','13','RPC','TEMPORADA','YN-09753','04/09/2002','FCY','VANDALO','JRM','PINCELADA','RAFAEL PUGA CASTRO','CRIADERO LA MAESTRANZA SCRL\r'),('143','355','14','CR','FLOR DE LA','YN-13072','25/07/2002','CFF','RAYO DE ORO','AZ','AGUALUNA','CARLOS RAMIREZ CHUPICA','NEGOCIACION AGROPECUARIA MONTALVAN S.A.C.\r'),('143','356','15','CCC','ULLUJALLA II','YN-09654','15/03/2002','AV','EJECUTIVO','MCGyR','ULLUJAYA','CRIADERO CUARTO CRECIENTE','CRIADERO CUARTO CRECIENTE\r'),('143','357','16','JRM','REDENTORA','YN-09265','23/10/2001','JRM','LABERINTO','JRM','REPRESA','JOSE RISSO MATELLINI','ABRAHAM ZAVALA FALCON\r'),('143','358','17','AEV','NUEVA ESPERANZA','YN-09714','31/08/2001','AEV','DIGNATARIO','AEV','ARCADIA','ALFREDO ELIAS VARGAS','FERNANDO JARQUIN PIRA / LEO COHEN MUGRABI\r'),('143','359','18','CN','UTOPIA','YN-09770','30/10/2000','AEV','DYANGO','CN','MINERVA','CERVECERIAS PERUANAS BACKUS S.A.A.','FIDEL ERNESTO SANCHEZ ALAYO\r'),('143','360','19','CCC','CHICAMA','YN-09015','13/10/2000','LV','ATILA','CCC','IQUEÑITA','CRIADERO CUARTO CRECIENTE','CESAR BENITES MENDOZA\r'),('143','361','20','GLR','DOÑA PEPA','YN-08869','01/07/1999','JCG','SAN MATEO','GLR','VERA','JAVIER A.LA ROSA MUSANTE/CRIADERO DOÑA IRMA','JAVIER A.LA ROSA MUSANTE/CRIADERO DOÑA IRMA\r'),('143','362','21','JRM','MAROMA','YN-08166','18/11/1998','JRM','PREMIER','JRM','PANDORA','JOSE RISSO MATELLINI','FERNANDO JARQUIN PIRA\r'),('143','363','22','LH','LUANA','YN-07641','14/10/1997','FC','VERANERO','LH','PORTEÑA','LUIS HUGUET NICOLINI','CRIADERO LA MAESTRANZA SCRL\r'),('149','364','1','AZF','PATRIOTA-TE','PN-10600','29/11/2014','JEB','DANDY-TE','AZF','INQUIETUD','ABRAHAM ZAVALA FALCON','ABRAHAM ZAVALA FALCON\r'),('149','365','2','CCC','POKER-TE','PN-10512','19/10/2014','CCC','CALLANGO','JVDZ','PRIMOROSA','CRIADERO CUARTO CRECIENTE','CRIADERO CUARTO CRECIENTE\r'),('149','366','3','MSCRL','NESTOR-TE','PN-10588','15/10/2014','MSCRL','ULISES II-TE','MSCRL','LUCUMA','CRIADERO LA MAESTRANZA SCRL','CRIADERO LA MAESTRANZA SCRL\r'),('149','367','4','*FJ','ELEGANTE-TE','PN-10638','20/09/2014','*WF','EMBAJADOR','JRM','LEGENDARIA','FERNANDO JARQUIN PIRA','FERNANDO JARQUIN PIRA\r'),('149','368','5','JOR','HONOR-TE','PN-10629','11/09/2014','AEV','PERICLES','JOR','ESCENCIA','CRIADERO JOSE ANTONIO ONRUBIA ROMERO S.A','CRIADERO JOSE ANTONIO ONRUBIA ROMERO S.A\r'),('149','369','6','AV','ALTANERO','PN-10873','11/09/2014','AEV','HALCON','AV','XIOMARA','CRIADERO ANIBAL VASQUEZ MONTOYA','CRIADERO ANIBAL VASQUEZ MONTOYA\r'),('149','370','7','AV','MAGNIFICO','PN-10835','19/08/2014','JEB','DANDY-TE','AV','AGUA MARINA','CRIADERO ANIBAL VASQUEZ MONTOYA','CRIADERO ANIBAL VASQUEZ MONTOYA\r'),('149','371','8','JR','BAMBINO','PN-10640','15/08/2014','JEB','DANDY-TE','JR','BARONESA','JOSE RISSO MONTES','JOSE RISSO MONTES\r'),('149','372','9','JAGT','AVATAR','PN-10405','03/07/2014','AEV','DIGNATARIO','JVDZ','PRIMOROSA','JOSE ALEJANDRO GOMEZ DE LA TORRE MIRANDA','JOSE ALEJANDRO GOMEZ DE LA TORRE MIRANDA\r'),('149','373','10','JPT','BUCANERO','PN-10698','28/06/2014','MSCRL','LUCUMO','JPT','MANCORA','JORGE AUGUSTO PEREZ TAIMAN','JORGE AUGUSTO PEREZ TAIMAN\r'),('149','374','11','JLGW','MADRIGAL','PN-10645','30/05/2014','JRM','PINCEL','JLGW','BAIANA','JOSE LUIS GAGLIARDI WAKEHAM','JOSE LUIS GAGLIARDI WAKEHAM\r'),('149','375','12','CCHS','MIGUELON','PN-10787','06/04/2014','FTP','TULIPAN','REF','LUSITANA','CARLOS ANTONIO CHIRINOS SORIA','MIGUEL SARAPURA ESCOBAR\r'),('149','376','13','JM','ECLIPSE II','PN-10415','23/02/2014','JM','ECLIPSE','JM','NATIVIDAD','JUAN MANUEL RIZO PATRON BARUA','JUAN MANUEL RIZO PATRON BARUA\r'),('149','377','14','FGG','EL MAHATMA-TE','PN-10712','20/01/2014','AEV','PERICLES','FPC','ALEJANDRIA','FERNANDO GOMEZ GONZALES','FERNANDO GOMEZ GONZALES\r'),('149','378','15','GLVI','SANTINO','PN-11036','15/01/2014','CCC','CALLANGO','AECH','TENAMPA','GIANFRANCO VENTOLINI RAFFO / GIANPIER VENTOLINI RAFFO','GIANFRANCO VENTOLINI RAFFO / GIANPIER VENTOLINI RAFFO\r'),('149','379','16','CFF','CAMPEADOR','PN-10446','04/01/2014','JRM','LABRADOR','CFF','CAMPEADORA','CARLOS FUKUDA FUKUDA','CARLOS FUKUDA FUKUDA\r'),('149','380','17','JOR','FULMINANTE-TE','PN-10627','04/01/2014','ERM','ELEGIDO','JOR','AÑORANZA','CRIADERO JOSE ANTONIO ONRUBIA ROMERO S.A','CRIADERO JOSE ANTONIO ONRUBIA ROMERO S.A\r'),('150','381','1','JAGT','ANCESTRAL','PN-10407','03/01/2014','JRM','LABRADOR','JR','RESERVA','JOSE ALEJANDRO GOMEZ DE LA TORRE MIRANDA','JOSE ALEJANDRO GOMEZ DE LA TORRE MIRANDA\r'),('150','382','2','AEV','ORGULLO-TE','PN-10185','31/12/2013','AEV','PERICLES','AEV','AGUA NUEVA','ALFREDO ELIAS VARGAS','ALFREDO ELIAS VARGAS\r'),('150','383','3','JEB','PRESUMIDO-TE','PN-10562','29/11/2013','AEV','PERICLES','AEV','NUEVA ESPERANZA','JORGE ELIAS BARREDA','JORGE ELIAS BARREDA\r'),('150','384','4','LAM','QUINTO REAL','PN-10597','17/11/2013','AEV','CISNE','LAG','ESPARTANA','LUIS ALFREDO MALATESTA ANDERSON','LUIS ALFREDO MALATESTA ANDERSON\r'),('150','385','5','CFF','IMPACTO','PN-10128','17/10/2013','CFF','HORUS','SFL','ISIS','CARLOS FUKUDA FUKUDA','CARLOS FUKUDA FUKUDA\r'),('150','386','6','MRA','MANDARIN','PN-10491','02/10/2013','JEB','IRREVERENTE','MRA','MALAYA','MIGUEL ARBULU ALVA','MIGUEL ARBULU ALVA\r'),('150','387','7','OAMS','FESTEJO','PN-10221','24/09/2013','OAMS','ALTANERO','OAMS','CANDELA','ALBERTO MASSARO SILVA','ALBERTO MASSARO SILVA\r'),('150','388','8','JOR','SOBERBIO','PN-10423','08/09/2013','AEV','EL PATRICIO','JOR','FILIGRANA','CRIADERO JOSE ANTONIO ONRUBIA ROMERO S.A','CRIADERO JOSE ANTONIO ONRUBIA ROMERO S.A\r'),('150','389','9','JR','ALBOROTO','PN-09981','01/08/2013','JEB','DANDY-TE','MEAA','AVENTURA','JOSE RISSO MONTES','JOSE RISSO MONTES\r'),('150','390','10','AV','ALTIVO II','PN-09917','01/08/2013','AV','CANTARES','AV','BUENA CASTA-TE','CRIADERO ANIBAL VASQUEZ MONTOYA','CRIADERO ANIBAL VASQUEZ MONTOYA\r'),('150','391','11','GAN','CERTERO','PN-10386','15/04/2013','JMLL','AGRESOR','BC','SUSPIRO','GONZALO ANDRADE NICOLI','GONZALO ANDRADE NICOLI\r'),('150','392','12','JAGT','BARBARESCO','PN-10057','03/04/2013','JAGT','AMIR','JAGT','AMBROSIA','JOSE ALEJANDRO GOMEZ DE LA TORRE MIRANDA','JOSE ALEJANDRO GOMEZ DE LA TORRE MIRANDA\r'),('150','393','13','JCDCH','PREFERENTE','PN-10059','17/02/2013','JEB','IRREVERENTE','JCDCH','PEPITA DEL SUR','JOSE CARLOS DEXTRE CHACON','JOSE CARLOS DEXTRE CHACON\r'),('150','394','14','ARS','PRESTIGIO DEL','PN-10788','02/02/2013','JOR','REQUIEM','OSP','FLOR DEL VALLE','ARTURO GILMER RODRIGUEZ SARAPURA','ARTURO GILMER RODRIGUEZ SARAPURA\r'),('150','395','15','CAN','GALAN','PN-10751','09/01/2013','LV','ACTOR','CCC','BRISA','GIL JORGE CANTUARIAS DALL´ORSO','GIL JORGE CANTUARIAS DALL´ORSO\r'),('150','396','16','LAG','TRAVERTINO','PN-10489','04/01/2013','LAG','TRIBUNO','LAG','LUCHITA-TE','LUIS ALEJANDRO GONZALEZ LEOPARDI','LUIS ALEJANDRO GONZALEZ LEOPARDI\r'),('150','397','17','JAGT','ARCADIO-TE','PN-09808','01/01/2013','JEB','DANDY-TE','AV','LA DOÑA','JOSE ALEJANDRO GOMEZ DE LA TORRE MIRANDA','JOSE ALEJANDRO GOMEZ DE LA TORRE MIRANDA\r'),('151','398','1','LV','EL CALIFA-TE','PN-10188','30/12/2012','LV','CAUDILLO-TE','LV','BELLISIMA','LUIS VASQUEZ NACARINO','GANADERA MONTECRISTO S.A.C.\r'),('151','399','2','KRA','LIDER','PN-10024','26/12/2012','ERM','IDOLO','AFS','NIÑA LINDA','KARL WILHELM REUSCHE ARAMBULO','EDUARDO FRANCISCO BAUER CHABANEIX\r'),('151','400','3','*FJ','ARMAGEDON','PN-09638','10/12/2012','JRM','PINCEL','AEV','NUEVA ESPERANZA','FERNANDO JARQUIN PIRA','FERNANDO JARQUIN PIRA\r'),('151','401','4','BCD','ARPEGIO','PN-09695','10/12/2012','JEB','DANDY-TE','BCD','OCARINA','BELISARIO DE LAS CASAS D\'ONOFRIO','BELISARIO DE LAS CASAS D\'ONOFRIO\r'),('151','402','5','GCLP','ATILA-TE','PN-09743','09/12/2012','LV','ACTOR','ACL','DOÑA TILA','GIORGIO CROLLE LORO PIANA','GIORGIO CROLLE LORO PIANA\r'),('151','403','6','ERM','EL DIVO-TE','PN-09521','06/12/2012','JEB','DANDY-TE','ERM','ROMA','EDUARDO RISSO MONTES','EDUARDO RISSO MONTES\r'),('151','404','7','MRA','CAYETANO','PN-09974','05/12/2012','JEB','IRREVERENTE','MRA','MALAGA','MIGUEL ARBULU ALVA','MIGUEL ARBULU ALVA\r'),('151','405','8','JCDCH','DON FINO-TE','PN-09563','20/11/2012','LV','TRIFINO-TE','LV','DOÑA FLOR','JOSE CARLOS DEXTRE CHACON','JOSE CARLOS DEXTRE CHACON\r'),('151','406','9','MSCRL','LEGADO-TE','PN-09625','14/11/2012','AEV','PERICLES','MSCRL','MARIA LUZ','CRIADERO LA MAESTRANZA SCRL','CRIADERO LA MAESTRANZA SCRL\r'),('151','407','10','GPV','BELLISIMO','PN-09940','13/11/2012','JM','ECLIPSE','CLM','MARINERA','GUSTAVO PALOMINO VILCHEZ','GUSTAVO PALOMINO VILCHEZ\r'),('151','408','11','JEB','AGRADECIDO-TE','PN-10250','08/11/2012','AEV','PERICLES','LV','FRAGANCIA','JORGE ELIAS BARREDA','JORGE ELIAS BARREDA\r'),('151','409','12','RyJLG','VENDAVAL','PN-10401','01/11/2012','AHT','RAJADIABLOS','RyRLG','AROMA','RENZO LAZO GOMEZ / JULIO LAZO GOMEZ','RENZO LAZO GOMEZ / JULIO LAZO GOMEZ\r'),('151','410','13','AV','JURAMENTO','PN-09913','19/10/2012','AV','MOTIVO','AV','SHAKIRA','CRIADERO ANIBAL VASQUEZ MONTOYA','CRIADERO ANIBAL VASQUEZ MONTOYA\r'),('151','411','14','CCC','MERENGUE-TE','PN-10070','15/10/2012','LV','ACTOR','JVDZ','PRIMOROSA','CRIADERO CUARTO CRECIENTE','JORGE VILLACORTA DIAZ / CRIADERO LAZCAN\r'),('151','412','15','NVF','PONDEROSO','PN-09546','25/09/2012','CEC','VIAJERO','NVF','PRIMOGENITA','NAZARIO VILLAFUERTE FALCON','NAZARIO VILLAFUERTE FALCON/RODRIGO VILLAFUERTE FRANCO\r'),('151','413','16','JR','ROYAL-TE','PN-09593','12/09/2012','JRM','PINCEL','JZ','MENSAJERA II','JOSE RISSO MONTES','FRANKLIN R. RODRIGUEZ M.\r'),('151','414','17','AV','SETIEMBRE-TE','PN-09914','11/09/2012','AV','MOTIVO','FPC','PRIMAVERA','CRIADERO ANIBAL VASQUEZ MONTOYA','CRIADERO ANIBAL VASQUEZ MONTOYA\r'),('151','415','18','GLVI','SECRETARIO','PN-10277','02/09/2012','JRM','RETORNO','GLVI','LUCIANA','GIANFRANCO VENTOLINI RAFFO / GIANPIER VENTOLINI RAFFO','GIANFRANCO VENTOLINI RAFFO / GIANPIER VENTOLINI RAFFO\r'),('151','416','19','JLGW','GALLARDO - TE','PN-09902','11/08/2012','JRM','LABRADOR','LAM','LOA','JOSE LUIS GAGLIARDI WAKEHAM','JOSE LUIS GAGLIARDI WAKEHAM\r'),('152','417','1','ERM','DON DINERO','PN-09536','26/07/2012','ERM','ELEGIDO','ERM','FORTUNA','EDUARDO RISSO MONTES','EDUARDO RISSO MONTES\r'),('152','418','2','JLGW','PROMETEO','PN-09903','20/07/2012','ERM','ELEGIDO','AEV','ASTRIA','JOSE LUIS GAGLIARDI WAKEHAM','JOSE LUIS GAGLIARDI WAKEHAM\r'),('152','419','3','CCY','VIDRIE','PN-10465','15/07/2012','AV','EJECUTIVO','CCY','SIERPES','CARLOS CORNO YORI','ILEANA JERI DE CORNO\r'),('152','420','4','JAGT','ARMAGEDON','PN-09809','13/07/2012','JRM','LABRADOR','LAM','LOA','JOSE ALEJANDRO GOMEZ DE LA TORRE MIRANDA','JOSE ALEJANDRO GOMEZ DE LA TORRE MIRANDA\r'),('152','421','5','AV','SEDUCTOR-TE','PN-09402','14/06/2012','AV','EJECUTIVO','AV','PURA SANGRE','CRIADERO ANIBAL VASQUEZ MONTOYA','CRIADERO ANIBAL VASQUEZ MONTOYA\r'),('152','422','6','AHT','HUARIQUE','PN-09611','12/06/2012','AHT','RAJADIABLOS','AHT','LA FINA','ANTONIO HUDTWALCKER TEIXEIRA','ANTONIO HUDTWALCKER TEIXEIRA\r'),('152','423','7','GAN','LEÑADOR','PN-09769','05/05/2012','JRM','LABRADOR','BC','SUSPIRO','GONZALO ANDRADE NICOLI','GONZALO ANDRADE NICOLI\r'),('152','424','8','FyEP','FAVORITO-TE','PN-09448','04/05/2012','RPC','SUPERIOR','FyEP','CHINA LINDA','FERNANDO Y ELSA PUGA','FERNANDO Y ELSA PUGA\r'),('152','425','9','AHT','CARLO MAGNO','PN-09609','27/04/2012','AHT','RAJADIABLOS','AHT','LIMEÑA','ANTONIO HUDTWALCKER TEIXEIRA','ANTONIO HUDTWALCKER TEIXEIRA\r'),('152','426','10','JLR','FELIGRES','PN-09683','14/04/2012','JLR','REDOBLE','JLR','PROCLAMA','JUAN LUIS RUESTA ANGULO','GUSTAVO PALOMINO VILCHEZ\r'),('152','427','11','OSP','HYPERION - TE','PN-11037','08/04/2012','MSP','TELEMACO','OSP','GIRASOL','ORLANDO SANCHEZ PAREDES','ORLANDO SANCHEZ PAREDES\r'),('152','428','12','LV','EL FINO','PN-09818','18/03/2012','LV','TRIFINO-TE','JSS','JIMENA','LUIS VASQUEZ NACARINO','GANADERA MONTECRISTO S.A.C.\r'),('152','429','13','JLK','DON JAVI','PN-09997','17/03/2012','LV','ACTOR','JLK','ARACELI','JUAN LUIS KRUGER CARRION','JUAN LUIS KRUGER CARRION\r'),('152','430','14','LV','LIDER-TE','PN-09815','16/03/2012','LV','CAUDILLO-TE','LV','CITA','LUIS VASQUEZ NACARINO','GANADERA MONTECRISTO S.A.C.\r'),('152','431','15','AZF','INDEPENDIENTE-TE','PN-09558','13/03/2012','AEV','LEAL','JRM','GALLEGA','ABRAHAM ZAVALA FALCON','ABRAHAM ZAVALA FALCON\r'),('152','432','16','JR','GENTIL','PN-09511','11/03/2012','JEB','DANDY-TE','JR','GENEROSA','JOSE RISSO MONTES','JOSE RISSO MONTES\r'),('152','433','17','SGA','REGRESO','PN-09742','17/02/2012','CCY','EMISARIO','SGA','CERTEZA','SAMUEL GLEISER AZCARATE','SAMUEL GLEISER AZCARATE\r'),('152','434','18','ERM','REVOLTOSO-TE','PN-09520','07/02/2012','ERM','REVOLUCIONARIO','JZ','GRANDIOSA','EDUARDO RISSO MONTES','EDUARDO RISSO MONTES\r'),('152','435','19','EAA','GALANTE','PN-09515','26/01/2012','LV','ACTOR','JD','AZUCAR DE','ENRIQUE ARBULU AGUINAGA','ENRIQUE ARBULU AGUINAGA\r'),('152','436','20','GBC','PEREGRINO','PN-10556','15/01/2012','MLL','FINA ESTAMPA','GBC','ARIANA','GEETA BALANI','GEETA BALANI\r'),('153','437','1','LV','BRONCE-TE','PN-09817','29/12/2011','LV','CAUDILLO-TE','LV','MIXTURA','LUIS VASQUEZ NACARINO','GANADERA MONTECRISTO S.A.C.\r'),('153','438','2','LV','MARENGO-TE','PN-09290','18/12/2011','AV','MOTIVO','LV','ACTRIZ','LUIS VASQUEZ NACARINO','DANIELA FORTON OJEDA/JUAN CARLOS VELEZ GADEA\r'),('153','439','3','JPT','ANIVERSARIO','PN-09347','25/11/2011','AV','ANDALUZ','JPT','MARIA ANTONIETA','JORGE AUGUSTO PEREZ TAIMAN','CRIADERO CUARTO CRECIENTE\r'),('153','440','4','OSP','HELIOS','PN-10565','22/11/2011','LV','EXPRESO','RSV','MISS TACNA','ORLANDO SANCHEZ PAREDES','ORLANDO SANCHEZ PAREDES\r'),('153','441','5','JyVE','MAGO','PN-09839','11/11/2011','ERM','ESPONTANEO','ERE','ROSALIA','JOSE ESTREMADOYRO RAMIREZ/VALERIA ESTREMADOYRO MESTANZA','JOSE ESTREMADOYRO RAMIREZ/VALERIA ESTREMADOYRO MESTANZA\r'),('153','442','6','JOR','POSITANO','PN-09371','08/11/2011','JOR','SEÑOR DE SEÑORES','JOR','OPERA','CRIADERO JOSE ANTONIO ONRUBIA ROMERO S.A','CRIADERO JOSE ANTONIO ONRUBIA ROMERO S.A\r'),('153','443','7','AEV','MONTE GRANDE','PN-09569','29/10/2011','AEV','DIGNATARIO','AEV','LOMA LINDA','ALFREDO ELIAS VARGAS','ALFREDO ELIAS VARGAS\r'),('153','444','8','CN','FESTIVAL','PN-09908','15/10/2011','AZF','COMANCHE','CN','VENERADA','CERVECERIAS PERUANAS BACKUS S.A.A.','CERVECERIAS PERUANAS BACKUS S.A.A.\r'),('153','445','9','HH','BACO','PN-09185','15/10/2011','AEV','DIGNATARIO','HH','FLOR DE VERANO','HACIENDA HUAMANI','CARLOS CORNEJO BUSTILLO.\r'),('153','446','10','NVG','HEREDERO','PN-09199','14/09/2011','CEC','VIAJERO','NVG','PIEDRA ROMI','NAZARIO VILLAFUERTE GUARDIA','NAZARIO VILLAFUERTE GUARDIA/NAZARIO VILLAFUERTE FALCON\r'),('153','447','11','LV','EL CAMPEADOR','PN-09540','14/09/2011','LV','ALTIVO','LV','ESTAMPA','LUIS VASQUEZ NACARINO','CESAR BENITES MENDOZA\r'),('153','448','12','KRA','ROMULO','PN-09236','21/07/2011','ERM','REVOLUCIONARIO','ERM','ROMA','KARL WILHELM REUSCHE ARAMBULO','KARL WILHELM REUSCHE ARAMBULO\r'),('153','449','13','ERM','BRILLANTE-TE','PN-09183','24/05/2011','LV','SOL BRILLANTE','JRM','ENIGMA','EDUARDO RISSO MONTES','EDUARDO RISSO MONTES\r'),('153','450','14','AV','ALGARROBO','PN-09506','15/05/2011','AV','CANTARES','RyMP','AMAPOLA','CRIADERO ANIBAL VASQUEZ MONTOYA','CRIADERO ANIBAL VASQUEZ MONTOYA\r'),('153','451','15','LV','FUNDAMENTO-TE','PN-09288','06/04/2011','LV','ACTOR','OV','PERFUME','LUIS VASQUEZ NACARINO','GANADERA MONTECRISTO S.A.C.\r'),('153','452','16','LV','JUSTICIERO-TE','PN-09113','19/03/2011','AV','CANTARES','LV','JUSTICIA','LUIS VASQUEZ NACARINO','GANADERA MONTECRISTO S.A.C.\r'),('153','453','17','OSP','RODRIGO - TE','PN-11038','14/03/2011','LV','ACTOR','MOH','MAJESTAD','ORLANDO SANCHEZ PAREDES','ORLANDO SANCHEZ PAREDES\r'),('153','454','18','DS','INSURGENTE','PN-09230','25/02/2011','AALA','REBELDE','DS','PRECIOSA','DANTE WALTER SARMIENTO FALCON','ENRIQUE MARISCAL QUIROZ\r'),('153','455','19','AGA','EL HEREJE','PN-09418','22/01/2011','PYR','PROSAYCO','AGA','OFENSA','ATAHUALPA GAMARRA ANDREU','ATAHUALPA GAMARRA ANDREU\r'),('153','456','20','JLGW','SOL DE PISCO','PN-09052','17/01/2011','ERM','REVOLUCIONARIO','LAM','LOA','JOSE LUIS GAGLIARDI WAKEHAM','JOSE LUIS GAGLIARDI WAKEHAM\r'),('154','457','1','ASR','SAN FERNANDO','PN-09161','17/01/2011','AV','ANDALUZ','ASR','COFRADIA','ALBERTO SALAVERRY REUSCHE','LUIS JOSE  SAENZ RAEZ\r'),('154','458','2','MSCRL','ULISES II-TE','PN-08956','02/01/2011','AEV','DIGNATARIO','MSCRL','MARIA LUZ','CRIADERO LA MAESTRANZA SCRL','CRIADERO LA MAESTRANZA SCRL\r'),('154','459','3','ERM','HERODES','PN-08864','15/12/2010','ERM','ELEGIDO','ERM','GENOVA','EDUARDO RISSO MONTES','EDUARDO RISSO MONTES\r'),('154','460','4','BSP','PRIMORDIAL','PN-10490','16/11/2010','LV','ACTOR','BSP','PERLA DE','BLANCA SALCEDO DE PONCE','KARL WILHELM REUSCHE ARAMBULO\r'),('154','461','5','JZ','GOBERNADOR-TE','PN-08929','29/10/2010','ERM','ELEGIDO','JZ','GRANDIOSA','JAIME URANGA BUSTOS/CRIADERO J.J.','JAIME URANGA BUSTOS/CRIADERO J.J.\r'),('154','462','6','CCY','FLAMINIO','PN-09096','17/10/2010','AV','ANDALUZ','CCY','SIERPES','CARLOS CORNO YORI','ILEANA JERI DE CORNO\r'),('154','463','7','AZF','EMPRENDEDOR-TE','PN-08831','12/10/2010','ERM','ELEGIDO','AV','OBSIDIANA','ABRAHAM ZAVALA FALCON','ABRAHAM ZAVALA FALCON\r'),('154','464','8','AEV','VIRREY','PN-09325','11/10/2010','AEV','EL PATRICIO','AEV','NUEVA ESPERANZA','ALFREDO ELIAS VARGAS','ALFREDO ELIAS VARGAS\r'),('154','465','9','AZ','CORSARIO I','PN-08965','03/10/2010','PK','POTRILLAZO','RCC','COQUETA','ALBERTO DE AZAMBUJA PASARA','ALBERTO DE AZAMBUJA PASARA\r'),('154','466','10','JOR','SENADOR','PN-08725','01/10/2010','LV','ACTOR','JOR','LA DIVA','CRIADERO JOSE ANTONIO ONRUBIA ROMERO S.A','CRIADERO JOSE ANTONIO ONRUBIA ROMERO S.A\r'),('154','467','11','JSM','SABROSO-TE','PN-10129','30/09/2010','OSP','SOCRATES','JZ','SABROSA','JOSE SANCHEZ MIRANDA','JOSE SANCHEZ MIRANDA\r'),('154','468','12','ACZ','TULIPAN','PN-09037','02/09/2010','*JAI','PRESTIGIO','*AR','ELEONORA','ARTURO CAVERO ZAVALA','ARTURO CAVERO ZAVALA\r'),('154','469','13','JFRN','CONQUISTADOR','PN-08984','31/08/2010','JVD','LIBERTADOR','JFRN','SANTA MONICA','JUAN FRANCISCO RAFFO NOVELLI / CRIADERO ALTO PRADO','JUAN FRANCISCO RAFFO NOVELLI / CRIADERO ALTO PRADO\r'),('154','470','14','PK','REFINADO-TE','PN-09116','12/07/2010','CMV','REHEN','PK','MEJORADA','PEDRO KOECHLIN VON STEIN','PEDRO KOECHLIN VON STEIN\r'),('154','471','15','RBC','POSITIVO','PN-08636','09/07/2010','AEV','DIGNATARIO','RBC','AMIGUERA','RICARDO BUSTAMANTE CILLONIZ','RICARDO BUSTAMANTE CILLONIZ\r'),('154','472','16','LBF','DON MANUEL II','PN-08851','04/05/2010','LAG','TRIGAL','LBF','ARGELINA','LUIS FELIPE BALTA FASCE','LUIS FELIPE BALTA FASCE\r'),('154','473','17','JSM','SOBERBIO-TE','PN-10130','25/04/2010','OSP','SOCRATES','JZ','HIENA','JOSE SANCHEZ MIRANDA','JOSE SANCHEZ MIRANDA\r'),('154','474','18','CCY','VIENTO DEL SUR','PN-08857','15/03/2010','AV','EJECUTIVO','CCY','ANDALUCIA','CARLOS CORNO YORI','ILEANA JERI DE CORNO\r'),('154','475','19','CBM','ECLIPSE','PN-08927','06/03/2010','AV','EJECUTIVO','CCC','CHICAMA','CESAR BENITES MENDOZA','CESAR BENITES MENDOZA\r'),('154','476','20','MSP','DICTADOR II-TE','PN-09687','12/02/2010','MSP','EMPERADOR','FBB','ABADIA','MANUEL SANCHEZ PAREDES','MANUEL SANCHEZ PAREDES\r'),('155','477','1','AEV','RASCACIELO-TE','PN-08766','28/11/2009','AEV','EL PATRICIO','LV','FRAGANCIA','ALFREDO ELIAS VARGAS','ALFREDO ELIAS VARGAS\r'),('155','478','2','AdSS','CARAVELI','PN-09043','17/11/2009','PK','POTRILLAZO','SRV','REVOLERA','ANDRES DEL SOLAR SOLIMANO/ROSE MARIE SALINI ESPINOZA','ANDRES DEL SOLAR SOLIMANO/ROSE MARIE SALINI ESPINOZA\r'),('155','479','3','BCD','COIMBRO','PN-08615','08/11/2009','LV','JEREZANO','BC','ALEGRIA','BELISARIO DE LAS CASAS D\'ONOFRIO','BELISARIO DE LAS CASAS D\'ONOFRIO\r'),('155','480','4','RIP','DIGNATARIO','PN-08518','15/10/2009','PZ','MILLONARIO II','APR','LITA','RAMON PAJARES RUIZ','HECTOR GILMER BECERRA HERNANDEZ\r'),('155','481','5','JSM','CONSTANTINO-TE','PN-09627','02/10/2009','PK','CONSTANTE','MSP','GRINGA','JOSE SANCHEZ MIRANDA','JOSE SANCHEZ MIRANDA\r'),('155','482','6','CN','DIFERENTE','PN-08986','18/09/2009','LV','ACTOR','CN','ALMENDRA','CERVECERIAS PERUANAS BACKUS S.A.A.','CERVECERIAS PERUANAS BACKUS S.A.A.\r'),('155','483','7','CCC','PACASMAYO','PN-08569','17/08/2009','CCY','EMISARIO','SGA','LA NOVIA','CRIADERO CUARTO CRECIENTE','CRIADERO CUARTO CRECIENTE\r'),('155','484','8','JLGW','MISTERIO','PN-08627','09/08/2009','AEV','DIGNATARIO','JLGW','BAIANA','JOSE LUIS GAGLIARDI WAKEHAM','JOSE LUIS GAGLIARDI WAKEHAM\r'),('155','485','9','FESA','EL SULTAN-TE','PN-09538','06/07/2009','MSP','TELEMACO','JZ','IRONIA','FIDEL ERNESTO SANCHEZ ALAYO','FIDEL ERNESTO SANCHEZ ALAYO\r'),('155','486','10','MSCRL','DON DIEGO-TE','PN-08619','03/04/2009','AEV','NUEVO REY','MSCRL','MAGISTRADA','CRIADERO LA MAESTRANZA SCRL','CRIADERO LA MAESTRANZA SCRL\r'),('155','487','11','AGA','VANIDOSO','PN-08598','30/03/2009','CCY','EMISARIO','RDD','LUCERITO','ATAHUALPA GAMARRA ANDREU','ATAHUALPA GAMARRA ANDREU\r'),('155','488','12','NCA','DON PIERRE','PN-08341','09/02/2009','AV','EJECUTIVO','NCA','ESTRELLA','NAPOLEON CACHO ALFARO','FIDEL ERNESTO SANCHEZ ALAYO\r'),('155','489','13','CCC','PINTON','PN-08149','07/02/2009','CCY','EMISARIO','AZ','ACUARELA','CRIADERO CUARTO CRECIENTE','PEDRO ZAMBRANO CHAVARRI\r'),('155','490','14','JAK','GALLARDO','PN-08483','03/01/2009','LV','ACTOR','PK','LUNA','HACIENDA RECOVECO S.A.C.','PEDRO KOECHLIN VON STEIN\r'),('155','491','15','GLR','GUITARRERO','PN-07979','26/10/2008','GLR','CARRIZAL','GLR','GAVIA','JAVIER A.LA ROSA MUSANTE/CRIADERO DOÑA IRMA','JAVIER A.LA ROSA MUSANTE/CRIADERO DOÑA IRMA\r'),('155','492','16','CCC','LUXOR','PN-08148','08/09/2008','LV','RETRATO','CCC','CHICAMA','CRIADERO CUARTO CRECIENTE','KARL WILHELM REUSCHE ARAMBULO\r'),('155','493','17','CCY','SEÑORIO','PN-08195','13/07/2008','CCY','CADIZ','CCY','SIERPES','CARLOS CORNO YORI','ILEANA JERI DE CORNO\r'),('155','494','18','JFRN','DON GABRIEL','PN-08995','07/04/2008','AEV','EL PATRICIO','JFRN','MARIA MILAGROS','JUAN FRANCISCO RAFFO NOVELLI / CRIADERO ALTO PRADO','CRIADERO LA MAESTRANZA SCRL\r'),('155','495','19','JFH','BOSFORO','PN-07684','06/11/2007','LV','RETRATO','JFH','FETIYE','JUAN FRANCISCO HELGUERO GONZALES','JORGE ANTONIO PISCOYA MADUEÑO\r'),('155','496','20','JOR','SEÑOR DE SEÑORES','PN-07898','04/08/2007','JLR','GRAN SEÑOR','JOR','DIVINA','CRIADERO JOSE ANTONIO ONRUBIA ROMERO S.A','CRIADERO JOSE ANTONIO ONRUBIA ROMERO S.A\r'),('156','497','1','PK','GUERRERO','PN-08270','23/06/2007','CMV','REHEN','PK','LUNA','PEDRO KOECHLIN VON STEIN','PEDRO KOECHLIN VON STEIN\r'),('156','498','2','LAM','CAMPO AMENO','PN-07787','28/05/2007','AEV','NUEVO REY','LAM','TURMANLLE','LUIS ALFREDO MALATESTA ANDERSON','LENIN SALVADOR CRUCES CRISOSTOMO\r'),('156','499','3','LAG','TRIBUNO','PN-07631','25/03/2007','AEV','DIGNATARIO','FC','NATALIA','LUIS ALEJANDRO GONZALEZ LEOPARDI','LUIS ALEJANDRO GONZALEZ LEOPARDI\r'),('156','500','4','JLGW','SEÑOR DE PARACAS','PN-07484','03/08/2006','ERM','JUSTICIERO','JZ','TANGA','JOSE LUIS GAGLIARDI WAKEHAM','GINO GUIULFO GARCIA\r'),('156','501','5','CCC','CALLANGO','PN-07213','27/07/2006','CCY','EMISARIO','CCC','ULLUJALLA II','CRIADERO CUARTO CRECIENTE','CRIADERO CUARTO CRECIENTE\r'),('156','502','6','JMLL','JOSELITO','PN-08386','02/06/2006','JRM','RESPLANDOR','HNS','PERLA II','JUAN MANUEL LLANOS RODRIGUEZ','JUAN MANUEL LLANOS RODRIGUEZ\r'),('156','503','7','FCY','BUENMOZO','PN-07644','19/04/2006','CYU','INSURGENTE','ASR','BUGAMBILLA','FRANCO CORNO YORI','FRANCO CORNO YORI / HUGO HUERTAS DEL PINO UTRILLA\r'),('156','504','8','OSP','MARTIN','PN-09239','20/02/2006','OSP','VENTUROSO','OSP','CONCENTIDA','ORLANDO SANCHEZ PAREDES','MIGUEL SARAPURA ESCOBAR\r'),('156','505','9','CEC','VIAJERO','PN-07502','16/02/2006','LV','MANDAMAS','CEC','VIAJERA','RENZO Y ROSSANA CAROZZI MORALES/CRIADERO EL CRIOLLO','RENZO Y ROSSANA CAROZZI MORALES/CRIADERO EL CRIOLLO\r'),('156','506','10','LSC','CACHICHE','PN-09965','28/08/2005','VCB','KEOMA','LSC','BRUJA DE CACHICHE','LUIS FERNANDO SUAREZ CAÑEDO','LUIS FERNANDO SUAREZ CAÑEDO\r'),('156','507','11','ERM','ROLEX','PN-06709','27/08/2005','ERM','ESPONTANEO','ERM','SOLARIEGA','EDUARDO RISSO MONTES','EDUARDO RISSO MONTES\r'),('156','508','12','ERM','LUNAREJO','PN-06710','13/08/2005','ERM','ESPONTANEO','ERM','RESOLANA','EDUARDO RISSO MONTES','EDUARDO RISSO MONTES\r'),('156','509','13','JMLL','AGRESOR','PN-06917','06/03/2005','JRM','RESPLANDOR','HNS','PERLA II','JUAN MANUEL LLANOS RODRIGUEZ','JUAN MANUEL LLANOS RODRIGUEZ\r'),('156','510','14','OSP','SOCRATES','PN-07646','18/10/2004','MSP','TELEMACO','OSP','GIRASOL','ORLANDO SANCHEZ PAREDES','ORLANDO SANCHEZ PAREDES\r'),('156','511','15','INP','PRELUDIO','PN-05983','10/12/2003','AV','MALVAVISCO','ABM','PERFUME DE','ISMAEL NOYA DE LA PIEDRA','ROLANDO BELLIDO AEDO\r'),('156','512','16','PK','SOLIMAR','PN-06674','30/09/2003','LFC','MARCIAL DEL CORTIJO','PK','OLGA','PEDRO KOECHLIN VON STEIN','PEDRO KOECHLIN VON STEIN\r'),('156','513','17','JD','PREAMBULO','PN-05871','02/07/2002','JD','PRETENDIDO','JD','AMBAR','JORGE DYER DE LAS CASAS','JORGE DYER DE LAS CASAS\r'),('156','514','18','RHG','SOLIMAN','PN-05584','05/02/2002','JD','CALUPEÑO','CFF','DINASTIA','RICHARD HALE GARCIA','FIDEL ERNESTO SANCHEZ ALAYO\r'),('156','515','19','LV','MANDAMAS','PN-04536','28/07/1998','AEV','SOL REAL','LV','JEREZANA','LUIS VASQUEZ NACARINO','JORGE VILLACORTA / RENZO CAROZZI\r'),('161','516','1','ACZ','HURACAN','CN-02645','19/12/2012','*JAI','PRESTIGIO','JFRN','MARIA BELEN','ARTURO CAVERO ZAVALA','ARTURO CAVERO ZAVALA\r'),('161','517','2','NVF','PRESAGIO','CN-02650','26/10/2012','CEC','VIAJERO','NVG','PRESTIGIOSA','NAZARIO VILLAFUERTE FALCON','NAZARIO VILLAFUERTE GUARDIA/NAZARIO VILLAFUERTE FALCON\r'),('161','518','3','OAMS','ARMENTO','CN-02579','13/10/2012','ERB','REY SOL','OAMS','ESCARAMUSA','ALBERTO MASSARO SILVA','ALBERTO MASSARO SILVA\r'),('161','519','4','JHL','MENSAJERO','CN-02618','10/10/2012','CCY','EMISARIO','JHL','COQUETA','JAIME RAUL HEREDIA LANDEO','JAIME RAUL HEREDIA LANDEO\r'),('161','520','5','CCHS','MORANTE - TE','CN-02630','23/09/2012','FTP','TULIPAN','LBL','LA NIÑA','CARLOS ANTONIO CHIRINOS SORIA','CARLOS ANTONIO CHIRINOS SORIA\r'),('161','521','6','MRA','BAVARO','CN-02637','21/09/2012','JEB','IRREVERENTE','MRA','TORMENTA','MIGUEL ARBULU ALVA','MIGUEL ARBULU ALVA\r'),('161','522','7','MRA','BEDUINO','CN-02423','21/09/2012','JEB','IRREVERENTE','MRA','MALASIA','MIGUEL ARBULU ALVA','GINO GUIULFO GARCIA\r'),('161','523','8','SSM','CRISOL - TE','CN-02681','19/08/2012','JSM','SOLIDARIO','RGO','CAPONERA','SILVIA ISABEL SANCHEZ MIRANDA','SILVIA ISABEL SANCHEZ MIRANDA\r'),('161','524','9','CCC','RECUERDO','CN-02268','17/05/2012','AEV','DIGNATARIO','CCC','LUZMA','CRIADERO CUARTO CRECIENTE','CRIADERO CUARTO CRECIENTE\r'),('161','525','10','AEV','APACHE','CN-02634','08/04/2012','AEV','LEAL','AEV','PROMETIDA','ALFREDO ELIAS VARGAS','DANIEL VALVERDE / RENZO VALVERDE / MAURICIO HUMBOLDT\r'),('161','526','11','MSP','QUILMANA','CN-02680','29/02/2012','MSP','SILENCIO-TE','AEV','ROSA DEL PERU','MANUEL SANCHEZ PAREDES','MANUEL SANCHEZ PAREDES\r'),('161','527','12','AHT','CAÑAZO','CN-02666','21/01/2012','AEV','DIGNATARIO','AHT','CAÑERA','ANTONIO HUDTWALCKER TEIXEIRA','ANTONIO HUDTWALCKER TEIXEIRA\r'),('161','528','13','FESA','SUMAQ','CN-02636','19/01/2012','ERM','ELEGIDO','ERM','CELESTE','FIDEL ERNESTO SANCHEZ ALAYO','FIDEL ERNESTO SANCHEZ ALAYO\r'),('162','529','1','EAA','GALANTEADOR','CN-02619','15/12/2011','LV','TRIFINO-TE','EAA','TRUFA','ENRIQUE ARBULU AGUINAGA','ENRIQUE ARBULU AGUINAGA\r'),('162','530','2','KRA','GARBOSO','CN-02631','19/11/2011','LAG','TRIBUNO','LAG','GUARACHA','KARL WILHELM REUSCHE ARAMBULO','KARL WILHELM REUSCHE ARAMBULO\r'),('162','531','3','SQ','FLOR DE CANELA','CN-02505','10/11/2011','RHG','SOLIMAN','SQ','MADRE SELVA','SANTIAGO QUEIROLO CIUFFARDI','GUILLERMO ALEJANDRO CHAVEZ AMADO\r'),('162','532','4','RG','EL GUAPO','CN-02352','07/11/2011','AV','ANDALUZ','HH','FLOR DE ROCIO','ROCIO GUTIERREZ VILLENA','ROCIO GUTIERREZ VILLENA\r'),('162','533','5','RyJLG','DON FIDEL','CN-02596','05/11/2011','ERB','REY SOL','RyRLG','AROMA','RENZO LAZO GOMEZ / JULIO LAZO GOMEZ','RENZO LAZO GOMEZ / JULIO LAZO GOMEZ\r'),('162','534','6','CN','FESTEJO','CN-02603','22/10/2011','*SK','MOMOTOMBO','CN','UTOPIA','CERVECERIAS PERUANAS BACKUS S.A.A.','CERVECERIAS PERUANAS BACKUS S.A.A.\r'),('162','535','7','KRA','IMPETUOSO','CN-02508','06/10/2011','JEB','IRREVERENTE','AHT','LINDA CAMPERA','KARL WILHELM REUSCHE ARAMBULO','KARL WILHELM REUSCHE ARAMBULO\r'),('162','536','8','SGA','PERGAMINO','CN-02541','24/08/2011','SGA','MERENGUE','JSS','PRINCESA TANTARIKA','SAMUEL GLEISER AZCARATE','JORGE ANTONIO PISCOYA MADUEÑO\r'),('162','537','9','GLR','IMPACTO','CN-02678','23/08/2011','GLR','CARRIZAL','GLR','DOÑA INES','JAVIER A.LA ROSA MUSANTE/CRIADERO DOÑA IRMA','JAVIER A.LA ROSA MUSANTE/CRIADERO DOÑA IRMA\r'),('162','538','10','FyEP','EMPRESARIO','CN-02381','14/08/2011','FyEP','ACIERTO','MEAA','APURIMAC','FERNANDO Y ELSA PUGA','FERNANDO Y ELSA PUGA\r'),('162','539','11','EMQ','SEDUCTOR','CN-02612','28/05/2011','LV','FIGURA','PZ','MILENIA','ENRIQUE MARISCAL QUIROZ','ENRIQUE MARISCAL QUIROZ\r'),('162','540','12','JMLL','BENJAMIN','CN-02663','09/04/2011','MLL','ESTIRPE','','ADINERADA CAYALTI','JUAN MANUEL LLANOS RODRIGUEZ','JUAN MANUEL LLANOS RODRIGUEZ\r'),('162','541','13','CCC','CALLANGUITO-TE','CN-02461','20/03/2011','CCC','CALLANGO','JRM','GUIRNALDA','CRIADERO CUARTO CRECIENTE','ALBERT ALEX FORSYTH SOLARI / BEGOÑA VEREAU GORBITZ DE FORSYTH\r'),('162','542','14','MSCRL','ODISEO-TE','CN-02343','19/03/2011','AEV','DIGNATARIO','JFRN','ALIESKA','CRIADERO LA MAESTRANZA SCRL','CRIADERO LA MAESTRANZA SCRL\r'),('162','543','15','ACZ','DOCTOR','CN-02504','07/02/2011','*JAI','PRESTIGIO','CLVL','ACTRIZ','ARTURO CAVERO ZAVALA','ARTURO CAVERO ZAVALA\r'),('162','544','16','JMLL','DESAGRAVIO','CN-02662','28/01/2011','MLL','FINA ESTAMPA','JMLL','FINURA','JUAN MANUEL LLANOS RODRIGUEZ','JUAN MANUEL LLANOS RODRIGUEZ\r'),('162','545','17','FESA','CANCILLER-TE','CN-02479','15/01/2011','LV','ACTOR','FESA','EMBAJADORA-TE','FIDEL ERNESTO SANCHEZ ALAYO','FIDEL ERNESTO SANCHEZ ALAYO\r'),('162','546','18','AZ','SOÑADOR-TE','CN-02447','08/01/2011','CMV','REHEN','PK','SOÑADA','ALBERTO DE AZAMBUJA PASARA','ALBERTO DE AZAMBUJA PASARA\r'),('162','547','19','JMLL','BENDITO','CN-02532','07/01/2011','CTR','MOSQUETERO','JMLL','JUSTICIA','JUAN MANUEL LLANOS RODRIGUEZ','JUAN MANUEL LLANOS RODRIGUEZ\r'),('162','548','20','MRA','BUJAMERO','CN-02503','03/01/2011','ERM','JUSTICIERO','MRA','TORMENTA','MIGUEL ARBULU ALVA','CESAR BENITES MENDOZA\r'),('162','549','21','PZ','EJECUTOR','CN-02496','02/01/2011','AV','EJECUTIVO','PZ','ABA','PEDRO ZAMBRANO CHAVARRI','PEDRO ZAMBRANO CHAVARRI\r'),('163','550','1','ERPB','PRIMOGENITO','CN-02402','17/12/2010','RHG','CATON','ERPB','PRIMACIA','ENRIQUE RIZO PATRON BAZO','GINO GUIULFO GARCIA\r'),('163','551','2','FER','MANDRAKE','CN-02515','28/11/2010','JRM','PINCEL','JRM','MORALEJA','FERNANDO RISSO MONTES','DANIELA FORTON OJEDA/JUAN CARLOS VELEZ GADEA\r'),('163','552','3','RHG','TRIFON-TE','CN-02453','29/10/2010','CCC','CALLANGO','JCL','ESTRELLA','RICHARD HALE GARCIA','CRIADERO JORGE JUAN PINILLOS COX\r'),('163','553','4','GCLP','CINEASTA - TE','CN-02657','28/10/2010','AV','ANDALUZ','GCLP','RECUPERADA','GIORGIO CROLLE LORO PIANA','FLAVIO ALBERTO CARRILLO NARANJO\r'),('163','554','5','JOR','GENERALIFE','CN-02540','11/10/2010','LV','ACTOR','JOR','PROMESA','CRIADERO JOSE ANTONIO ONRUBIA ROMERO S.A','RAFAEL FRANCO MONTES\r'),('163','555','6','LV','ESPAÑOL','CN-02425','23/09/2010','AV','ANDALUZ','LV','PINTURERA','LUIS VASQUEZ NACARINO','KVC CONTRATISTAS S.A.C.\r'),('163','556','7','ASR','PROVERBIO','CN-02651','22/08/2010','ASR','PRESAGIO','ASR','ALGARROBINA','ALBERTO SALAVERRY REUSCHE','ALBERTO SALAVERRY REUSCHE\r'),('163','557','8','GLR','ACERTIJO','CN-02660','06/08/2010','GLR','CARRIZAL','GLR','MADRE PERLA','JAVIER A.LA ROSA MUSANTE/CRIADERO DOÑA IRMA','JAVIER A.LA ROSA MUSANTE/CRIADERO DOÑA IRMA\r'),('163','558','9','ERM','ESPARTANO','CN-02383','22/07/2010','ERM','LUNAREJO','ERM','ROMA','EDUARDO RISSO MONTES','GINO GUIULFO GARCIA\r'),('163','559','10','RBC','LUCHADOR','CN-02330','03/07/2010','ERM','EMBRUJO DE CACHICHE','RBC','PREFERIDA','RICARDO BUSTAMANTE CILLONIZ','GINO GUIULFO GARCIA\r'),('163','560','11','CN','ESCORPION','CN-02457','07/04/2010','CN','BAVARO','CN','QUEBRANTA','CERVECERIAS PERUANAS BACKUS S.A.A.','CERVECERIAS PERUANAS BACKUS S.A.A.\r'),('163','561','12','ACZ','SALVADOR','CN-02328','17/02/2010','*JAI','PRESTIGIO','CLVL','ACTRIZ','ARTURO CAVERO ZAVALA','ARTURO CAVERO ZAVALA\r'),('163','562','13','MRA','MALAMBO','CN-02198','21/01/2010','AV','EJECUTIVO','MRA','TORMENTA','MIGUEL ARBULU ALVA','CESAR BENITES MENDOZA\r'),('163','563','14','FyEP','DIRECTOR','CN-02407','20/01/2010','LV','ACTOR','FyEP','PROLIJA','FERNANDO Y ELSA PUGA','FERNANDO Y ELSA PUGA\r'),('163','564','15','JGD','RIO TINTO','CN-02354','13/12/2009','LV','MACARENO','FBB','AVENIDA','JORGE ALBERTO GANOZA DURANT','ALBERT ALEX FORSYTH SOLARI / BEGOÑA VEREAU GORBITZ DE FORSYTH\r'),('163','565','16','RHR','LUPIN','CN-02255','12/12/2009','RHR','COLTEÑO','RHR','PRENDA','RICARDO HEREDIA ROJAS','RICARDO HEREDIA ROJAS\r'),('163','566','17','BCD','DANUBIO','CN-02126','09/12/2009','AV','EJECUTIVO','BC','SUSPIRO','BELISARIO DE LAS CASAS D\'ONOFRIO','BELISARIO DE LAS CASAS D\'ONOFRIO\r'),('163','567','18','MLM','MOVADO','CN-02476','27/11/2009','ERM','ROLEX','ERM','CELESTE','MICHAEL Y LINDA MEWHINNEY','RAFAEL FRANCO MONTES\r'),('163','568','19','JR','PERUANISIMO','CN-02265','26/11/2009','*WF','EMBAJADOR','JRM','PERUANISIMA','JOSE RISSO MONTES','JOSE RISSO MONTES\r'),('163','569','20','MVO','CALIFA','CN-02591','31/10/2009','FTB','MISTICO','MVO','ISA DE LUCA','MARIO VIDAL OLCESE','NEIL EDWIN CORDOVA MACASSI\r'),('163','570','21','GLR','PINCEL','CN-02293','04/10/2009','GLR','TROVADOR','GLR','DOÑA PEPA','JAVIER A.LA ROSA MUSANTE/CRIADERO DOÑA IRMA','JAVIER A.LA ROSA MUSANTE/CRIADERO DOÑA IRMA\r'),('164','571','1','RCH','GENEROSO','CN-02397','01/10/2009','FNC','CAPATAZ','RCH','MONA LISA','RAFAEL CORNEJO HEINRICH','RAFAEL CORNEJO HEINRICH\r'),('164','572','2','JCDCH','CHOLOLOLO','CN-02229','23/09/2009','CCY','EMISARIO','JHBC','CANELA','JOSE CARLOS DEXTRE CHACON','JOSE CARLOS DEXTRE CHACON\r'),('164','573','3','ACZ','BOHEMIO','CN-02307','12/09/2009','*JAI','PRESTIGIO','*FG','AFRODITA','ARTURO CAVERO ZAVALA','MARCO ANTONIO FRANCO SEVILLA\r'),('164','574','4','JSM','SAGAZ-TE','CN-02297','06/09/2009','MSP','SOLITARIO','MSP','SANDRA','JOSE SANCHEZ MIRANDA','JOSE SANCHEZ MIRANDA\r'),('164','575','5','GLR','ANTARES','CN-02536','31/08/2009','GLR','CARRIZAL','GLR','MISTURA','JAVIER A.LA ROSA MUSANTE/CRIADERO DOÑA IRMA','JAVIER A.LA ROSA MUSANTE/CRIADERO DOÑA IRMA\r'),('164','576','6','GLR','GONDOLERO','CN-02659','28/08/2009','GLR','CARRIZAL','GLR','CAROLINA','JAVIER A.LA ROSA MUSANTE/CRIADERO DOÑA IRMA','JAVIER A.LA ROSA MUSANTE/CRIADERO DOÑA IRMA\r'),('164','577','7','JLGW','CYRANO','CN-02272','25/07/2009','AEV','DIGNATARIO','JLGW','AZAHARA','JOSE LUIS GAGLIARDI WAKEHAM','JOSE LUIS GAGLIARDI WAKEHAM\r'),('164','578','8','JVDZ','DON ALONSO','CN-02242','24/03/2009','JVDZ','NOBLE REY','LAG','REALIDAD','JORGE VILLACORTA DIAZ / CRIADERO LAZCAN','ENRIQUE GARCIA TRESIERRA\r'),('164','579','9','CZ','KAISER','CN-02512','04/02/2009','BSP','PROMETIDO','CZ','RECUERDO I','CARMELA ZAPATA DE ARAMBURU','MARCO ANTONIO FRANCO SEVILLA\r'),('164','580','10','MSP','LAZARO-TE','CN-02415','27/01/2009','JRM','RETORNO','JRM','PROLIJA','MANUEL SANCHEZ PAREDES','MANUEL SANCHEZ PAREDES\r'),('164','581','11','PK','COROCOCHOY - TE','CN-02182','08/12/2008','CCY','EMISARIO','PK','DIANA','PEDRO KOECHLIN VON STEIN','PEDRO KOECHLIN VON STEIN\r'),('164','582','12','OSP','SOL DE MAMACONA','CN-02419','29/11/2008','AEV','SOL REAL','JZ','HIENA','ORLANDO SANCHEZ PAREDES','ORLANDO SANCHEZ PAREDES\r'),('164','583','13','OSP','SANDINO','CN-02097','24/11/2008','AEV','SOL REAL','BSP','GRANADA','ORLANDO SANCHEZ PAREDES','ORLANDO SANCHEZ PAREDES\r'),('164','584','14','GLR','LOMERO','CN-02292','21/11/2008','GLR','CARRIZAL','GLR','BEATA','JAVIER A.LA ROSA MUSANTE/CRIADERO DOÑA IRMA','JAVIER A.LA ROSA MUSANTE/CRIADERO DOÑA IRMA\r'),('164','585','15','SQ','DUQUE','CN-02261','23/10/2008','SM','UMBRIEL','SQ','DUQUESA','SANTIAGO QUEIROLO CIUFFARDI','GUILLERMO ALEJANDRO CHAVEZ AMADO\r'),('164','586','16','CER','GANADERO','CN-02206','23/10/2008','LV','GRATITUD','CER','AQUARELLA','ALFONSO SIMPSON LLOSA / CRIADERO EL ROSARIO','ALFONSO SIMPSON LLOSA / CRIADERO EL ROSARIO\r'),('164','587','17','FJ','CANDELO','CN-02417','05/10/2008','JOI','ZAPATEO','ECH','PISA CANDELA','FRANCISCO JAVIER HERNANDEZ BARRETO','FRANCISCO JAVIER HERNANDEZ BARRETO\r'),('164','588','18','WCH','PRESTIGIO','CN-02602','16/09/2008','PYR','PROSAYCO','WCH','LAGRIMILLA','WILLY CHIRINOS CARPIO','WILLY CHIRINOS CARPIO\r'),('164','589','19','MRA','MALABRIGO','CN-01915','31/08/2008','CVD','DON VICENTE','CN','TRUJILLANA','MIGUEL ARBULU ALVA','CESAR BENITES MENDOZA\r'),('164','590','20','AASM','ANTARES - TE','CN-02682','29/07/2008','AEV','SOL REAL','JZ','HIENA','ALFREDO SANCHEZ MIRANDA','ALFREDO SANCHEZ MIRANDA\r'),('164','591','21','GCLP','JUPITER','CN-02507','03/07/2008','AV','EJECUTIVO','GCLP','RECUPERADA','GIORGIO CROLLE LORO PIANA','CESAR VERA ARBAIZA\r'),('165','592','1','CCY','ALGUACIL','CN-02046','12/06/2008','CCY','CADIZ','CCY','ALMUDENA','CARLOS CORNO YORI','MARCO ANTONIO FRANCO SEVILLA\r'),('165','593','2','AFS','MAGNIFICO','CN-02123','14/02/2008','JRM','MAGISTRAL','JRM','GUIRNALDA','ALBERT FORSYTH SOLARI','RICARDO QUIROZ CANO\r'),('165','594','3','AEV','GALANO','CN-02553','26/01/2008','AEV','NUEVO REY','AEV','NUEVA ESPERANZA','ALFREDO ELIAS VARGAS','ALFREDO ELIAS VARGAS\r'),('165','595','4','JSM','GALAN','CN-02052','12/01/2008','JRM','BOTERO DE CHEROKEE','JRM','ALMENDRA','JOSE SANCHEZ MIRANDA','JOSE SANCHEZ MIRANDA\r'),('165','596','5','JMLL','SEDUCTOR','CN-02394','03/01/2008','MLL','ESTIRPE','GCD','RELIQUIA','JUAN MANUEL LLANOS RODRIGUEZ','JUAN MANUEL LLANOS RODRIGUEZ\r'),('165','597','6','BRR','EL MAJO','CN-02528','24/12/2007','AHT','BOLERO','BRR','MAJADERA','BELISARIO ROSAS RAZETO','BELISARIO ROSAS RAZETO\r'),('165','598','7','JFRN','PRECIADO','CN-02005','29/11/2007','AEV','EL PATRICIO','MSCRL','MARIA BELLA','JUAN FRANCISCO RAFFO NOVELLI / CRIADERO ALTO PRADO','JUAN FRANCISCO RAFFO NOVELLI / CRIADERO ALTO PRADO\r'),('165','599','8','CSR','JANTO','CN-01963','26/11/2007','JOR','AGUARDIENTE','CSR','DIVA','CESAR SALAS ROOM','RICARDO QUIROZ CANO\r'),('165','600','9','JLGW','FINA ESTAMPA','CN-02034','01/11/2007','ERM','ESPONTANEO','CDB','SAMIRA','JOSE LUIS GAGLIARDI WAKEHAM','GEORGE ANTONIO MASIAS FELIPA\r'),('165','601','10','ASR','AGUAYMANTO','CN-02243','20/10/2007','MEAA','APRECIADO','ASR','PERUANA','ALBERTO SALAVERRY REUSCHE','EDUARDO EDGARDO CHAMAN COMOTTO\r'),('165','602','11','JVDZ','DON ERNESTO','CN-01917','19/10/2007','GS','DON ANTONIO','JVDZ','SULLANERA','JORGE VILLACORTA DIAZ / CRIADERO LAZCAN','JENNY VILLAFUERTE FALCON\r'),('165','603','12','RVT','PROLETARIO','CN-01879','27/09/2007','AEV','DIGNATARIO','CDV','MARIA LUISA','RENZO VALVERDE TORRICO','DANIEL VALVERDE / RENZO VALVERDE / MAURICIO HUMBOLDT\r'),('165','604','13','PZ','LUMINOSO','CN-01943','31/08/2007','PZ','MILLONARIO II','PZ','LUNA','PEDRO ZAMBRANO CHAVARRI','PEDRO ZAMBRANO CHAVARRI\r'),('165','605','14','JOR','TENOR','CN-01882','27/08/2007','LV','RETRATO','JOR','ESCENCIA','CRIADERO JOSE ANTONIO ONRUBIA ROMERO S.A','CRIADERO JOSE ANTONIO ONRUBIA ROMERO S.A\r'),('165','606','15','FC','CHACARERO','CN-02554','26/07/2007','FC','MANDATARIO','FC','NAZARENA','FERNANDO CERUTI COGORNO','ALFONSO SIMPSON BUSTAMANTE\r'),('165','607','16','MLM','TEMPLARIO','CN-01918','13/06/2007','ERM','ESPONTANEO','MLM','GRACIA','MICHAEL Y LINDA MEWHINNEY','JOSE LUIS FAUSTINO ASCUÑA MARQUEZ\r'),('165','608','17','RP','CLAUDIO','CN-01926','07/06/2007','FRM','SEÑORON','APR','LITA','RAMON PAJARES RUIZ','WILSON RODRIGO SALAZAR ALARCON\r'),('165','609','18','JMLL','SATURNO','CN-02210','17/02/2007','JRM','RESPLANDOR','','ADINERADA CAYALTI','JUAN MANUEL LLANOS RODRIGUEZ','JUAN MANUEL LLANOS RODRIGUEZ\r'),('165','610','19','JJCC','BANDIDO','CN-02073','13/01/2007','CMV','REHEN','JRM','RAFAGA','JULIAN CARRION CANESSA/FUNDO SANTA ROSITA','JULIAN CARRION CANESSA/FUNDO SANTA ROSITA\r'),('165','611','20','VCB','MI NEGRITO','CN-02050','27/11/2006','HNS','EL NEGRO','VCB','LUCUMA','VICTOR CASTRO BARBIERI','GLADYS NELLY ALARCON CANCHARI\r'),('165','612','21','RBC','DON DAFO','CN-01841','03/10/2006','AEV','NUEVO REY','VCB','SANTA ANA','RICARDO BUSTAMANTE CILLONIZ','CESAR WILLIAM RETAMOZO CACERES\r'),('166','613','1','DMCB','DON BARTOLO','CN-02426','15/09/2006','PK','PRIMOROSO','DMCB','CACHINA','DANIEL MEZA CUADRA BUCKLEY','DANIEL MEZA CUADRA BUCKLEY\r'),('166','614','2','CCC','EMIR','CN-01757','03/07/2006','CCY','EMISARIO','CCY','SIERPES','CRIADERO CUARTO CRECIENTE','CRIADERO CUARTO CRECIENTE\r'),('166','615','3','LL','MAESTRO','CN-02033','07/06/2006','JRM','MAGISTRAL','JRM','RECOMPENSA','ALEJANDRO LLOSA GARCIA','ALEJANDRO LLOSA GARCIA\r'),('166','616','4','AEV','IMPERIAL','CN-01847','19/05/2006','AEV','NUEVO REY','AEV','DESIRE','ALFREDO ELIAS VARGAS','FRANCISCO JAVIER HERNANDEZ BARRETO\r'),('166','617','5','JOR','PRIVADO','CN-01581','06/12/2005','BCH','PRIMOR','JOR','SEÑORITA','CRIADERO JOSE ANTONIO ONRUBIA ROMERO S.A','CRIADERO JOSE ANTONIO ONRUBIA ROMERO S.A\r'),('166','618','6','MRA','CANCILLER','CN-01617','18/10/2005','LV','MACARENO','AHT','LA BANDOLERA','MIGUEL ARBULU ALVA','DANIEL VALVERDE / RENZO VALVERDE / MAURICIO HUMBOLDT\r'),('166','619','7','FBB','ESTIRPE','CN-01980','12/07/2005','AEV','DIGNATARIO','FBB','ABADIA','FERNANDO BUSTAMANTE BELAUNDE','GEORGE ANTONIO MASIAS FELIPA\r'),('166','620','8','JVDZ','EMPERADOR','CN-01538','24/01/2005','LJO','FARAON','LV','LUNA LLENA','JORGE VILLACORTA DIAZ / CRIADERO LAZCAN','MARIA ELENA ESTRADA DE BAUER\r'),('166','621','9','CN','BETICO','CN-01595','21/01/2005','JRM','LOCUTOR','CN','MARINGA','CERVECERIAS PERUANAS BACKUS S.A.A.','CERVECERIAS PERUANAS BACKUS S.A.A.\r'),('166','622','10','JMLL','MONARCA','CN-01843','11/11/2004','JRM','RESPLANDOR','MLL','DECIDIDA','JUAN MANUEL LLANOS RODRIGUEZ','JUAN MANUEL LLANOS RODRIGUEZ\r'),('166','623','11','JZ','ODISEO','CN-02178','17/08/2004','ERM','GENOVES','JZ','NURIA','JAIME URANGA BUSTOS/CRIADERO J.J.','ORLANDO SANCHEZ PAREDES\r'),('166','624','12','JEB','TORNADO','CN-01652','16/08/2004','BCH','PRIMOR','AEV','ARSINOE','JORGE ELIAS BARREDA','GEETA BALANI\r'),('166','625','13','INP','CARACOL','CN-01468','16/01/2004','AV','MALVAVISCO','INP','CARACOLETA','ISMAEL NOYA DE LA PIEDRA','GLADYS NELLY ALARCON CANCHARI\r'),('166','626','14','JHL','RAYO DE PLATA','CN-01630','03/01/2004','JHL','RAYO DE ORO','HNS','FINURA IQUEÑA','JAIME RAUL HEREDIA LANDEO','JAIME RAUL HEREDIA LANDEO\r'),('166','627','15','JJCC','ALTIVO','CN-01347','16/07/2003','JRM','LABERINTO','JRM','PATRONA','JULIAN CARRION CANESSA/FUNDO SANTA ROSITA','JULIAN CARRION CANESSA/FUNDO SANTA ROSITA\r'),('166','628','16','FTB','MISTICO','CN-01835','04/01/2003','MSP','TELEMACO','','DOÑA ELVIRA','NEGOCIACION AGROPECUARIA MONTALVAN S.A.C.','FRANCISCO JAVIER HERNANDEZ BARRETO\r'),('166','629','17','MSCRL','BERNABE','CN-01574','01/12/2002','MSCRL','MAGISTRADO','CDV','RODMANA','CRIADERO LA MAESTRANZA SCRL','CRIADERO LA MAESTRANZA SCRL\r'),('166','630','18','MCHA','ATHOS','CN-02155','03/11/2002','MFRC','MORENO','MCHA','PASCUA','MANUEL CHECA ARIAS SCHEREIBER','GEORGE ANTONIO MASIAS FELIPA\r'),('166','631','19','JJP','DUENDE','CN-02064','08/08/2002','JJP','TRUJILLANO','FPM','AFRODITA','CRIADERO JORGE JUAN PINILLOS COX','CESAR VERA ARBAIZA\r'),('166','632','20','JyEP','PINTADO','CN-01315','02/07/2001','JyEP','PRIVILEGIO','JyEP','PERFUME','JULIO Y EDITH PESCHIERA','CESAR BENITES MENDOZA\r'),('179','633','1','JOR','IMPACTO','CN-02086','24/10/2008','LV','SOL BRILLANTE','JOR','LA DIVA','CRIADERO JOSE ANTONIO ONRUBIA ROMERO S.A','CRIADERO JOSE ANTONIO ONRUBIA ROMERO S.A\r'),('179','634','2','AEV','MONTAÑEZ II','CN-01653','17/08/2005','BCH','PRIMOR','AEV','MADRESELVA','ALFREDO ELIAS VARGAS','DANIEL VALVERDE / RENZO VALVERDE / MAURICIO HUMBOLDT\r'),('179','635','3','AHT','CARETA','CN-01912','14/08/2008','JRM','LABERINTO','AHT','LA AVENTURERA','ANTONIO HUDTWALCKER TEIXEIRA','ANTONIO HUDTWALCKER TEIXEIRA\r'),('180','636','1','JRM','PIZPIRETA','YN-12192','16/07/2005','JRM','MAGISTRAL','JRM','ENIGMA','JOSE RISSO MATELLINI','CRIADERO R S.A.C.\r'),('180','637','2','ERM','OSADIA','YN-13468','17/10/2007','ERM','REVOLUCIONARIO','ERM','ALONDRA','EDUARDO RISSO MONTES','EDUARDO RISSO MONTES\r'),('180','638','3','LAM','LOA','YN-11573','31/12/2003','AEV','DIGNATARIO','LAM','TURMANLLE','LUIS ALFREDO MALATESTA ANDERSON','JOSE LUIS GAGLIARDI WAKEHAM\r'),('180','639','4','ERE','LEALTAD','YN-13466','13/08/2007','ERM','ESPONTANEO','AEV','AGUA NUEVA','EDUARDO RISSO ELIAS','EDUARDO RISSO ELIAS\r'),('181','640','1','LV','ILUSTRE-TE','PN-09094','11/05/2010','ERM','ELEGIDO','LV','MIL AMORES','LUIS VASQUEZ NACARINO','KARL WILHELM REUSCHE ARAMBULO\r'),('181','641','2','PYR','PROCER','PN-08104','30/04/2008','PYR','PROSAYCO','DBG','LA DOÑA','PABLO YSAUL RIVERA CHAVEZ','JOSE RISSO MONTES / PABLO YSAUL RIVERA CHAVEZ\r'),('181','642','3','MSP','PERSEPTOLIS-TE','PN-09685','13/09/2006','MSP','TELEMACO','FBB','SUPREMA','MANUEL SANCHEZ PAREDES','MANUEL SANCHEZ PAREDES\r');

/*Table structure for table `tournaments` */

DROP TABLE IF EXISTS `tournaments`;

CREATE TABLE `tournaments` (
  `id` int(10) unsigned NOT NULL AUTO_INCREMENT,
  `description` varchar(200) NOT NULL,
  `date_begin` date DEFAULT NULL,
  `date_end` date DEFAULT NULL,
  `type` enum('jury','wjury') NOT NULL DEFAULT 'jury',
  `status` enum('inactive','active','journal','final','deleted') NOT NULL DEFAULT 'inactive',
  PRIMARY KEY (`id`)
) ENGINE=InnoDB AUTO_INCREMENT=5 DEFAULT CHARSET=utf8;

/*Data for the table `tournaments` */

insert  into `tournaments`(`id`,`description`,`date_begin`,`date_end`,`type`,`status`) values (1,'XXXVII CONCURSO DEPARTAMENTAL DEL CABALLO PERUANO DE PASO','2015-11-06','2015-11-08','jury','final'),(2,'XXXII TRADICIONAL CONCURSO DE VERANO DEL CABALLO PERUANO DE PASO LURIN - PACHACAMAC','2016-02-19','2016-02-20','jury','final'),(3,'LXXI CONCURSO NACIONAL OFICIAL DEL CABALLO PERUANO DE PASO','2016-04-17','2016-04-21','jury','inactive'),(4,'LXXI CONCURSO NACIONAL OFICIAL DEL CABALLO PERUANO DE PASO','2016-04-17','2016-04-21','jury','deleted');

/*Table structure for table `users` */

DROP TABLE IF EXISTS `users`;

CREATE TABLE `users` (
  `id` int(10) unsigned NOT NULL AUTO_INCREMENT,
  `names` varchar(50) NOT NULL,
  `lastname` varchar(80) NOT NULL,
  `user` varchar(15) NOT NULL,
  `password` varchar(100) NOT NULL,
  `login` tinyint(1) unsigned NOT NULL,
  `remember_token` varchar(50) DEFAULT NULL,
  `profile` enum('admin','commissar','jury','operator','general_commissar') NOT NULL,
  `status` enum('active','inactive') NOT NULL DEFAULT 'active',
  PRIMARY KEY (`id`)
) ENGINE=InnoDB AUTO_INCREMENT=10 DEFAULT CHARSET=utf8;

/*Data for the table `users` */

insert  into `users`(`id`,`names`,`lastname`,`user`,`password`,`login`,`remember_token`,`profile`,`status`) values (1,'Miguel','Pazo Sánchez','admin','$2y$10$4H4J2nPfxtfujPYxdcqAROboWri0X2C2La1FJY9KEQ6nY8TwIhS2e',0,'A64hIKfIqNf9ZH6KCSHGB4F94jbRIbjF8XQddj8zsCcrhDyTx3','admin','active'),(2,'Jose','Canario','comisario','$2y$10$jj9x0cNGKCb4YhnFzvSXZ.giSRpcpzT5LP8CcCQ.Az7l8CHNXWtom',0,'krz4gF7IKpJ9QGvWh3jPStLNJ8WcPIJGyj4Rn7IpXHKu4W0IFv','commissar','active'),(3,'Roque','Benavides','jurado1','$2y$10$ZtAzyg6gtEH72hw6GpRUwOgOvcU87N4duubTA2pK7Eo78kHSaxVIi',0,'xoibyx91cpJDnnLmNOIfZb3TBd3gwhArcmZYWyesjUW38hAThS','jury','active'),(4,'Ernesto','Roca','jurado2','$2y$10$8fkJzO2lkPqx3egjIjGs1O8Vidti87xFDzmEwKAKCEoc4UQlKvI9a',0,'FSxtisDstb4WidlMrYnLFQA9qlMQ9yOK8Ltef8tyCPyiAbeJnl','jury','active'),(5,'Luis Pablo','Vasquez','jurado3','$2y$10$4xwAE8n0d2c54cWdmt5RLurNiHk9hCIKw19ktKbmmoOXD15K5G.Aq',0,'zZde5YJrHU0Nlu90WnsIl0iLEJ953JgyngkrL4qGHihTAhnrSU','jury','active'),(6,'Miguel','Pazo','oper1','$2y$10$xPvEW6GhjsdO5o49ff1wJ.9EeNYrTKqcPqWFKLmHBty412BBUf44u',0,'FMZ0v7hOZ5tZ6lQeD3C4tpdgAaMeh05PBf4hSK9obM0CvBk47l','operator','active'),(7,'miguel','pazo','gcomisario','$2y$10$9VAlEPyT2z6plFO/HcxziuCTyraI6bdN./MMzTvyt4YBS3qm.NTtq',0,'VYNQ6ELNVNbtSknxIrc2L88wLQMcn20TAoJfJ6v347TGmhNA0M','general_commissar','active'),(8,'Anibal','Vasquez','jurado4','$2y$10$BDb37CwsKfoSESpyVhX6VeM.FtSV62NMaQhAqMElkTleiWiESpqKe',0,'UkWpsUqBD743vWik8JjRr0oQGNKQRbY18x9DSi8jUREbRgXJZV','jury','active'),(9,'Antonio','Hudtwalke','jurado5','$2y$10$XHbLXUspCDBoexcjeNvfdO4vrujdyxAdENsV2Yi3TfOTDQUXqoUXW',0,'Ci6aPdUtfqvHXJi7X22XaAqsWxEMZlua4WsLxnH4OrM8fsjPyW','jury','active');

/*Table structure for table `animal_report` */

DROP TABLE IF EXISTS `animal_report`;

/*!50001 DROP VIEW IF EXISTS `animal_report` */;
/*!50001 DROP TABLE IF EXISTS `animal_report` */;

/*!50001 CREATE TABLE  `animal_report`(
 `id` int(10) unsigned ,
 `code` varchar(20) ,
 `name` varchar(60) ,
 `birthdate` varchar(10) ,
 `prefix` varchar(20) ,
 `breeder` varchar(100) ,
 `owner` varchar(100) ,
 `mom_prefix` varchar(20) ,
 `mom_name` varchar(60) ,
 `dad_prefix` varchar(20) ,
 `dad_name` varchar(60) 
)*/;

/*Table structure for table `animal_report_short` */

DROP TABLE IF EXISTS `animal_report_short`;

/*!50001 DROP VIEW IF EXISTS `animal_report_short` */;
/*!50001 DROP TABLE IF EXISTS `animal_report_short` */;

/*!50001 CREATE TABLE  `animal_report_short`(
 `id` int(10) unsigned ,
 `name` varchar(60) ,
 `prefix` varchar(20) ,
 `names` varchar(100) 
)*/;

/*Table structure for table `animal_tournament` */

DROP TABLE IF EXISTS `animal_tournament`;

/*!50001 DROP VIEW IF EXISTS `animal_tournament` */;
/*!50001 DROP TABLE IF EXISTS `animal_tournament` */;

/*!50001 CREATE TABLE  `animal_tournament`(
 `tournament_id` int(10) unsigned ,
 `animal_id` int(10) unsigned ,
 `total_categories` bigint(21) ,
 `prefix` varchar(20) ,
 `name` varchar(60) ,
 `code` varchar(20) ,
 `birthdate` varchar(10) ,
 `breeder` varchar(100) ,
 `owner` varchar(100) 
)*/;

/*Table structure for table `animal_tournament_short` */

DROP TABLE IF EXISTS `animal_tournament_short`;

/*!50001 DROP VIEW IF EXISTS `animal_tournament_short` */;
/*!50001 DROP TABLE IF EXISTS `animal_tournament_short` */;

/*!50001 CREATE TABLE  `animal_tournament_short`(
 `tournament_id` int(10) unsigned ,
 `animal_id` int(10) unsigned ,
 `total_categories` bigint(21) 
)*/;

/*Table structure for table `catalog_report` */

DROP TABLE IF EXISTS `catalog_report`;

/*!50001 DROP VIEW IF EXISTS `catalog_report` */;
/*!50001 DROP TABLE IF EXISTS `catalog_report` */;

/*!50001 CREATE TABLE  `catalog_report`(
 `tournament_id` int(10) unsigned ,
 `category_id` int(10) unsigned ,
 `mode` enum('personal','group') ,
 `order` smallint(5) unsigned ,
 `description` varchar(200) ,
 `group` tinyint(4) ,
 `number` smallint(5) unsigned ,
 `animal_id` int(10) unsigned ,
 `prefix` varchar(20) ,
 `name` varchar(60) ,
 `code` varchar(20) ,
 `birthdate` varchar(10) ,
 `dad_prefix` varchar(20) ,
 `dad_name` varchar(60) ,
 `mom_prefix` varchar(20) ,
 `mom_name` varchar(60) ,
 `breeder` varchar(100) ,
 `owner` varchar(100) 
)*/;

/*View structure for view animal_report */

/*!50001 DROP TABLE IF EXISTS `animal_report` */;
/*!50001 DROP VIEW IF EXISTS `animal_report` */;

/*!50001 CREATE ALGORITHM=UNDEFINED DEFINER=`root`@`localhost` SQL SECURITY DEFINER VIEW `animal_report` AS select `a`.`id` AS `id`,`a`.`code` AS `code`,`a`.`name` AS `name`,date_format(`a`.`birthdate`,'%d-%m-%Y') AS `birthdate`,`c`.`prefix` AS `prefix`,trim(if(isnull(`c`.`names`),'',`c`.`names`)) AS `breeder`,trim(if(isnull(`e`.`names`),'',`e`.`names`)) AS `owner`,`mom`.`prefix` AS `mom_prefix`,`mom`.`name` AS `mom_name`,`dad`.`prefix` AS `dad_prefix`,`dad`.`name` AS `dad_name` from ((((((`animals` `a` left join `animal_agent` `b` on(((`b`.`animal_id` = `a`.`id`) and (`b`.`type` = 'breeder')))) left join `agents` `c` on((`c`.`id` = `b`.`agent_id`))) left join `animal_agent` `d` on(((`d`.`animal_id` = `a`.`id`) and (`d`.`type` = 'owner')))) left join `agents` `e` on((`e`.`id` = `d`.`agent_id`))) left join `animal_report_short` `mom` on((`mom`.`id` = `a`.`mom`))) left join `animal_report_short` `dad` on((`dad`.`id` = `a`.`dad`))) where isnull(`a`.`deleted_at`) */;

/*View structure for view animal_report_short */

/*!50001 DROP TABLE IF EXISTS `animal_report_short` */;
/*!50001 DROP VIEW IF EXISTS `animal_report_short` */;

/*!50001 CREATE ALGORITHM=UNDEFINED DEFINER=`root`@`localhost` SQL SECURITY DEFINER VIEW `animal_report_short` AS select `a`.`id` AS `id`,`a`.`name` AS `name`,`c`.`prefix` AS `prefix`,`c`.`names` AS `names` from ((`animals` `a` left join `animal_agent` `b` on(((`b`.`animal_id` = `a`.`id`) and (`b`.`type` = 'breeder')))) left join `agents` `c` on((`c`.`id` = `b`.`agent_id`))) where isnull(`a`.`deleted_at`) */;

/*View structure for view animal_tournament */

/*!50001 DROP TABLE IF EXISTS `animal_tournament` */;
/*!50001 DROP VIEW IF EXISTS `animal_tournament` */;

/*!50001 CREATE ALGORITHM=UNDEFINED DEFINER=`root`@`localhost` SQL SECURITY DEFINER VIEW `animal_tournament` AS select `a`.`tournament_id` AS `tournament_id`,`a`.`animal_id` AS `animal_id`,`a`.`total_categories` AS `total_categories`,`d`.`prefix` AS `prefix`,`b`.`name` AS `name`,`b`.`code` AS `code`,date_format(`b`.`birthdate`,'%d-%m-%Y') AS `birthdate`,`d`.`names` AS `breeder`,`f`.`names` AS `owner` from (((((`animal_tournament_short` `a` join `animals` `b` on((`b`.`id` = `a`.`animal_id`))) left join `animal_agent` `c` on(((`c`.`animal_id` = `b`.`id`) and (`c`.`type` = 'breeder')))) left join `agents` `d` on((`d`.`id` = `c`.`agent_id`))) left join `animal_agent` `e` on(((`e`.`animal_id` = `b`.`id`) and (`e`.`type` = 'owner')))) left join `agents` `f` on((`f`.`id` = `e`.`agent_id`))) where isnull(`b`.`deleted_at`) */;

/*View structure for view animal_tournament_short */

/*!50001 DROP TABLE IF EXISTS `animal_tournament_short` */;
/*!50001 DROP VIEW IF EXISTS `animal_tournament_short` */;

/*!50001 CREATE ALGORITHM=UNDEFINED DEFINER=`root`@`localhost` SQL SECURITY DEFINER VIEW `animal_tournament_short` AS select `catalogs`.`tournament_id` AS `tournament_id`,`catalogs`.`animal_id` AS `animal_id`,count(0) AS `total_categories` from `catalogs` group by `catalogs`.`animal_id`,`catalogs`.`tournament_id` */;

/*View structure for view catalog_report */

/*!50001 DROP TABLE IF EXISTS `catalog_report` */;
/*!50001 DROP VIEW IF EXISTS `catalog_report` */;

/*!50001 CREATE ALGORITHM=UNDEFINED DEFINER=`root`@`localhost` SQL SECURITY DEFINER VIEW `catalog_report` AS select `c`.`tournament_id` AS `tournament_id`,`c`.`id` AS `category_id`,`c`.`mode` AS `mode`,`c`.`order` AS `order`,`c`.`description` AS `description`,`ca`.`group` AS `group`,`ca`.`number` AS `number`,`ca`.`animal_id` AS `animal_id`,`ar`.`prefix` AS `prefix`,`ar`.`name` AS `name`,`ar`.`code` AS `code`,date_format(`a`.`birthdate`,'%d-%m-%Y') AS `birthdate`,`ar`.`dad_prefix` AS `dad_prefix`,`ar`.`dad_name` AS `dad_name`,`ar`.`mom_prefix` AS `mom_prefix`,`ar`.`mom_name` AS `mom_name`,`ar`.`breeder` AS `breeder`,`ar`.`owner` AS `owner` from (((`categories` `c` join `catalogs` `ca` on((`ca`.`category_id` = `c`.`id`))) join `animals` `a` on((`a`.`id` = `ca`.`animal_id`))) join `animal_report` `ar` on((`ar`.`id` = `ca`.`animal_id`))) where ((`c`.`status` <> 'deleted') and (`ca`.`outsider` = 0)) order by `c`.`tournament_id`,`c`.`order`,`ca`.`group`,`a`.`birthdate` desc */;

/*!40101 SET SQL_MODE=@OLD_SQL_MODE */;
/*!40014 SET FOREIGN_KEY_CHECKS=@OLD_FOREIGN_KEY_CHECKS */;
/*!40014 SET UNIQUE_CHECKS=@OLD_UNIQUE_CHECKS */;
/*!40111 SET SQL_NOTES=@OLD_SQL_NOTES */;
