/*
SQLyog Community v12.09 (64 bit)
MySQL - 10.1.9-MariaDB : Database - horses
*********************************************************************
*/

/*!40101 SET NAMES utf8 */;

/*!40101 SET SQL_MODE=''*/;

/*!40014 SET @OLD_UNIQUE_CHECKS=@@UNIQUE_CHECKS, UNIQUE_CHECKS=0 */;
/*!40014 SET @OLD_FOREIGN_KEY_CHECKS=@@FOREIGN_KEY_CHECKS, FOREIGN_KEY_CHECKS=0 */;
/*!40101 SET @OLD_SQL_MODE=@@SQL_MODE, SQL_MODE='NO_AUTO_VALUE_ON_ZERO' */;
/*!40111 SET @OLD_SQL_NOTES=@@SQL_NOTES, SQL_NOTES=0 */;
USE `horses`;

/*Table structure for table `agents` */

DROP TABLE IF EXISTS `agents`;

CREATE TABLE `agents` (
  `id` int(10) unsigned NOT NULL AUTO_INCREMENT,
  `prefix` varchar(20) DEFAULT NULL,
  `names` varchar(100) NOT NULL,
  `lastnames` varchar(100) DEFAULT NULL,
  `created_at` timestamp NULL DEFAULT NULL,
  `updated_at` timestamp NULL DEFAULT NULL,
  `deleted_at` timestamp NULL DEFAULT NULL,
  PRIMARY KEY (`id`)
) ENGINE=InnoDB AUTO_INCREMENT=1045 DEFAULT CHARSET=utf8;

/*Data for the table `agents` */

insert  into `agents`(`id`,`prefix`,`names`,`lastnames`,`created_at`,`updated_at`,`deleted_at`) values (790,'JTA','JUAN TUDELA ARAMBURU',NULL,'2016-02-16 15:42:40','2016-02-16 15:42:40',NULL),(791,NULL,'WILFREDO MONTALVO BERNILLA',NULL,'2016-02-16 15:42:40','2016-02-16 15:42:40',NULL),(792,NULL,'CARLOS RAMIREZ CHUPICA',NULL,'2016-02-16 15:42:40','2016-02-16 15:42:40',NULL),(793,'JCDCH','JOSE CARLOS DEXTRE CHACON',NULL,'2016-02-16 15:42:40','2016-02-16 15:42:40',NULL),(794,'JAGT','JOSE ALEJANDRO GOMEZ DE LA TORRE MIRANDA',NULL,'2016-02-16 15:42:40','2016-02-16 15:42:40',NULL),(795,'JOR','CRIADERO JOSE ANTONIO ONRUBIA ROMERO S.A.',NULL,'2016-02-16 15:42:40','2016-02-16 15:42:40',NULL),(796,'JPT','JORGE AUGUSTO PEREZ TAIMAN',NULL,'2016-02-16 15:42:40','2016-02-16 15:42:40',NULL),(797,'MRA','MIGUEL ARBULU ALVA',NULL,'2016-02-16 15:42:40','2016-02-16 15:42:40',NULL),(798,'JR','JOSE RISSO MONTES',NULL,'2016-02-16 15:42:40','2016-02-16 15:42:40',NULL),(799,'ERPB','ENRIQUE RIZO PATRON BAZO',NULL,'2016-02-16 15:42:40','2016-02-16 15:42:40',NULL),(800,'*FJ','FERNANDO JARQUIN PIRA',NULL,'2016-02-16 15:42:40','2016-02-16 15:42:40',NULL),(801,'JZ','JAIME URANGA BUSTOS/CRIADERO J.J.',NULL,'2016-02-16 15:42:40','2016-02-16 15:42:40',NULL),(802,'RFM','RAFAEL FRANCO MONTES',NULL,'2016-02-16 15:42:40','2016-02-16 15:42:40',NULL),(803,'R','CRIADERO R S.A.C.',NULL,'2016-02-16 15:42:40','2016-02-16 15:42:40',NULL),(804,'CBM','CESAR BENITES MENDOZA',NULL,'2016-02-16 15:42:40','2016-02-16 15:42:40',NULL),(805,'MSCRL','CRIADERO LA MAESTRANZA SCRL',NULL,'2016-02-16 15:42:40','2016-02-16 15:42:40',NULL),(806,'RCM','RENZO CAROZZI MORALES/CRIADERO EL CRIOLLO',NULL,'2016-02-16 15:42:40','2016-02-16 15:42:40',NULL),(807,'AZF','ABRAHAM ZAVALA FALCON',NULL,'2016-02-16 15:42:40','2016-02-16 15:42:40',NULL),(808,'KRA','KARL WILHELM REUSCHE ARAMBULO',NULL,'2016-02-16 15:42:40','2016-02-16 15:42:40',NULL),(809,'NEC','NATALIA ESTEVES CALDERON',NULL,'2016-02-16 15:42:40','2016-02-16 15:42:40',NULL),(810,'FyEP','FERNANDO Y ELSA PUGA',NULL,'2016-02-16 15:42:40','2016-02-16 15:42:40',NULL),(811,'AZ','ALBERTO DE AZAMBUJA PASARA',NULL,'2016-02-16 15:42:40','2016-02-16 15:42:40',NULL),(812,'CFF','CARLOS FUKUDA FUKUDA',NULL,'2016-02-16 15:42:40','2016-02-16 15:42:40',NULL),(813,'JMLL','JUAN MANUEL LLANOS RODRIGUEZ',NULL,'2016-02-16 15:42:40','2016-02-16 15:42:40',NULL),(814,'JRM','JOSE RISSO MATELLINI',NULL,'2016-02-16 15:42:40','2016-02-16 15:42:40',NULL),(815,'JD','JORGE DYER DE LAS CASAS',NULL,'2016-02-16 15:42:40','2016-02-16 15:42:40',NULL),(816,'VHHP','HUGO HUERTAS DEL PINO UTRILLA',NULL,'2016-02-16 15:42:40','2016-02-16 15:42:40',NULL),(817,'FESA','FIDEL ERNESTO SANCHEZ ALAYO',NULL,'2016-02-16 15:42:40','2016-02-16 15:42:40',NULL),(818,'LAG','LUIS ALEJANDRO GONZALEZ LEOPARDI',NULL,'2016-02-16 15:42:40','2016-02-16 15:42:40',NULL),(819,'FBB','FERNANDO BUSTAMANTE BELAUNDE',NULL,'2016-02-16 15:42:40','2016-02-16 15:42:40',NULL),(820,'JCK','JAVIER CLAUX KOECHLIN',NULL,'2016-02-16 15:42:40','2016-02-16 15:42:40',NULL),(821,'CEC','RENZO Y ROSSANA CAROZZI MORALES/CRIADERO EL CRIOLLO',NULL,'2016-02-16 15:42:40','2016-02-16 15:42:40',NULL),(822,'MLM','MICHAEL Y LINDA MEWHINNEY',NULL,'2016-02-16 15:42:40','2016-02-16 15:42:40',NULL),(823,'AHT','ANTONIO HUDTWALCKER TEIXEIRA',NULL,'2016-02-16 15:42:40','2016-02-16 15:42:40',NULL),(824,'BC','BELISARIO DE LAS CASAS PIEDRA',NULL,'2016-02-16 15:42:40','2016-02-16 15:42:40',NULL),(825,'FC','FERNANDO CERUTI COGORNO',NULL,'2016-02-16 15:42:40','2016-02-16 15:42:40',NULL),(826,'MEAA','MANUEL ENRIQUE ACU?A ALFARO',NULL,'2016-02-16 15:42:40','2016-02-16 15:42:40',NULL),(827,'RHM','ROBERTO HOYLE MC CALLUM',NULL,'2016-02-16 15:42:40','2016-02-16 15:42:40',NULL),(828,'MMC','MANUEL MAZZI CASAS',NULL,'2016-02-16 15:42:40','2016-02-16 15:42:40',NULL),(829,'ARL','ALFREDO RUZO LOPEZ DE LA FUENTE',NULL,'2016-02-16 15:42:40','2016-02-16 15:42:40',NULL),(830,'LV','LUIS VASQUEZ NACARINO',NULL,'2016-02-16 15:42:40','2016-02-16 15:42:40',NULL),(831,'JFRN','JUAN FRANCISCO RAFFO NOVELLI / CRIADERO ALTO PRADO',NULL,'2016-02-16 15:42:40','2016-02-16 15:42:40',NULL),(832,'BSP','BLANCA SALCEDO DE PONCE',NULL,'2016-02-16 15:42:40','2016-02-16 15:42:40',NULL),(833,'SRT','SANTA ROSA Y TOMABAL S.A.C.',NULL,'2016-02-16 15:42:40','2016-02-16 15:42:40',NULL),(834,'CCMV','CECILIA MANNUCCI VEGA',NULL,'2016-02-16 15:42:40','2016-02-16 15:42:40',NULL),(835,'SFL','SUMIKO ROCIO FUKUDA LENCI',NULL,'2016-02-16 15:42:40','2016-02-16 15:42:40',NULL),(836,'JM','JUAN MANUEL RIZO PATRON B. E HIJAS',NULL,'2016-02-16 15:42:40','2016-02-16 15:42:40',NULL),(837,'BRR','BELISARIO ROSAS RAZETO',NULL,'2016-02-16 15:42:40','2016-02-16 15:42:40',NULL),(838,'ByEP','BARBARA Y ENRIQUE PRADO',NULL,'2016-02-16 15:42:40','2016-02-16 15:42:40',NULL),(839,'INP','ISMAEL NOYA DE LA PIEDRA',NULL,'2016-02-16 15:42:40','2016-02-16 15:42:40',NULL),(840,'CN','CERVECERIAS PERUANAS BACKUS S.A.A.',NULL,'2016-02-16 15:42:40','2016-02-16 15:42:40',NULL),(841,'GAN','GONZALO ANDRADE NICOLI',NULL,'2016-02-16 15:42:40','2016-02-16 15:42:40',NULL),(842,'RBC','RICARDO BUSTAMANTE CILLONIZ',NULL,'2016-02-16 15:42:40','2016-02-16 15:42:40',NULL),(843,'BCD','BELISARIO DE LAS CASAS D\'ONOFRIO',NULL,'2016-02-16 15:42:40','2016-02-16 15:42:40',NULL),(844,'ACZ','ARTURO CAVERO ZAVALA',NULL,'2016-02-16 15:42:40','2016-02-16 15:42:40',NULL),(845,'ERM','EDUARDO RISSO MONTES',NULL,'2016-02-16 15:42:40','2016-02-16 15:42:40',NULL),(846,'JBL','JUAN ARTURO BRESCIA LUGON',NULL,'2016-02-16 15:42:40','2016-02-16 15:42:40',NULL),(847,'JVDZ','JORGE VILLACORTA DIAZ / CRIADERO LAZCAN',NULL,'2016-02-16 15:42:40','2016-02-16 15:42:40',NULL),(848,'LSR','LUIS JOSE  SAENZ RAEZ',NULL,'2016-02-16 15:42:40','2016-02-16 15:42:40',NULL),(849,'GCLP','GIORGIO CROLLE LORO PIANA',NULL,'2016-02-16 15:42:40','2016-02-16 15:42:40',NULL),(850,'DMCB','DANIEL MEZA CUADRA BUCKLEY',NULL,'2016-02-16 15:42:40','2016-02-16 15:42:40',NULL),(851,'VCB','VICTOR CASTRO BARBIERI',NULL,'2016-02-16 15:42:40','2016-02-16 15:42:40',NULL),(852,'CVD','CARLOS VICENTE VILLACORTA DIAZ',NULL,'2016-02-16 15:42:40','2016-02-16 15:42:40',NULL),(853,'JyEP','JULIO Y EDITH PESCHIERA',NULL,'2016-02-16 15:42:40','2016-02-16 15:42:40',NULL),(854,'FER','FERNANDO RISSO MONTES',NULL,'2016-02-16 15:42:40','2016-02-16 15:42:40',NULL),(855,'RCCL','RENZO CROLLE CLAUX',NULL,'2016-02-16 15:42:40','2016-02-16 15:42:40',NULL),(856,'GBC','GEETA BALANI',NULL,'2016-02-16 15:42:40','2016-02-16 15:42:40',NULL),(857,'OAMS','ALBERTO MASSARO SILVA',NULL,'2016-02-16 15:42:40','2016-02-16 15:42:40',NULL),(858,'WPA','WALTER NERY PE?A ALDEA',NULL,'2016-02-16 15:42:40','2016-02-16 15:42:40',NULL),(859,'NVG','NAZARIO VILLAFUERTE GUARDIA',NULL,'2016-02-16 15:42:40','2016-02-16 15:42:40',NULL),(860,'PYR','PABLO YSAUL RIVERA CHAVEZ',NULL,'2016-02-16 15:42:40','2016-02-16 15:42:40',NULL),(861,'JJP','CRIADERO JORGE JUAN PINILLOS COX',NULL,'2016-02-16 15:42:40','2016-02-16 15:42:40',NULL),(862,'NVF','NAZARIO VILLAFUERTE FALCON',NULL,'2016-02-16 15:42:40','2016-02-16 15:42:40',NULL),(863,'OV','OSCAR VILCHEZ CHAMOCHUMBI',NULL,'2016-02-16 15:42:40','2016-02-16 15:42:40',NULL),(864,'ALM','AURELIO LORET DE MOLA BOHME',NULL,'2016-02-16 15:42:40','2016-02-16 15:42:40',NULL),(865,'ABB','JOSE ALBERTO BARRENA BERROSPI',NULL,'2016-02-16 15:42:40','2016-02-16 15:42:40',NULL),(866,'FNC','JOSE LUIS NORIEGA ZEGARRA / CRIADERO NORIEGA HERMANOS',NULL,'2016-02-16 15:42:40','2016-02-16 15:42:40',NULL),(867,'JLK','JUAN LUIS KRUGER CARRION',NULL,'2016-02-16 15:42:40','2016-02-16 15:42:40',NULL),(868,'RHG','RICHARD HALE GARCIA',NULL,'2016-02-16 15:42:40','2016-02-16 15:42:40',NULL),(869,'LSC','LUIS FERNANDO SUAREZ CA?EDO',NULL,'2016-02-16 15:42:40','2016-02-16 15:42:40',NULL),(870,'*EG','EDIE GANDY',NULL,'2016-02-16 15:42:40','2016-02-16 15:42:40',NULL),(871,'FCY','FRANCO CORNO YORI',NULL,'2016-02-16 15:42:40','2016-02-16 15:42:40',NULL),(872,'RML','RAIMUNDO MORALES LLOSA',NULL,'2016-02-16 15:42:40','2016-02-16 15:42:40',NULL),(873,'CYU','CARLOS YORI UMLAUFF',NULL,'2016-02-16 15:42:40','2016-02-16 15:42:40',NULL),(874,NULL,'JUAN TUDELA ARAMBURU\r',NULL,'2016-02-16 15:42:40','2016-02-16 15:42:40',NULL),(875,NULL,'CESAR VERA ARBAIZA\r',NULL,'2016-02-16 15:42:40','2016-02-16 15:42:40',NULL),(876,NULL,'CARLOS RAMIREZ CHUPICA\r',NULL,'2016-02-16 15:42:40','2016-02-16 15:42:40',NULL),(877,NULL,'JOSE CARLOS DEXTRE CHACON\r',NULL,'2016-02-16 15:42:40','2016-02-16 15:42:40',NULL),(878,NULL,'JOSE ALEJANDRO GOMEZ DE LA TORRE MIRANDA\r',NULL,'2016-02-16 15:42:40','2016-02-16 15:42:40',NULL),(879,NULL,'CRIADERO JOSE ANTONIO ONRUBIA ROMERO S.A.\r',NULL,'2016-02-16 15:42:40','2016-02-16 15:42:40',NULL),(880,NULL,'JORGE AUGUSTO PEREZ TAIMAN\r',NULL,'2016-02-16 15:42:40','2016-02-16 15:42:40',NULL),(881,NULL,'MIGUEL ARBULU ALVA\r',NULL,'2016-02-16 15:42:40','2016-02-16 15:42:40',NULL),(882,NULL,'JOSE RISSO MONTES\r',NULL,'2016-02-16 15:42:40','2016-02-16 15:42:40',NULL),(883,NULL,'ENRIQUE RIZO PATRON BAZO / HACIENDA MAMACONA\r',NULL,'2016-02-16 15:42:40','2016-02-16 15:42:40',NULL),(884,NULL,'GINO GUIULFO GARCIA\r',NULL,'2016-02-16 15:42:40','2016-02-16 15:42:40',NULL),(885,NULL,'FERNANDO JARQUIN PIRA\r',NULL,'2016-02-16 15:42:40','2016-02-16 15:42:40',NULL),(886,NULL,'RAFAEL FRANCO MONTES\r',NULL,'2016-02-16 15:42:40','2016-02-16 15:42:40',NULL),(887,NULL,'CRIADERO R S.A.C.\r',NULL,'2016-02-16 15:42:40','2016-02-16 15:42:40',NULL),(888,NULL,'CESAR BENITES MENDOZA\r',NULL,'2016-02-16 15:42:40','2016-02-16 15:42:40',NULL),(889,NULL,'CRIADERO LA MAESTRANZA SCRL\r',NULL,'2016-02-16 15:42:40','2016-02-16 15:42:40',NULL),(890,NULL,'RENZO CAROZZI M/FABRIZIO Y ALESSANDRO CAROZZI S\r',NULL,'2016-02-16 15:42:40','2016-02-16 15:42:40',NULL),(891,NULL,'ABRAHAM ZAVALA FALCON\r',NULL,'2016-02-16 15:42:40','2016-02-16 15:42:40',NULL),(892,NULL,'NATALIA ESTEVES CALDERON\r',NULL,'2016-02-16 15:42:40','2016-02-16 15:42:40',NULL),(893,NULL,'FERNANDO RISSO MONTES\r',NULL,'2016-02-16 15:42:40','2016-02-16 15:42:40',NULL),(894,NULL,'FERNANDO Y ELSA PUGA\r',NULL,'2016-02-16 15:42:40','2016-02-16 15:42:40',NULL),(895,NULL,'ALBERTO DE AZAMBUJA PASARA\r',NULL,'2016-02-16 15:42:40','2016-02-16 15:42:40',NULL),(896,NULL,'CARLOS FUKUDA FUKUDA\r',NULL,'2016-02-16 15:42:40','2016-02-16 15:42:40',NULL),(897,NULL,'JUAN MANUEL LLANOS RODRIGUEZ\r',NULL,'2016-02-16 15:42:40','2016-02-16 15:42:40',NULL),(898,NULL,'JORGE DYER DE LAS CASAS\r',NULL,'2016-02-16 15:42:40','2016-02-16 15:42:40',NULL),(899,NULL,'HUGO HUERTAS DEL PINO UTRILLA\r',NULL,'2016-02-16 15:42:40','2016-02-16 15:42:40',NULL),(900,NULL,'FIDEL ERNESTO SANCHEZ ALAYO\r',NULL,'2016-02-16 15:42:40','2016-02-16 15:42:40',NULL),(901,NULL,'ALFONSO VALMORE GARCIA GARCIA\r',NULL,'2016-02-16 15:42:40','2016-02-16 15:42:40',NULL),(902,NULL,'HACIENDA SANTA ROSA S.A.C.\r',NULL,'2016-02-16 15:42:40','2016-02-16 15:42:40',NULL),(903,NULL,'JAVIER CLAUX KOECHLIN\r',NULL,'2016-02-16 15:42:40','2016-02-16 15:42:40',NULL),(904,NULL,'RENZO CAROZZI MORALES/CRIADERO EL CRIOLLO\r',NULL,'2016-02-16 15:42:40','2016-02-16 15:42:40',NULL),(905,NULL,'ANTONIO HUDTWALCKER TEIXEIRA\r',NULL,'2016-02-16 15:42:40','2016-02-16 15:42:40',NULL),(906,NULL,'BELISARIO DE LAS CASAS D\'ONOFRIO\r',NULL,'2016-02-16 15:42:40','2016-02-16 15:42:40',NULL),(907,NULL,'HARAS EL MAYOR  S.A.\r',NULL,'2016-02-16 15:42:40','2016-02-16 15:42:40',NULL),(908,NULL,'MANUEL ENRIQUE ACU?A ALFARO\r',NULL,'2016-02-16 15:42:40','2016-02-16 15:42:40',NULL),(909,NULL,'ROBERTO HOYLE MC CALLUM\r',NULL,'2016-02-16 15:42:40','2016-02-16 15:42:40',NULL),(910,NULL,'ALFREDO RUZO LOPEZ DE LA FUENTE\r',NULL,'2016-02-16 15:42:40','2016-02-16 15:42:40',NULL),(911,NULL,'BLANCA SALCEDO DE PONCE\r',NULL,'2016-02-16 15:42:40','2016-02-16 15:42:40',NULL),(912,NULL,'SANTA ROSA Y TOMABAL S.A.C.\r',NULL,'2016-02-16 15:42:40','2016-02-16 15:42:40',NULL),(913,NULL,'SUMIKO ROCIO FUKUDA LENCI\r',NULL,'2016-02-16 15:42:40','2016-02-16 15:42:40',NULL),(914,NULL,'JUAN MANUEL RIZO PATRON B. E HIJAS\r',NULL,'2016-02-16 15:42:40','2016-02-16 15:42:40',NULL),(915,NULL,'BELISARIO ROSAS RAZETO\r',NULL,'2016-02-16 15:42:40','2016-02-16 15:42:40',NULL),(916,NULL,'BARBARA Y ENRIQUE PRADO\r',NULL,'2016-02-16 15:42:40','2016-02-16 15:42:40',NULL),(917,NULL,'ISMAEL NOYA DE LA PIEDRA\r',NULL,'2016-02-16 15:42:40','2016-02-16 15:42:40',NULL),(918,NULL,'GONZALO ANDRADE NICOLI\r',NULL,'2016-02-16 15:42:40','2016-02-16 15:42:40',NULL),(919,NULL,'ARTURO CAVERO ZAVALA\r',NULL,'2016-02-16 15:42:40','2016-02-16 15:42:40',NULL),(920,NULL,'JUAN ARTURO BRESCIA LUGON\r',NULL,'2016-02-16 15:42:40','2016-02-16 15:42:40',NULL),(921,NULL,'JOSE LUIS NOGUERA ZAVALA / ANA SLOCOVICH DE NOGUERA\r',NULL,'2016-02-16 15:42:40','2016-02-16 15:42:40',NULL),(922,NULL,'JENNY VILLAFUERTE FALCON\r',NULL,'2016-02-16 15:42:40','2016-02-16 15:42:40',NULL),(923,NULL,'LUIS JOSE  SAENZ RAEZ\r',NULL,'2016-02-16 15:42:40','2016-02-16 15:42:40',NULL),(924,NULL,'DANIEL MEZA CUADRA BUCKLEY\r',NULL,'2016-02-16 15:42:40','2016-02-16 15:42:40',NULL),(925,NULL,'JORGE LUIS OTOYA CABRERA\r',NULL,'2016-02-16 15:42:40','2016-02-16 15:42:40',NULL),(926,NULL,'GLADYS NELLY ALARCON CANCHARI\r',NULL,'2016-02-16 15:42:40','2016-02-16 15:42:40',NULL),(927,NULL,'FIORELLA NADIA TOMATIS KORRODI\r',NULL,'2016-02-16 15:42:40','2016-02-16 15:42:40',NULL),(928,NULL,'GIORGIO CROLLE LORO PIANA / ARTURO CAVERO ZAVALA\r',NULL,'2016-02-16 15:42:40','2016-02-16 15:42:40',NULL),(929,NULL,'GEETA BALANI\r',NULL,'2016-02-16 15:42:40','2016-02-16 15:42:40',NULL),(930,NULL,'ALBERTO MASSARO SILVA\r',NULL,'2016-02-16 15:42:40','2016-02-16 15:42:40',NULL),(931,NULL,'GONZALO ANDRADE NICOLI/ASOC. TRADICIONES COSTUMBRISTAS\r',NULL,'2016-02-16 15:42:40','2016-02-16 15:42:40',NULL),(932,NULL,'WALTER NERY PE?A ALDEA\r',NULL,'2016-02-16 15:42:40','2016-02-16 15:42:40',NULL),(933,NULL,'FERNANDO CERUTI COGORNO\r',NULL,'2016-02-16 15:42:40','2016-02-16 15:42:40',NULL),(934,NULL,'NAZARIO VILLAFUERTE GUARDIA/NAZARIO VILLAFUERTE FALCON\r',NULL,'2016-02-16 15:42:40','2016-02-16 15:42:40',NULL),(935,NULL,'ANIBAL ANTONIO LAVADO OLIVERA\r',NULL,'2016-02-16 15:42:40','2016-02-16 15:42:40',NULL),(936,NULL,'CRIADERO JORGE JUAN PINILLOS COX\r',NULL,'2016-02-16 15:42:40','2016-02-16 15:42:40',NULL),(937,NULL,'MICHAEL FOX RUDVALL\r',NULL,'2016-02-16 15:42:40','2016-02-16 15:42:40',NULL),(938,NULL,'CARLOS PACHECO VILLAVICENCIO\r',NULL,'2016-02-16 15:42:40','2016-02-16 15:42:40',NULL),(939,NULL,'AURELIO LORET DE MOLA BOHME\r',NULL,'2016-02-16 15:42:40','2016-02-16 15:42:40',NULL),(940,NULL,'JOSE ALBERTO BARRENA BERROSPI\r',NULL,'2016-02-16 15:42:40','2016-02-16 15:42:40',NULL),(941,NULL,'JORGE FRANCISCO DE LA FLOR BARATTA\r',NULL,'2016-02-16 15:42:40','2016-02-16 15:42:40',NULL),(942,NULL,'MANUEL ANTONIO MANRIQUE FIGUEROA\r',NULL,'2016-02-16 15:42:40','2016-02-16 15:42:40',NULL),(943,NULL,'JORGE VILLACORTA DIAZ / CRIADERO LAZCAN\r',NULL,'2016-02-16 15:42:40','2016-02-16 15:42:40',NULL),(944,NULL,'LUIS FERNANDO SUAREZ CA?EDO\r',NULL,'2016-02-16 15:42:40','2016-02-16 15:42:40',NULL),(945,NULL,'FRANCO CORNO YORI / HUGO HUERTAS DEL PINO UTRILLA\r',NULL,'2016-02-16 15:42:40','2016-02-16 15:42:40',NULL),(946,NULL,'LUIS CARLOS IGLESIAS LEON\r',NULL,'2016-02-16 15:42:40','2016-02-16 15:42:40',NULL),(947,NULL,'LUIS HUMBERTO TRAVERSO RAMIREZ\r',NULL,'2016-02-16 15:42:40','2016-02-16 15:42:40',NULL);

/*Table structure for table `animal_agent` */

DROP TABLE IF EXISTS `animal_agent`;

CREATE TABLE `animal_agent` (
  `id` int(10) unsigned NOT NULL AUTO_INCREMENT,
  `animal_id` int(10) unsigned NOT NULL,
  `agent_id` int(10) unsigned NOT NULL,
  `type` enum('breeder','owner') NOT NULL,
  PRIMARY KEY (`id`),
  KEY `fk_animal_agents_animals1_idx` (`animal_id`),
  KEY `fk_animal_agents_agents1_idx` (`agent_id`),
  CONSTRAINT `fk_animal_agents_agents1` FOREIGN KEY (`agent_id`) REFERENCES `agents` (`id`) ON DELETE NO ACTION ON UPDATE NO ACTION,
  CONSTRAINT `fk_animal_agents_animals1` FOREIGN KEY (`animal_id`) REFERENCES `animals` (`id`) ON DELETE NO ACTION ON UPDATE NO ACTION
) ENGINE=InnoDB AUTO_INCREMENT=972 DEFAULT CHARSET=utf8;

/*Data for the table `animal_agent` */

insert  into `animal_agent`(`id`,`animal_id`,`agent_id`,`type`) values (203,1621,830,'breeder'),(204,1628,793,'breeder'),(205,1629,872,'breeder'),(206,1631,798,'breeder'),(207,1633,814,'breeder'),(208,1635,796,'breeder'),(209,1638,797,'breeder'),(210,1641,844,'breeder'),(211,1647,855,'breeder'),(212,1651,794,'breeder'),(213,1652,794,'breeder'),(214,1653,799,'breeder'),(215,1659,793,'breeder'),(216,1660,820,'breeder'),(217,1662,804,'breeder'),(218,1664,826,'breeder'),(219,1665,797,'breeder'),(220,1666,794,'breeder'),(221,1671,829,'breeder'),(222,1673,794,'breeder'),(223,1675,794,'breeder'),(224,1676,807,'breeder'),(225,1677,824,'breeder'),(226,1678,812,'breeder'),(227,1679,798,'breeder'),(228,1680,801,'breeder'),(229,1683,794,'breeder'),(230,1685,810,'breeder'),(231,1686,871,'breeder'),(232,1688,797,'breeder'),(233,1690,797,'breeder'),(234,1691,813,'breeder'),(235,1692,798,'breeder'),(236,1693,869,'breeder'),(237,1695,799,'breeder'),(238,1697,798,'breeder'),(239,1698,810,'breeder'),(240,1699,812,'breeder'),(241,1701,817,'breeder'),(242,1708,804,'breeder'),(243,1710,839,'breeder'),(244,1712,823,'breeder'),(245,1713,839,'breeder'),(246,1714,793,'breeder'),(247,1715,863,'breeder'),(248,1717,813,'breeder'),(249,1719,797,'breeder'),(250,1721,815,'breeder'),(251,1723,811,'breeder'),(252,1726,841,'breeder'),(253,1730,838,'breeder'),(254,1731,793,'breeder'),(255,1734,806,'breeder'),(256,1736,861,'breeder'),(257,1737,807,'breeder'),(258,1740,811,'breeder'),(259,1741,858,'breeder'),(260,1744,843,'breeder'),(261,1746,809,'breeder'),(262,1749,810,'breeder'),(263,1754,800,'breeder'),(264,1757,817,'breeder'),(265,1758,793,'breeder'),(266,1759,824,'breeder'),(267,1760,819,'breeder'),(268,1761,817,'breeder'),(269,1762,817,'breeder'),(270,1764,806,'breeder'),(271,1765,844,'breeder'),(272,1768,850,'breeder'),(273,1769,847,'breeder'),(274,1770,831,'breeder'),(275,1771,847,'breeder'),(276,1772,793,'breeder'),(277,1775,812,'breeder'),(278,1780,804,'breeder'),(279,1781,817,'breeder'),(280,1783,830,'breeder'),(281,1784,837,'breeder'),(282,1788,854,'breeder'),(283,1789,817,'breeder'),(284,1796,870,'breeder'),(285,1798,817,'breeder'),(286,1800,810,'breeder'),(287,1801,797,'breeder'),(288,1803,819,'breeder'),(289,1806,810,'breeder'),(290,1807,845,'breeder'),(291,1812,799,'breeder'),(292,1813,864,'breeder'),(293,1814,873,'breeder'),(294,1818,823,'breeder'),(295,1819,807,'breeder'),(296,1820,821,'breeder'),(297,1821,857,'breeder'),(298,1823,795,'breeder'),(299,1828,811,'breeder'),(300,1829,836,'breeder'),(301,1832,795,'breeder'),(302,1833,810,'breeder'),(303,1834,827,'breeder'),(304,1837,807,'breeder'),(305,1839,795,'breeder'),(306,1840,798,'breeder'),(307,1841,798,'breeder'),(308,1842,798,'breeder'),(309,1846,805,'breeder'),(310,1848,856,'breeder'),(311,1849,814,'breeder'),(312,1850,859,'breeder'),(313,1857,807,'breeder'),(314,1858,812,'breeder'),(315,1859,795,'breeder'),(316,1860,793,'breeder'),(317,1865,835,'breeder'),(318,1868,799,'breeder'),(319,1871,813,'breeder'),(320,1872,849,'breeder'),(321,1873,834,'breeder'),(322,1880,805,'breeder'),(323,1881,790,'breeder'),(324,1885,841,'breeder'),(325,1887,841,'breeder'),(326,1888,822,'breeder'),(327,1892,814,'breeder'),(328,1894,823,'breeder'),(329,1895,842,'breeder'),(330,1900,805,'breeder'),(331,1904,833,'breeder'),(332,1910,817,'breeder'),(333,1911,797,'breeder'),(334,1914,797,'breeder'),(335,1918,797,'breeder'),(336,1920,814,'breeder'),(337,1927,790,'breeder'),(338,1928,816,'breeder'),(339,1929,813,'breeder'),(340,1931,798,'breeder'),(341,1932,851,'breeder'),(342,1933,811,'breeder'),(343,1936,808,'breeder'),(344,1937,802,'breeder'),(345,1940,798,'breeder'),(346,1941,846,'breeder'),(347,1944,822,'breeder'),(348,1947,801,'breeder'),(349,1948,793,'breeder'),(350,1951,818,'breeder'),(351,1953,794,'breeder'),(352,1955,805,'breeder'),(353,1956,866,'breeder'),(354,1959,805,'breeder'),(355,1960,815,'breeder'),(356,1962,797,'breeder'),(357,1963,852,'breeder'),(358,1967,856,'breeder'),(359,1972,798,'breeder'),(360,1979,853,'breeder'),(361,1980,814,'breeder'),(362,1981,798,'breeder'),(363,1985,815,'breeder'),(364,1986,799,'breeder'),(365,1988,793,'breeder'),(366,1990,793,'breeder'),(367,1992,825,'breeder'),(368,1994,832,'breeder'),(369,1995,799,'breeder'),(370,1998,862,'breeder'),(371,2002,799,'breeder'),(372,2006,811,'breeder'),(373,2007,810,'breeder'),(374,2008,799,'breeder'),(375,2011,799,'breeder'),(376,2015,821,'breeder'),(377,2017,867,'breeder'),(378,2029,865,'breeder'),(379,2032,812,'breeder'),(380,2035,844,'breeder'),(381,2039,831,'breeder'),(382,2041,801,'breeder'),(383,2043,813,'breeder'),(384,2044,795,'breeder'),(385,2047,813,'breeder'),(386,2048,795,'breeder'),(387,2049,836,'breeder'),(388,2052,813,'breeder'),(389,2053,795,'breeder'),(390,2057,847,'breeder'),(391,2058,841,'breeder'),(392,2059,868,'breeder'),(393,2064,814,'breeder'),(394,2065,817,'breeder'),(395,2066,848,'breeder'),(396,2068,839,'breeder'),(397,2070,795,'breeder'),(398,2071,836,'breeder'),(399,2072,803,'breeder'),(400,2077,844,'breeder'),(401,2078,840,'breeder'),(402,2080,793,'breeder'),(403,2082,828,'breeder'),(404,2083,814,'breeder'),(405,2086,825,'breeder'),(406,2088,837,'breeder'),(407,2090,860,'breeder'),(408,2091,793,'breeder'),(409,2094,801,'breeder'),(410,2095,797,'breeder'),(458,1621,904,'owner'),(459,1628,877,'owner'),(460,1629,946,'owner'),(461,1631,882,'owner'),(462,1633,902,'owner'),(463,1635,880,'owner'),(464,1638,884,'owner'),(465,1641,919,'owner'),(466,1647,928,'owner'),(467,1651,878,'owner'),(468,1652,878,'owner'),(469,1653,883,'owner'),(470,1659,877,'owner'),(471,1660,903,'owner'),(472,1662,888,'owner'),(473,1664,908,'owner'),(474,1665,881,'owner'),(475,1666,878,'owner'),(476,1671,910,'owner'),(477,1673,878,'owner'),(478,1675,878,'owner'),(479,1676,891,'owner'),(480,1677,906,'owner'),(481,1678,896,'owner'),(482,1679,882,'owner'),(483,1680,886,'owner'),(484,1683,878,'owner'),(485,1685,894,'owner'),(486,1686,945,'owner'),(487,1688,881,'owner'),(488,1690,888,'owner'),(489,1691,897,'owner'),(490,1692,882,'owner'),(491,1693,944,'owner'),(492,1695,883,'owner'),(493,1697,882,'owner'),(494,1698,894,'owner'),(495,1699,896,'owner'),(496,1701,900,'owner'),(497,1708,888,'owner'),(498,1710,926,'owner'),(499,1712,905,'owner'),(500,1713,917,'owner'),(501,1714,877,'owner'),(502,1715,938,'owner'),(503,1717,897,'owner'),(504,1719,881,'owner'),(505,1721,898,'owner'),(506,1723,895,'owner'),(507,1726,918,'owner'),(508,1730,916,'owner'),(509,1731,877,'owner'),(510,1734,890,'owner'),(511,1736,936,'owner'),(512,1737,891,'owner'),(513,1740,895,'owner'),(514,1741,932,'owner'),(515,1744,906,'owner'),(516,1746,892,'owner'),(517,1749,894,'owner'),(518,1754,885,'owner'),(519,1757,900,'owner'),(520,1758,877,'owner'),(521,1759,906,'owner'),(522,1760,900,'owner'),(523,1761,900,'owner'),(524,1762,900,'owner'),(525,1764,890,'owner'),(526,1765,919,'owner'),(527,1768,924,'owner'),(528,1769,922,'owner'),(529,1770,889,'owner'),(530,1771,943,'owner'),(531,1772,877,'owner'),(532,1775,896,'owner'),(533,1780,888,'owner'),(534,1781,900,'owner'),(535,1783,888,'owner'),(536,1784,915,'owner'),(537,1788,893,'owner'),(538,1789,900,'owner'),(539,1796,937,'owner'),(540,1798,900,'owner'),(541,1800,894,'owner'),(542,1801,881,'owner'),(543,1803,900,'owner'),(544,1806,894,'owner'),(545,1807,884,'owner'),(546,1812,883,'owner'),(547,1813,939,'owner'),(548,1814,947,'owner'),(549,1818,937,'owner'),(550,1819,891,'owner'),(551,1820,904,'owner'),(552,1821,930,'owner'),(553,1823,879,'owner'),(554,1828,895,'owner'),(555,1829,914,'owner'),(556,1832,879,'owner'),(557,1833,894,'owner'),(558,1834,909,'owner'),(559,1837,893,'owner'),(560,1839,886,'owner'),(561,1840,882,'owner'),(562,1841,882,'owner'),(563,1842,882,'owner'),(564,1846,889,'owner'),(565,1848,929,'owner'),(566,1849,882,'owner'),(567,1850,934,'owner'),(568,1856,876,'owner'),(569,1857,927,'owner'),(570,1858,896,'owner'),(571,1859,879,'owner'),(572,1860,877,'owner'),(573,1865,913,'owner'),(574,1868,883,'owner'),(575,1871,897,'owner'),(576,1872,875,'owner'),(577,1873,895,'owner'),(578,1880,889,'owner'),(579,1881,874,'owner'),(580,1885,931,'owner'),(581,1887,918,'owner'),(582,1888,888,'owner'),(583,1892,891,'owner'),(584,1894,905,'owner'),(585,1895,884,'owner'),(586,1900,884,'owner'),(587,1904,912,'owner'),(588,1910,900,'owner'),(589,1911,888,'owner'),(590,1914,888,'owner'),(591,1918,881,'owner'),(592,1920,886,'owner'),(593,1927,874,'owner'),(594,1928,899,'owner'),(595,1929,897,'owner'),(596,1931,882,'owner'),(597,1932,926,'owner'),(598,1933,895,'owner'),(599,1936,881,'owner'),(600,1937,886,'owner'),(601,1940,882,'owner'),(602,1941,920,'owner'),(603,1944,886,'owner'),(604,1946,875,'owner'),(605,1947,885,'owner'),(606,1948,877,'owner'),(607,1951,901,'owner'),(608,1953,878,'owner'),(609,1955,889,'owner'),(610,1956,941,'owner'),(611,1959,889,'owner'),(612,1960,925,'owner'),(613,1962,888,'owner'),(614,1963,901,'owner'),(615,1967,929,'owner'),(616,1972,882,'owner'),(617,1979,917,'owner'),(618,1980,887,'owner'),(619,1981,882,'owner'),(620,1985,898,'owner'),(621,1986,883,'owner'),(622,1988,877,'owner'),(623,1990,877,'owner'),(624,1992,907,'owner'),(625,1994,911,'owner'),(626,1995,883,'owner'),(627,1998,934,'owner'),(628,2002,884,'owner'),(629,2006,895,'owner'),(630,2007,894,'owner'),(631,2008,883,'owner'),(632,2011,883,'owner'),(633,2015,904,'owner'),(634,2017,942,'owner'),(635,2029,940,'owner'),(636,2032,896,'owner'),(637,2035,919,'owner'),(638,2039,901,'owner'),(639,2041,900,'owner'),(640,2043,897,'owner'),(641,2044,879,'owner'),(642,2047,897,'owner'),(643,2048,879,'owner'),(644,2049,914,'owner'),(645,2052,897,'owner'),(646,2053,879,'owner'),(647,2057,943,'owner'),(648,2058,918,'owner'),(649,2059,900,'owner'),(650,2064,886,'owner'),(651,2065,900,'owner'),(652,2066,923,'owner'),(653,2068,917,'owner'),(654,2070,879,'owner'),(655,2071,914,'owner'),(656,2072,887,'owner'),(657,2077,919,'owner'),(658,2078,900,'owner'),(659,2080,921,'owner'),(660,2082,903,'owner'),(661,2083,891,'owner'),(662,2086,933,'owner'),(663,2088,915,'owner'),(664,2090,935,'owner'),(665,2091,877,'owner'),(666,2094,900,'owner'),(667,2095,888,'owner'),(713,1856,791,'breeder'),(714,1946,793,'breeder'),(715,1766,790,'breeder'),(716,1766,874,'owner'),(717,1619,810,'breeder'),(718,1620,830,'breeder'),(719,1623,811,'breeder'),(720,1625,815,'breeder'),(721,1626,814,'breeder'),(722,1627,813,'breeder'),(723,1632,824,'breeder'),(724,1634,826,'breeder'),(725,1636,790,'breeder'),(726,1637,831,'breeder'),(727,1639,815,'breeder'),(728,1640,825,'breeder'),(729,1642,857,'breeder'),(730,1643,799,'breeder'),(731,1644,830,'breeder'),(732,1645,815,'breeder'),(733,1646,794,'breeder'),(734,1648,794,'breeder'),(735,1649,811,'breeder'),(736,1650,873,'breeder'),(737,1654,801,'breeder'),(738,1655,826,'breeder'),(739,1656,826,'breeder'),(740,1657,856,'breeder'),(741,1658,815,'breeder'),(742,1661,807,'breeder'),(743,1663,826,'breeder'),(744,1667,810,'breeder'),(745,1668,826,'breeder'),(746,1669,794,'breeder'),(747,1670,815,'breeder'),(748,1672,790,'breeder'),(749,1681,823,'breeder'),(750,1682,807,'breeder'),(751,1684,869,'breeder'),(752,1687,798,'breeder'),(753,1694,850,'breeder'),(754,1696,815,'breeder'),(755,1700,812,'breeder'),(756,1702,857,'breeder'),(757,1704,819,'breeder'),(758,1706,814,'breeder'),(759,1707,847,'breeder'),(760,1709,849,'breeder'),(761,1711,839,'breeder'),(762,1716,796,'breeder'),(763,1718,868,'breeder'),(764,1720,845,'breeder'),(765,1724,805,'breeder'),(766,1725,805,'breeder'),(767,1728,839,'breeder'),(768,1729,810,'breeder'),(769,1733,830,'breeder'),(770,1738,823,'breeder'),(771,1742,814,'breeder'),(772,1745,824,'breeder'),(773,1748,822,'breeder'),(774,1751,814,'breeder'),(775,1753,812,'breeder'),(776,1755,814,'breeder'),(777,1756,795,'breeder'),(778,1773,852,'breeder'),(779,1774,812,'breeder'),(780,1776,799,'breeder'),(781,1778,824,'breeder'),(782,1779,825,'breeder'),(783,1790,845,'breeder'),(784,1793,817,'breeder'),(785,1794,845,'breeder'),(786,1805,795,'breeder'),(787,1808,845,'breeder'),(788,1809,830,'breeder'),(789,1810,823,'breeder'),(790,1815,830,'breeder'),(791,1817,807,'breeder'),(792,1824,795,'breeder'),(793,1826,811,'breeder'),(794,1827,864,'breeder'),(795,1830,847,'breeder'),(796,1831,830,'breeder'),(797,1836,814,'breeder'),(798,1838,827,'breeder'),(799,1843,797,'breeder'),(800,1844,801,'breeder'),(801,1847,805,'breeder'),(802,1851,861,'breeder'),(803,1852,812,'breeder'),(804,1854,807,'breeder'),(805,1855,845,'breeder'),(806,1861,873,'breeder'),(807,1862,801,'breeder'),(808,1864,866,'breeder'),(809,1866,811,'breeder'),(810,1867,799,'breeder'),(811,1869,830,'breeder'),(812,1870,830,'breeder'),(813,1874,813,'breeder'),(814,1875,845,'breeder'),(815,1876,851,'breeder'),(816,1877,795,'breeder'),(817,1878,798,'breeder'),(818,1882,836,'breeder'),(819,1883,825,'breeder'),(820,1884,814,'breeder'),(821,1886,814,'breeder'),(822,1890,814,'breeder'),(823,1891,823,'breeder'),(824,1893,848,'breeder'),(825,1896,851,'breeder'),(826,1897,805,'breeder'),(827,1898,814,'breeder'),(828,1901,845,'breeder'),(829,1902,812,'breeder'),(830,1903,830,'breeder'),(831,1905,805,'breeder'),(832,1906,830,'breeder'),(833,1907,837,'breeder'),(834,1908,814,'breeder'),(835,1909,798,'breeder'),(836,1912,797,'breeder'),(837,1915,797,'breeder'),(838,1917,830,'breeder'),(839,1919,825,'breeder'),(840,1921,813,'breeder'),(841,1922,823,'breeder'),(842,1923,841,'breeder'),(843,1924,831,'breeder'),(844,1925,814,'breeder'),(845,1930,867,'breeder'),(846,1934,814,'breeder'),(847,1935,811,'breeder'),(848,1938,818,'breeder'),(849,1939,840,'breeder'),(850,1942,793,'breeder'),(851,1945,797,'breeder'),(852,1949,847,'breeder'),(853,1957,813,'breeder'),(854,1961,814,'breeder'),(855,1965,810,'breeder'),(856,1966,793,'breeder'),(857,1968,853,'breeder'),(858,1969,863,'breeder'),(859,1974,812,'breeder'),(860,1975,814,'breeder'),(861,1976,859,'breeder'),(862,1977,814,'breeder'),(863,1978,830,'breeder'),(864,1983,814,'breeder'),(865,1987,814,'breeder'),(866,1989,842,'breeder'),(867,1993,860,'breeder'),(868,1997,815,'breeder'),(869,1999,814,'breeder'),(870,2000,799,'breeder'),(871,2001,862,'breeder'),(872,2004,853,'breeder'),(873,2005,811,'breeder'),(874,2009,795,'breeder'),(875,2010,798,'breeder'),(876,2012,832,'breeder'),(877,2013,823,'breeder'),(878,2014,811,'breeder'),(879,2016,849,'breeder'),(880,2020,814,'breeder'),(881,2021,795,'breeder'),(882,2022,814,'breeder'),(883,2023,830,'breeder'),(884,2024,845,'breeder'),(885,2025,811,'breeder'),(886,2027,845,'breeder'),(887,2028,845,'breeder'),(888,2030,799,'breeder'),(889,2034,801,'breeder'),(890,2036,865,'breeder'),(891,2037,812,'breeder'),(892,2038,855,'breeder'),(893,2040,866,'breeder'),(894,2042,823,'breeder'),(895,2045,805,'breeder'),(896,2055,830,'breeder'),(897,2056,861,'breeder'),(898,2060,832,'breeder'),(899,2061,798,'breeder'),(900,2062,819,'breeder'),(901,2063,847,'breeder'),(902,2067,824,'breeder'),(903,2073,797,'breeder'),(904,2074,819,'breeder'),(905,2075,818,'breeder'),(906,2076,840,'breeder'),(907,2079,818,'breeder'),(908,2081,828,'breeder'),(909,2084,811,'breeder'),(910,2085,840,'breeder'),(911,2089,821,'breeder'),(912,2092,801,'breeder'),(913,2093,815,'breeder');

/*Table structure for table `animals` */

DROP TABLE IF EXISTS `animals`;

CREATE TABLE `animals` (
  `id` int(10) unsigned NOT NULL AUTO_INCREMENT,
  `code` varchar(20) DEFAULT NULL,
  `name` varchar(60) NOT NULL,
  `birthdate` datetime DEFAULT NULL,
  `mom` int(10) unsigned DEFAULT NULL,
  `dad` int(10) unsigned DEFAULT NULL,
  `gender` enum('female','male') DEFAULT NULL,
  `created_at` timestamp NULL DEFAULT NULL,
  `updated_at` timestamp NULL DEFAULT NULL,
  `deleted_at` timestamp NULL DEFAULT NULL,
  `prefix` varchar(20) DEFAULT NULL,
  PRIMARY KEY (`id`),
  KEY `fk_animals_animals1_idx` (`dad`),
  CONSTRAINT `fk_animals_animals1` FOREIGN KEY (`dad`) REFERENCES `animals` (`id`) ON DELETE NO ACTION ON UPDATE NO ACTION
) ENGINE=InnoDB AUTO_INCREMENT=2130 DEFAULT CHARSET=utf8;

/*Data for the table `animals` */

insert  into `animals`(`id`,`code`,`name`,`birthdate`,`mom`,`dad`,`gender`,`created_at`,`updated_at`,`deleted_at`,`prefix`) values (1619,NULL,'ACIERTO',NULL,NULL,NULL,'male','2016-02-16 15:42:51','2016-02-16 15:42:51',NULL,'FyEP'),(1620,NULL,'ACTOR',NULL,NULL,NULL,'male','2016-02-16 15:42:51','2016-02-16 15:42:51',NULL,'LV'),(1621,'YN-13760','ACTORA','2006-12-28 00:00:00',1978,1620,NULL,'2016-02-16 15:42:51','2016-02-16 15:42:51',NULL,'LV'),(1622,NULL,'ACTRIZ',NULL,NULL,NULL,'female','2016-02-16 15:42:51','2016-02-16 15:42:51',NULL,'CLVL'),(1623,NULL,'ACUARELA',NULL,NULL,NULL,'female','2016-02-16 15:42:51','2016-02-16 15:42:51',NULL,'AZ'),(1624,NULL,'ADINERADA CAYALTI',NULL,NULL,NULL,'female','2016-02-16 15:42:51','2016-02-16 15:42:51',NULL,''),(1625,NULL,'AFRICA',NULL,NULL,NULL,'female','2016-02-16 15:42:51','2016-02-16 15:42:51',NULL,'JD'),(1626,NULL,'AFRICANA',NULL,NULL,NULL,'female','2016-02-16 15:42:51','2016-02-16 15:42:51',NULL,'JRM'),(1627,NULL,'AGRESOR',NULL,NULL,NULL,'male','2016-02-16 15:42:51','2016-02-16 15:42:51',NULL,'JMLL'),(1628,'YN-18021','AGRESORA-TE','2014-03-21 00:00:00',1670,1627,NULL,'2016-02-16 15:42:51','2016-02-16 15:42:51',NULL,'JCDCH'),(1629,'PN-07275','AGUAYMANTO','2005-11-06 00:00:00',1835,1620,NULL,'2016-02-16 15:42:51','2016-02-16 15:42:51',NULL,'RML'),(1630,NULL,'ALBILLA',NULL,NULL,NULL,'female','2016-02-16 15:42:51','2016-02-16 15:42:51',NULL,'HNS'),(1631,'PN-09981','ALBOROTO','2013-08-01 00:00:00',1668,1743,NULL,'2016-02-16 15:42:51','2016-02-16 15:42:51',NULL,'JR'),(1632,NULL,'ALEGRIA',NULL,NULL,NULL,'female','2016-02-16 15:42:51','2016-02-16 15:42:51',NULL,'BC'),(1633,'YN-15152','ALEGRIA','2009-09-08 00:00:00',1742,1808,NULL,'2016-02-16 15:42:51','2016-02-16 15:42:51',NULL,'JRM'),(1634,NULL,'ALENTADORA',NULL,NULL,NULL,'female','2016-02-16 15:42:51','2016-02-16 15:42:51',NULL,'MEAA'),(1635,'YN-18047','ALGECIRAS','2014-03-25 00:00:00',1716,2042,NULL,'2016-02-16 15:42:51','2016-02-16 15:42:51',NULL,'JPT'),(1636,NULL,'ALHELI',NULL,NULL,NULL,'female','2016-02-16 15:42:51','2016-02-16 15:42:51',NULL,'JTA'),(1637,NULL,'ALIESKA',NULL,NULL,NULL,'female','2016-02-16 15:42:51','2016-02-16 15:42:51',NULL,'JFRN'),(1638,'YN-17786','ALMIBARADA','2013-10-23 00:00:00',1843,1863,NULL,'2016-02-16 15:42:51','2016-02-16 15:42:51',NULL,'MRA'),(1639,NULL,'ALOMA',NULL,NULL,NULL,'female','2016-02-16 15:42:51','2016-02-16 15:42:51',NULL,'JD'),(1640,NULL,'ALTANERA',NULL,NULL,NULL,'female','2016-02-16 15:42:51','2016-02-16 15:42:51',NULL,'FC'),(1641,'CN-01260','ALTANERO','2003-06-14 00:00:00',1822,1906,NULL,'2016-02-16 15:42:51','2016-02-16 15:42:51',NULL,'ACZ'),(1642,NULL,'ALTANERO',NULL,NULL,NULL,'male','2016-02-16 15:42:51','2016-02-16 15:42:51',NULL,'OAMS'),(1643,NULL,'ALTIVA',NULL,NULL,NULL,'female','2016-02-16 15:42:51','2016-02-16 15:42:51',NULL,'ERPB'),(1644,NULL,'ALTIVO',NULL,NULL,NULL,'male','2016-02-16 15:42:51','2016-02-16 15:42:51',NULL,'LV'),(1645,NULL,'AMBAR',NULL,NULL,NULL,'female','2016-02-16 15:42:51','2016-02-16 15:42:51',NULL,'JD'),(1646,NULL,'AMBROSIA',NULL,NULL,NULL,'female','2016-02-16 15:42:51','2016-02-16 15:42:51',NULL,'JAGT'),(1647,'PN-10649','AMIGO-TE','2014-03-25 00:00:00',2038,2042,NULL,'2016-02-16 15:42:51','2016-02-16 15:42:51',NULL,'RCCL'),(1648,NULL,'AMIR',NULL,NULL,NULL,'male','2016-02-16 15:42:51','2016-02-16 15:42:51',NULL,'JAGT'),(1649,NULL,'ANASTASIA',NULL,NULL,NULL,'female','2016-02-16 15:42:51','2016-02-16 15:42:51',NULL,'AZ'),(1650,NULL,'ANDARITA',NULL,NULL,NULL,'female','2016-02-16 15:42:51','2016-02-16 15:42:51',NULL,'CYU'),(1651,'YN-16131','ANFITRIONA-TE','2012-05-06 00:00:00',1898,1884,NULL,'2016-02-16 15:42:51','2016-02-16 15:42:51',NULL,'JAGT'),(1652,'YN-18074','ANTICUARIA','2014-03-22 00:00:00',1646,1971,NULL,'2016-02-16 15:42:51','2016-02-16 15:42:51',NULL,'JAGT'),(1653,'YN-15897','ANTOLOGIA','2011-03-24 00:00:00',1643,1718,NULL,'2016-02-16 15:42:51','2016-02-16 15:42:51',NULL,'ERPB'),(1654,NULL,'APOLO',NULL,NULL,NULL,'male','2016-02-16 15:42:51','2016-02-16 15:42:51',NULL,'JZ'),(1655,NULL,'APRECIADO',NULL,NULL,NULL,'male','2016-02-16 15:42:51','2016-02-16 15:42:51',NULL,'MEAA'),(1656,NULL,'APURIMAC',NULL,NULL,NULL,'female','2016-02-16 15:42:51','2016-02-16 15:42:51',NULL,'MEAA'),(1657,NULL,'ARIANA',NULL,NULL,NULL,'female','2016-02-16 15:42:51','2016-02-16 15:42:51',NULL,'GBC'),(1658,NULL,'ARMENIA',NULL,NULL,NULL,'female','2016-02-16 15:42:51','2016-02-16 15:42:51',NULL,'JD'),(1659,'CN-02601','ARMERO','2011-06-30 00:00:00',1658,1985,NULL,'2016-02-16 15:42:51','2016-02-16 15:42:51',NULL,'JCDCH'),(1660,'YN-14775','AROMATICA','2009-12-20 00:00:00',1639,1782,NULL,'2016-02-16 15:42:51','2016-02-16 15:42:51',NULL,'JCK'),(1661,NULL,'ARRIBA PERU',NULL,NULL,NULL,'male','2016-02-16 15:42:51','2016-02-16 15:42:51',NULL,'AZF'),(1662,'YN-17530','ARROGANCIA','2013-01-01 00:00:00',1809,1620,NULL,'2016-02-16 15:42:51','2016-02-16 15:42:51',NULL,'CBM'),(1663,NULL,'ASIA',NULL,NULL,NULL,'female','2016-02-16 15:42:51','2016-02-16 15:42:51',NULL,'MEAA'),(1664,'YN-14374','ASIA II','2009-05-19 00:00:00',1663,1696,NULL,'2016-02-16 15:42:51','2016-02-16 15:42:51',NULL,'MEAA'),(1665,'YN-17731','ASOMBRADA','2013-07-18 00:00:00',2050,1863,NULL,'2016-02-16 15:42:51','2016-02-16 15:42:51',NULL,'MRA'),(1666,'PN-10374','AUTOR','2013-10-11 00:00:00',1898,1863,NULL,'2016-02-16 15:42:51','2016-02-16 15:42:51',NULL,'JAGT'),(1667,NULL,'AVENTURA',NULL,NULL,NULL,'female','2016-02-16 15:42:51','2016-02-16 15:42:51',NULL,'FyEP'),(1668,NULL,'AVENTURA',NULL,NULL,NULL,'female','2016-02-16 15:42:51','2016-02-16 15:42:51',NULL,'MEAA'),(1669,NULL,'AZAROSA',NULL,NULL,NULL,'female','2016-02-16 15:42:51','2016-02-16 15:42:51',NULL,'JAGT'),(1670,NULL,'AZUCAR',NULL,NULL,NULL,'female','2016-02-16 15:42:51','2016-02-16 15:42:51',NULL,'JD'),(1671,'YN-16983','AZUCENA','2008-09-15 00:00:00',1709,2036,NULL,'2016-02-16 15:42:51','2016-02-16 15:42:51',NULL,'ARL'),(1672,NULL,'AZUCENA',NULL,NULL,NULL,'female','2016-02-16 15:42:51','2016-02-16 15:42:51',NULL,'JTA'),(1673,'YN-16021','AZUCENA-TE','2011-11-10 00:00:00',1706,1884,NULL,'2016-02-16 15:42:51','2016-02-16 15:42:51',NULL,'JAGT'),(1674,NULL,'BANDOLERO',NULL,NULL,NULL,'male','2016-02-16 15:42:51','2016-02-16 15:42:51',NULL,'ASR'),(1675,'PN-10057','BARBARESCO','2013-04-03 00:00:00',1646,1648,NULL,'2016-02-16 15:42:51','2016-02-16 15:42:51',NULL,'JAGT'),(1676,'YN-14029','BARCELONA','2008-09-27 00:00:00',1854,1787,NULL,'2016-02-16 15:42:51','2016-02-16 15:42:51',NULL,'AZF'),(1677,'YN-12842','BELLA HURI','2004-10-09 00:00:00',1745,1778,NULL,'2016-02-16 15:42:51','2016-02-16 15:42:51',NULL,'BC'),(1678,'YN-15428','BELLA LUZ','2009-12-05 00:00:00',1902,2084,NULL,'2016-02-16 15:42:51','2016-02-16 15:42:51',NULL,'CFF'),(1679,'YN-15775','BELLEZA','2011-09-16 00:00:00',1682,1977,NULL,'2016-02-16 15:42:51','2016-02-16 15:42:51',NULL,'JR'),(1680,'YN-16997','BISKAIA-TE','2013-11-03 00:00:00',1844,1855,NULL,'2016-02-16 15:42:51','2016-02-16 15:42:51',NULL,'JZ'),(1681,NULL,'BOLERO',NULL,NULL,NULL,'male','2016-02-16 15:42:51','2016-02-16 15:42:51',NULL,'AHT'),(1682,NULL,'BONANZA',NULL,NULL,NULL,'female','2016-02-16 15:42:51','2016-02-16 15:42:51',NULL,'AZF'),(1683,'YN-16766','BRISA','2012-07-01 00:00:00',1669,1743,NULL,'2016-02-16 15:42:51','2016-02-16 15:42:51',NULL,'JAGT'),(1684,NULL,'BRUJA DE CACHICHE',NULL,NULL,NULL,'female','2016-02-16 15:42:51','2016-02-16 15:42:51',NULL,'LSC'),(1685,'YN-14067','BRUMA','2008-06-02 00:00:00',1965,1725,NULL,'2016-02-16 15:42:51','2016-02-16 15:42:51',NULL,'FyEP'),(1686,'PN-07644','BUEN MOZO','2006-04-19 00:00:00',1689,1861,NULL,'2016-02-16 15:42:51','2016-02-16 15:42:51',NULL,'FCY'),(1687,NULL,'BUENA LUZ',NULL,NULL,NULL,'female','2016-02-16 15:42:51','2016-02-16 15:42:51',NULL,'JR'),(1688,'YN-18213','BUENA MOZA','2014-06-05 00:00:00',1945,1863,NULL,'2016-02-16 15:42:51','2016-02-16 15:42:51',NULL,'MRA'),(1689,NULL,'BUGAMBILLA',NULL,NULL,NULL,'female','2016-02-16 15:42:51','2016-02-16 15:42:51',NULL,'ASR'),(1690,'CN-02503','BUJAMERO','2011-01-03 00:00:00',2073,1875,NULL,'2016-02-16 15:42:51','2016-02-16 15:42:51',NULL,'MRA'),(1691,'YN-16542','BULERIA','2011-02-20 00:00:00',1630,1811,NULL,'2016-02-16 15:42:51','2016-02-16 15:42:51',NULL,'JMLL'),(1692,'YN-17007','BURUNDANGA','2013-07-01 00:00:00',1687,1743,NULL,'2016-02-16 15:42:51','2016-02-16 15:42:51',NULL,'JR'),(1693,'PN-09965','CACHICHE','2005-08-28 00:00:00',1684,1876,NULL,'2016-02-16 15:42:51','2016-02-16 15:42:51',NULL,'LSC'),(1694,NULL,'CACHINA',NULL,NULL,NULL,'female','2016-02-16 15:42:51','2016-02-16 15:42:51',NULL,'DMCB'),(1695,'PN-10389','CADIZ','2013-09-26 00:00:00',2030,1743,NULL,'2016-02-16 15:42:51','2016-02-16 15:42:51',NULL,'ERPB'),(1696,NULL,'CALUPE?O',NULL,NULL,NULL,'male','2016-02-16 15:42:51','2016-02-16 15:42:51',NULL,'JD'),(1697,'YN-15773','CAMELIA','2011-07-20 00:00:00',1908,1977,NULL,'2016-02-16 15:42:51','2016-02-16 15:42:51',NULL,'JR'),(1698,'PN-08371','CAMINANTE','2009-07-17 00:00:00',1729,1620,NULL,'2016-02-16 15:42:51','2016-02-16 15:42:51',NULL,'FyEP'),(1699,'PN-10446','CAMPEADOR','2014-01-04 00:00:00',1700,1884,NULL,'2016-02-16 15:42:51','2016-02-16 15:42:51',NULL,'CFF'),(1700,NULL,'CAMPEADORA',NULL,NULL,NULL,'female','2016-02-16 15:42:51','2016-02-16 15:42:51',NULL,'CFF'),(1701,'CN-02479','CANCILLER-TE','2011-01-15 00:00:00',1793,1620,NULL,'2016-02-16 15:42:51','2016-02-16 15:42:51',NULL,'FESA'),(1702,NULL,'CANDELA',NULL,NULL,NULL,'female','2016-02-16 15:42:51','2016-02-16 15:42:51',NULL,'OAMS'),(1703,NULL,'CANDELARIA',NULL,NULL,NULL,'female','2016-02-16 15:42:51','2016-02-16 15:42:51',NULL,'AND'),(1704,NULL,'CANDILEJA',NULL,NULL,NULL,'female','2016-02-16 15:42:51','2016-02-16 15:42:51',NULL,'FBB'),(1705,NULL,'CANELA',NULL,NULL,NULL,'female','2016-02-16 15:42:51','2016-02-16 15:42:51',NULL,'JHBC'),(1706,NULL,'CAPITANA',NULL,NULL,NULL,'female','2016-02-16 15:42:51','2016-02-16 15:42:51',NULL,'JRM'),(1707,NULL,'CAPRICHO',NULL,NULL,NULL,'female','2016-02-16 15:42:51','2016-02-16 15:42:51',NULL,'JVDZ'),(1708,'YN-16899','CAPRICHOSA','2012-03-01 00:00:00',1727,1620,NULL,'2016-02-16 15:42:51','2016-02-16 15:42:51',NULL,'CBM'),(1709,NULL,'CAPULI',NULL,NULL,NULL,'female','2016-02-16 15:42:51','2016-02-16 15:42:51',NULL,'GCLP'),(1710,'CN-01468','CARACOL','2004-01-16 00:00:00',1711,1916,NULL,'2016-02-16 15:42:51','2016-02-16 15:42:51',NULL,'INP'),(1711,NULL,'CARACOLETA',NULL,NULL,NULL,'female','2016-02-16 15:42:51','2016-02-16 15:42:51',NULL,'INP'),(1712,'PN-09609','CARLO MAGNO','2012-04-27 00:00:00',1891,2013,NULL,'2016-02-16 15:42:51','2016-02-16 15:42:51',NULL,'AHT'),(1713,'CN-02083','CARLO MAGNO','2008-09-13 00:00:00',2068,1963,NULL,'2016-02-16 15:42:51','2016-02-16 15:42:51',NULL,'INP'),(1714,'YN-17561','CAROZA','2013-01-12 00:00:00',1707,1808,NULL,'2016-02-16 15:42:51','2016-02-16 15:42:51',NULL,'JCDCH'),(1715,'PN-08642','CASIQUE','2008-04-15 00:00:00',1969,1964,NULL,'2016-02-16 15:42:51','2016-02-16 15:42:51',NULL,'OV'),(1716,NULL,'CATALANA',NULL,NULL,NULL,'female','2016-02-16 15:42:51','2016-02-16 15:42:51',NULL,'JPT'),(1717,'YN-16744','CATARINA','2012-01-10 00:00:00',1874,1921,NULL,'2016-02-16 15:42:51','2016-02-16 15:42:51',NULL,'JMLL'),(1718,NULL,'CATON',NULL,NULL,NULL,'male','2016-02-16 15:42:51','2016-02-16 15:42:51',NULL,'RHG'),(1719,'PN-09974','CAYETANO','2012-12-05 00:00:00',1912,1863,NULL,'2016-02-16 15:42:51','2016-02-16 15:42:51',NULL,'MRA'),(1720,NULL,'CELESTE',NULL,NULL,NULL,'female','2016-02-16 15:42:51','2016-02-16 15:42:51',NULL,'ERM'),(1721,'YN-15097','CENTELLA','2010-02-25 00:00:00',1625,1795,NULL,'2016-02-16 15:42:51','2016-02-16 15:42:51',NULL,'JD'),(1722,NULL,'CENTENARIA',NULL,NULL,NULL,'female','2016-02-16 15:42:51','2016-02-16 15:42:51',NULL,'LBL'),(1723,'CN-02416','CENTURION-TE','2010-01-11 00:00:00',1722,1747,NULL,'2016-02-16 15:42:51','2016-02-16 15:42:51',NULL,'AZ'),(1724,NULL,'CEREZA',NULL,NULL,NULL,'female','2016-02-16 15:42:51','2016-02-16 15:42:51',NULL,'MSCRL'),(1725,NULL,'CEREZO',NULL,NULL,NULL,'male','2016-02-16 15:42:51','2016-02-16 15:42:51',NULL,'MSCRL'),(1726,'PN-10386','CERTERO','2013-04-15 00:00:00',2067,1627,NULL,'2016-02-16 15:42:51','2016-02-16 15:42:51',NULL,'GAN'),(1727,NULL,'CHICAMA',NULL,NULL,NULL,'female','2016-02-16 15:42:51','2016-02-16 15:42:51',NULL,'CCC'),(1728,NULL,'CHICUELINA',NULL,NULL,NULL,'female','2016-02-16 15:42:51','2016-02-16 15:42:51',NULL,'INP'),(1729,NULL,'CHINA LINDA',NULL,NULL,NULL,'female','2016-02-16 15:42:51','2016-02-16 15:42:51',NULL,'FyEP'),(1730,'YN-11561','CHIQUITA BONITA','2003-09-24 00:00:00',1913,1696,NULL,'2016-02-16 15:42:51','2016-02-16 15:42:51',NULL,'ByEP'),(1731,'CN-02229','CHOLOLOLO','2009-09-23 00:00:00',1705,1795,NULL,'2016-02-16 15:42:51','2016-02-16 15:42:51',NULL,'JCDCH'),(1732,NULL,'CISNE',NULL,NULL,NULL,'male','2016-02-16 15:42:51','2016-02-16 15:42:51',NULL,'AEV'),(1733,NULL,'CITA',NULL,NULL,NULL,'female','2016-02-16 15:42:51','2016-02-16 15:42:51',NULL,'LV'),(1734,'PN-09927','CITADINO-TE','2013-05-03 00:00:00',1733,1620,NULL,'2016-02-16 15:42:51','2016-02-16 15:42:51',NULL,'RCM'),(1735,NULL,'CLAVELINA',NULL,NULL,NULL,'female','2016-02-16 15:42:51','2016-02-16 15:42:51',NULL,'MSP'),(1736,'PN-10559','CLAVIJO','2011-11-20 00:00:00',1851,1802,NULL,'2016-02-16 15:42:51','2016-02-16 15:42:51',NULL,'JJP'),(1737,'YN-15782','CONSISTENCIA','2011-12-18 00:00:00',1854,1977,NULL,'2016-02-16 15:42:51','2016-02-16 15:42:51',NULL,'AZF'),(1738,NULL,'COPETINERA',NULL,NULL,NULL,'female','2016-02-16 15:42:51','2016-02-16 15:42:51',NULL,'AHT'),(1739,NULL,'COQUETA',NULL,NULL,NULL,'female','2016-02-16 15:42:51','2016-02-16 15:42:51',NULL,'RCC'),(1740,'PN-08965','CORSARIO I','2010-10-03 00:00:00',1739,1984,NULL,'2016-02-16 15:42:51','2016-02-16 15:42:51',NULL,'AZ'),(1741,'PN-10125','CORTESANO','2012-12-22 00:00:00',1804,1982,NULL,'2016-02-16 15:42:51','2016-02-16 15:42:51',NULL,'WPA'),(1742,NULL,'CORTESIA',NULL,NULL,NULL,'female','2016-02-16 15:42:51','2016-02-16 15:42:51',NULL,'JRM'),(1743,NULL,'DANDY-TE',NULL,NULL,NULL,'male','2016-02-16 15:42:51','2016-02-16 15:42:51',NULL,'JEB'),(1744,'CN-02126','DANUBIO','2009-12-09 00:00:00',2067,1782,NULL,'2016-02-16 15:42:51','2016-02-16 15:42:51',NULL,'BCD'),(1745,NULL,'DECIDIDA',NULL,NULL,NULL,'female','2016-02-16 15:42:51','2016-02-16 15:42:51',NULL,'BC'),(1746,'YN-16060','DEIDAD-TE','2012-01-20 00:00:00',1763,1620,NULL,'2016-02-16 15:42:51','2016-02-16 15:42:51',NULL,'NEC'),(1747,NULL,'DELIRIO',NULL,NULL,NULL,'male','2016-02-16 15:42:51','2016-02-16 15:42:51',NULL,'GAR'),(1748,NULL,'DIANA',NULL,NULL,NULL,'female','2016-02-16 15:42:51','2016-02-16 15:42:51',NULL,'MLM'),(1749,'YN-15604','DIFERENCIA','2010-02-25 00:00:00',1667,1732,NULL,'2016-02-16 15:42:51','2016-02-16 15:42:51',NULL,'FyEP'),(1750,NULL,'DIFERENTE',NULL,NULL,NULL,'male','2016-02-16 15:42:51','2016-02-16 15:42:51',NULL,'MD'),(1751,NULL,'DIFORZADA',NULL,NULL,NULL,'female','2016-02-16 15:42:51','2016-02-16 15:42:51',NULL,'JRM'),(1752,NULL,'DIGNATARIO',NULL,NULL,NULL,'male','2016-02-16 15:42:51','2016-02-16 15:42:51',NULL,'AEV'),(1753,NULL,'DINASTIA',NULL,NULL,NULL,'female','2016-02-16 15:42:51','2016-02-16 15:42:51',NULL,'CFF'),(1754,'YN-17333','DIPLOMATICA','2013-12-29 00:00:00',1952,1792,NULL,'2016-02-16 15:42:51','2016-02-16 15:42:51',NULL,'*FJ'),(1755,NULL,'DISCORDIA',NULL,NULL,NULL,'female','2016-02-16 15:42:51','2016-02-16 15:42:51',NULL,'JRM'),(1756,NULL,'DIVINA',NULL,NULL,NULL,'female','2016-02-16 15:42:51','2016-02-16 15:42:51',NULL,'JOR'),(1757,'YN-17529','DO?A ANDREA-TE','2010-07-20 00:00:00',1831,2069,NULL,'2016-02-16 15:42:51','2016-02-16 15:42:51',NULL,'FESA'),(1758,'YN-17739','DO?A ANTONIETA','2014-04-03 00:00:00',1707,1949,NULL,'2016-02-16 15:42:51','2016-02-16 15:42:51',NULL,'JCDCH'),(1759,'YN-13904','DO?A G II','2008-09-15 00:00:00',1632,2055,NULL,'2016-02-16 15:42:51','2016-02-16 15:42:51',NULL,'BC'),(1760,'YN-12926','DO?A JIMENA','2006-09-20 00:00:00',2062,1752,NULL,'2016-02-16 15:42:51','2016-02-16 15:42:51',NULL,'FBB'),(1761,'YN-16317','DO?A LUCIANA-TE','2010-01-21 00:00:00',1869,2069,NULL,'2016-02-16 15:42:51','2016-02-16 15:42:51',NULL,'FESA'),(1762,'YN-16321','DO?A MARINA -TE','2009-10-23 00:00:00',2033,2054,NULL,'2016-02-16 15:42:51','2016-02-16 15:42:51',NULL,'FESA'),(1763,NULL,'DO?A TILA',NULL,NULL,NULL,'female','2016-02-16 15:42:51','2016-02-16 15:42:51',NULL,'ACL'),(1764,'YN-16942','DO?A TITA','2013-01-08 00:00:00',1728,2089,NULL,'2016-02-16 15:42:51','2016-02-16 15:42:51',NULL,'RCM'),(1765,'CN-02504','DOCTOR','2011-02-07 00:00:00',1622,1991,NULL,'2016-02-16 15:42:51','2016-02-16 15:42:51',NULL,'ACZ'),(1766,NULL,'DOMINICA',NULL,NULL,NULL,NULL,'2016-02-16 15:42:51','2016-02-16 15:42:51',NULL,'JTA'),(1767,NULL,'DON ANTONIO',NULL,NULL,NULL,'male','2016-02-16 15:42:51','2016-02-16 15:42:51',NULL,'GS'),(1768,'CN-02426','DON BARTOLO','2006-09-15 00:00:00',1694,2003,NULL,'2016-02-16 15:42:51','2016-02-16 15:42:51',NULL,'DMCB'),(1769,'CN-01917','DON ERNESTO','2007-10-19 00:00:00',2063,1767,NULL,'2016-02-16 15:42:51','2016-02-16 15:42:51',NULL,'JVDZ'),(1770,'PN-08995','DON GABRIEL','2008-04-07 00:00:00',1924,1787,NULL,'2016-02-16 15:42:51','2016-02-16 15:42:51',NULL,'JFRN'),(1771,'PN-07489','DON LUIS','2007-06-28 00:00:00',1830,1816,NULL,'2016-02-16 15:42:51','2016-02-16 15:42:51',NULL,'JVDZ'),(1772,'PN-10521','DON SOL-TE','2014-01-28 00:00:00',2014,2079,NULL,'2016-02-16 15:42:51','2016-02-16 15:42:51',NULL,'JCDCH'),(1773,NULL,'DON VICENTE',NULL,NULL,NULL,'male','2016-02-16 15:42:51','2016-02-16 15:42:51',NULL,'CVD'),(1774,NULL,'DORADA',NULL,NULL,NULL,'female','2016-02-16 15:42:51','2016-02-16 15:42:51',NULL,'CFF'),(1775,'CN-02036','DORADO','2005-08-15 00:00:00',1774,2061,NULL,'2016-02-16 15:42:51','2016-02-16 15:42:51',NULL,'CFF'),(1776,NULL,'DUQUESA',NULL,NULL,NULL,'female','2016-02-16 15:42:51','2016-02-16 15:42:51',NULL,'ERPB'),(1777,NULL,'DYANGO',NULL,NULL,NULL,'male','2016-02-16 15:42:51','2016-02-16 15:42:51',NULL,'AEV'),(1778,NULL,'ECIJANO',NULL,NULL,NULL,'male','2016-02-16 15:42:51','2016-02-16 15:42:51',NULL,'BC'),(1779,NULL,'ECIJANO',NULL,NULL,NULL,'male','2016-02-16 15:42:51','2016-02-16 15:42:51',NULL,'FC'),(1780,'PN-08927','ECLIPSE','2010-03-06 00:00:00',1727,1782,NULL,'2016-02-16 15:42:51','2016-02-16 15:42:51',NULL,'CBM'),(1781,'CN-02235','ECLIPSE-TE','2008-10-19 00:00:00',1950,2055,NULL,'2016-02-16 15:42:51','2016-02-16 15:42:51',NULL,'FESA'),(1782,NULL,'EJECUTIVO',NULL,NULL,NULL,'male','2016-02-16 15:42:51','2016-02-16 15:42:51',NULL,'AV'),(1783,'PN-09540','EL CAMPEADOR','2011-09-14 00:00:00',1809,1644,NULL,'2016-02-16 15:42:51','2016-02-16 15:42:51',NULL,'LV'),(1784,'CN-02528','EL MAJO','2007-12-24 00:00:00',1907,1681,NULL,'2016-02-16 15:42:51','2016-02-16 15:42:51',NULL,'BRR'),(1785,NULL,'EL MELLIZO-TE',NULL,NULL,NULL,'male','2016-02-16 15:42:51','2016-02-16 15:42:51',NULL,'AEV'),(1786,NULL,'EL NEGRO',NULL,NULL,NULL,'male','2016-02-16 15:42:51','2016-02-16 15:42:51',NULL,'HNS'),(1787,NULL,'EL PATRICIO',NULL,NULL,NULL,'male','2016-02-16 15:42:51','2016-02-16 15:42:51',NULL,'AEV'),(1788,'PN-10430','EL SORO','2014-01-23 00:00:00',2051,1785,NULL,'2016-02-16 15:42:51','2016-02-16 15:42:51',NULL,'FER'),(1789,'PN-09538','EL SULTAN-TE','2009-07-06 00:00:00',1862,2069,NULL,'2016-02-16 15:42:51','2016-02-16 15:42:51',NULL,'FESA'),(1790,NULL,'ELEGIDO',NULL,NULL,NULL,'male','2016-02-16 15:42:51','2016-02-16 15:42:51',NULL,'ERM'),(1791,NULL,'ELEONORA',NULL,NULL,NULL,'female','2016-02-16 15:42:51','2016-02-16 15:42:51',NULL,'*AR'),(1792,NULL,'EMBAJADOR',NULL,NULL,NULL,'male','2016-02-16 15:42:51','2016-02-16 15:42:51',NULL,'*WF'),(1793,NULL,'EMBAJADORA-TE',NULL,NULL,NULL,'female','2016-02-16 15:42:51','2016-02-16 15:42:51',NULL,'FESA'),(1794,NULL,'EMBRUJO DE CACHICHE',NULL,NULL,NULL,'male','2016-02-16 15:42:51','2016-02-16 15:42:51',NULL,'ERM'),(1795,NULL,'EMISARIO',NULL,NULL,NULL,'male','2016-02-16 15:42:51','2016-02-16 15:42:51',NULL,'CCY'),(1796,'PI-00314','EMPERADOR','2004-03-17 00:00:00',1799,1943,NULL,'2016-02-16 15:42:51','2016-02-16 15:42:51',NULL,'*EG'),(1797,NULL,'EMPERADOR',NULL,NULL,NULL,'male','2016-02-16 15:42:51','2016-02-16 15:42:51',NULL,'MSP'),(1798,'YN-16319','EMPERADORA-TE','2010-01-08 00:00:00',2031,1797,NULL,'2016-02-16 15:42:51','2016-02-16 15:42:51',NULL,'FESA'),(1799,NULL,'EMPERATRIZ DE ROMA',NULL,NULL,NULL,'female','2016-02-16 15:42:51','2016-02-16 15:42:51',NULL,'MCD'),(1800,'CN-02381','EMPRESARIO','2011-08-14 00:00:00',1656,1619,NULL,'2016-02-16 15:42:51','2016-02-16 15:42:51',NULL,'FyEP'),(1801,'YN-17787','ENCANDILADA','2013-11-02 00:00:00',2073,1863,NULL,'2016-02-16 15:42:51','2016-02-16 15:42:51',NULL,'MRA'),(1802,NULL,'ENGREIDO',NULL,NULL,NULL,'male','2016-02-16 15:42:51','2016-02-16 15:42:51',NULL,'FPC'),(1803,'YN-15011','ENSUE?O','2010-01-07 00:00:00',1704,2074,NULL,'2016-02-16 15:42:51','2016-02-16 15:42:51',NULL,'FBB'),(1804,NULL,'EROILA',NULL,NULL,NULL,'female','2016-02-16 15:42:51','2016-02-16 15:42:51',NULL,'PBV'),(1805,NULL,'ESCENCIA',NULL,NULL,NULL,'female','2016-02-16 15:42:51','2016-02-16 15:42:51',NULL,'JOR'),(1806,'YN-15747','ESENCIA','2011-03-18 00:00:00',1729,1752,NULL,'2016-02-16 15:42:51','2016-02-16 15:42:51',NULL,'FyEP'),(1807,'CN-02383','ESPARTANO','2010-07-22 00:00:00',2028,1901,NULL,'2016-02-16 15:42:51','2016-02-16 15:42:51',NULL,'ERM'),(1808,NULL,'ESPONTANEO',NULL,NULL,NULL,'male','2016-02-16 15:42:51','2016-02-16 15:42:51',NULL,'ERM'),(1809,NULL,'ESTAMPA',NULL,NULL,NULL,'female','2016-02-16 15:42:51','2016-02-16 15:42:51',NULL,'LV'),(1810,NULL,'ESTANCIERA V',NULL,NULL,NULL,'female','2016-02-16 15:42:51','2016-02-16 15:42:51',NULL,'AHT'),(1811,NULL,'ESTIRPE',NULL,NULL,NULL,'male','2016-02-16 15:42:51','2016-02-16 15:42:51',NULL,'MLL'),(1812,'YN-15679','EXCELENCIA I','2010-11-17 00:00:00',1776,1718,NULL,'2016-02-16 15:42:51','2016-02-16 15:42:51',NULL,'ERPB'),(1813,'PN-08692','EXCLUSIVO DE MALA','2009-02-04 00:00:00',1827,1917,NULL,'2016-02-16 15:42:51','2016-02-16 15:42:51',NULL,'ALM'),(1814,'PN-07538','EXIGENTE','2007-02-06 00:00:00',1650,1861,NULL,'2016-02-16 15:42:51','2016-02-16 15:42:51',NULL,'CYU'),(1815,NULL,'EXPRESO',NULL,NULL,NULL,'male','2016-02-16 15:42:51','2016-02-16 15:42:51',NULL,'LV'),(1816,NULL,'FABULOSO',NULL,NULL,NULL,'male','2016-02-16 15:42:51','2016-02-16 15:42:51',NULL,'LB'),(1817,NULL,'FANTASIA',NULL,NULL,NULL,'female','2016-02-16 15:42:51','2016-02-16 15:42:51',NULL,'AZF'),(1818,'PN-08376','FARSANTE','2009-08-12 00:00:00',1751,1732,NULL,'2016-02-16 15:42:51','2016-02-16 15:42:51',NULL,'AHT'),(1819,'YN-17093','FAVORITA-TE','2013-04-07 00:00:00',1817,1808,NULL,'2016-02-16 15:42:51','2016-02-16 15:42:51',NULL,'AZF'),(1820,'PN-08444','FAVORITO','2009-12-13 00:00:00',1879,1795,NULL,'2016-02-16 15:42:51','2016-02-16 15:42:51',NULL,'CEC'),(1821,'PN-10221','FESTEJO','2013-09-24 00:00:00',1702,1642,NULL,'2016-02-16 15:42:51','2016-02-16 15:42:51',NULL,'OAMS'),(1822,NULL,'FIESTAS PATRIAS',NULL,NULL,NULL,'female','2016-02-16 15:42:51','2016-02-16 15:42:51',NULL,'JAF'),(1823,'YN-17926','FILARMONIA','2014-06-02 00:00:00',1755,2021,NULL,'2016-02-16 15:42:51','2016-02-16 15:42:51',NULL,'JOR'),(1824,NULL,'FILIGRANA',NULL,NULL,NULL,'female','2016-02-16 15:42:51','2016-02-16 15:42:51',NULL,'JOR'),(1825,NULL,'FINA ESTAMPA',NULL,NULL,NULL,'male','2016-02-16 15:42:51','2016-02-16 15:42:51',NULL,'MLL'),(1826,NULL,'FINURA',NULL,NULL,NULL,'female','2016-02-16 15:42:51','2016-02-16 15:42:51',NULL,'AZ'),(1827,NULL,'FINURA DE MALA',NULL,NULL,NULL,'female','2016-02-16 15:42:51','2016-02-16 15:42:51',NULL,'ALM'),(1828,'YN-15464','FIRMEZA-TE','2009-12-23 00:00:00',1826,2025,NULL,'2016-02-16 15:42:51','2016-02-16 15:42:51',NULL,'AZ'),(1829,'PN-09100','FISCAL-TE','2011-01-28 00:00:00',1882,1815,NULL,'2016-02-16 15:42:51','2016-02-16 15:42:51',NULL,'JM'),(1830,NULL,'FLOR DE AZPITIA',NULL,NULL,NULL,'female','2016-02-16 15:42:51','2016-02-16 15:42:51',NULL,'JVDZ'),(1831,NULL,'FLOR SALVAJE',NULL,NULL,NULL,'female','2016-02-16 15:42:51','2016-02-16 15:42:51',NULL,'LV'),(1832,'YN-17927','FRAGANCIA-TE','2014-04-17 00:00:00',1805,1790,NULL,'2016-02-16 15:42:51','2016-02-16 15:42:51',NULL,'JOR'),(1833,'YN-16195','FRONTERA-TE','2012-04-14 00:00:00',1729,1620,NULL,'2016-02-16 15:42:51','2016-02-16 15:42:51',NULL,'FyEP'),(1834,'YN-13704','GALA','2007-10-11 00:00:00',1838,1782,NULL,'2016-02-16 15:42:51','2016-02-16 15:42:51',NULL,'RHM'),(1835,NULL,'GALERA',NULL,NULL,NULL,'female','2016-02-16 15:42:51','2016-02-16 15:42:51',NULL,'GMC'),(1836,NULL,'GALLEGA',NULL,NULL,NULL,'female','2016-02-16 15:42:51','2016-02-16 15:42:51',NULL,'JRM'),(1837,'YN-16357','GALLEGA - TE','2012-05-05 00:00:00',1836,1661,NULL,'2016-02-16 15:42:51','2016-02-16 15:42:51',NULL,'AZF'),(1838,NULL,'GARUA',NULL,NULL,NULL,'female','2016-02-16 15:42:51','2016-02-16 15:42:51',NULL,'RHM'),(1839,'CN-02540','GENERALIFE','2010-10-11 00:00:00',2009,1620,NULL,'2016-02-16 15:42:51','2016-02-16 15:42:51',NULL,'JOR'),(1840,'YN-13951','GENEROSA','2008-09-10 00:00:00',1847,1905,'female','2016-02-16 15:42:51','2016-02-16 15:42:51',NULL,'JR'),(1841,'PN-09511','GENTIL','2012-03-11 00:00:00',1840,1743,NULL,'2016-02-16 15:42:51','2016-02-16 15:42:51',NULL,'JR'),(1842,'YN-17696','GENUINA','2014-01-02 00:00:00',1840,1792,NULL,'2016-02-16 15:42:51','2016-02-16 15:42:51',NULL,'JR'),(1843,NULL,'GITANILLA',NULL,NULL,NULL,'female','2016-02-16 15:42:51','2016-02-16 15:42:51',NULL,'MRA'),(1844,NULL,'GRACIOSA',NULL,NULL,NULL,'female','2016-02-16 15:42:51','2016-02-16 15:42:51',NULL,'JZ'),(1845,NULL,'GRAN SE?OR',NULL,NULL,NULL,'male','2016-02-16 15:42:51','2016-02-16 15:42:51',NULL,'JLR'),(1846,'YN-17261','GRANADA II-TE','2013-01-31 00:00:00',1724,1787,NULL,'2016-02-16 15:42:51','2016-02-16 15:42:51',NULL,'MSCRL'),(1847,NULL,'GRANADILLA',NULL,NULL,NULL,'female','2016-02-16 15:42:51','2016-02-16 15:42:51',NULL,'MSCRL'),(1848,'PN-10557','GRANDIOSO','2013-10-03 00:00:00',1957,1752,NULL,'2016-02-16 15:42:51','2016-02-16 15:42:51',NULL,'GBC'),(1849,'YN-14566','HEREDERA','2009-09-01 00:00:00',1886,1808,NULL,'2016-02-16 15:42:51','2016-02-16 15:42:51',NULL,'JRM'),(1850,'PN-09199','HEREDERO','2011-09-14 00:00:00',1976,2089,NULL,'2016-02-16 15:42:51','2016-02-16 15:42:51',NULL,'NVG'),(1851,NULL,'HERENCIA',NULL,NULL,NULL,'female','2016-02-16 15:42:51','2016-02-16 15:42:51',NULL,'JJP'),(1852,NULL,'HORUS',NULL,NULL,NULL,'male','2016-02-16 15:42:51','2016-02-16 15:42:51',NULL,'CFF'),(1853,NULL,'IBERICA',NULL,NULL,NULL,'female','2016-02-16 15:42:51','2016-02-16 15:42:51',NULL,'VGB'),(1854,NULL,'IBIZA',NULL,NULL,NULL,'female','2016-02-16 15:42:51','2016-02-16 15:42:51',NULL,'AZF'),(1855,NULL,'IDOLO',NULL,NULL,NULL,'male','2016-02-16 15:42:51','2016-02-16 15:42:51',NULL,'ERM'),(1856,NULL,'II CALAMBUCO',NULL,NULL,NULL,NULL,'2016-02-16 15:42:51','2016-02-16 15:42:51',NULL,''),(1857,'CN-02074','IMPACTO','2007-03-14 00:00:00',1853,2055,NULL,'2016-02-16 15:42:51','2016-02-16 15:42:51',NULL,'AZF'),(1858,'PN-10128','IMPACTO','2013-10-17 00:00:00',1865,1852,NULL,'2016-02-16 15:42:51','2016-02-16 15:42:51',NULL,'CFF'),(1859,'CN-02086','IMPACTO','2008-10-24 00:00:00',1877,2055,NULL,'2016-02-16 15:42:51','2016-02-16 15:42:51',NULL,'JOR'),(1860,'YN-16157','INFANTA','2012-01-14 00:00:00',2014,1752,NULL,'2016-02-16 15:42:51','2016-02-16 15:42:51',NULL,'JCDCH'),(1861,NULL,'INSURGENTE',NULL,NULL,NULL,'male','2016-02-16 15:42:51','2016-02-16 15:42:51',NULL,'CYU'),(1862,NULL,'IRONIA',NULL,NULL,NULL,'female','2016-02-16 15:42:51','2016-02-16 15:42:51',NULL,'JZ'),(1863,NULL,'IRREVERENTE',NULL,NULL,NULL,'male','2016-02-16 15:42:51','2016-02-16 15:42:51',NULL,'JEB'),(1864,NULL,'ISABELLA',NULL,NULL,NULL,'female','2016-02-16 15:42:51','2016-02-16 15:42:51',NULL,'FNC'),(1865,'YN-13788','ISIS','2007-04-12 00:00:00',2037,1866,'female','2016-02-16 15:42:51','2016-02-16 15:42:51',NULL,'SFL'),(1866,NULL,'JERARCA',NULL,NULL,NULL,'male','2016-02-16 15:42:51','2016-02-16 15:42:51',NULL,'AZ'),(1867,NULL,'JERARCA',NULL,NULL,NULL,'male','2016-02-16 15:42:51','2016-02-16 15:42:51',NULL,'ERPB'),(1868,'YN-16080','JERARQUIA','2011-12-16 00:00:00',1634,1867,NULL,'2016-02-16 15:42:51','2016-02-16 15:42:51',NULL,'ERPB'),(1869,NULL,'JEREZANA',NULL,NULL,NULL,'female','2016-02-16 15:42:51','2016-02-16 15:42:51',NULL,'LV'),(1870,NULL,'JEREZANO',NULL,NULL,NULL,'male','2016-02-16 15:42:51','2016-02-16 15:42:51',NULL,'LV'),(1871,'PN-08386','JOSELITO','2006-06-02 00:00:00',1973,2020,NULL,'2016-02-16 15:42:51','2016-02-16 15:42:51',NULL,'JMLL'),(1872,'CN-02507','JUPITER','2008-07-03 00:00:00',2016,1782,NULL,'2016-02-16 15:42:51','2016-02-16 15:42:51',NULL,'GCLP'),(1873,'YN-12463','JUSHAPE','2005-08-13 00:00:00',1649,2061,NULL,'2016-02-16 15:42:51','2016-02-16 15:42:51',NULL,'CCMV'),(1874,NULL,'JUSTICIA',NULL,NULL,NULL,'female','2016-02-16 15:42:51','2016-02-16 15:42:51',NULL,'JMLL'),(1875,NULL,'JUSTICIERO',NULL,NULL,NULL,'male','2016-02-16 15:42:51','2016-02-16 15:42:51',NULL,'ERM'),(1876,NULL,'KEOMA',NULL,NULL,NULL,'male','2016-02-16 15:42:51','2016-02-16 15:42:51',NULL,'VCB'),(1877,NULL,'LA DIVA',NULL,NULL,NULL,'female','2016-02-16 15:42:51','2016-02-16 15:42:51',NULL,'JOR'),(1878,NULL,'LA DO?A',NULL,NULL,NULL,'female','2016-02-16 15:42:51','2016-02-16 15:42:51',NULL,'JR'),(1879,NULL,'LA FAVORITA',NULL,NULL,NULL,'female','2016-02-16 15:42:51','2016-02-16 15:42:51',NULL,'PK'),(1880,'YN-16425','LA MOZA','2012-10-14 00:00:00',2045,1743,NULL,'2016-02-16 15:42:51','2016-02-16 15:42:51',NULL,'MSCRL'),(1881,'YN-14286','LA PAYASA','2006-10-06 00:00:00',1672,1795,NULL,'2016-02-16 15:42:51','2016-02-16 15:42:51',NULL,'JTA'),(1882,NULL,'LA SO?ADA',NULL,NULL,NULL,'female','2016-02-16 15:42:51','2016-02-16 15:42:51',NULL,'JM'),(1883,NULL,'LA VERBENA',NULL,NULL,NULL,'female','2016-02-16 15:42:51','2016-02-16 15:42:51',NULL,'FC'),(1884,NULL,'LABRADOR',NULL,NULL,NULL,'male','2016-02-16 15:42:51','2016-02-16 15:42:51',NULL,'JRM'),(1885,'PN-10444','LABRIEGO','2013-05-09 00:00:00',1923,1884,NULL,'2016-02-16 15:42:51','2016-02-16 15:42:51',NULL,'GAN'),(1886,NULL,'LAGRIMA',NULL,NULL,NULL,'female','2016-02-16 15:42:51','2016-02-16 15:42:51',NULL,'JRM'),(1887,'PN-09769','LE?ADOR','2012-05-05 00:00:00',2067,1884,NULL,'2016-02-16 15:42:51','2016-02-16 15:42:51',NULL,'GAN'),(1888,'YN-13935','LETICIA','2008-07-01 00:00:00',1748,1855,NULL,'2016-02-16 15:42:51','2016-02-16 15:42:51',NULL,'MLM'),(1889,NULL,'LIA',NULL,NULL,NULL,'female','2016-02-16 15:42:51','2016-02-16 15:42:51',NULL,'HHP'),(1890,NULL,'LIBERA',NULL,NULL,NULL,'female','2016-02-16 15:42:51','2016-02-16 15:42:51',NULL,'JRM'),(1891,NULL,'LIME?A',NULL,NULL,NULL,'female','2016-02-16 15:42:51','2016-02-16 15:42:51',NULL,'AHT'),(1892,'YN-15373','LIRICA','2010-09-01 00:00:00',1890,1790,NULL,'2016-02-16 15:42:51','2016-02-16 15:42:51',NULL,'JRM'),(1893,NULL,'LLUVIA',NULL,NULL,NULL,'female','2016-02-16 15:42:51','2016-02-16 15:42:51',NULL,'LSR'),(1894,'YN-14081','LUCERO','2008-02-26 00:00:00',1810,1752,NULL,'2016-02-16 15:42:51','2016-02-16 15:42:51',NULL,'AHT'),(1895,'CN-02330','LUCHADOR','2010-07-03 00:00:00',1989,1794,NULL,'2016-02-16 15:42:51','2016-02-16 15:42:51',NULL,'RBC'),(1896,NULL,'LUCUMA',NULL,NULL,NULL,'female','2016-02-16 15:42:51','2016-02-16 15:42:51',NULL,'VCB'),(1897,NULL,'LUCUMO',NULL,NULL,NULL,'male','2016-02-16 15:42:51','2016-02-16 15:42:51',NULL,'MSCRL'),(1898,NULL,'LUJURIA',NULL,NULL,NULL,'female','2016-02-16 15:42:51','2016-02-16 15:42:51',NULL,'JRM'),(1899,NULL,'LUNA DE MIEL',NULL,NULL,NULL,'female','2016-02-16 15:42:51','2016-02-16 15:42:51',NULL,'FOX'),(1900,'YN-16314','LUNA NUEVA-TE','2012-11-11 00:00:00',2046,1884,NULL,'2016-02-16 15:42:51','2016-02-16 15:42:51',NULL,'MSCRL'),(1901,NULL,'LUNAREJO',NULL,NULL,NULL,'male','2016-02-16 15:42:51','2016-02-16 15:42:51',NULL,'ERM'),(1902,NULL,'LUZ DE ORO',NULL,NULL,NULL,'female','2016-02-16 15:42:51','2016-02-16 15:42:51',NULL,'CFF'),(1903,NULL,'MACARENO',NULL,NULL,NULL,'male','2016-02-16 15:42:51','2016-02-16 15:42:51',NULL,'LV'),(1904,'YN-14172','MAGISTRADA','2006-09-20 00:00:00',1703,1905,NULL,'2016-02-16 15:42:51','2016-02-16 15:42:51',NULL,'SRT'),(1905,NULL,'MAGISTRADO',NULL,NULL,NULL,'male','2016-02-16 15:42:51','2016-02-16 15:42:51',NULL,'MSCRL'),(1906,NULL,'MAGISTRAL',NULL,NULL,NULL,'male','2016-02-16 15:42:51','2016-02-16 15:42:51',NULL,'LV'),(1907,NULL,'MAJADERA',NULL,NULL,NULL,'female','2016-02-16 15:42:51','2016-02-16 15:42:51',NULL,'BRR'),(1908,NULL,'MAJADERA',NULL,NULL,NULL,'female','2016-02-16 15:42:51','2016-02-16 15:42:51',NULL,'JRM'),(1909,NULL,'MAJESTUOSA',NULL,NULL,NULL,'female','2016-02-16 15:42:51','2016-02-16 15:42:51',NULL,'JR'),(1910,'CN-02347','MAJESTUOSO','2006-04-30 00:00:00',1909,2022,NULL,'2016-02-16 15:42:51','2016-02-16 15:42:51',NULL,'FESA'),(1911,'CN-01915','MALABRIGO','2008-08-31 00:00:00',2076,1773,NULL,'2016-02-16 15:42:51','2016-02-16 15:42:51',NULL,'MRA'),(1912,NULL,'MALAGA',NULL,NULL,NULL,'female','2016-02-16 15:42:51','2016-02-16 15:42:51',NULL,'MRA'),(1913,NULL,'MALAGUE?A',NULL,NULL,NULL,'female','2016-02-16 15:42:51','2016-02-16 15:42:51',NULL,'JCL'),(1914,'CN-02198','MALAMBO','2010-01-21 00:00:00',2073,1782,NULL,'2016-02-16 15:42:51','2016-02-16 15:42:51',NULL,'MRA'),(1915,NULL,'MALAYA',NULL,NULL,NULL,'female','2016-02-16 15:42:51','2016-02-16 15:42:51',NULL,'MRA'),(1916,NULL,'MALVAVISCO',NULL,NULL,NULL,'male','2016-02-16 15:42:51','2016-02-16 15:42:51',NULL,'AV'),(1917,NULL,'MANDAMAS',NULL,NULL,NULL,'male','2016-02-16 15:42:51','2016-02-16 15:42:51',NULL,'LV'),(1918,'PN-10491','MANDARIN','2013-10-02 00:00:00',1915,1863,NULL,'2016-02-16 15:42:51','2016-02-16 15:42:51',NULL,'MRA'),(1919,NULL,'MANDATARIO',NULL,NULL,NULL,'male','2016-02-16 15:42:51','2016-02-16 15:42:51',NULL,'FC'),(1920,'YN-13119','MANDOLINA','2006-11-25 00:00:00',1999,1787,'female','2016-02-16 15:42:51','2016-02-16 15:42:51',NULL,'JRM'),(1921,NULL,'MARCIAL',NULL,NULL,NULL,'male','2016-02-16 15:42:51','2016-02-16 15:42:51',NULL,'JMLL'),(1922,NULL,'MARIA CAMPERA',NULL,NULL,NULL,'female','2016-02-16 15:42:51','2016-02-16 15:42:51',NULL,'AHT'),(1923,NULL,'MARIA FIESTA',NULL,NULL,NULL,'female','2016-02-16 15:42:51','2016-02-16 15:42:51',NULL,'GAN'),(1924,NULL,'MARIA MILAGROS',NULL,NULL,NULL,'female','2016-02-16 15:42:51','2016-02-16 15:42:51',NULL,'JFRN'),(1925,NULL,'MARIONETA',NULL,NULL,NULL,'female','2016-02-16 15:42:51','2016-02-16 15:42:51',NULL,'JRM'),(1926,NULL,'MARROQUI',NULL,NULL,NULL,'male','2016-02-16 15:42:51','2016-02-16 15:42:51',NULL,'SM'),(1927,'YN-16471','MATILDE','2011-01-02 00:00:00',1636,1795,NULL,'2016-02-16 15:42:51','2016-02-16 15:42:51',NULL,'JTA'),(1928,'YN-16199','MAYA','2010-07-29 00:00:00',1889,1984,NULL,'2016-02-16 15:42:51','2016-02-16 15:42:51',NULL,'VHHP'),(1929,'YN-12518','MELODISTA','2004-09-27 00:00:00',1735,2020,NULL,'2016-02-16 15:42:51','2016-02-16 15:42:51',NULL,'JMLL'),(1930,NULL,'MENSAJERA',NULL,NULL,NULL,'female','2016-02-16 15:42:51','2016-02-16 15:42:51',NULL,'JLK'),(1931,'YN-16350','MI CHINA-TE','2012-10-12 00:00:00',1934,1743,NULL,'2016-02-16 15:42:51','2016-02-16 15:42:51',NULL,'JR'),(1932,'CN-02050','MI NEGRITO','2006-11-27 00:00:00',1896,1786,NULL,'2016-02-16 15:42:51','2016-02-16 15:42:51',NULL,'VCB'),(1933,'YN-14207','MICAELA','2007-10-16 00:00:00',1935,1984,NULL,'2016-02-16 15:42:51','2016-02-16 15:42:51',NULL,'AZ'),(1934,NULL,'MICHINA',NULL,NULL,NULL,'female','2016-02-16 15:42:51','2016-02-16 15:42:51',NULL,'JRM'),(1935,NULL,'MILENARIA',NULL,NULL,NULL,'female','2016-02-16 15:42:51','2016-02-16 15:42:51',NULL,'AZ'),(1936,'YN-16815','MILENARIA','2012-07-27 00:00:00',1722,1863,NULL,'2016-02-16 15:42:51','2016-02-16 15:42:51',NULL,'KRA'),(1937,'YN-17334','MILENARIA','2013-10-29 00:00:00',1920,1792,NULL,'2016-02-16 15:42:51','2016-02-16 15:42:51',NULL,'RFM'),(1938,NULL,'MILONGA',NULL,NULL,NULL,'female','2016-02-16 15:42:51','2016-02-16 15:42:51',NULL,'LAG'),(1939,NULL,'MINERVA',NULL,NULL,NULL,'female','2016-02-16 15:42:51','2016-02-16 15:42:51',NULL,'CN'),(1940,'YN-17010','MIRA-TE','2013-08-10 00:00:00',1925,1743,NULL,'2016-02-16 15:42:51','2016-02-16 15:42:51',NULL,'JR'),(1941,'CN-02396','MISTERIOSO','2010-02-05 00:00:00',2085,1917,NULL,'2016-02-16 15:42:51','2016-02-16 15:42:51',NULL,'JBL'),(1942,NULL,'MOCITA DEL SUR',NULL,NULL,NULL,'female','2016-02-16 15:42:51','2016-02-16 15:42:51',NULL,'JCDCH'),(1943,NULL,'MONTERO',NULL,NULL,NULL,'male','2016-02-16 15:42:51','2016-02-16 15:42:51',NULL,'EG'),(1944,'CN-02476','MOVADO','2009-11-27 00:00:00',1720,2027,NULL,'2016-02-16 15:42:51','2016-02-16 15:42:51',NULL,'MLM'),(1945,NULL,'MOZA MALA',NULL,NULL,NULL,'female','2016-02-16 15:42:51','2016-02-16 15:42:51',NULL,'MRA'),(1946,NULL,'MULATO',NULL,NULL,NULL,NULL,'2016-02-16 15:42:51','2016-02-16 15:42:51',NULL,''),(1947,'YN-16917','NAVARRA II-TE','2012-01-27 00:00:00',2092,1977,NULL,'2016-02-16 15:42:51','2016-02-16 15:42:51',NULL,'JZ'),(1948,'YN-15196','NI?A BELLA-TE','2010-12-19 00:00:00',2014,1718,NULL,'2016-02-16 15:42:51','2016-02-16 15:42:51',NULL,'JCDCH'),(1949,NULL,'NOBLE REY',NULL,NULL,NULL,'male','2016-02-16 15:42:51','2016-02-16 15:42:51',NULL,'JVDZ'),(1950,NULL,'NOCHE LINDA',NULL,NULL,NULL,'female','2016-02-16 15:42:51','2016-02-16 15:42:51',NULL,'AEV'),(1951,'YN-15060','NOVA','2009-09-21 00:00:00',1938,1954,NULL,'2016-02-16 15:42:51','2016-02-16 15:42:51',NULL,'LAG'),(1952,NULL,'NUEVA ESPERANZA',NULL,NULL,NULL,'female','2016-02-16 15:42:51','2016-02-16 15:42:51',NULL,'AEV'),(1953,'YN-17543','NUEVA PROMESA-TE','2013-08-26 00:00:00',1952,1884,NULL,'2016-02-16 15:42:51','2016-02-16 15:42:51',NULL,'JAGT'),(1954,NULL,'NUEVO REY',NULL,NULL,NULL,'male','2016-02-16 15:42:51','2016-02-16 15:42:51',NULL,'AEV'),(1955,'CN-02343','ODISEO-TE','2011-03-19 00:00:00',1637,1752,NULL,'2016-02-16 15:42:51','2016-02-16 15:42:51',NULL,'MSCRL'),(1956,'PN-07943','OLIVO','2007-12-07 00:00:00',1864,1655,NULL,'2016-02-16 15:42:51','2016-02-16 15:42:51',NULL,'FNC'),(1957,NULL,'OSADIA',NULL,NULL,NULL,'female','2016-02-16 15:42:51','2016-02-16 15:42:51',NULL,'JMLL'),(1958,NULL,'PALANGANA',NULL,NULL,NULL,'female','2016-02-16 15:42:51','2016-02-16 15:42:51',NULL,'CBB'),(1959,'PN-09535','PALANGANO','2012-07-26 00:00:00',1958,1897,NULL,'2016-02-16 15:42:51','2016-02-16 15:42:51',NULL,'MSCRL'),(1960,'CN-01728','PALOMO','2005-11-11 00:00:00',2093,2026,NULL,'2016-02-16 15:42:51','2016-02-16 15:42:51',NULL,'JD'),(1961,NULL,'PANDORA',NULL,NULL,NULL,'female','2016-02-16 15:42:51','2016-02-16 15:42:51',NULL,'JRM'),(1962,'YN-13994','PARACAS','2007-08-14 00:00:00',1738,1752,NULL,'2016-02-16 15:42:51','2016-02-16 15:42:51',NULL,'MRA'),(1963,'CN-01971','PATRIARCA','2005-05-10 00:00:00',1623,1870,'male','2016-02-16 15:42:51','2016-02-16 15:42:51',NULL,'CVD'),(1964,NULL,'PAYANDE',NULL,NULL,NULL,'male','2016-02-16 15:42:51','2016-02-16 15:42:51',NULL,'FTV'),(1965,NULL,'PECANA',NULL,NULL,NULL,'female','2016-02-16 15:42:51','2016-02-16 15:42:51',NULL,'FyEP'),(1966,NULL,'PEPITA DEL SUR',NULL,NULL,NULL,'female','2016-02-16 15:42:51','2016-02-16 15:42:51',NULL,'JCDCH'),(1967,'PN-10556','PEREGRINO','2012-01-15 00:00:00',1657,1825,NULL,'2016-02-16 15:42:51','2016-02-16 15:42:51',NULL,'GBC'),(1968,NULL,'PERFUME',NULL,NULL,NULL,'female','2016-02-16 15:42:51','2016-02-16 15:42:51',NULL,'JyEP'),(1969,NULL,'PERFUME',NULL,NULL,NULL,'female','2016-02-16 15:42:51','2016-02-16 15:42:51',NULL,'OV'),(1970,NULL,'PERFUME DE',NULL,NULL,NULL,'female','2016-02-16 15:42:51','2016-02-16 15:42:51',NULL,'ABM'),(1971,NULL,'PERICLES',NULL,NULL,NULL,'male','2016-02-16 15:42:51','2016-02-16 15:42:51',NULL,'AEV'),(1972,'YN-15367','PERLA','2010-12-03 00:00:00',1975,1977,NULL,'2016-02-16 15:42:51','2016-02-16 15:42:51',NULL,'JR'),(1973,NULL,'PERLA II',NULL,NULL,NULL,'female','2016-02-16 15:42:51','2016-02-16 15:42:51',NULL,'HNS'),(1974,NULL,'PERRICHOLI',NULL,NULL,NULL,'female','2016-02-16 15:42:51','2016-02-16 15:42:51',NULL,'CFF'),(1975,NULL,'PERUANISIMA',NULL,NULL,NULL,'female','2016-02-16 15:42:51','2016-02-16 15:42:51',NULL,'JRM'),(1976,NULL,'PIEDRA ROMI',NULL,NULL,NULL,'female','2016-02-16 15:42:51','2016-02-16 15:42:51',NULL,'NVG'),(1977,NULL,'PINCEL',NULL,NULL,NULL,'male','2016-02-16 15:42:51','2016-02-16 15:42:51',NULL,'JRM'),(1978,NULL,'PINCELADA',NULL,NULL,NULL,'female','2016-02-16 15:42:51','2016-02-16 15:42:51',NULL,'LV'),(1979,'CN-01315','PINTADO','2001-07-02 00:00:00',1968,2004,NULL,'2016-02-16 15:42:51','2016-02-16 15:42:51',NULL,'JyEP'),(1980,'PN-08916','PINTON','2010-10-04 00:00:00',1983,1808,NULL,'2016-02-16 15:42:51','2016-02-16 15:42:51',NULL,'JRM'),(1981,'YN-15368','PINTURA','2010-10-17 00:00:00',1878,1977,NULL,'2016-02-16 15:42:51','2016-02-16 15:42:51',NULL,'JR'),(1982,NULL,'PINTURERO',NULL,NULL,NULL,'male','2016-02-16 15:42:51','2016-02-16 15:42:51',NULL,'AV'),(1983,NULL,'PIZPIRETA',NULL,NULL,NULL,'female','2016-02-16 15:42:51','2016-02-16 15:42:51',NULL,'JRM'),(1984,NULL,'POTRILLAZO',NULL,NULL,NULL,'male','2016-02-16 15:42:51','2016-02-16 15:42:51',NULL,'PK'),(1985,'PN-05871','PREAMBULO','2002-07-02 00:00:00',1645,1997,'male','2016-02-16 15:42:51','2016-02-16 15:42:51',NULL,'JD'),(1986,'YN-17439','PRECIOSA','2013-07-23 00:00:00',1987,1743,NULL,'2016-02-16 15:42:51','2016-02-16 15:42:51',NULL,'ERPB'),(1987,NULL,'PRECIOSURA',NULL,NULL,NULL,'female','2016-02-16 15:42:51','2016-02-16 15:42:51',NULL,'JRM'),(1988,'PN-10059','PREFERENTE','2013-02-17 00:00:00',1966,1863,NULL,'2016-02-16 15:42:51','2016-02-16 15:42:51',NULL,'JCDCH'),(1989,NULL,'PREFERIDA',NULL,NULL,NULL,'female','2016-02-16 15:42:51','2016-02-16 15:42:51',NULL,'RBC'),(1990,'YN-15699','PREMISA','2011-04-20 00:00:00',1966,1985,NULL,'2016-02-16 15:42:51','2016-02-16 15:42:51',NULL,'JCDCH'),(1991,NULL,'PRESTIGIO',NULL,NULL,NULL,'male','2016-02-16 15:42:51','2016-02-16 15:42:51',NULL,'*JAI'),(1992,'YN-13719','PRESUMIDA','2007-09-22 00:00:00',1640,1919,NULL,'2016-02-16 15:42:51','2016-02-16 15:42:51',NULL,'FC'),(1993,NULL,'PRESUMIDA',NULL,NULL,NULL,'female','2016-02-16 15:42:51','2016-02-16 15:42:51',NULL,'PYR'),(1994,'YN-14182','PRETENCIOSA','2007-06-09 00:00:00',2060,2012,NULL,'2016-02-16 15:42:51','2016-02-16 15:42:51',NULL,'BSP'),(1995,'YN-17203','PRETENCIOSA','2013-02-12 00:00:00',1996,1808,NULL,'2016-02-16 15:42:51','2016-02-16 15:42:51',NULL,'ERPB'),(1996,NULL,'PRETENCIOSA',NULL,NULL,NULL,'female','2016-02-16 15:42:51','2016-02-16 15:42:51',NULL,'LBL'),(1997,NULL,'PRETENDIDO',NULL,NULL,NULL,'male','2016-02-16 15:42:51','2016-02-16 15:42:51',NULL,'JD'),(1998,'PN-08635','PRETENDIENTE','2009-11-17 00:00:00',2001,1811,NULL,'2016-02-16 15:42:51','2016-02-16 15:42:51',NULL,'NVF'),(1999,NULL,'PRETORIANA',NULL,NULL,NULL,'female','2016-02-16 15:42:51','2016-02-16 15:42:51',NULL,'JRM'),(2000,NULL,'PRIMACIA',NULL,NULL,NULL,'female','2016-02-16 15:42:51','2016-02-16 15:42:51',NULL,'ERPB'),(2001,NULL,'PRIMOGENITA',NULL,NULL,NULL,'female','2016-02-16 15:42:51','2016-02-16 15:42:51',NULL,'NVF'),(2002,'CN-02402','PRIMOGENITO','2010-12-17 00:00:00',2000,1718,NULL,'2016-02-16 15:42:51','2016-02-16 15:42:51',NULL,'ERPB'),(2003,NULL,'PRIMOROSO',NULL,NULL,NULL,'male','2016-02-16 15:42:51','2016-02-16 15:42:51',NULL,'PK'),(2004,NULL,'PRIVILEGIO',NULL,NULL,NULL,'male','2016-02-16 15:42:51','2016-02-16 15:42:51',NULL,'JyEP'),(2005,NULL,'PROCURADORA',NULL,NULL,NULL,'female','2016-02-16 15:42:51','2016-02-16 15:42:51',NULL,'AZ'),(2006,'YN-17455','PROCURADORA I','2011-11-15 00:00:00',2005,1620,NULL,'2016-02-16 15:42:51','2016-02-16 15:42:51',NULL,'AZ'),(2007,'YN-13005','PROLIJA','2006-04-19 00:00:00',1729,1752,NULL,'2016-02-16 15:42:51','2016-02-16 15:42:51',NULL,'FyEP'),(2008,'YN-16081','PROMESA','2011-10-01 00:00:00',2010,2024,NULL,'2016-02-16 15:42:51','2016-02-16 15:42:51',NULL,'ERPB'),(2009,NULL,'PROMESA',NULL,NULL,NULL,'female','2016-02-16 15:42:51','2016-02-16 15:42:51',NULL,'JOR'),(2010,NULL,'PROMESA',NULL,NULL,NULL,'female','2016-02-16 15:42:51','2016-02-16 15:42:51',NULL,'JR'),(2011,'YN-16881','PROMETIDA I','2012-10-13 00:00:00',2010,1743,NULL,'2016-02-16 15:42:51','2016-02-16 15:42:51',NULL,'ERPB'),(2012,NULL,'PROMETIDO',NULL,NULL,NULL,'male','2016-02-16 15:42:51','2016-02-16 15:42:51',NULL,'BSP'),(2013,NULL,'RAJADIABLOS',NULL,NULL,NULL,'male','2016-02-16 15:42:51','2016-02-16 15:42:51',NULL,'AHT'),(2014,NULL,'REALEZA',NULL,NULL,NULL,'female','2016-02-16 15:42:51','2016-02-16 15:42:51',NULL,'AZ'),(2015,'YN-14700','RECUPERADA','2009-12-13 00:00:00',1899,1795,NULL,'2016-02-16 15:42:51','2016-02-16 15:42:51',NULL,'CEC'),(2016,NULL,'RECUPERADA',NULL,NULL,NULL,'female','2016-02-16 15:42:51','2016-02-16 15:42:51',NULL,'GCLP'),(2017,'PN-08806','REFLEJO','2007-10-16 00:00:00',1930,2023,NULL,'2016-02-16 15:42:51','2016-02-16 15:42:51',NULL,'JLK'),(2018,NULL,'REHEN',NULL,NULL,NULL,'male','2016-02-16 15:42:51','2016-02-16 15:42:51',NULL,'CMV'),(2019,NULL,'RELIQUIA',NULL,NULL,NULL,'female','2016-02-16 15:42:51','2016-02-16 15:42:51',NULL,'GCD'),(2020,NULL,'RESPLANDOR',NULL,NULL,NULL,'male','2016-02-16 15:42:51','2016-02-16 15:42:51',NULL,'JRM'),(2021,NULL,'RETADOR',NULL,NULL,NULL,'male','2016-02-16 15:42:51','2016-02-16 15:42:51',NULL,'JOR'),(2022,NULL,'RETORNO',NULL,NULL,NULL,'male','2016-02-16 15:42:51','2016-02-16 15:42:51',NULL,'JRM'),(2023,NULL,'RETRATO',NULL,NULL,NULL,'male','2016-02-16 15:42:51','2016-02-16 15:42:51',NULL,'LV'),(2024,NULL,'REVOLUCIONARIO',NULL,NULL,NULL,'male','2016-02-16 15:42:51','2016-02-16 15:42:51',NULL,'ERM'),(2025,NULL,'REVUELO',NULL,NULL,NULL,'male','2016-02-16 15:42:51','2016-02-16 15:42:51',NULL,'AZ'),(2026,NULL,'REY SOL',NULL,NULL,NULL,'male','2016-02-16 15:42:51','2016-02-16 15:42:51',NULL,'ERB'),(2027,NULL,'ROLEX',NULL,NULL,NULL,'male','2016-02-16 15:42:51','2016-02-16 15:42:51',NULL,'ERM'),(2028,NULL,'ROMA',NULL,NULL,NULL,'female','2016-02-16 15:42:51','2016-02-16 15:42:51',NULL,'ERM'),(2029,'PN-10500','ROMANO','2009-04-14 00:00:00',1626,1782,NULL,'2016-02-16 15:42:51','2016-02-16 15:42:51',NULL,'ABB'),(2030,NULL,'RONDA',NULL,NULL,NULL,'female','2016-02-16 15:42:51','2016-02-16 15:42:51',NULL,'ERPB'),(2031,NULL,'ROSA DEL PERU',NULL,NULL,NULL,'female','2016-02-16 15:42:51','2016-02-16 15:42:51',NULL,'AEV'),(2032,'YN-16174','ROSA LUZ','2011-10-14 00:00:00',1902,1752,NULL,'2016-02-16 15:42:51','2016-02-16 15:42:51',NULL,'CFF'),(2033,NULL,'SAETA',NULL,NULL,NULL,'female','2016-02-16 15:42:51','2016-02-16 15:42:51',NULL,'AV'),(2034,NULL,'SALAMANCA',NULL,NULL,NULL,'female','2016-02-16 15:42:51','2016-02-16 15:42:51',NULL,'JZ'),(2035,'CN-02328','SALVADOR','2010-02-17 00:00:00',1622,1991,NULL,'2016-02-16 15:42:51','2016-02-16 15:42:51',NULL,'ACZ'),(2036,NULL,'SAN GRACIANO',NULL,NULL,NULL,'male','2016-02-16 15:42:51','2016-02-16 15:42:51',NULL,'ABB'),(2037,NULL,'SANANDA',NULL,NULL,NULL,'female','2016-02-16 15:42:51','2016-02-16 15:42:51',NULL,'CFF'),(2038,NULL,'SANTA BARBARA',NULL,NULL,NULL,'female','2016-02-16 15:42:51','2016-02-16 15:42:51',NULL,'RCCL'),(2039,'YN-11835','SANTA INES','2004-09-11 00:00:00',2040,1905,NULL,'2016-02-16 15:42:51','2016-02-16 15:42:51',NULL,'JFRN'),(2040,NULL,'SANTA PATRICIA',NULL,NULL,NULL,'female','2016-02-16 15:42:51','2016-02-16 15:42:51',NULL,'FNC'),(2041,'YN-14089','SARASARA','2008-10-27 00:00:00',2034,1808,NULL,'2016-02-16 15:42:51','2016-02-16 15:42:51',NULL,'JZ'),(2042,NULL,'SARRACENO',NULL,NULL,NULL,'male','2016-02-16 15:42:51','2016-02-16 15:42:51',NULL,'AHT'),(2043,'CN-02210','SATURNO','2007-02-17 00:00:00',1624,2020,NULL,'2016-02-16 15:42:51','2016-02-16 15:42:51',NULL,'JMLL'),(2044,'PN-07898','SE?OR DE SE?ORES','2007-08-04 00:00:00',1756,1845,NULL,'2016-02-16 15:42:51','2016-02-16 15:42:51',NULL,'JOR'),(2045,NULL,'SE?ORITA CAYALTI',NULL,NULL,NULL,'female','2016-02-16 15:42:51','2016-02-16 15:42:51',NULL,'MSCRL'),(2046,NULL,'SE?ORITA PERU',NULL,NULL,NULL,'female','2016-02-16 15:42:51','2016-02-16 15:42:51',NULL,'AECH'),(2047,'CN-02394','SEDUCTOR','2008-01-03 00:00:00',2019,1811,NULL,'2016-02-16 15:42:51','2016-02-16 15:42:51',NULL,'JMLL'),(2048,'PN-08725','SENADOR','2010-10-01 00:00:00',1877,1620,NULL,'2016-02-16 15:42:51','2016-02-16 15:42:51',NULL,'JOR'),(2049,'YN-12175','SIVANA','2005-11-27 00:00:00',1882,2018,'female','2016-02-16 15:42:51','2016-02-16 15:42:51',NULL,'JM'),(2050,NULL,'SOBERANA',NULL,NULL,NULL,'female','2016-02-16 15:42:51','2016-02-16 15:42:51',NULL,'RVB'),(2051,NULL,'SOBERANA I',NULL,NULL,NULL,'female','2016-02-16 15:42:51','2016-02-16 15:42:51',NULL,'AV'),(2052,'YN-14936','SOBERBIA','2007-06-14 00:00:00',1973,2020,NULL,'2016-02-16 15:42:51','2016-02-16 15:42:51',NULL,'JMLL'),(2053,'PN-10423','SOBERBIO','2013-09-08 00:00:00',1824,1787,NULL,'2016-02-16 15:42:51','2016-02-16 15:42:51',NULL,'JOR'),(2054,NULL,'SOCRATES',NULL,NULL,NULL,'male','2016-02-16 15:42:51','2016-02-16 15:42:51',NULL,'OSP'),(2055,NULL,'SOL BRILLANTE',NULL,NULL,NULL,'male','2016-02-16 15:42:51','2016-02-16 15:42:51',NULL,'LV'),(2056,NULL,'SOL DE PIURA',NULL,NULL,NULL,'male','2016-02-16 15:42:51','2016-02-16 15:42:51',NULL,'JJP'),(2057,'PN-07031','SOL DEL PERU','2006-01-17 00:00:00',1974,1917,NULL,'2016-02-16 15:42:51','2016-02-16 15:42:51',NULL,'JVDZ'),(2058,'CN-02483','SOLERO','2011-02-02 00:00:00',2067,1816,NULL,'2016-02-16 15:42:51','2016-02-16 15:42:51',NULL,'GAN'),(2059,'PN-05584','SOLIMAN','2002-02-05 00:00:00',1753,1696,NULL,'2016-02-16 15:42:51','2016-02-16 15:42:51',NULL,'RHG'),(2060,NULL,'SORPRESA',NULL,NULL,NULL,'female','2016-02-16 15:42:51','2016-02-16 15:42:51',NULL,'BSP'),(2061,NULL,'SOY DEL PERU',NULL,NULL,NULL,'male','2016-02-16 15:42:51','2016-02-16 15:42:51',NULL,'JR'),(2062,NULL,'SU MAJESTAD',NULL,NULL,NULL,'female','2016-02-16 15:42:51','2016-02-16 15:42:51',NULL,'FBB'),(2063,NULL,'SULLANERA',NULL,NULL,NULL,'female','2016-02-16 15:42:51','2016-02-16 15:42:51',NULL,'JVDZ'),(2064,'YN-16749','SULTANA','2010-01-09 00:00:00',1961,1808,NULL,'2016-02-16 15:42:51','2016-02-16 15:42:51',NULL,'JRM'),(2065,'PN-10807','SUMAQ','2012-01-19 00:00:00',1720,1790,NULL,'2016-02-16 15:42:51','2016-02-16 15:42:51',NULL,'FESA'),(2066,'CN-02446','SUPER','2008-03-12 00:00:00',1893,1674,NULL,'2016-02-16 15:42:51','2016-02-16 15:42:51',NULL,'LSR'),(2067,NULL,'SUSPIRO',NULL,NULL,NULL,'female','2016-02-16 15:42:51','2016-02-16 15:42:51',NULL,'BC'),(2068,'YN-09976','SUSURRO','2002-11-28 00:00:00',1970,1750,'female','2016-02-16 15:42:51','2016-02-16 15:42:51',NULL,'INP'),(2069,NULL,'TELEMACO',NULL,NULL,NULL,'male','2016-02-16 15:42:51','2016-02-16 15:42:51',NULL,'MSP'),(2070,'CN-01882','TENOR','2007-08-27 00:00:00',1805,2023,NULL,'2016-02-16 15:42:51','2016-02-16 15:42:51',NULL,'JOR'),(2071,'PN-09800','TIBETANO','2012-09-13 00:00:00',2049,1743,NULL,'2016-02-16 15:42:51','2016-02-16 15:42:51',NULL,'JM'),(2072,'YN-17580','TOMBOLA-TE','2013-03-17 00:00:00',1886,1884,NULL,'2016-02-16 15:42:51','2016-02-16 15:42:51',NULL,'R'),(2073,NULL,'TORMENTA',NULL,NULL,NULL,'female','2016-02-16 15:42:51','2016-02-16 15:42:51',NULL,'MRA'),(2074,NULL,'TRADICION',NULL,NULL,NULL,'male','2016-02-16 15:42:51','2016-02-16 15:42:51',NULL,'FBB'),(2075,NULL,'TRIBUNO',NULL,NULL,NULL,'male','2016-02-16 15:42:51','2016-02-16 15:42:51',NULL,'LAG'),(2076,NULL,'TRUJILLANA',NULL,NULL,NULL,'female','2016-02-16 15:42:51','2016-02-16 15:42:51',NULL,'CN'),(2077,'PN-09037','TULIPAN','2010-09-02 00:00:00',1791,1991,NULL,'2016-02-16 15:42:51','2016-02-16 15:42:51',NULL,'ACZ'),(2078,'YN-09770','UTOPIA','2000-10-30 00:00:00',1939,1777,NULL,'2016-02-16 15:42:51','2016-02-16 15:42:51',NULL,'CN'),(2079,NULL,'VALENTINO',NULL,NULL,NULL,'male','2016-02-16 15:42:51','2016-02-16 15:42:51',NULL,'LAG'),(2080,'CN-02349','VALEROSO','2010-01-09 00:00:00',1942,1795,NULL,'2016-02-16 15:42:51','2016-02-16 15:42:51',NULL,'JCDCH'),(2081,NULL,'VASCONGADA',NULL,NULL,NULL,'female','2016-02-16 15:42:51','2016-02-16 15:42:51',NULL,'MMC'),(2082,'YN-14338','VENECIANA','2009-01-10 00:00:00',2081,1926,NULL,'2016-02-16 15:42:51','2016-02-16 15:42:51',NULL,'MMC'),(2083,'CN-02564','VENGADOR','2009-09-28 00:00:00',1983,2024,NULL,'2016-02-16 15:42:51','2016-02-16 15:42:51',NULL,'JRM'),(2084,NULL,'VENTARRON',NULL,NULL,NULL,'male','2016-02-16 15:42:51','2016-02-16 15:42:51',NULL,'AZ'),(2085,NULL,'VENUS',NULL,NULL,NULL,'female','2016-02-16 15:42:51','2016-02-16 15:42:51',NULL,'CN'),(2086,'PN-10538','VERBENERO','2012-06-05 00:00:00',1883,1779,NULL,'2016-02-16 15:42:51','2016-02-16 15:42:51',NULL,'FC'),(2087,NULL,'VI?A',NULL,NULL,NULL,'female','2016-02-16 15:42:51','2016-02-16 15:42:51',NULL,'LMMP'),(2088,'YN-12225','VI?A HUARALINA','2004-09-24 00:00:00',2087,1681,NULL,'2016-02-16 15:42:51','2016-02-16 15:42:51',NULL,'BRR'),(2089,NULL,'VIAJERO',NULL,NULL,NULL,'male','2016-02-16 15:42:51','2016-02-16 15:42:51',NULL,'CEC'),(2090,'PN-09955','VICTORIOSO','2011-11-30 00:00:00',1993,2056,NULL,'2016-02-16 15:42:51','2016-02-16 15:42:51',NULL,'PYR'),(2091,'PN-10448','VICTORIOSO - TE','2014-01-01 00:00:00',1670,2075,NULL,'2016-02-16 15:42:51','2016-02-16 15:42:51',NULL,'JCDCH'),(2092,NULL,'YERBA BUENA',NULL,NULL,NULL,'female','2016-02-16 15:42:51','2016-02-16 15:42:51',NULL,'JZ'),(2093,NULL,'ZAFRA',NULL,NULL,NULL,'female','2016-02-16 15:42:51','2016-02-16 15:42:51',NULL,'JD'),(2094,'YN-13613','ZALAMANDRA','2007-10-09 00:00:00',2034,1654,NULL,'2016-02-16 15:42:51','2016-02-16 15:42:51',NULL,'JZ'),(2095,'YN-14461','ZARZUELA','2008-12-11 00:00:00',1922,1903,NULL,'2016-02-16 15:42:51','2016-02-16 15:42:51',NULL,'MRA');

/*Table structure for table `catalogs` */

DROP TABLE IF EXISTS `catalogs`;

CREATE TABLE `catalogs` (
  `id` int(10) unsigned NOT NULL AUTO_INCREMENT,
  `number` smallint(5) unsigned DEFAULT NULL,
  `category_id` int(11) DEFAULT NULL,
  `tournament_id` int(10) unsigned NOT NULL,
  `animal_id` int(10) unsigned NOT NULL,
  PRIMARY KEY (`id`),
  KEY `fk_catalog_tournaments1_idx` (`tournament_id`),
  KEY `fk_catalog_animals1_idx` (`animal_id`),
  CONSTRAINT `fk_catalog_animals1` FOREIGN KEY (`animal_id`) REFERENCES `animals` (`id`) ON DELETE NO ACTION ON UPDATE NO ACTION,
  CONSTRAINT `fk_catalog_tournaments1` FOREIGN KEY (`tournament_id`) REFERENCES `tournaments` (`id`) ON DELETE NO ACTION ON UPDATE NO ACTION
) ENGINE=InnoDB AUTO_INCREMENT=474 DEFAULT CHARSET=utf8;

/*Data for the table `catalogs` */

insert  into `catalogs`(`id`,`number`,`category_id`,`tournament_id`,`animal_id`) values (219,93,12,1,1621),(220,7,52,1,1628),(221,161,33,1,1629),(222,119,26,1,1631),(223,72,10,1,1633),(224,5,52,1,1635),(225,13,3,1,1638),(226,202,23,1,1641),(227,107,26,1,1647),(228,32,7,1,1651),(229,6,52,1,1652),(230,49,9,1,1653),(231,167,20,1,1659),(232,67,10,1,1660),(233,25,51,1,1662),(234,74,11,1,1664),(235,17,3,1,1665),(236,113,26,1,1666),(237,79,11,1,1671),(238,43,7,1,1673),(239,123,27,1,1675),(240,78,11,1,1676),(241,100,12,1,1677),(242,69,10,1,1678),(243,46,7,1,1679),(244,10,3,1,1680),(245,31,5,1,1683),(246,83,11,1,1685),(247,159,33,1,1686),(248,1,52,1,1688),(249,171,20,1,1690),(250,51,9,1,1691),(251,18,3,1,1692),(252,162,33,1,1693),(253,116,26,1,1695),(254,47,7,1,1697),(255,148,31,1,1698),(256,110,26,1,1699),(257,170,20,1,1701),(258,170,55,1,1701),(259,170,41,1,1701),(260,35,7,1,1708),(261,213,22,1,1710),(262,131,29,1,1712),(263,131,30,1,1712),(264,186,21,1,1713),(265,23,51,1,1714),(266,152,32,1,1715),(267,39,7,1,1717),(268,126,27,1,1719),(269,60,9,1,1721),(270,179,20,1,1723),(271,122,27,1,1726),(272,104,12,1,1730),(273,184,20,1,1731),(274,121,27,1,1734),(275,136,29,1,1736),(276,40,7,1,1737),(277,141,31,1,1740),(278,141,35,1,1740),(279,141,37,1,1740),(280,141,43,1,1740),(281,141,47,1,1740),(282,125,27,1,1741),(283,181,20,1,1744),(284,37,7,1,1746),(285,61,10,1,1749),(286,9,3,1,1754),(287,59,9,1,1757),(288,4,52,1,1758),(289,80,11,1,1759),(290,97,12,1,1760),(291,62,10,1,1761),(292,70,10,1,1762),(293,24,51,1,1764),(294,169,20,1,1765),(295,211,1,1,1766),(296,197,22,1,1768),(297,197,55,1,1768),(298,197,41,1,1768),(299,197,45,1,1768),(300,192,21,1,1769),(301,153,32,1,1770),(302,208,47,1,1771),(303,108,26,1,1772),(304,200,22,1,1775),(305,144,31,1,1780),(306,185,21,1,1781),(307,138,29,1,1783),(308,191,21,1,1784),(309,109,26,1,1788),(310,149,31,1,1789),(311,163,33,1,1796),(312,64,10,1,1798),(313,166,53,1,1800),(314,166,19,1,1800),(315,11,3,1,1801),(316,65,10,1,1803),(317,50,9,1,1806),(318,174,20,1,1807),(319,55,9,1,1812),(320,151,32,1,1813),(321,157,33,1,1814),(322,147,31,1,1818),(323,19,51,1,1819),(324,145,31,1,1820),(325,117,26,1,1821),(326,2,52,1,1823),(327,66,10,1,1828),(328,139,31,1,1829),(329,3,52,1,1832),(330,34,7,1,1833),(331,86,11,1,1834),(332,33,7,1,1837),(333,173,20,1,1839),(334,81,11,1,1840),(335,132,29,1,1841),(336,8,52,1,1842),(337,22,51,1,1846),(338,114,26,1,1848),(339,73,10,1,1849),(340,137,29,1,1850),(341,210,1,1,1856),(342,194,22,1,1857),(343,112,26,1,1858),(344,207,45,1,1859),(345,38,7,1,1860),(346,92,12,1,1865),(347,41,7,1,1868),(348,158,33,1,1871),(349,188,21,1,1872),(350,99,12,1,1873),(351,27,5,1,1880),(352,95,12,1,1881),(353,120,27,1,1885),(354,130,29,1,1887),(355,82,11,1,1888),(356,57,9,1,1892),(357,57,13,1,1892),(358,57,17,1,1892),(359,57,64,1,1892),(360,57,46,1,1892),(361,84,11,1,1894),(362,175,20,1,1895),(363,26,5,1,1900),(364,96,12,1,1904),(365,198,22,1,1910),(366,187,21,1,1911),(367,178,20,1,1914),(368,115,26,1,1918),(369,115,28,1,1918),(370,94,12,1,1920),(371,52,9,1,1927),(372,58,9,1,1928),(373,101,12,1,1929),(374,29,5,1,1931),(375,196,22,1,1932),(376,85,11,1,1933),(377,30,5,1,1936),(378,12,3,1,1937),(379,15,3,1,1940),(380,177,20,1,1941),(381,182,20,1,1944),(382,212,1,1,1946),(383,36,7,1,1947),(384,53,9,1,1948),(385,71,10,1,1951),(386,71,64,1,1951),(387,14,3,1,1953),(388,168,20,1,1955),(389,154,32,1,1956),(390,128,27,1,1959),(391,199,22,1,1960),(392,89,11,1,1962),(393,201,22,1,1963),(394,134,29,1,1967),(395,54,9,1,1972),(396,54,13,1,1972),(397,203,23,1,1979),(398,140,31,1,1980),(399,56,9,1,1981),(400,164,33,1,1985),(401,16,3,1,1986),(402,124,27,1,1988),(403,48,9,1,1990),(404,88,11,1,1992),(405,91,12,1,1994),(406,21,51,1,1995),(407,146,31,1,1998),(408,172,20,1,2002),(409,42,7,1,2006),(410,205,46,1,2007),(411,45,7,1,2008),(412,28,5,1,2011),(413,68,10,1,2015),(414,155,32,1,2017),(415,150,32,1,2029),(416,44,7,1,2032),(417,176,20,1,2035),(418,103,12,1,2039),(419,77,11,1,2041),(420,195,45,1,2043),(421,156,32,1,2044),(422,156,35,1,2044),(423,156,37,1,2044),(424,156,43,1,2044),(425,190,21,1,2047),(426,142,31,1,2048),(427,98,12,1,2049),(428,90,12,1,2052),(429,118,26,1,2053),(430,160,33,1,2057),(431,214,53,1,2058),(432,165,33,1,2059),(433,165,47,1,2059),(434,63,10,1,2064),(435,133,29,1,2065),(436,189,21,1,2066),(437,105,12,1,2068),(438,193,21,1,2070),(439,127,27,1,2071),(440,20,51,1,2072),(441,20,6,1,2072),(442,143,31,1,2077),(443,106,12,1,2078),(444,180,20,1,2080),(445,75,11,1,2082),(446,183,20,1,2083),(447,129,29,1,2086),(448,102,12,1,2088),(449,135,29,1,2090),(450,111,26,1,2091),(451,87,11,1,2094),(452,76,11,1,2095);

/*Table structure for table `categories` */

DROP TABLE IF EXISTS `categories`;

CREATE TABLE `categories` (
  `id` int(10) unsigned NOT NULL AUTO_INCREMENT,
  `description` varchar(200) NOT NULL,
  `type` enum('selection','wselection') NOT NULL DEFAULT 'selection',
  `status` enum('inactive','active','final','deleted') NOT NULL DEFAULT 'inactive',
  `actual_stage` enum('assistance','selection','classify_1','classify_2') DEFAULT NULL,
  `num_begin` int(11) NOT NULL DEFAULT '1',
  `order` smallint(5) unsigned DEFAULT '1',
  `count_competitors` tinyint(4) NOT NULL DEFAULT '0',
  `count_presents` tinyint(4) NOT NULL DEFAULT '0',
  `tournament_id` int(10) unsigned NOT NULL,
  PRIMARY KEY (`id`),
  KEY `fk_categories_tournaments1_idx` (`tournament_id`),
  CONSTRAINT `fk_categories_tournaments1` FOREIGN KEY (`tournament_id`) REFERENCES `tournaments` (`id`) ON DELETE NO ACTION ON UPDATE NO ACTION
) ENGINE=InnoDB AUTO_INCREMENT=117 DEFAULT CHARSET=utf8;

/*Data for the table `categories` */

insert  into `categories`(`id`,`description`,`type`,`status`,`actual_stage`,`num_begin`,`order`,`count_competitors`,`count_presents`,`tournament_id`) values (1,'MULARES','selection','final','classify_2',1,1,3,0,1),(3,'CATEGORIA DE POTRANCAS AL CABESTRO DE 1 1/2 A 2 AOS','selection','final','classify_2',1,4,10,0,1),(5,'CATEGORIA DE POTRANCAS AL CABESTRO DE 2 1/2 A 3 AOS','selection','final','classify_2',1,6,6,0,1),(6,'PREMIO A LA MEJOR POTRANCA PRESENTADA AL CABESTRO','selection','final','classify_2',1,7,4,0,1),(7,'CATEGORIA DE POTRANCAS DE BOZAL DE 3 A 4 AOS','selection','final','classify_2',1,8,16,0,1),(8,'CAMPEONA DE BOZAL HEMBRA','selection','inactive',NULL,1,9,0,0,1),(9,'CATEGORIA DE YEGUAS DE FRENO Y ESPUELAS DE 4 A 6 AOS - GRUPO 1','selection','final','classify_2',1,10,13,0,1),(10,'CATEGORIA DE YEGUAS DE FRENO Y ESPUELAS DE 4 A 6 AOS - GRUPO 2','selection','final','classify_2',1,11,13,0,1),(11,'CATEGORIA DE YEGUAS DE FRENO Y ESPUELAS DE 6 A 8 AOS','selection','final','classify_2',1,12,16,0,1),(12,'CATEGORIA DE YEGUAS DE FRENO Y ESPUELAS DE MAS DE 8 AOS','selection','final','classify_2',1,13,17,0,1),(13,'PREMIO PISOS PARA YEGUAS','selection','final','classify_2',1,14,9,0,1),(14,'PREMIO MADRE E HIJA','selection','inactive',NULL,1,15,0,0,1),(15,'PREMIO PROGENIE DE MADRE','selection','final','classify_2',1,16,3,0,1),(16,'PREMIO CONJUNTO DE YEGUAS','selection','final','classify_2',1,17,3,0,1),(17,'PREMIO MERITO ZOOTECNICO HEMBRA','selection','final','classify_2',1,18,9,0,1),(19,'CAMPEON DE BOZAL CAPON','selection','inactive',NULL,1,20,0,0,1),(20,'CATEGORIA DE CAPONES DE FRENO Y ESPUELAS DE 4 A 6 AOS','selection','final','classify_2',1,21,18,0,1),(21,'CATEGORIA DE CAPONES DE FRENO Y ESPUELAS DE 6 A 8 AOS','selection','final','classify_2',1,22,9,0,1),(22,'CATEGORIA DE CAPONES DE FRENO Y ESPUELAS DE 8 A 12 AOS','selection','final','classify_2',1,23,8,0,1),(23,'CATEGORIA DE CAPONES DE FRENO Y ESPUELAS DE MAS DE 12 AOS','selection','final','classify_2',1,24,2,0,1),(25,'PREMIO CONJUNTO DE CAPONES','selection','final','classify_2',1,26,2,0,1),(26,'CATEGORIA DE POTRILLOS AL CABESTRO DE 1 A 2 AOS','selection','final','classify_2',1,27,13,0,1),(27,'CATEGORIA DE POTRILLOS AL CABESTRO DE 2 A 3 AOS','selection','final','classify_2',1,28,9,0,1),(28,'PREMIO AL MEJOR POTRILLO PRESENTADO AL CABESTRO','selection','final','classify_2',1,29,2,0,1),(29,'CATEGORIA DE POTRILLOS DE BOZAL DE 3 A 4 AOS','selection','final','classify_2',1,30,10,0,1),(30,'CAMPEON DE BOZAL MACHO','selection','inactive',NULL,1,31,0,0,1),(31,'CATEGORIA DE POTROS DE FRENO Y ESPUELAS DE 4 A 6 AOS','selection','final','classify_2',1,32,11,0,1),(32,'CATEGORIA DE POTROS DE FRENO Y ESPUELAS DE 6 A 8 AOS','selection','final','classify_2',1,33,7,0,1),(33,'CATEGORIA DE POTROS DE FRENO Y ESPUELAS DE MAS DE 8 AOS','selection','final','classify_2',1,34,9,0,1),(34,'PREMIO PROGENIE DE PADRE','selection','final','classify_2',1,35,2,0,1),(35,'PREMIO PISOS PARA POTROS','selection','final','classify_2',1,36,6,0,1),(36,'PREMIO CONJUNTO DE POTROS','selection','inactive',NULL,1,37,0,0,1),(37,'PREMIO MERITO ZOOTECNICO MACHO','selection','final','classify_2',1,38,6,0,1),(40,'PRUEBA DE ENFRENADURA','selection','inactive',NULL,1,43,0,0,1),(41,'CAMPEON Y RESERVA DE CAMPEON DEL AO CAPON','selection','final','classify_2',1,44,8,0,1),(43,'CAMPEON Y RESERVA DE CAMPEON DEL AO MACHO','selection','final','classify_2',1,46,6,0,1),(44,'PREMIO AFICION','selection','final','classify_2',1,47,1,0,1),(45,'CAMPEON DE CAMPEONES CAPON','selection','final','classify_2',1,48,3,0,1),(46,'CAMPEONA DE CAMPEONAS HEMBRA','selection','final','classify_2',1,49,2,0,1),(47,'CAMPEON DE CAMPEONES MACHO','selection','final','classify_2',1,50,3,0,1),(49,'POTROS MULETEROS','selection','final','classify_2',1,2,1,0,1),(51,'CATEGORIA DE POTRANCAS AL CABESTRO DE 2 A 2 1/2 AOS','selection','final','classify_2',1,5,7,0,1),(52,'CATEGORIA DE POTRANCAS AL CABESTRO DE 1 A 1 1/2 AOS','selection','final','classify_2',1,3,8,0,1),(53,'CATEGORIA DE CAPONES DE BOZAL DE 3 A 4 AOS','selection','final','classify_2',1,19,2,0,1),(55,'PREMIO PISOS PARA CAPONES','selection','final','classify_2',1,25,9,0,1),(57,'PRUEBA DE MENORES DE 6 A 9 AOS (NIOS)','selection','inactive',NULL,1,39,0,0,1),(58,'PRUEBA DE MENORES DE 6 A 9 AOS (NIAS)','selection','final','classify_2',1,40,1,0,1),(59,'PRUEBA DE MENORES DE 10 A 12 AOS (NIOS)','selection','final','classify_2',1,41,1,0,1),(60,'PRUEBA DE MENORES DE 10 A 12 AOS (NIAS)','selection','final','classify_2',1,42,1,0,1),(62,'CONJUNTO DE MULARES','selection','inactive',NULL,1,1,0,0,1),(64,'CAMPEONA Y RESERVA DE CAMPEONA DEL AO HEMBRA','selection','final','classify_2',1,45,8,0,1);

/*Table structure for table `category_users` */

DROP TABLE IF EXISTS `category_users`;

CREATE TABLE `category_users` (
  `id` bigint(20) unsigned NOT NULL AUTO_INCREMENT,
  `dirimente` tinyint(1) unsigned NOT NULL DEFAULT '0',
  `actual_stage` enum('assistance','selection','classify_1','classify_2') DEFAULT NULL,
  `category_id` int(10) unsigned NOT NULL,
  `user_id` int(10) unsigned NOT NULL,
  PRIMARY KEY (`id`),
  KEY `fk_category_users_categories1_idx` (`category_id`),
  KEY `fk_category_users_users1_idx` (`user_id`),
  CONSTRAINT `fk_category_users_categories1` FOREIGN KEY (`category_id`) REFERENCES `categories` (`id`) ON DELETE NO ACTION ON UPDATE NO ACTION,
  CONSTRAINT `fk_category_users_users1` FOREIGN KEY (`user_id`) REFERENCES `users` (`id`) ON DELETE NO ACTION ON UPDATE NO ACTION
) ENGINE=InnoDB AUTO_INCREMENT=253 DEFAULT CHARSET=utf8;

/*Data for the table `category_users` */

insert  into `category_users`(`id`,`dirimente`,`actual_stage`,`category_id`,`user_id`) values (10,0,'classify_2',1,3),(11,1,'classify_2',1,4),(12,0,'classify_2',1,5),(13,0,'classify_2',49,3),(14,0,'classify_2',49,4),(15,1,'classify_2',49,5),(28,0,'classify_2',3,3),(29,1,'classify_2',3,4),(30,0,'classify_2',3,5),(31,0,'classify_2',51,3),(32,1,'classify_2',51,4),(33,0,'classify_2',51,5),(34,0,'classify_2',5,3),(35,0,'classify_2',5,4),(36,1,'classify_2',5,5),(40,0,'classify_2',6,3),(41,1,'classify_2',6,4),(42,0,'classify_2',6,5),(46,1,'classify_2',7,3),(47,0,'classify_2',7,4),(48,0,'classify_2',7,5),(55,0,'classify_2',9,3),(56,0,'classify_2',9,4),(57,1,'classify_2',9,5),(58,0,'classify_2',10,3),(59,1,'classify_2',10,4),(60,0,'classify_2',10,5),(61,1,'classify_2',11,3),(62,0,'classify_2',11,4),(63,0,'classify_2',11,5),(64,0,'classify_2',12,3),(65,0,'classify_2',12,4),(66,1,'classify_2',12,5),(70,0,'classify_2',13,3),(71,1,'classify_2',13,4),(72,0,'classify_2',13,5),(73,1,'classify_2',15,3),(74,0,'classify_2',15,4),(75,0,'classify_2',15,5),(82,0,'classify_2',16,3),(83,0,'classify_2',16,4),(84,1,'classify_2',16,5),(91,0,'classify_2',17,3),(92,1,'classify_2',17,4),(93,0,'classify_2',17,5),(94,0,'classify_2',52,3),(95,0,'classify_2',52,4),(96,1,'classify_2',52,5),(100,0,'classify_2',53,3),(101,1,'classify_2',53,4),(102,0,'classify_2',53,5),(103,1,'classify_2',20,3),(104,0,'classify_2',20,4),(105,0,'classify_2',20,5),(106,0,'classify_2',21,3),(107,0,'classify_2',21,4),(108,1,'classify_2',21,5),(109,0,'classify_2',22,3),(110,1,'classify_2',22,4),(111,0,'classify_2',22,5),(112,1,'classify_2',23,3),(113,0,'classify_2',23,4),(114,0,'classify_2',23,5),(130,0,'classify_2',26,3),(131,1,'classify_2',26,4),(132,0,'classify_2',26,5),(133,1,'classify_2',27,3),(134,0,'classify_2',27,4),(135,0,'classify_2',27,5),(136,0,'classify_2',28,3),(137,0,'classify_2',28,4),(138,1,'classify_2',28,5),(139,0,'classify_2',29,3),(140,1,'classify_2',29,4),(141,0,'classify_2',29,5),(142,1,'classify_2',31,3),(143,0,'classify_2',31,4),(144,0,'classify_2',31,5),(145,0,'classify_2',32,3),(146,0,'classify_2',32,4),(147,1,'classify_2',32,5),(148,0,'classify_2',33,3),(149,1,'classify_2',33,4),(150,0,'classify_2',33,5),(151,1,'classify_2',34,3),(152,0,'classify_2',34,4),(153,0,'classify_2',34,5),(154,0,'classify_2',35,3),(155,0,'classify_2',35,4),(156,1,'classify_2',35,5),(157,0,'classify_2',37,3),(158,1,'classify_2',37,4),(159,0,'classify_2',37,5),(184,0,'classify_2',41,3),(185,1,'classify_2',41,4),(186,0,'classify_2',41,5),(190,0,'classify_2',43,3),(191,0,'classify_2',43,4),(192,1,'classify_2',43,5),(202,0,'classify_2',44,3),(203,1,'classify_2',44,4),(204,0,'classify_2',44,5),(208,1,'classify_2',45,3),(209,0,'classify_2',45,4),(210,0,'classify_2',45,5),(211,0,'classify_2',46,3),(212,0,'classify_2',46,4),(213,1,'classify_2',46,5),(214,0,'classify_2',47,3),(215,1,'classify_2',47,4),(216,0,'classify_2',47,5),(217,0,'classify_2',60,3),(218,0,'classify_2',60,4),(219,1,'classify_2',60,5),(220,1,'classify_2',59,3),(221,0,'classify_2',59,4),(222,0,'classify_2',59,5),(223,0,'classify_2',58,3),(224,1,'classify_2',58,4),(225,0,'classify_2',58,5),(226,0,'classify_2',55,3),(227,0,'classify_2',55,4),(228,1,'classify_2',55,5),(235,1,'classify_2',64,3),(236,0,'classify_2',64,4),(237,0,'classify_2',64,5),(238,0,'classify_2',25,3),(239,1,'classify_2',25,4),(240,0,'classify_2',25,5);

/*Table structure for table `competitors` */

DROP TABLE IF EXISTS `competitors`;

CREATE TABLE `competitors` (
  `id` int(10) unsigned NOT NULL AUTO_INCREMENT,
  `number` tinyint(3) unsigned NOT NULL,
  `position` tinyint(3) unsigned DEFAULT NULL,
  `points` smallint(5) unsigned DEFAULT NULL,
  `catalog` varchar(45) DEFAULT NULL,
  `status` enum('present','missing') DEFAULT NULL,
  `category_id` int(10) unsigned NOT NULL,
  PRIMARY KEY (`id`),
  KEY `fk_competitors_categories1_idx` (`category_id`),
  CONSTRAINT `fk_competitors_categories1` FOREIGN KEY (`category_id`) REFERENCES `categories` (`id`) ON DELETE NO ACTION ON UPDATE NO ACTION
) ENGINE=InnoDB AUTO_INCREMENT=390 DEFAULT CHARSET=utf8;

/*Data for the table `competitors` */

insert  into `competitors`(`id`,`number`,`position`,`points`,`catalog`,`status`,`category_id`) values (1,1,3,9,'210',NULL,1),(2,2,1,3,'211',NULL,1),(3,3,2,6,'212',NULL,1),(4,1,1,3,NULL,NULL,49),(5,1,NULL,NULL,NULL,NULL,49),(22,1,9,26,'9',NULL,3),(23,2,7,23,'10',NULL,3),(24,3,8,24,'11',NULL,3),(25,4,10,27,'12',NULL,3),(26,5,6,16,'13',NULL,3),(27,6,4,13,'14',NULL,3),(28,7,2,7,'15',NULL,3),(29,8,1,3,'16',NULL,3),(30,9,3,9,'17',NULL,3),(31,10,5,15,'18',NULL,3),(32,1,7,19,'19',NULL,51),(33,2,1,3,'20',NULL,51),(34,3,3,8,'21',NULL,51),(35,4,5,15,'22',NULL,51),(36,5,4,12,'23',NULL,51),(37,6,6,18,'24',NULL,51),(38,7,2,7,'25',NULL,51),(39,1,5,15,'26',NULL,5),(40,2,6,17,'27',NULL,5),(41,3,4,13,'28',NULL,5),(42,4,1,4,'29',NULL,5),(43,5,2,7,'30',NULL,5),(44,6,3,7,'31',NULL,5),(45,1,4,11,NULL,NULL,6),(46,2,2,6,NULL,NULL,6),(47,3,1,3,NULL,NULL,6),(48,4,3,10,NULL,NULL,6),(49,1,NULL,NULL,'32',NULL,7),(50,2,9,26,'33',NULL,7),(51,3,10,29,'34',NULL,7),(52,4,4,11,'35',NULL,7),(53,5,5,14,'36',NULL,7),(54,6,3,9,'37',NULL,7),(55,7,NULL,NULL,'38',NULL,7),(56,8,NULL,NULL,'39',NULL,7),(57,9,1,4,'40',NULL,7),(58,10,6,17,'41',NULL,7),(59,11,8,22,'42',NULL,7),(60,12,NULL,NULL,'43',NULL,7),(61,13,11,33,'44',NULL,7),(62,14,2,8,'45',NULL,7),(63,15,NULL,NULL,'46',NULL,7),(64,16,7,21,'47',NULL,7),(65,1,7,18,'48',NULL,9),(66,2,4,14,'49',NULL,9),(67,3,3,7,'50',NULL,9),(68,4,9,25,'51',NULL,9),(69,5,NULL,NULL,'52',NULL,9),(70,6,10,28,'53',NULL,9),(71,7,2,7,'54',NULL,9),(72,8,6,17,'55',NULL,9),(73,9,5,14,'56',NULL,9),(74,10,1,4,'57',NULL,9),(75,11,NULL,NULL,'58',NULL,9),(76,12,NULL,NULL,'59',NULL,9),(77,13,8,19,'60',NULL,9),(78,1,2,6,'61',NULL,10),(79,2,NULL,NULL,'62',NULL,10),(80,3,4,12,'63',NULL,10),(81,4,7,23,'64',NULL,10),(82,5,5,14,'65',NULL,10),(83,6,6,18,'66',NULL,10),(84,7,9,26,'67',NULL,10),(85,8,NULL,NULL,'68',NULL,10),(86,9,NULL,NULL,'69',NULL,10),(87,10,10,27,'70',NULL,10),(88,11,1,3,'71',NULL,10),(89,12,3,10,'72',NULL,10),(90,13,8,25,'73',NULL,10),(91,1,10,26,'74',NULL,11),(92,2,NULL,NULL,'75',NULL,11),(93,3,NULL,NULL,'76',NULL,11),(94,4,11,27,'77',NULL,11),(95,5,2,6,'78',NULL,11),(96,7,5,15,'80',NULL,11),(97,8,7,22,'81',NULL,11),(98,9,1,3,'82',NULL,11),(99,11,3,10,'84',NULL,11),(100,12,9,24,'85',NULL,11),(101,13,NULL,NULL,'86',NULL,11),(102,14,4,13,'87',NULL,11),(103,15,8,22,'88',NULL,11),(104,16,6,16,'89',NULL,11),(105,1,3,10,'90',NULL,12),(106,2,4,11,'91',NULL,12),(107,3,NULL,NULL,'92',NULL,12),(108,4,1,3,'93',NULL,12),(109,5,8,22,'94',NULL,12),(110,6,NULL,NULL,'95',NULL,12),(111,7,5,14,'96',NULL,12),(112,8,NULL,NULL,'97',NULL,12),(113,10,6,17,'99',NULL,12),(114,11,7,21,'100',NULL,12),(115,12,9,26,'101',NULL,12),(116,13,NULL,NULL,'102',NULL,12),(117,14,2,8,'103',NULL,12),(118,15,NULL,NULL,'104',NULL,12),(119,16,NULL,NULL,'105',NULL,12),(120,17,NULL,NULL,'106',NULL,12),(121,1,1,7,'57',NULL,13),(122,2,2,8,'54',NULL,13),(123,3,5,11,'71',NULL,13),(124,4,NULL,NULL,'61',NULL,13),(125,5,3,9,'82',NULL,13),(126,6,NULL,NULL,'78',NULL,13),(127,7,4,10,'93',NULL,13),(128,8,NULL,NULL,'103',NULL,13),(129,9,NULL,NULL,'90',NULL,13),(130,1,1,3,'40,78',NULL,15),(131,2,2,7,'50,205',NULL,15),(132,3,3,8,'204,47',NULL,15),(133,1,2,6,'50,61,205',NULL,16),(134,2,1,3,'46,47,54,56,81',NULL,16),(135,3,3,9,'51,90,101',NULL,16),(136,1,1,7,'57',NULL,17),(137,2,NULL,NULL,'54',NULL,17),(138,3,3,9,'71',NULL,17),(139,4,2,7,'61',NULL,17),(140,5,4,11,'82',NULL,17),(141,6,NULL,NULL,'78',NULL,17),(142,7,5,11,'93',NULL,17),(143,8,NULL,NULL,'103',NULL,17),(144,9,NULL,NULL,'56',NULL,17),(145,1,6,17,'1',NULL,52),(146,2,3,9,'2',NULL,52),(147,3,5,16,'3',NULL,52),(148,4,7,19,'4',NULL,52),(149,5,4,11,'5',NULL,52),(150,6,2,7,'6',NULL,52),(151,7,1,3,'7',NULL,52),(152,8,8,24,'8',NULL,52),(155,1,1,3,'166',NULL,53),(156,2,2,6,'214',NULL,53),(157,1,NULL,NULL,NULL,NULL,53),(158,2,NULL,NULL,NULL,NULL,53),(159,2,2,7,'168',NULL,20),(160,3,NULL,NULL,'169',NULL,20),(161,4,1,3,'170',NULL,20),(162,5,3,10,'171',NULL,20),(163,6,NULL,NULL,'172',NULL,20),(164,7,4,13,'173',NULL,20),(165,8,NULL,NULL,'174',NULL,20),(166,9,6,16,'175',NULL,20),(167,10,NULL,NULL,'176',NULL,20),(168,11,NULL,NULL,'177',NULL,20),(169,12,7,18,'178',NULL,20),(170,13,8,21,'179',NULL,20),(171,14,NULL,NULL,'180',NULL,20),(172,15,9,21,'181',NULL,20),(173,16,NULL,NULL,'182',NULL,20),(174,17,5,14,'183',NULL,20),(175,1,5,15,'185',NULL,21),(176,2,NULL,NULL,'186',NULL,21),(177,3,2,7,'187',NULL,21),(178,4,NULL,NULL,'188',NULL,21),(179,5,6,16,'189',NULL,21),(180,6,3,8,'190',NULL,21),(181,7,7,20,'191',NULL,21),(182,8,4,14,'192',NULL,21),(183,9,1,3,'193',NULL,21),(184,1,NULL,NULL,'194',NULL,22),(185,2,6,18,'196(CL)',NULL,22),(186,3,1,3,'197',NULL,22),(187,4,3,9,'198',NULL,22),(188,5,2,8,'199',NULL,22),(189,6,4,10,'200',NULL,22),(190,8,5,15,'213',NULL,22),(191,1,2,6,'202',NULL,23),(192,2,1,3,'203',NULL,23),(193,1,NULL,NULL,NULL,NULL,23),(194,2,NULL,NULL,NULL,NULL,23),(195,1,NULL,NULL,NULL,NULL,23),(196,2,NULL,NULL,NULL,NULL,23),(213,1,NULL,NULL,'107',NULL,26),(214,2,NULL,NULL,'108',NULL,26),(215,3,3,12,'109',NULL,26),(216,4,6,13,'110',NULL,26),(217,5,NULL,NULL,'111',NULL,26),(218,6,5,12,'112',NULL,26),(219,7,NULL,NULL,'113',NULL,26),(220,8,NULL,NULL,'114',NULL,26),(221,9,1,5,'115',NULL,26),(222,10,7,18,'116',NULL,26),(223,12,2,9,'118',NULL,26),(224,13,4,12,'119',NULL,26),(225,1,5,14,'120',NULL,27),(226,2,NULL,NULL,'121',NULL,27),(227,3,3,10,'122',NULL,27),(228,4,4,13,'123',NULL,27),(229,5,2,5,'124',NULL,27),(230,6,7,19,'125',NULL,27),(231,7,1,4,'126',NULL,27),(232,9,6,17,'128',NULL,27),(233,1,2,5,'115',NULL,28),(234,2,1,4,'126',NULL,28),(235,1,5,16,'129',NULL,29),(236,2,3,9,'130',NULL,29),(237,3,1,3,'131',NULL,29),(238,4,4,11,'132',NULL,29),(239,5,NULL,NULL,'133',NULL,29),(240,6,NULL,NULL,'134',NULL,29),(241,7,NULL,NULL,'135',NULL,29),(242,8,NULL,NULL,'136',NULL,29),(243,9,6,17,'137',NULL,29),(244,10,2,7,'138',NULL,29),(245,2,3,12,'140',NULL,31),(246,3,1,3,'141',NULL,31),(247,5,NULL,NULL,'143',NULL,31),(248,6,2,6,'144',NULL,31),(249,7,4,12,'145',NULL,31),(250,8,NULL,NULL,'146',NULL,31),(251,9,6,15,'147',NULL,31),(252,10,5,15,'148',NULL,31),(253,11,7,17,'149',NULL,31),(254,1,NULL,NULL,'150',NULL,32),(255,2,4,12,'151',NULL,32),(256,3,2,6,'152',NULL,32),(257,4,3,9,'153',NULL,32),(258,5,NULL,NULL,'154',NULL,32),(259,7,1,3,'156',NULL,32),(260,1,NULL,NULL,'157',NULL,33),(261,2,5,15,'158',NULL,33),(262,3,7,21,'159',NULL,33),(263,4,1,5,'160',NULL,33),(264,5,8,22,'161',NULL,33),(265,6,3,10,'162',NULL,33),(266,7,4,11,'163',NULL,33),(267,8,6,15,'164',NULL,33),(268,9,2,7,'165',NULL,33),(269,1,1,4,'46,47,54,56,204,206',NULL,34),(270,2,2,5,'90,101,158,195',NULL,34),(271,1,2,5,'141',NULL,35),(272,3,1,4,'156',NULL,35),(273,4,3,9,'152',NULL,35),(274,5,4,12,'160',NULL,35),(275,6,5,15,'165',NULL,35),(276,1,1,3,'141',NULL,37),(277,3,2,7,'156',NULL,37),(278,4,4,13,'152',NULL,37),(279,5,3,9,'160',NULL,37),(280,6,5,13,'165',NULL,37),(284,1,2,5,'170',NULL,41),(285,3,3,8,'193',NULL,41),(286,5,1,5,'197',NULL,41),(287,6,4,12,'196',NULL,41),(302,1,1,3,'141',NULL,43),(303,3,2,6,'156',NULL,43),(304,5,NULL,NULL,'160',NULL,43),(305,1,1,3,'205,166,148',NULL,44),(306,1,1,4,'207',NULL,45),(307,2,3,8,'195',NULL,45),(308,3,2,6,'197',NULL,45),(309,1,2,6,'205',NULL,46),(310,2,1,3,'57',NULL,46),(311,1,2,6,'208',NULL,47),(312,2,3,9,'165',NULL,47),(313,3,1,3,'141',NULL,47),(314,1,1,3,NULL,NULL,60),(315,1,1,3,NULL,NULL,59),(316,1,1,3,NULL,NULL,58),(317,1,2,7,'170',NULL,55),(318,3,3,8,'193',NULL,55),(319,4,4,13,'187',NULL,55),(320,5,1,3,'197',NULL,55),(321,7,5,14,'203',NULL,55),(337,1,1,4,'57',NULL,64),(338,2,4,12,'54',NULL,64),(339,3,2,5,'71',NULL,64),(340,4,6,18,'61',NULL,64),(341,5,3,9,'82',NULL,64),(342,7,5,15,'93',NULL,64),(343,8,7,21,'103',NULL,64),(344,1,1,3,'171,178,187',NULL,25),(345,2,2,6,'172,174,175',NULL,25);

/*Table structure for table `stages` */

DROP TABLE IF EXISTS `stages`;

CREATE TABLE `stages` (
  `id` bigint(20) unsigned NOT NULL AUTO_INCREMENT,
  `position` int(11) NOT NULL,
  `stage` enum('assistance','selection','classify_1','classify_2') NOT NULL,
  `status` enum('active','final') NOT NULL DEFAULT 'active',
  `category_id` int(11) NOT NULL DEFAULT '1',
  `competitor_id` int(10) unsigned NOT NULL,
  `user_id` int(10) unsigned NOT NULL,
  PRIMARY KEY (`id`),
  KEY `fk_stages_competitors1_idx` (`competitor_id`),
  KEY `fk_stages_users1_idx` (`user_id`),
  CONSTRAINT `fk_stages_competitors1` FOREIGN KEY (`competitor_id`) REFERENCES `competitors` (`id`) ON DELETE NO ACTION ON UPDATE NO ACTION,
  CONSTRAINT `fk_stages_users1` FOREIGN KEY (`user_id`) REFERENCES `users` (`id`) ON DELETE NO ACTION ON UPDATE NO ACTION
) ENGINE=InnoDB AUTO_INCREMENT=2207 DEFAULT CHARSET=utf8;

/*Data for the table `stages` */

insert  into `stages`(`id`,`position`,`stage`,`status`,`category_id`,`competitor_id`,`user_id`) values (1,1,'selection','final',1,1,3),(2,1,'selection','final',1,2,3),(3,1,'selection','final',1,3,3),(4,1,'selection','final',1,1,4),(5,1,'selection','final',1,2,4),(6,1,'selection','final',1,3,4),(7,1,'classify_1','final',1,2,3),(8,2,'classify_1','final',1,3,3),(9,3,'classify_1','final',1,1,3),(10,1,'classify_1','final',1,1,4),(11,2,'classify_1','final',1,2,4),(12,3,'classify_1','final',1,3,4),(13,1,'classify_1','final',1,2,5),(14,2,'classify_1','final',1,3,5),(15,3,'classify_1','final',1,1,5),(16,1,'classify_2','final',1,2,3),(17,2,'classify_2','final',1,3,3),(18,3,'classify_2','final',1,1,3),(19,1,'classify_2','final',1,2,5),(20,2,'classify_2','final',1,3,5),(21,3,'classify_2','final',1,1,5),(22,1,'classify_2','final',1,2,4),(23,2,'classify_2','final',1,3,4),(24,3,'classify_2','final',1,1,4),(25,1,'selection','final',49,4,5),(26,1,'selection','final',49,4,4),(28,1,'selection','final',49,4,3),(29,1,'classify_1','final',49,4,3),(30,1,'classify_1','final',49,4,5),(31,1,'classify_1','final',49,4,4),(32,1,'classify_2','final',49,4,4),(33,1,'classify_2','final',49,4,3),(34,1,'classify_2','final',49,4,5),(73,1,'selection','final',3,22,3),(74,1,'selection','final',3,23,3),(75,1,'selection','final',3,24,3),(76,1,'selection','final',3,25,3),(77,1,'selection','final',3,26,3),(78,1,'selection','final',3,27,3),(79,1,'selection','final',3,28,3),(80,1,'selection','final',3,29,3),(81,1,'selection','final',3,30,3),(82,1,'selection','final',3,31,3),(83,1,'selection','final',3,22,4),(84,1,'selection','final',3,23,4),(85,1,'selection','final',3,24,4),(86,1,'selection','final',3,25,4),(87,1,'selection','final',3,26,4),(88,1,'selection','final',3,27,4),(89,1,'selection','final',3,28,4),(90,1,'selection','final',3,29,4),(91,1,'selection','final',3,30,4),(92,1,'selection','final',3,31,4),(93,1,'selection','final',3,23,5),(94,1,'selection','final',3,24,5),(95,1,'selection','final',3,26,5),(96,1,'selection','final',3,27,5),(97,1,'selection','final',3,28,5),(98,1,'selection','final',3,29,5),(99,1,'selection','final',3,30,5),(100,1,'selection','final',3,31,5),(101,1,'classify_1','final',3,29,5),(102,2,'classify_1','final',3,30,5),(103,3,'classify_1','final',3,28,5),(104,4,'classify_1','final',3,27,5),(105,5,'classify_1','final',3,26,5),(106,6,'classify_1','final',3,23,5),(107,7,'classify_1','final',3,24,5),(108,8,'classify_1','final',3,31,5),(109,9,'classify_1','final',3,22,5),(110,10,'classify_1','final',3,25,5),(111,1,'classify_1','final',3,29,4),(112,2,'classify_1','final',3,28,4),(113,3,'classify_1','final',3,30,4),(114,4,'classify_1','final',3,27,4),(115,5,'classify_1','final',3,26,4),(116,6,'classify_1','final',3,31,4),(117,7,'classify_1','final',3,24,4),(118,8,'classify_1','final',3,23,4),(119,9,'classify_1','final',3,22,4),(120,10,'classify_1','final',3,25,4),(121,1,'classify_1','final',3,29,3),(122,2,'classify_1','final',3,28,3),(123,3,'classify_1','final',3,31,3),(124,4,'classify_1','final',3,30,3),(125,5,'classify_1','final',3,27,3),(126,6,'classify_1','final',3,26,3),(127,7,'classify_1','final',3,25,3),(128,8,'classify_1','final',3,22,3),(129,9,'classify_1','final',3,23,3),(130,10,'classify_1','final',3,24,3),(131,1,'classify_2','final',3,29,4),(132,2,'classify_2','final',3,28,4),(133,3,'classify_2','final',3,30,4),(134,4,'classify_2','final',3,27,4),(135,5,'classify_2','final',3,26,4),(136,6,'classify_2','final',3,31,4),(137,1,'classify_2','final',3,29,5),(138,2,'classify_2','final',3,30,5),(139,3,'classify_2','final',3,28,5),(140,4,'classify_2','final',3,27,5),(141,5,'classify_2','final',3,26,5),(142,6,'classify_2','final',3,31,5),(143,1,'classify_2','final',3,29,3),(144,2,'classify_2','final',3,28,3),(145,3,'classify_2','final',3,31,3),(146,4,'classify_2','final',3,30,3),(147,5,'classify_2','final',3,27,3),(148,6,'classify_2','final',3,26,3),(149,1,'selection','final',51,32,3),(150,1,'selection','final',51,33,3),(151,1,'selection','final',51,34,3),(152,1,'selection','final',51,35,3),(153,1,'selection','final',51,36,3),(154,1,'selection','final',51,37,3),(155,1,'selection','final',51,38,3),(156,1,'selection','final',51,33,5),(157,1,'selection','final',51,34,5),(158,1,'selection','final',51,35,5),(159,1,'selection','final',51,36,5),(160,1,'selection','final',51,37,5),(161,1,'selection','final',51,38,5),(162,1,'selection','final',51,32,4),(163,1,'selection','final',51,33,4),(164,1,'selection','final',51,34,4),(165,1,'selection','final',51,35,4),(166,1,'selection','final',51,36,4),(167,1,'selection','final',51,37,4),(168,1,'selection','final',51,38,4),(169,1,'classify_1','final',51,33,3),(170,2,'classify_1','final',51,34,3),(171,3,'classify_1','final',51,38,3),(172,4,'classify_1','final',51,36,3),(173,5,'classify_1','final',51,32,3),(174,6,'classify_1','final',51,35,3),(175,7,'classify_1','final',51,37,3),(176,1,'classify_1','final',51,33,5),(177,2,'classify_1','final',51,38,5),(178,3,'classify_1','final',51,34,5),(179,4,'classify_1','final',51,36,5),(180,5,'classify_1','final',51,35,5),(181,6,'classify_1','final',51,37,5),(182,7,'classify_1','final',51,32,5),(183,1,'classify_1','final',51,33,4),(184,2,'classify_1','final',51,38,4),(185,3,'classify_1','final',51,34,4),(186,4,'classify_1','final',51,36,4),(187,5,'classify_1','final',51,35,4),(188,6,'classify_1','final',51,37,4),(189,7,'classify_1','final',51,32,4),(190,1,'classify_2','final',51,33,4),(191,2,'classify_2','final',51,38,4),(192,3,'classify_2','final',51,34,4),(193,4,'classify_2','final',51,36,4),(194,5,'classify_2','final',51,35,4),(195,6,'classify_2','final',51,37,4),(196,1,'classify_2','final',51,33,3),(197,2,'classify_2','final',51,34,3),(198,3,'classify_2','final',51,38,3),(199,4,'classify_2','final',51,36,3),(200,5,'classify_2','final',51,35,3),(201,6,'classify_2','final',51,37,3),(202,1,'classify_2','final',51,33,5),(203,2,'classify_2','final',51,38,5),(204,3,'classify_2','final',51,34,5),(205,4,'classify_2','final',51,36,5),(206,5,'classify_2','final',51,35,5),(207,6,'classify_2','final',51,37,5),(208,1,'selection','final',5,39,5),(209,1,'selection','final',5,40,5),(210,1,'selection','final',5,41,5),(211,1,'selection','final',5,42,5),(212,1,'selection','final',5,43,5),(213,1,'selection','final',5,44,5),(214,1,'selection','final',5,39,3),(215,1,'selection','final',5,40,3),(216,1,'selection','final',5,41,3),(217,1,'selection','final',5,42,3),(218,1,'selection','final',5,43,3),(219,1,'selection','final',5,44,3),(220,1,'selection','final',5,39,4),(221,1,'selection','final',5,40,4),(222,1,'selection','final',5,41,4),(223,1,'selection','final',5,42,4),(224,1,'selection','final',5,43,4),(225,1,'selection','final',5,44,4),(232,1,'classify_1','final',5,42,3),(233,2,'classify_1','final',5,43,3),(234,3,'classify_1','final',5,44,3),(235,4,'classify_1','final',5,39,3),(236,5,'classify_1','final',5,41,3),(237,6,'classify_1','final',5,40,3),(238,1,'classify_1','final',5,44,4),(239,2,'classify_1','final',5,42,4),(240,3,'classify_1','final',5,43,4),(241,4,'classify_1','final',5,41,4),(242,5,'classify_1','final',5,39,4),(243,6,'classify_1','final',5,40,4),(244,1,'classify_1','final',5,42,5),(245,2,'classify_1','final',5,43,5),(246,3,'classify_1','final',5,44,5),(247,4,'classify_1','final',5,41,5),(248,5,'classify_1','final',5,40,5),(249,6,'classify_1','final',5,39,5),(250,1,'classify_2','final',5,44,4),(251,2,'classify_2','final',5,42,4),(252,3,'classify_2','final',5,43,4),(253,4,'classify_2','final',5,41,4),(254,5,'classify_2','final',5,39,4),(255,6,'classify_2','final',5,40,4),(256,1,'classify_2','final',5,42,3),(257,2,'classify_2','final',5,43,3),(258,3,'classify_2','final',5,44,3),(259,4,'classify_2','final',5,39,3),(260,5,'classify_2','final',5,41,3),(261,6,'classify_2','final',5,40,3),(262,1,'classify_2','final',5,42,5),(263,2,'classify_2','final',5,43,5),(264,3,'classify_2','final',5,44,5),(265,4,'classify_2','final',5,41,5),(266,5,'classify_2','final',5,40,5),(267,6,'classify_2','final',5,39,5),(268,1,'selection','final',6,45,3),(269,1,'selection','final',6,46,3),(270,1,'selection','final',6,47,3),(271,1,'selection','final',6,48,3),(272,1,'selection','final',6,45,5),(273,1,'selection','final',6,46,5),(274,1,'selection','final',6,47,5),(275,1,'selection','final',6,48,5),(276,1,'selection','final',6,45,4),(277,1,'selection','final',6,46,4),(278,1,'selection','final',6,47,4),(279,1,'selection','final',6,48,4),(280,1,'classify_1','final',6,47,4),(281,2,'classify_1','final',6,46,4),(282,3,'classify_1','final',6,48,4),(283,4,'classify_1','final',6,45,4),(288,1,'classify_1','final',6,47,3),(289,2,'classify_1','final',6,46,3),(290,3,'classify_1','final',6,45,3),(291,4,'classify_1','final',6,48,3),(292,1,'classify_1','final',6,47,5),(293,2,'classify_1','final',6,45,5),(294,3,'classify_1','final',6,48,5),(295,4,'classify_1','final',6,46,5),(296,1,'classify_2','final',6,47,4),(297,2,'classify_2','final',6,46,4),(298,3,'classify_2','final',6,48,4),(299,4,'classify_2','final',6,45,4),(304,1,'classify_2','final',6,47,3),(305,2,'classify_2','final',6,46,3),(306,3,'classify_2','final',6,45,3),(307,4,'classify_2','final',6,48,3),(308,1,'classify_2','final',6,47,5),(309,2,'classify_2','final',6,46,5),(310,3,'classify_2','final',6,48,5),(311,4,'classify_2','final',6,45,5),(312,1,'selection','final',7,50,3),(313,1,'selection','final',7,51,3),(314,1,'selection','final',7,52,3),(315,1,'selection','final',7,53,3),(316,1,'selection','final',7,54,3),(317,1,'selection','final',7,57,3),(318,1,'selection','final',7,58,3),(319,1,'selection','final',7,62,3),(320,1,'selection','final',7,63,3),(321,1,'selection','final',7,49,5),(322,1,'selection','final',7,50,5),(323,1,'selection','final',7,52,5),(324,1,'selection','final',7,54,5),(325,1,'selection','final',7,55,5),(326,1,'selection','final',7,57,5),(327,1,'selection','final',7,58,5),(328,1,'selection','final',7,59,5),(329,1,'selection','final',7,60,5),(330,1,'selection','final',7,61,5),(331,1,'selection','final',7,62,5),(332,1,'selection','final',7,64,5),(333,1,'selection','final',7,50,4),(334,1,'selection','final',7,51,4),(335,1,'selection','final',7,52,4),(336,1,'selection','final',7,53,4),(337,1,'selection','final',7,54,4),(338,1,'selection','final',7,56,4),(339,1,'selection','final',7,57,4),(340,1,'selection','final',7,58,4),(341,1,'selection','final',7,59,4),(342,1,'selection','final',7,61,4),(343,1,'selection','final',7,62,4),(344,1,'selection','final',7,64,4),(345,1,'classify_1','final',7,62,4),(346,2,'classify_1','final',7,58,4),(347,3,'classify_1','final',7,57,4),(348,4,'classify_1','final',7,52,4),(349,5,'classify_1','final',7,53,4),(350,6,'classify_1','final',7,54,4),(351,7,'classify_1','final',7,59,4),(352,8,'classify_1','final',7,64,4),(353,9,'classify_1','final',7,50,4),(354,10,'classify_1','final',7,51,4),(355,11,'classify_1','final',7,61,4),(356,1,'classify_1','final',7,57,5),(357,2,'classify_1','final',7,62,5),(358,3,'classify_1','final',7,54,5),(359,4,'classify_1','final',7,52,5),(360,5,'classify_1','final',7,59,5),(361,6,'classify_1','final',7,64,5),(362,7,'classify_1','final',7,53,5),(363,8,'classify_1','final',7,58,5),(364,9,'classify_1','final',7,50,5),(365,10,'classify_1','final',7,51,5),(366,11,'classify_1','final',7,61,5),(367,1,'classify_1','final',7,57,3),(368,2,'classify_1','final',7,54,3),(369,3,'classify_1','final',7,53,3),(370,4,'classify_1','final',7,52,3),(371,5,'classify_1','final',7,62,3),(372,6,'classify_1','final',7,58,3),(373,7,'classify_1','final',7,64,3),(374,8,'classify_1','final',7,50,3),(375,9,'classify_1','final',7,51,3),(376,10,'classify_1','final',7,59,3),(377,11,'classify_1','final',7,61,3),(378,1,'classify_2','final',7,62,4),(379,2,'classify_2','final',7,57,4),(380,3,'classify_2','final',7,52,4),(381,4,'classify_2','final',7,54,4),(382,5,'classify_2','final',7,53,4),(383,6,'classify_2','final',7,58,4),(384,1,'classify_2','final',7,57,3),(385,2,'classify_2','final',7,54,3),(386,3,'classify_2','final',7,53,3),(387,4,'classify_2','final',7,52,3),(388,5,'classify_2','final',7,62,3),(389,6,'classify_2','final',7,58,3),(390,1,'classify_2','final',7,57,5),(391,2,'classify_2','final',7,62,5),(392,3,'classify_2','final',7,54,5),(393,4,'classify_2','final',7,52,5),(394,5,'classify_2','final',7,58,5),(395,6,'classify_2','final',7,53,5),(396,1,'selection','final',9,65,4),(397,1,'selection','final',9,66,4),(398,1,'selection','final',9,67,4),(399,1,'selection','final',9,68,4),(400,1,'selection','final',9,70,4),(401,1,'selection','final',9,71,4),(402,1,'selection','final',9,72,4),(403,1,'selection','final',9,73,4),(404,1,'selection','final',9,74,4),(405,1,'selection','final',9,76,4),(406,1,'selection','final',9,77,4),(407,1,'selection','final',9,65,5),(408,1,'selection','final',9,66,5),(409,1,'selection','final',9,67,5),(410,1,'selection','final',9,68,5),(411,1,'selection','final',9,70,5),(412,1,'selection','final',9,71,5),(413,1,'selection','final',9,72,5),(414,1,'selection','final',9,74,5),(415,1,'selection','final',9,77,5),(426,1,'selection','final',9,65,3),(427,1,'selection','final',9,66,3),(428,1,'selection','final',9,67,3),(429,1,'selection','final',9,69,3),(430,1,'selection','final',9,71,3),(431,1,'selection','final',9,72,3),(432,1,'selection','final',9,73,3),(433,1,'selection','final',9,74,3),(434,1,'selection','final',9,75,3),(435,1,'selection','final',9,77,3),(436,1,'classify_1','final',9,67,4),(437,2,'classify_1','final',9,66,4),(438,3,'classify_1','final',9,74,4),(439,4,'classify_1','final',9,73,4),(440,5,'classify_1','final',9,72,4),(441,6,'classify_1','final',9,71,4),(442,7,'classify_1','final',9,77,4),(443,8,'classify_1','final',9,65,4),(444,9,'classify_1','final',9,70,4),(445,10,'classify_1','final',9,68,4),(446,1,'classify_1','final',9,74,3),(447,2,'classify_1','final',9,72,3),(448,3,'classify_1','final',9,73,3),(449,4,'classify_1','final',9,67,3),(450,5,'classify_1','final',9,65,3),(451,6,'classify_1','final',9,77,3),(452,7,'classify_1','final',9,71,3),(453,8,'classify_1','final',9,68,3),(454,9,'classify_1','final',9,66,3),(455,10,'classify_1','final',9,70,3),(456,1,'classify_1','final',9,74,5),(457,2,'classify_1','final',9,71,5),(458,3,'classify_1','final',9,67,5),(459,4,'classify_1','final',9,66,5),(460,5,'classify_1','final',9,65,5),(461,6,'classify_1','final',9,77,5),(462,7,'classify_1','final',9,68,5),(463,8,'classify_1','final',9,73,5),(464,9,'classify_1','final',9,70,5),(465,10,'classify_1','final',9,72,5),(466,1,'classify_2','final',9,74,4),(467,2,'classify_2','final',9,67,4),(468,3,'classify_2','final',9,71,4),(469,4,'classify_2','final',9,66,4),(470,5,'classify_2','final',9,73,4),(471,6,'classify_2','final',9,72,4),(472,1,'classify_2','final',9,74,3),(473,2,'classify_2','final',9,67,3),(474,3,'classify_2','final',9,71,3),(475,4,'classify_2','final',9,73,3),(476,5,'classify_2','final',9,72,3),(477,6,'classify_2','final',9,66,3),(478,1,'classify_2','final',9,71,5),(479,2,'classify_2','final',9,74,5),(480,3,'classify_2','final',9,67,5),(481,4,'classify_2','final',9,66,5),(482,5,'classify_2','final',9,73,5),(483,6,'classify_2','final',9,72,5),(484,1,'selection','final',10,78,3),(485,1,'selection','final',10,79,3),(486,1,'selection','final',10,80,3),(487,1,'selection','final',10,81,3),(488,1,'selection','final',10,82,3),(489,1,'selection','final',10,83,3),(490,1,'selection','final',10,85,3),(491,1,'selection','final',10,88,3),(492,1,'selection','final',10,89,3),(493,1,'selection','final',10,90,3),(494,1,'selection','final',10,78,4),(495,1,'selection','final',10,80,4),(496,1,'selection','final',10,81,4),(497,1,'selection','final',10,82,4),(498,1,'selection','final',10,83,4),(499,1,'selection','final',10,84,4),(500,1,'selection','final',10,86,4),(501,1,'selection','final',10,87,4),(502,1,'selection','final',10,88,4),(503,1,'selection','final',10,89,4),(504,1,'selection','final',10,90,4),(505,1,'selection','final',10,78,5),(506,1,'selection','final',10,80,5),(507,1,'selection','final',10,81,5),(508,1,'selection','final',10,82,5),(509,1,'selection','final',10,83,5),(510,1,'selection','final',10,84,5),(511,1,'selection','final',10,87,5),(512,1,'selection','final',10,88,5),(513,1,'selection','final',10,89,5),(514,1,'selection','final',10,90,5),(515,1,'classify_1','final',10,88,3),(516,2,'classify_1','final',10,78,3),(517,3,'classify_1','final',10,89,3),(518,4,'classify_1','final',10,80,3),(519,5,'classify_1','final',10,82,3),(520,6,'classify_1','final',10,81,3),(521,7,'classify_1','final',10,83,3),(522,8,'classify_1','final',10,90,3),(523,9,'classify_1','final',10,84,3),(524,10,'classify_1','final',10,87,3),(525,1,'classify_1','final',10,88,5),(526,2,'classify_1','final',10,78,5),(527,3,'classify_1','final',10,82,5),(528,4,'classify_1','final',10,89,5),(529,5,'classify_1','final',10,80,5),(530,6,'classify_1','final',10,83,5),(531,7,'classify_1','final',10,81,5),(532,8,'classify_1','final',10,84,5),(533,9,'classify_1','final',10,87,5),(534,10,'classify_1','final',10,90,5),(535,1,'classify_1','final',10,88,4),(536,2,'classify_1','final',10,78,4),(537,3,'classify_1','final',10,80,4),(538,4,'classify_1','final',10,89,4),(539,5,'classify_1','final',10,82,4),(540,6,'classify_1','final',10,83,4),(541,7,'classify_1','final',10,90,4),(542,8,'classify_1','final',10,87,4),(543,9,'classify_1','final',10,84,4),(544,10,'classify_1','final',10,81,4),(545,1,'classify_2','final',10,88,5),(546,2,'classify_2','final',10,78,5),(547,3,'classify_2','final',10,89,5),(548,4,'classify_2','final',10,82,5),(549,5,'classify_2','final',10,80,5),(550,6,'classify_2','final',10,83,5),(551,1,'classify_2','final',10,88,3),(552,2,'classify_2','final',10,78,3),(553,3,'classify_2','final',10,89,3),(554,4,'classify_2','final',10,80,3),(555,5,'classify_2','final',10,82,3),(556,6,'classify_2','final',10,83,3),(557,1,'classify_2','final',10,88,4),(558,2,'classify_2','final',10,78,4),(559,3,'classify_2','final',10,80,4),(560,4,'classify_2','final',10,89,4),(561,5,'classify_2','final',10,82,4),(562,6,'classify_2','final',10,83,4),(563,1,'selection','final',11,92,5),(564,1,'selection','final',11,94,5),(565,1,'selection','final',11,95,5),(566,1,'selection','final',11,97,5),(567,1,'selection','final',11,98,5),(568,1,'selection','final',11,99,5),(569,1,'selection','final',11,100,5),(570,1,'selection','final',11,102,5),(571,1,'selection','final',11,103,5),(572,1,'selection','final',11,104,5),(573,1,'selection','final',11,91,4),(574,1,'selection','final',11,94,4),(575,1,'selection','final',11,95,4),(576,1,'selection','final',11,96,4),(577,1,'selection','final',11,97,4),(578,1,'selection','final',11,98,4),(579,1,'selection','final',11,99,4),(580,1,'selection','final',11,102,4),(581,1,'selection','final',11,103,4),(582,1,'selection','final',11,104,4),(583,1,'selection','final',11,91,3),(584,1,'selection','final',11,93,3),(585,1,'selection','final',11,94,3),(586,1,'selection','final',11,95,3),(587,1,'selection','final',11,96,3),(588,1,'selection','final',11,97,3),(589,1,'selection','final',11,98,3),(590,1,'selection','final',11,100,3),(591,1,'selection','final',11,102,3),(592,1,'selection','final',11,103,3),(593,1,'selection','final',11,104,3),(594,1,'classify_1','final',11,95,4),(595,2,'classify_1','final',11,98,4),(596,3,'classify_1','final',11,103,4),(597,4,'classify_1','final',11,96,4),(598,5,'classify_1','final',11,99,4),(599,6,'classify_1','final',11,94,4),(600,7,'classify_1','final',11,97,4),(601,8,'classify_1','final',11,102,4),(602,9,'classify_1','final',11,104,4),(603,10,'classify_1','final',11,91,4),(604,11,'classify_1','final',11,100,4),(605,1,'classify_1','final',11,98,5),(606,2,'classify_1','final',11,95,5),(607,3,'classify_1','final',11,99,5),(608,4,'classify_1','final',11,100,5),(609,5,'classify_1','final',11,104,5),(610,6,'classify_1','final',11,102,5),(611,7,'classify_1','final',11,97,5),(612,8,'classify_1','final',11,103,5),(613,9,'classify_1','final',11,96,5),(614,10,'classify_1','final',11,91,5),(615,11,'classify_1','final',11,94,5),(627,1,'classify_1','final',11,98,3),(628,2,'classify_1','final',11,95,3),(629,3,'classify_1','final',11,102,3),(630,4,'classify_1','final',11,99,3),(631,5,'classify_1','final',11,96,3),(632,6,'classify_1','final',11,91,3),(633,7,'classify_1','final',11,104,3),(634,8,'classify_1','final',11,97,3),(635,9,'classify_1','final',11,100,3),(636,10,'classify_1','final',11,94,3),(637,11,'classify_1','final',11,103,3),(638,1,'classify_2','final',11,98,5),(639,2,'classify_2','final',11,95,5),(640,3,'classify_2','final',11,99,5),(641,4,'classify_2','final',11,104,5),(642,5,'classify_2','final',11,102,5),(643,6,'classify_2','final',11,96,5),(644,1,'classify_2','final',11,98,4),(645,2,'classify_2','final',11,95,4),(646,3,'classify_2','final',11,99,4),(647,4,'classify_2','final',11,96,4),(648,5,'classify_2','final',11,102,4),(649,6,'classify_2','final',11,104,4),(650,1,'classify_2','final',11,98,3),(651,2,'classify_2','final',11,95,3),(652,3,'classify_2','final',11,102,3),(653,4,'classify_2','final',11,99,3),(654,5,'classify_2','final',11,96,3),(655,6,'classify_2','final',11,104,3),(656,1,'selection','final',12,105,5),(657,1,'selection','final',12,106,5),(658,1,'selection','final',12,108,5),(659,1,'selection','final',12,109,5),(660,1,'selection','final',12,111,5),(661,1,'selection','final',12,113,5),(662,1,'selection','final',12,114,5),(663,1,'selection','final',12,115,5),(664,1,'selection','final',12,117,5),(665,1,'selection','final',12,105,4),(666,1,'selection','final',12,106,4),(667,1,'selection','final',12,107,4),(668,1,'selection','final',12,108,4),(669,1,'selection','final',12,110,4),(670,1,'selection','final',12,111,4),(671,1,'selection','final',12,113,4),(672,1,'selection','final',12,114,4),(673,1,'selection','final',12,115,4),(674,1,'selection','final',12,117,4),(675,1,'selection','final',12,120,4),(676,1,'selection','final',12,105,3),(677,1,'selection','final',12,106,3),(678,1,'selection','final',12,108,3),(679,1,'selection','final',12,109,3),(680,1,'selection','final',12,111,3),(681,1,'selection','final',12,114,3),(682,1,'selection','final',12,117,3),(683,1,'selection','final',12,119,3),(684,1,'classify_1','final',12,106,4),(685,2,'classify_1','final',12,108,4),(686,3,'classify_1','final',12,105,4),(687,4,'classify_1','final',12,111,4),(688,5,'classify_1','final',12,113,4),(689,6,'classify_1','final',12,114,4),(690,7,'classify_1','final',12,117,4),(691,8,'classify_1','final',12,109,4),(692,9,'classify_1','final',12,115,4),(693,1,'classify_1','final',12,108,3),(694,2,'classify_1','final',12,117,3),(695,3,'classify_1','final',12,105,3),(696,4,'classify_1','final',12,111,3),(697,5,'classify_1','final',12,113,3),(698,6,'classify_1','final',12,114,3),(699,7,'classify_1','final',12,109,3),(700,8,'classify_1','final',12,106,3),(701,9,'classify_1','final',12,115,3),(702,1,'classify_1','final',12,108,5),(703,2,'classify_1','final',12,117,5),(704,3,'classify_1','final',12,106,5),(705,4,'classify_1','final',12,105,5),(706,5,'classify_1','final',12,111,5),(707,6,'classify_1','final',12,113,5),(708,7,'classify_1','final',12,109,5),(709,8,'classify_1','final',12,115,5),(710,9,'classify_1','final',12,114,5),(711,1,'classify_2','final',12,108,4),(712,2,'classify_2','final',12,106,4),(713,3,'classify_2','final',12,105,4),(714,4,'classify_2','final',12,117,4),(715,5,'classify_2','final',12,111,4),(716,6,'classify_2','final',12,113,4),(717,1,'classify_2','final',12,108,3),(718,2,'classify_2','final',12,117,3),(719,3,'classify_2','final',12,105,3),(720,4,'classify_2','final',12,111,3),(721,5,'classify_2','final',12,113,3),(722,6,'classify_2','final',12,106,3),(723,1,'classify_2','final',12,108,5),(724,2,'classify_2','final',12,117,5),(725,3,'classify_2','final',12,106,5),(726,4,'classify_2','final',12,105,5),(727,5,'classify_2','final',12,111,5),(728,6,'classify_2','final',12,113,5),(729,1,'selection','final',13,121,4),(730,1,'selection','final',13,122,4),(731,1,'selection','final',13,123,4),(732,1,'selection','final',13,125,4),(733,1,'selection','final',13,127,4),(734,1,'selection','final',13,129,4),(735,1,'selection','final',13,121,3),(736,1,'selection','final',13,123,3),(737,1,'selection','final',13,124,3),(738,1,'selection','final',13,125,3),(739,1,'selection','final',13,127,3),(740,1,'selection','final',13,121,5),(741,1,'selection','final',13,122,5),(742,1,'selection','final',13,123,5),(743,1,'selection','final',13,125,5),(744,1,'selection','final',13,126,5),(745,1,'selection','final',13,127,5),(746,1,'classify_1','final',13,121,3),(747,2,'classify_1','final',13,127,3),(748,3,'classify_1','final',13,123,3),(749,4,'classify_1','final',13,125,3),(750,5,'classify_1','final',13,122,3),(751,1,'classify_1','final',13,125,4),(752,2,'classify_1','final',13,122,4),(753,3,'classify_1','final',13,127,4),(754,4,'classify_1','final',13,121,4),(755,5,'classify_1','final',13,123,4),(756,1,'classify_1','final',13,122,5),(757,2,'classify_1','final',13,121,5),(758,3,'classify_1','final',13,123,5),(759,4,'classify_1','final',13,125,5),(760,5,'classify_1','final',13,127,5),(761,1,'classify_2','final',13,125,4),(762,2,'classify_2','final',13,122,4),(763,3,'classify_2','final',13,127,4),(764,4,'classify_2','final',13,121,4),(765,5,'classify_2','final',13,123,4),(766,1,'classify_2','final',13,122,5),(767,2,'classify_2','final',13,121,5),(768,3,'classify_2','final',13,123,5),(769,4,'classify_2','final',13,125,5),(770,5,'classify_2','final',13,127,5),(771,1,'classify_2','final',13,121,3),(772,2,'classify_2','final',13,127,3),(773,3,'classify_2','final',13,123,3),(774,4,'classify_2','final',13,125,3),(775,5,'classify_2','final',13,122,3),(776,1,'selection','final',15,130,5),(777,1,'selection','final',15,131,5),(778,1,'selection','final',15,132,5),(779,1,'selection','final',15,130,3),(780,1,'selection','final',15,131,3),(781,1,'selection','final',15,132,3),(782,1,'selection','final',15,130,4),(783,1,'selection','final',15,131,4),(784,1,'selection','final',15,132,4),(785,1,'classify_1','final',15,130,4),(786,2,'classify_1','final',15,131,4),(787,3,'classify_1','final',15,132,4),(788,1,'classify_1','final',15,130,3),(789,2,'classify_1','final',15,131,3),(790,3,'classify_1','final',15,132,3),(791,1,'classify_1','final',15,130,5),(792,2,'classify_1','final',15,132,5),(793,3,'classify_1','final',15,131,5),(794,1,'classify_2','final',15,130,3),(795,2,'classify_2','final',15,131,3),(796,3,'classify_2','final',15,132,3),(797,1,'classify_2','final',15,130,4),(798,2,'classify_2','final',15,131,4),(799,3,'classify_2','final',15,132,4),(800,1,'classify_2','final',15,130,5),(801,2,'classify_2','final',15,132,5),(802,3,'classify_2','final',15,131,5),(803,1,'selection','final',16,133,5),(804,1,'selection','final',16,134,5),(805,1,'selection','final',16,135,5),(806,1,'selection','final',16,133,3),(807,1,'selection','final',16,134,3),(808,1,'selection','final',16,135,3),(809,1,'selection','final',16,133,4),(810,1,'selection','final',16,134,4),(811,1,'selection','final',16,135,4),(812,1,'classify_1','final',16,134,5),(813,2,'classify_1','final',16,133,5),(814,3,'classify_1','final',16,135,5),(815,1,'classify_1','final',16,134,3),(816,2,'classify_1','final',16,133,3),(817,3,'classify_1','final',16,135,3),(818,1,'classify_1','final',16,134,4),(819,2,'classify_1','final',16,133,4),(820,3,'classify_1','final',16,135,4),(821,1,'classify_2','final',16,134,5),(822,2,'classify_2','final',16,133,5),(823,3,'classify_2','final',16,135,5),(824,1,'classify_2','final',16,134,4),(825,2,'classify_2','final',16,133,4),(826,3,'classify_2','final',16,135,4),(827,1,'classify_2','final',16,134,3),(828,2,'classify_2','final',16,133,3),(829,3,'classify_2','final',16,135,3),(830,1,'selection','final',17,136,4),(831,1,'selection','final',17,138,4),(832,1,'selection','final',17,139,4),(833,1,'selection','final',17,140,4),(834,1,'selection','final',17,142,4),(835,1,'selection','final',17,144,4),(836,1,'selection','final',17,138,3),(837,1,'selection','final',17,139,3),(838,1,'selection','final',17,140,3),(839,1,'selection','final',17,142,3),(840,1,'selection','final',17,136,5),(841,1,'selection','final',17,137,5),(842,1,'selection','final',17,139,5),(843,1,'selection','final',17,140,5),(844,1,'classify_1','final',17,136,5),(845,2,'classify_1','final',17,139,5),(846,3,'classify_1','final',17,140,5),(847,4,'classify_1','final',17,138,5),(848,5,'classify_1','final',17,142,5),(849,1,'classify_1','final',17,142,3),(850,2,'classify_1','final',17,139,3),(851,3,'classify_1','final',17,138,3),(852,4,'classify_1','final',17,140,3),(853,5,'classify_1','final',17,136,3),(854,1,'classify_1','final',17,136,4),(855,2,'classify_1','final',17,138,4),(856,3,'classify_1','final',17,139,4),(857,4,'classify_1','final',17,140,4),(858,5,'classify_1','final',17,142,4),(859,1,'classify_2','final',17,142,3),(860,2,'classify_2','final',17,139,3),(861,3,'classify_2','final',17,138,3),(862,4,'classify_2','final',17,140,3),(863,5,'classify_2','final',17,136,3),(869,1,'classify_2','final',17,136,4),(870,2,'classify_2','final',17,138,4),(871,3,'classify_2','final',17,139,4),(872,4,'classify_2','final',17,140,4),(873,5,'classify_2','final',17,142,4),(874,1,'classify_2','active',17,136,5),(875,2,'classify_2','active',17,139,5),(876,3,'classify_2','active',17,140,5),(877,4,'classify_2','active',17,138,5),(878,5,'classify_2','active',17,142,5),(879,1,'selection','final',52,145,3),(880,1,'selection','final',52,146,3),(881,1,'selection','final',52,147,3),(882,1,'selection','final',52,148,3),(883,1,'selection','final',52,149,3),(884,1,'selection','final',52,150,3),(885,1,'selection','final',52,151,3),(886,1,'selection','final',52,152,3),(887,1,'selection','final',52,145,4),(888,1,'selection','final',52,146,4),(889,1,'selection','final',52,147,4),(890,1,'selection','final',52,148,4),(891,1,'selection','final',52,149,4),(892,1,'selection','final',52,150,4),(893,1,'selection','final',52,151,4),(894,1,'selection','final',52,152,4),(895,1,'selection','final',52,145,5),(896,1,'selection','final',52,146,5),(897,1,'selection','final',52,147,5),(898,1,'selection','final',52,148,5),(899,1,'selection','final',52,149,5),(900,1,'selection','final',52,150,5),(901,1,'selection','final',52,151,5),(902,1,'selection','final',52,152,5),(903,1,'classify_1','final',52,151,3),(904,2,'classify_1','final',52,146,3),(905,3,'classify_1','final',52,150,3),(906,4,'classify_1','final',52,149,3),(907,5,'classify_1','final',52,148,3),(908,6,'classify_1','final',52,145,3),(909,7,'classify_1','final',52,147,3),(910,8,'classify_1','final',52,152,3),(911,1,'classify_1','final',52,151,4),(912,2,'classify_1','final',52,150,4),(913,3,'classify_1','final',52,146,4),(914,4,'classify_1','final',52,147,4),(915,5,'classify_1','final',52,149,4),(916,6,'classify_1','final',52,145,4),(917,7,'classify_1','final',52,148,4),(918,8,'classify_1','final',52,152,4),(919,1,'classify_1','final',52,151,5),(920,2,'classify_1','final',52,150,5),(921,3,'classify_1','final',52,146,5),(922,4,'classify_1','final',52,147,5),(923,5,'classify_1','final',52,149,5),(924,6,'classify_1','final',52,145,5),(925,7,'classify_1','final',52,148,5),(926,8,'classify_1','final',52,152,5),(927,1,'classify_2','final',52,151,3),(928,2,'classify_2','final',52,146,3),(929,3,'classify_2','final',52,150,3),(930,4,'classify_2','final',52,149,3),(931,5,'classify_2','final',52,147,3),(932,6,'classify_2','final',52,145,3),(933,1,'classify_2','final',52,151,4),(934,2,'classify_2','final',52,150,4),(935,3,'classify_2','final',52,149,4),(936,4,'classify_2','final',52,146,4),(937,5,'classify_2','final',52,147,4),(938,6,'classify_2','final',52,145,4),(939,1,'classify_2','final',52,151,5),(940,2,'classify_2','final',52,150,5),(941,3,'classify_2','final',52,146,5),(942,4,'classify_2','final',52,149,5),(943,5,'classify_2','final',52,145,5),(944,6,'classify_2','final',52,147,5),(953,1,'selection','final',53,155,4),(954,1,'selection','final',53,157,4),(955,1,'selection','final',53,156,4),(956,1,'selection','final',53,158,4),(957,1,'selection','final',53,155,3),(958,1,'selection','final',53,156,3),(959,1,'selection','final',53,155,5),(960,1,'selection','final',53,156,5),(961,1,'classify_1','final',53,155,5),(962,2,'classify_1','final',53,156,5),(963,1,'classify_1','final',53,155,3),(964,2,'classify_1','final',53,156,3),(965,1,'classify_1','final',53,155,4),(966,2,'classify_1','final',53,156,4),(967,1,'classify_2','final',53,155,4),(968,2,'classify_2','final',53,156,4),(969,1,'classify_2','final',53,155,3),(970,2,'classify_2','final',53,156,3),(971,1,'classify_2','final',53,155,5),(972,2,'classify_2','final',53,156,5),(973,1,'selection','final',20,159,4),(974,1,'selection','final',20,161,4),(975,1,'selection','final',20,162,4),(976,1,'selection','final',20,164,4),(977,1,'selection','final',20,166,4),(978,1,'selection','final',20,169,4),(979,1,'selection','final',20,170,4),(980,1,'selection','final',20,171,4),(981,1,'selection','final',20,172,4),(982,1,'selection','final',20,174,4),(983,1,'selection','final',20,159,5),(984,1,'selection','final',20,161,5),(985,1,'selection','final',20,162,5),(986,1,'selection','final',20,164,5),(987,1,'selection','final',20,165,5),(988,1,'selection','final',20,166,5),(989,1,'selection','final',20,168,5),(990,1,'selection','final',20,169,5),(991,1,'selection','final',20,170,5),(992,1,'selection','final',20,172,5),(993,1,'selection','final',20,174,5),(994,1,'selection','final',20,159,3),(995,1,'selection','final',20,161,3),(996,1,'selection','final',20,162,3),(997,1,'selection','final',20,163,3),(998,1,'selection','final',20,164,3),(999,1,'selection','final',20,166,3),(1000,1,'selection','final',20,167,3),(1001,1,'selection','final',20,169,3),(1002,1,'selection','final',20,170,3),(1003,1,'selection','final',20,174,3),(1004,1,'classify_1','final',20,166,4),(1005,2,'classify_1','final',20,161,4),(1006,3,'classify_1','final',20,169,4),(1007,4,'classify_1','final',20,159,4),(1008,5,'classify_1','final',20,172,4),(1009,6,'classify_1','final',20,164,4),(1010,7,'classify_1','final',20,174,4),(1011,8,'classify_1','final',20,170,4),(1012,9,'classify_1','final',20,162,4),(1013,1,'classify_1','final',20,161,5),(1014,2,'classify_1','final',20,159,5),(1015,3,'classify_1','final',20,162,5),(1016,4,'classify_1','final',20,166,5),(1017,5,'classify_1','final',20,164,5),(1018,6,'classify_1','final',20,169,5),(1019,7,'classify_1','final',20,174,5),(1020,8,'classify_1','final',20,170,5),(1021,9,'classify_1','final',20,172,5),(1022,1,'classify_1','final',20,161,3),(1023,2,'classify_1','final',20,162,3),(1024,3,'classify_1','final',20,159,3),(1025,4,'classify_1','final',20,174,3),(1026,5,'classify_1','final',20,170,3),(1027,6,'classify_1','final',20,164,3),(1028,7,'classify_1','final',20,172,3),(1029,8,'classify_1','final',20,166,3),(1030,9,'classify_1','final',20,169,3),(1031,1,'classify_2','final',20,161,5),(1032,2,'classify_2','final',20,159,5),(1033,3,'classify_2','final',20,162,5),(1034,4,'classify_2','final',20,166,5),(1035,5,'classify_2','final',20,164,5),(1036,6,'classify_2','final',20,174,5),(1037,1,'classify_2','final',20,161,4),(1038,2,'classify_2','final',20,159,4),(1039,3,'classify_2','final',20,164,4),(1040,4,'classify_2','final',20,174,4),(1041,5,'classify_2','final',20,162,4),(1042,6,'classify_2','final',20,166,4),(1043,1,'classify_2','final',20,161,3),(1044,2,'classify_2','final',20,162,3),(1045,3,'classify_2','final',20,159,3),(1046,4,'classify_2','final',20,174,3),(1047,5,'classify_2','final',20,164,3),(1048,6,'classify_2','final',20,166,3),(1049,1,'selection','final',21,175,4),(1050,1,'selection','final',21,176,4),(1051,1,'selection','final',21,177,4),(1052,1,'selection','final',21,178,4),(1053,1,'selection','final',21,179,4),(1054,1,'selection','final',21,180,4),(1055,1,'selection','final',21,181,4),(1056,1,'selection','final',21,182,4),(1057,1,'selection','final',21,183,4),(1058,1,'selection','final',21,177,3),(1059,1,'selection','final',21,179,3),(1060,1,'selection','final',21,180,3),(1061,1,'selection','final',21,181,3),(1062,1,'selection','final',21,183,3),(1063,1,'selection','final',21,175,5),(1064,1,'selection','final',21,177,5),(1065,1,'selection','final',21,180,5),(1066,1,'selection','final',21,182,5),(1067,1,'selection','final',21,183,5),(1068,1,'classify_1','final',21,183,4),(1069,2,'classify_1','final',21,177,4),(1070,3,'classify_1','final',21,180,4),(1071,4,'classify_1','final',21,182,4),(1072,5,'classify_1','final',21,175,4),(1073,6,'classify_1','final',21,179,4),(1074,7,'classify_1','final',21,181,4),(1075,1,'classify_1','final',21,183,3),(1076,2,'classify_1','final',21,180,3),(1077,3,'classify_1','final',21,177,3),(1078,4,'classify_1','final',21,175,3),(1079,5,'classify_1','final',21,179,3),(1080,6,'classify_1','final',21,181,3),(1081,7,'classify_1','final',21,182,3),(1082,1,'classify_1','final',21,183,5),(1083,2,'classify_1','final',21,177,5),(1084,3,'classify_1','final',21,180,5),(1085,4,'classify_1','final',21,182,5),(1086,5,'classify_1','final',21,179,5),(1087,6,'classify_1','final',21,175,5),(1088,7,'classify_1','final',21,181,5),(1089,1,'classify_2','final',21,183,3),(1090,2,'classify_2','final',21,180,3),(1091,3,'classify_2','final',21,177,3),(1092,4,'classify_2','final',21,175,3),(1093,5,'classify_2','final',21,179,3),(1094,6,'classify_2','final',21,182,3),(1095,1,'classify_2','final',21,183,4),(1096,2,'classify_2','final',21,177,4),(1097,3,'classify_2','final',21,180,4),(1098,4,'classify_2','final',21,182,4),(1099,5,'classify_2','final',21,175,4),(1100,6,'classify_2','final',21,179,4),(1101,1,'classify_2','final',21,183,5),(1102,2,'classify_2','final',21,177,5),(1103,3,'classify_2','final',21,180,5),(1104,4,'classify_2','final',21,182,5),(1105,5,'classify_2','final',21,179,5),(1106,6,'classify_2','final',21,175,5),(1107,1,'selection','final',22,185,5),(1108,1,'selection','final',22,186,5),(1109,1,'selection','final',22,187,5),(1110,1,'selection','final',22,188,5),(1111,1,'selection','final',22,189,5),(1112,1,'selection','final',22,190,5),(1113,1,'selection','final',22,184,3),(1114,1,'selection','final',22,185,3),(1115,1,'selection','final',22,186,3),(1116,1,'selection','final',22,187,3),(1117,1,'selection','final',22,188,3),(1118,1,'selection','final',22,189,3),(1119,1,'selection','final',22,190,3),(1120,1,'selection','final',22,186,4),(1121,1,'selection','final',22,187,4),(1122,1,'selection','final',22,188,4),(1123,1,'selection','final',22,189,4),(1124,1,'classify_1','final',22,186,3),(1125,2,'classify_1','final',22,188,3),(1126,3,'classify_1','final',22,187,3),(1127,4,'classify_1','final',22,189,3),(1128,5,'classify_1','final',22,190,3),(1129,6,'classify_1','final',22,185,3),(1130,1,'classify_1','final',22,186,5),(1131,2,'classify_1','final',22,188,5),(1132,3,'classify_1','final',22,189,5),(1133,4,'classify_1','final',22,187,5),(1134,5,'classify_1','final',22,190,5),(1135,6,'classify_1','final',22,185,5),(1136,1,'classify_1','final',22,186,4),(1137,2,'classify_1','final',22,187,4),(1138,3,'classify_1','final',22,189,4),(1139,4,'classify_1','final',22,188,4),(1140,5,'classify_1','final',22,190,4),(1141,6,'classify_1','final',22,185,4),(1142,1,'classify_2','final',22,186,3),(1143,2,'classify_2','final',22,188,3),(1144,3,'classify_2','final',22,187,3),(1145,4,'classify_2','final',22,189,3),(1146,5,'classify_2','final',22,190,3),(1147,6,'classify_2','final',22,185,3),(1148,1,'classify_2','final',22,186,4),(1149,2,'classify_2','final',22,187,4),(1150,3,'classify_2','final',22,189,4),(1151,4,'classify_2','final',22,188,4),(1152,5,'classify_2','final',22,190,4),(1153,6,'classify_2','final',22,185,4),(1154,1,'classify_2','final',22,186,5),(1155,2,'classify_2','final',22,188,5),(1156,3,'classify_2','final',22,189,5),(1157,4,'classify_2','final',22,187,5),(1158,5,'classify_2','final',22,190,5),(1159,6,'classify_2','final',22,185,5),(1160,1,'selection','final',23,191,5),(1161,1,'selection','final',23,192,5),(1162,1,'selection','final',23,191,4),(1163,1,'selection','final',23,192,4),(1164,1,'selection','final',23,191,3),(1165,1,'selection','final',23,192,3),(1166,1,'classify_1','final',23,192,4),(1167,2,'classify_1','final',23,191,4),(1168,1,'classify_1','final',23,192,5),(1169,2,'classify_1','final',23,191,5),(1170,1,'classify_1','final',23,192,3),(1171,2,'classify_1','final',23,191,3),(1172,1,'classify_2','final',23,192,5),(1173,2,'classify_2','final',23,191,5),(1174,1,'classify_2','final',23,192,4),(1175,2,'classify_2','final',23,191,4),(1176,1,'classify_2','final',23,192,3),(1177,2,'classify_2','final',23,191,3),(1240,1,'selection','final',26,213,5),(1241,1,'selection','final',26,215,5),(1242,1,'selection','final',26,216,5),(1243,1,'selection','final',26,217,5),(1244,1,'selection','final',26,218,5),(1245,1,'selection','final',26,221,5),(1246,1,'selection','final',26,222,5),(1247,1,'selection','final',26,223,5),(1248,1,'selection','final',26,224,5),(1249,1,'selection','final',26,215,3),(1250,1,'selection','final',26,216,3),(1251,1,'selection','final',26,218,3),(1252,1,'selection','final',26,221,3),(1253,1,'selection','final',26,222,3),(1254,1,'selection','final',26,223,3),(1255,1,'selection','final',26,224,3),(1256,1,'selection','final',26,215,4),(1257,1,'selection','final',26,216,4),(1258,1,'selection','final',26,218,4),(1259,1,'selection','final',26,219,4),(1260,1,'selection','final',26,221,4),(1261,1,'selection','final',26,222,4),(1262,1,'selection','final',26,223,4),(1263,1,'selection','final',26,224,4),(1264,1,'classify_1','final',26,218,3),(1265,2,'classify_1','final',26,216,3),(1266,3,'classify_1','final',26,224,3),(1267,4,'classify_1','final',26,221,3),(1268,5,'classify_1','final',26,223,3),(1269,6,'classify_1','final',26,222,3),(1270,7,'classify_1','final',26,215,3),(1271,1,'classify_1','final',26,221,5),(1272,2,'classify_1','final',26,223,5),(1273,3,'classify_1','final',26,224,5),(1274,4,'classify_1','final',26,215,5),(1275,5,'classify_1','final',26,216,5),(1276,6,'classify_1','final',26,218,5),(1277,7,'classify_1','final',26,222,5),(1278,1,'classify_1','final',26,221,4),(1279,2,'classify_1','final',26,223,4),(1280,3,'classify_1','final',26,215,4),(1281,4,'classify_1','final',26,224,4),(1282,5,'classify_1','final',26,222,4),(1283,6,'classify_1','final',26,216,4),(1284,7,'classify_1','final',26,218,4),(1285,1,'classify_2','final',26,221,5),(1286,2,'classify_2','final',26,223,5),(1287,3,'classify_2','final',26,215,5),(1288,4,'classify_2','final',26,224,5),(1289,5,'classify_2','final',26,218,5),(1290,6,'classify_2','final',26,216,5),(1291,1,'classify_2','final',26,221,4),(1292,2,'classify_2','final',26,223,4),(1293,3,'classify_2','final',26,215,4),(1294,4,'classify_2','final',26,224,4),(1295,5,'classify_2','final',26,216,4),(1296,6,'classify_2','final',26,218,4),(1297,1,'classify_2','final',26,218,3),(1298,2,'classify_2','final',26,216,3),(1299,3,'classify_2','final',26,221,3),(1300,4,'classify_2','final',26,224,3),(1301,5,'classify_2','final',26,223,3),(1302,6,'classify_2','final',26,215,3),(1303,1,'selection','final',27,225,3),(1304,1,'selection','final',27,226,3),(1305,1,'selection','final',27,227,3),(1306,1,'selection','final',27,228,3),(1307,1,'selection','final',27,229,3),(1308,1,'selection','final',27,231,3),(1309,1,'selection','final',27,232,3),(1310,1,'selection','final',27,227,5),(1311,1,'selection','final',27,228,5),(1312,1,'selection','final',27,229,5),(1313,1,'selection','final',27,230,5),(1314,1,'selection','final',27,231,5),(1315,1,'selection','final',27,232,5),(1316,1,'selection','final',27,225,4),(1317,1,'selection','final',27,227,4),(1318,1,'selection','final',27,228,4),(1319,1,'selection','final',27,229,4),(1320,1,'selection','final',27,230,4),(1321,1,'selection','final',27,231,4),(1322,1,'selection','final',27,232,4),(1323,1,'classify_1','final',27,231,4),(1324,2,'classify_1','final',27,228,4),(1325,3,'classify_1','final',27,229,4),(1326,4,'classify_1','final',27,225,4),(1327,5,'classify_1','final',27,227,4),(1328,6,'classify_1','final',27,232,4),(1329,7,'classify_1','final',27,230,4),(1330,1,'classify_1','final',27,231,5),(1331,2,'classify_1','final',27,229,5),(1332,3,'classify_1','final',27,227,5),(1333,4,'classify_1','final',27,228,5),(1334,5,'classify_1','final',27,230,5),(1335,6,'classify_1','final',27,232,5),(1336,7,'classify_1','final',27,225,5),(1337,1,'classify_1','final',27,229,3),(1338,2,'classify_1','final',27,231,3),(1339,3,'classify_1','final',27,225,3),(1340,4,'classify_1','final',27,227,3),(1341,5,'classify_1','final',27,228,3),(1342,6,'classify_1','final',27,232,3),(1343,7,'classify_1','final',27,230,3),(1344,1,'classify_2','final',27,231,4),(1345,2,'classify_2','final',27,229,4),(1346,3,'classify_2','final',27,227,4),(1347,4,'classify_2','final',27,228,4),(1348,5,'classify_2','final',27,225,4),(1349,6,'classify_2','final',27,232,4),(1350,1,'classify_2','final',27,229,3),(1351,2,'classify_2','final',27,231,3),(1352,3,'classify_2','final',27,225,3),(1353,4,'classify_2','final',27,227,3),(1354,5,'classify_2','final',27,228,3),(1355,6,'classify_2','final',27,232,3),(1356,1,'classify_2','final',27,231,5),(1357,2,'classify_2','final',27,229,5),(1358,3,'classify_2','final',27,227,5),(1359,4,'classify_2','final',27,228,5),(1360,5,'classify_2','final',27,232,5),(1361,6,'classify_2','final',27,225,5),(1362,1,'selection','final',28,233,3),(1363,1,'selection','final',28,234,3),(1364,1,'selection','final',28,233,5),(1365,1,'selection','final',28,234,5),(1366,1,'selection','final',28,233,4),(1367,1,'selection','final',28,234,4),(1368,1,'classify_1','final',28,233,4),(1369,2,'classify_1','final',28,234,4),(1370,1,'classify_1','final',28,234,3),(1371,2,'classify_1','final',28,233,3),(1374,1,'classify_1','final',28,234,5),(1375,2,'classify_1','final',28,233,5),(1376,1,'classify_2','final',28,234,5),(1377,2,'classify_2','final',28,233,5),(1378,1,'classify_2','final',28,233,4),(1379,2,'classify_2','final',28,234,4),(1380,1,'classify_2','final',28,234,3),(1381,2,'classify_2','final',28,233,3),(1382,1,'selection','final',29,236,3),(1383,1,'selection','final',29,237,3),(1384,1,'selection','final',29,238,3),(1385,1,'selection','final',29,240,3),(1386,1,'selection','final',29,241,3),(1387,1,'selection','final',29,242,3),(1388,1,'selection','final',29,243,3),(1389,1,'selection','final',29,244,3),(1390,1,'selection','final',29,235,4),(1391,1,'selection','final',29,236,4),(1392,1,'selection','final',29,237,4),(1393,1,'selection','final',29,238,4),(1394,1,'selection','final',29,239,4),(1395,1,'selection','final',29,243,4),(1396,1,'selection','final',29,244,4),(1397,1,'selection','final',29,235,5),(1398,1,'selection','final',29,236,5),(1399,1,'selection','final',29,237,5),(1400,1,'selection','final',29,238,5),(1401,1,'selection','final',29,243,5),(1402,1,'selection','final',29,244,5),(1403,1,'classify_1','final',29,237,3),(1404,2,'classify_1','final',29,236,3),(1405,3,'classify_1','final',29,244,3),(1406,4,'classify_1','final',29,238,3),(1407,5,'classify_1','final',29,243,3),(1408,6,'classify_1','final',29,235,3),(1409,1,'classify_1','final',29,237,5),(1410,2,'classify_1','final',29,244,5),(1411,3,'classify_1','final',29,238,5),(1412,4,'classify_1','final',29,236,5),(1413,5,'classify_1','final',29,235,5),(1414,6,'classify_1','final',29,243,5),(1415,1,'classify_1','final',29,237,4),(1416,2,'classify_1','final',29,244,4),(1417,3,'classify_1','final',29,236,4),(1418,4,'classify_1','final',29,238,4),(1419,5,'classify_1','final',29,235,4),(1420,6,'classify_1','final',29,243,4),(1421,1,'classify_2','final',29,237,3),(1422,2,'classify_2','final',29,236,3),(1423,3,'classify_2','final',29,244,3),(1424,4,'classify_2','final',29,238,3),(1425,5,'classify_2','final',29,243,3),(1426,6,'classify_2','final',29,235,3),(1427,1,'classify_2','final',29,237,5),(1428,2,'classify_2','final',29,244,5),(1429,3,'classify_2','final',29,238,5),(1430,4,'classify_2','final',29,236,5),(1431,5,'classify_2','final',29,235,5),(1432,6,'classify_2','final',29,243,5),(1433,1,'classify_2','final',29,237,4),(1434,2,'classify_2','final',29,244,4),(1435,3,'classify_2','final',29,236,4),(1436,4,'classify_2','final',29,238,4),(1437,5,'classify_2','final',29,235,4),(1438,6,'classify_2','final',29,243,4),(1439,1,'selection','final',31,245,4),(1440,1,'selection','final',31,246,4),(1441,1,'selection','final',31,248,4),(1442,1,'selection','final',31,249,4),(1443,1,'selection','final',31,252,4),(1444,1,'selection','final',31,246,5),(1445,1,'selection','final',31,248,5),(1446,1,'selection','final',31,249,5),(1447,1,'selection','final',31,251,5),(1448,1,'selection','final',31,252,5),(1449,1,'selection','final',31,253,5),(1450,1,'selection','final',31,245,3),(1451,1,'selection','final',31,246,3),(1452,1,'selection','final',31,248,3),(1453,1,'selection','final',31,249,3),(1454,1,'selection','final',31,251,3),(1455,1,'selection','final',31,252,3),(1456,1,'selection','final',31,253,3),(1457,1,'classify_1','final',31,246,4),(1458,2,'classify_1','final',31,249,4),(1459,3,'classify_1','final',31,248,4),(1460,4,'classify_1','final',31,245,4),(1461,5,'classify_1','final',31,251,4),(1462,6,'classify_1','final',31,253,4),(1463,7,'classify_1','final',31,252,4),(1464,1,'classify_1','final',31,246,5),(1465,2,'classify_1','final',31,248,5),(1466,3,'classify_1','final',31,249,5),(1467,4,'classify_1','final',31,253,5),(1468,5,'classify_1','final',31,252,5),(1469,6,'classify_1','final',31,251,5),(1470,7,'classify_1','final',31,245,5),(1471,1,'classify_1','final',31,246,3),(1472,2,'classify_1','final',31,248,3),(1473,3,'classify_1','final',31,245,3),(1474,4,'classify_1','final',31,249,3),(1475,5,'classify_1','final',31,252,3),(1476,6,'classify_1','final',31,251,3),(1477,7,'classify_1','final',31,253,3),(1478,1,'classify_2','final',31,246,4),(1479,2,'classify_2','final',31,248,4),(1480,3,'classify_2','final',31,245,4),(1481,4,'classify_2','final',31,249,4),(1482,5,'classify_2','final',31,251,4),(1483,6,'classify_2','final',31,252,4),(1484,1,'classify_2','final',31,246,5),(1485,2,'classify_2','final',31,248,5),(1486,3,'classify_2','final',31,249,5),(1487,4,'classify_2','final',31,251,5),(1488,5,'classify_2','final',31,252,5),(1489,6,'classify_2','final',31,245,5),(1490,1,'classify_2','final',31,246,3),(1491,2,'classify_2','final',31,248,3),(1492,3,'classify_2','final',31,245,3),(1493,4,'classify_2','final',31,252,3),(1494,5,'classify_2','final',31,249,3),(1495,6,'classify_2','final',31,251,3),(1500,1,'selection','final',32,255,5),(1501,1,'selection','final',32,255,5),(1502,1,'selection','final',32,256,5),(1503,1,'selection','final',32,256,5),(1504,1,'selection','final',32,257,5),(1505,1,'selection','final',32,257,5),(1506,1,'selection','final',32,259,5),(1507,1,'selection','final',32,259,5),(1508,1,'selection','final',32,254,4),(1509,1,'selection','final',32,255,4),(1510,1,'selection','final',32,256,4),(1511,1,'selection','final',32,257,4),(1512,1,'selection','final',32,259,4),(1513,1,'classify_1','final',32,259,3),(1514,2,'classify_1','final',32,256,3),(1515,3,'classify_1','final',32,257,3),(1516,4,'classify_1','final',32,255,3),(1517,1,'classify_1','final',32,259,4),(1518,2,'classify_1','final',32,256,4),(1519,3,'classify_1','final',32,257,4),(1520,4,'classify_1','final',32,255,4),(1521,1,'classify_1','final',32,259,5),(1522,2,'classify_1','final',32,256,5),(1523,3,'classify_1','final',32,257,5),(1524,4,'classify_1','final',32,255,5),(1525,1,'classify_2','final',32,259,4),(1526,2,'classify_2','final',32,256,4),(1527,3,'classify_2','final',32,257,4),(1528,4,'classify_2','final',32,255,4),(1529,1,'classify_2','final',32,259,3),(1530,2,'classify_2','final',32,256,3),(1531,3,'classify_2','final',32,257,3),(1532,4,'classify_2','final',32,255,3),(1533,1,'classify_2','final',32,259,5),(1534,2,'classify_2','final',32,256,5),(1535,3,'classify_2','final',32,257,5),(1536,4,'classify_2','final',32,255,5),(1537,1,'selection','final',33,261,3),(1538,1,'selection','final',33,262,3),(1539,1,'selection','final',33,263,3),(1540,1,'selection','final',33,264,3),(1541,1,'selection','final',33,265,3),(1542,1,'selection','final',33,266,3),(1543,1,'selection','final',33,267,3),(1544,1,'selection','final',33,268,3),(1545,1,'selection','final',33,261,4),(1546,1,'selection','final',33,263,4),(1547,1,'selection','final',33,264,4),(1548,1,'selection','final',33,266,4),(1549,1,'selection','final',33,268,4),(1557,1,'selection','final',33,260,5),(1558,1,'selection','final',33,262,5),(1559,1,'selection','final',33,263,5),(1560,1,'selection','final',33,264,5),(1561,1,'selection','final',33,265,5),(1562,1,'selection','final',33,266,5),(1563,1,'selection','final',33,267,5),(1564,1,'classify_1','final',33,268,3),(1565,2,'classify_1','final',33,263,3),(1566,3,'classify_1','final',33,266,3),(1567,4,'classify_1','final',33,265,3),(1568,5,'classify_1','final',33,261,3),(1569,6,'classify_1','final',33,267,3),(1570,7,'classify_1','final',33,262,3),(1571,8,'classify_1','final',33,264,3),(1572,1,'classify_1','final',33,265,5),(1573,2,'classify_1','final',33,263,5),(1574,3,'classify_1','final',33,268,5),(1575,4,'classify_1','final',33,267,5),(1576,5,'classify_1','final',33,266,5),(1577,6,'classify_1','final',33,261,5),(1578,7,'classify_1','final',33,262,5),(1579,8,'classify_1','final',33,264,5),(1580,1,'classify_1','final',33,263,4),(1581,2,'classify_1','final',33,268,4),(1582,3,'classify_1','final',33,266,4),(1583,4,'classify_1','final',33,261,4),(1584,5,'classify_1','final',33,265,4),(1585,6,'classify_1','final',33,264,4),(1586,7,'classify_1','final',33,262,4),(1587,8,'classify_1','final',33,267,4),(1588,1,'classify_2','final',33,265,5),(1589,2,'classify_2','final',33,263,5),(1590,3,'classify_2','final',33,267,5),(1591,4,'classify_2','final',33,268,5),(1592,5,'classify_2','final',33,266,5),(1593,6,'classify_2','final',33,261,5),(1594,1,'classify_2','final',33,268,3),(1595,2,'classify_2','final',33,263,3),(1596,3,'classify_2','final',33,266,3),(1597,4,'classify_2','final',33,265,3),(1598,5,'classify_2','final',33,261,3),(1599,6,'classify_2','final',33,267,3),(1600,1,'classify_2','final',33,263,4),(1601,2,'classify_2','final',33,268,4),(1602,3,'classify_2','final',33,266,4),(1603,4,'classify_2','final',33,261,4),(1604,5,'classify_2','final',33,265,4),(1605,6,'classify_2','final',33,267,4),(1606,1,'selection','final',34,269,5),(1607,1,'selection','final',34,270,5),(1608,1,'selection','final',34,269,4),(1609,1,'selection','final',34,270,4),(1610,1,'selection','final',34,269,3),(1611,1,'selection','final',34,270,3),(1612,1,'classify_1','final',34,269,5),(1613,2,'classify_1','final',34,270,5),(1614,1,'classify_1','final',34,269,4),(1615,2,'classify_1','final',34,270,4),(1616,1,'classify_1','final',34,270,3),(1617,2,'classify_1','final',34,269,3),(1618,1,'classify_2','final',34,270,3),(1619,2,'classify_2','final',34,269,3),(1620,1,'classify_2','final',34,269,5),(1621,2,'classify_2','final',34,270,5),(1622,1,'classify_2','final',34,269,4),(1623,2,'classify_2','final',34,270,4),(1624,1,'selection','final',35,271,3),(1625,1,'selection','final',35,272,3),(1626,1,'selection','final',35,273,3),(1627,1,'selection','final',35,274,3),(1628,1,'selection','final',35,275,3),(1629,1,'selection','final',35,271,4),(1630,1,'selection','final',35,272,4),(1631,1,'selection','final',35,273,4),(1632,1,'selection','final',35,274,4),(1633,1,'selection','final',35,275,4),(1634,1,'selection','final',35,271,5),(1635,1,'selection','final',35,272,5),(1636,1,'selection','final',35,273,5),(1637,1,'classify_1','final',35,272,4),(1638,2,'classify_1','final',35,271,4),(1639,3,'classify_1','final',35,273,4),(1640,4,'classify_1','final',35,274,4),(1641,5,'classify_1','final',35,275,4),(1642,1,'classify_1','final',35,271,3),(1643,2,'classify_1','final',35,272,3),(1644,3,'classify_1','final',35,273,3),(1645,4,'classify_1','final',35,274,3),(1646,5,'classify_1','final',35,275,3),(1647,1,'classify_1','final',35,271,5),(1648,2,'classify_1','final',35,272,5),(1649,3,'classify_1','final',35,273,5),(1650,4,'classify_1','final',35,274,5),(1651,5,'classify_1','final',35,275,5),(1652,1,'classify_2','final',35,272,4),(1653,2,'classify_2','final',35,271,4),(1654,3,'classify_2','final',35,273,4),(1655,4,'classify_2','final',35,274,4),(1656,5,'classify_2','final',35,275,4),(1657,1,'classify_2','final',35,271,3),(1658,2,'classify_2','final',35,272,3),(1659,3,'classify_2','final',35,273,3),(1660,4,'classify_2','final',35,274,3),(1661,5,'classify_2','final',35,275,3),(1662,1,'classify_2','final',35,272,5),(1663,2,'classify_2','final',35,271,5),(1664,3,'classify_2','final',35,273,5),(1665,4,'classify_2','final',35,274,5),(1666,5,'classify_2','final',35,275,5),(1667,1,'selection','final',37,276,5),(1668,1,'selection','final',37,277,5),(1669,1,'selection','final',37,276,4),(1670,1,'selection','final',37,277,4),(1671,1,'selection','final',37,278,4),(1672,1,'selection','final',37,279,4),(1673,1,'selection','final',37,280,4),(1674,1,'selection','final',37,276,3),(1675,1,'selection','final',37,277,3),(1676,1,'selection','final',37,278,3),(1677,1,'selection','final',37,279,3),(1678,1,'selection','final',37,280,3),(1679,1,'classify_1','final',37,276,4),(1680,2,'classify_1','final',37,277,4),(1681,3,'classify_1','final',37,279,4),(1682,4,'classify_1','final',37,278,4),(1683,5,'classify_1','final',37,280,4),(1684,1,'classify_1','final',37,276,3),(1685,2,'classify_1','final',37,279,3),(1686,3,'classify_1','final',37,277,3),(1687,4,'classify_1','final',37,278,3),(1688,5,'classify_1','final',37,280,3),(1689,1,'classify_1','final',37,276,5),(1690,2,'classify_1','final',37,277,5),(1691,3,'classify_1','final',37,280,5),(1692,4,'classify_1','final',37,279,5),(1693,5,'classify_1','final',37,278,5),(1694,1,'classify_2','final',37,276,5),(1695,2,'classify_2','final',37,277,5),(1696,3,'classify_2','final',37,280,5),(1697,4,'classify_2','final',37,279,5),(1698,5,'classify_2','final',37,278,5),(1699,1,'classify_2','final',37,276,4),(1700,2,'classify_2','final',37,277,4),(1701,3,'classify_2','final',37,279,4),(1702,4,'classify_2','final',37,278,4),(1703,5,'classify_2','final',37,280,4),(1704,1,'classify_2','final',37,276,3),(1705,2,'classify_2','final',37,279,3),(1706,3,'classify_2','final',37,277,3),(1707,4,'classify_2','final',37,278,3),(1708,5,'classify_2','final',37,280,3),(1722,1,'selection','final',41,284,5),(1723,1,'selection','final',41,285,5),(1724,1,'selection','final',41,286,5),(1725,1,'selection','final',41,284,3),(1726,1,'selection','final',41,285,3),(1727,1,'selection','final',41,286,3),(1728,1,'selection','final',41,287,3),(1729,1,'selection','final',41,284,4),(1730,1,'selection','final',41,285,4),(1731,1,'selection','final',41,286,4),(1732,1,'selection','final',41,287,4),(1733,1,'classify_1','final',41,286,3),(1734,2,'classify_1','final',41,284,3),(1735,3,'classify_1','final',41,285,3),(1736,4,'classify_1','final',41,287,3),(1737,1,'classify_1','final',41,286,4),(1738,2,'classify_1','final',41,284,4),(1739,3,'classify_1','final',41,285,4),(1740,4,'classify_1','final',41,287,4),(1741,1,'classify_1','final',41,284,5),(1742,2,'classify_1','final',41,286,5),(1743,3,'classify_1','final',41,285,5),(1744,4,'classify_1','final',41,287,5),(1745,1,'classify_2','final',41,286,4),(1746,2,'classify_2','final',41,284,4),(1747,3,'classify_2','final',41,285,4),(1748,4,'classify_2','final',41,287,4),(1749,1,'classify_2','final',41,284,5),(1750,2,'classify_2','final',41,285,5),(1751,3,'classify_2','final',41,286,5),(1752,4,'classify_2','final',41,287,5),(1753,1,'classify_2','final',41,286,3),(1754,2,'classify_2','final',41,284,3),(1755,3,'classify_2','final',41,285,3),(1756,4,'classify_2','final',41,287,3),(1803,1,'selection','final',43,302,3),(1804,1,'selection','final',43,303,3),(1805,1,'selection','final',43,304,3),(1806,1,'selection','final',43,302,5),(1807,1,'selection','final',43,303,5),(1808,1,'selection','final',43,302,4),(1809,1,'selection','final',43,303,4),(1810,1,'classify_1','final',43,302,5),(1811,2,'classify_1','final',43,303,5),(1812,1,'classify_1','final',43,302,4),(1813,2,'classify_1','final',43,303,4),(1814,1,'classify_1','final',43,302,3),(1815,2,'classify_1','final',43,303,3),(1816,1,'classify_2','final',43,302,3),(1817,2,'classify_2','final',43,303,3),(1818,1,'classify_2','final',43,302,5),(1819,2,'classify_2','final',43,303,5),(1820,1,'classify_2','final',43,302,4),(1821,2,'classify_2','final',43,303,4),(1822,1,'selection','final',44,305,4),(1823,1,'selection','final',44,305,5),(1824,1,'selection','final',44,305,3),(1825,1,'classify_1','final',44,305,5),(1826,1,'classify_1','final',44,305,4),(1827,1,'classify_1','final',44,305,3),(1828,1,'classify_2','final',44,305,3),(1829,1,'classify_2','final',44,305,5),(1830,1,'classify_2','final',44,305,4),(1831,1,'selection','final',45,306,5),(1832,1,'selection','final',45,307,5),(1833,1,'selection','final',45,308,5),(1834,1,'selection','final',45,306,3),(1835,1,'selection','final',45,307,3),(1836,1,'selection','final',45,308,3),(1837,1,'selection','final',45,306,4),(1838,1,'selection','final',45,307,4),(1839,1,'selection','final',45,308,4),(1840,1,'classify_1','final',45,306,5),(1841,2,'classify_1','final',45,307,5),(1842,3,'classify_1','final',45,308,5),(1843,1,'classify_1','final',45,306,4),(1844,2,'classify_1','final',45,307,4),(1845,3,'classify_1','final',45,308,4),(1846,1,'classify_1','final',45,308,3),(1847,2,'classify_1','final',45,306,3),(1848,3,'classify_1','final',45,307,3),(1849,1,'classify_2','final',45,308,3),(1850,2,'classify_2','final',45,306,3),(1851,3,'classify_2','final',45,307,3),(1852,1,'classify_2','final',45,306,4),(1853,2,'classify_2','final',45,307,4),(1854,3,'classify_2','final',45,308,4),(1855,1,'classify_2','final',45,306,5),(1856,2,'classify_2','final',45,308,5),(1857,3,'classify_2','final',45,307,5),(1858,1,'selection','final',46,309,5),(1859,1,'selection','final',46,310,5),(1860,1,'selection','final',46,309,3),(1861,1,'selection','final',46,310,3),(1862,1,'selection','final',46,309,4),(1863,1,'selection','final',46,310,4),(1864,1,'classify_1','final',46,310,5),(1865,2,'classify_1','final',46,309,5),(1866,1,'classify_1','final',46,310,4),(1867,2,'classify_1','final',46,309,4),(1868,1,'classify_1','final',46,310,3),(1869,2,'classify_1','final',46,309,3),(1870,1,'classify_2','final',46,310,4),(1871,2,'classify_2','final',46,309,4),(1872,1,'classify_2','final',46,310,3),(1873,2,'classify_2','final',46,309,3),(1874,1,'classify_2','final',46,310,5),(1875,2,'classify_2','final',46,309,5),(1876,1,'selection','final',47,311,3),(1877,1,'selection','final',47,312,3),(1878,1,'selection','final',47,313,3),(1879,1,'selection','final',47,311,5),(1880,1,'selection','final',47,312,5),(1881,1,'selection','final',47,313,5),(1882,1,'selection','final',47,311,4),(1883,1,'selection','final',47,312,4),(1884,1,'selection','final',47,313,4),(1885,1,'classify_1','final',47,313,4),(1886,2,'classify_1','final',47,311,4),(1887,3,'classify_1','final',47,312,4),(1888,1,'classify_1','final',47,313,5),(1889,2,'classify_1','final',47,312,5),(1890,3,'classify_1','final',47,311,5),(1891,1,'classify_1','final',47,313,3),(1892,2,'classify_1','final',47,311,3),(1893,3,'classify_1','final',47,312,3),(1894,1,'classify_2','final',47,313,3),(1895,2,'classify_2','final',47,311,3),(1896,3,'classify_2','final',47,312,3),(1897,1,'classify_2','final',47,313,5),(1898,2,'classify_2','final',47,311,5),(1899,3,'classify_2','final',47,312,5),(1900,1,'classify_2','final',47,313,4),(1901,2,'classify_2','final',47,311,4),(1902,3,'classify_2','final',47,312,4),(1903,1,'selection','final',60,314,3),(1904,1,'selection','final',60,314,4),(1905,1,'selection','final',60,314,5),(1906,1,'classify_1','final',60,314,3),(1907,1,'classify_1','final',60,314,4),(1908,1,'classify_1','final',60,314,5),(1909,1,'classify_2','final',60,314,3),(1910,1,'classify_2','final',60,314,4),(1911,1,'classify_2','final',60,314,5),(1912,1,'selection','final',59,315,3),(1913,1,'selection','final',59,315,4),(1914,1,'selection','final',59,315,5),(1915,1,'classify_1','final',59,315,5),(1916,1,'classify_1','final',59,315,4),(1917,1,'classify_1','final',59,315,3),(1918,1,'classify_2','final',59,315,3),(1919,1,'classify_2','final',59,315,4),(1920,1,'classify_2','final',59,315,5),(1921,1,'selection','final',58,316,3),(1922,1,'selection','final',58,316,4),(1923,1,'selection','final',58,316,5),(1924,1,'classify_1','final',58,316,5),(1925,1,'classify_1','final',58,316,4),(1926,1,'classify_1','final',58,316,3),(1927,1,'classify_2','final',58,316,3),(1928,1,'classify_2','final',58,316,4),(1929,1,'classify_2','final',58,316,5),(1930,1,'selection','final',55,317,3),(1931,1,'selection','final',55,318,3),(1932,1,'selection','final',55,319,3),(1933,1,'selection','final',55,320,3),(1934,1,'selection','final',55,321,3),(1935,1,'selection','final',55,317,4),(1936,1,'selection','final',55,318,4),(1937,1,'selection','final',55,319,4),(1938,1,'selection','final',55,320,4),(1939,1,'selection','final',55,321,4),(1940,1,'selection','final',55,317,5),(1941,1,'selection','final',55,318,5),(1942,1,'selection','final',55,319,5),(1943,1,'selection','final',55,320,5),(1944,1,'selection','final',55,321,5),(1945,1,'classify_1','final',55,320,5),(1946,2,'classify_1','final',55,317,5),(1947,3,'classify_1','final',55,318,5),(1948,4,'classify_1','final',55,321,5),(1949,5,'classify_1','final',55,319,5),(1950,1,'classify_1','final',55,320,4),(1951,2,'classify_1','final',55,317,4),(1952,3,'classify_1','final',55,318,4),(1953,4,'classify_1','final',55,319,4),(1954,5,'classify_1','final',55,321,4),(1955,1,'classify_1','final',55,320,3),(1956,2,'classify_1','final',55,318,3),(1957,3,'classify_1','final',55,317,3),(1958,4,'classify_1','final',55,321,3),(1959,5,'classify_1','final',55,319,3),(1960,1,'classify_2','final',55,320,3),(1961,2,'classify_2','final',55,318,3),(1962,3,'classify_2','final',55,317,3),(1963,4,'classify_2','final',55,321,3),(1964,5,'classify_2','final',55,319,3),(1965,1,'classify_2','final',55,320,4),(1966,2,'classify_2','final',55,317,4),(1967,3,'classify_2','final',55,318,4),(1968,4,'classify_2','final',55,319,4),(1969,5,'classify_2','final',55,321,4),(1970,1,'classify_2','final',55,320,5),(1971,2,'classify_2','final',55,317,5),(1972,3,'classify_2','final',55,318,5),(1973,4,'classify_2','final',55,319,5),(1974,5,'classify_2','final',55,321,5),(2035,1,'selection','final',64,337,3),(2036,1,'selection','final',64,338,3),(2037,1,'selection','final',64,339,3),(2038,1,'selection','final',64,340,3),(2039,1,'selection','final',64,341,3),(2040,1,'selection','final',64,342,3),(2041,1,'selection','final',64,343,3),(2042,1,'selection','final',64,337,4),(2043,1,'selection','final',64,338,4),(2044,1,'selection','final',64,339,4),(2045,1,'selection','final',64,340,4),(2046,1,'selection','final',64,341,4),(2047,1,'selection','final',64,342,4),(2048,1,'selection','final',64,343,4),(2049,1,'selection','final',64,337,5),(2050,1,'selection','final',64,338,5),(2051,1,'selection','final',64,339,5),(2052,1,'selection','final',64,340,5),(2053,1,'selection','final',64,341,5),(2054,1,'selection','final',64,342,5),(2055,1,'selection','final',64,343,5),(2056,1,'classify_1','final',64,337,5),(2057,2,'classify_1','final',64,339,5),(2058,3,'classify_1','final',64,341,5),(2059,4,'classify_1','final',64,338,5),(2060,5,'classify_1','final',64,342,5),(2061,6,'classify_1','final',64,340,5),(2062,7,'classify_1','final',64,343,5),(2063,1,'classify_1','final',64,339,4),(2064,2,'classify_1','final',64,337,4),(2065,3,'classify_1','final',64,341,4),(2066,4,'classify_1','final',64,338,4),(2067,5,'classify_1','final',64,342,4),(2068,6,'classify_1','final',64,340,4),(2069,7,'classify_1','final',64,343,4),(2070,1,'classify_1','final',64,337,3),(2071,2,'classify_1','final',64,339,3),(2072,3,'classify_1','final',64,341,3),(2073,4,'classify_1','final',64,338,3),(2074,5,'classify_1','final',64,342,3),(2075,6,'classify_1','final',64,340,3),(2076,7,'classify_1','final',64,343,3),(2077,1,'classify_2','final',64,337,3),(2078,2,'classify_2','final',64,339,3),(2079,3,'classify_2','final',64,341,3),(2080,4,'classify_2','final',64,338,3),(2081,5,'classify_2','final',64,342,3),(2082,6,'classify_2','final',64,340,3),(2083,1,'classify_2','final',64,339,4),(2084,2,'classify_2','final',64,337,4),(2085,3,'classify_2','final',64,341,4),(2086,4,'classify_2','final',64,338,4),(2087,5,'classify_2','final',64,342,4),(2088,6,'classify_2','final',64,340,4),(2089,1,'classify_2','final',64,337,5),(2090,2,'classify_2','final',64,339,5),(2091,3,'classify_2','final',64,341,5),(2092,4,'classify_2','final',64,338,5),(2093,5,'classify_2','final',64,342,5),(2094,6,'classify_2','final',64,340,5),(2095,1,'selection','final',25,344,3),(2096,1,'selection','final',25,345,3),(2097,1,'selection','final',25,344,4),(2098,1,'selection','final',25,345,4),(2099,1,'selection','final',25,344,5),(2100,1,'selection','final',25,345,5),(2101,1,'classify_1','final',25,344,5),(2102,2,'classify_1','final',25,345,5),(2103,1,'classify_1','final',25,344,4),(2104,2,'classify_1','final',25,345,4),(2105,1,'classify_1','final',25,344,3),(2106,2,'classify_1','final',25,345,3),(2107,1,'classify_2','final',25,344,3),(2108,2,'classify_2','final',25,345,3),(2109,1,'classify_2','final',25,344,4),(2110,2,'classify_2','final',25,345,4),(2111,1,'classify_2','final',25,344,5),(2112,2,'classify_2','final',25,345,5);

/*Table structure for table `temp1` */

DROP TABLE IF EXISTS `temp1`;

CREATE TABLE `temp1` (
  `category` varchar(5) DEFAULT NULL,
  `number` varchar(5) DEFAULT NULL,
  `catalog` varchar(5) DEFAULT NULL,
  `prefix` varchar(20) DEFAULT NULL,
  `NAME` varchar(45) DEFAULT NULL,
  `CODE` varchar(20) DEFAULT NULL,
  `birthdate` varchar(15) DEFAULT NULL,
  `dad_prefix` varchar(20) DEFAULT NULL,
  `dad_name` varchar(45) DEFAULT NULL,
  `mom_prefix` varchar(20) DEFAULT NULL,
  `mom_name` varchar(45) DEFAULT NULL,
  `breeder` varchar(100) DEFAULT NULL,
  `OWNER` varchar(100) DEFAULT NULL
) ENGINE=InnoDB DEFAULT CHARSET=utf8;

/*Data for the table `temp1` */

insert  into `temp1`(`category`,`number`,`catalog`,`prefix`,`NAME`,`CODE`,`birthdate`,`dad_prefix`,`dad_name`,`mom_prefix`,`mom_name`,`breeder`,`OWNER`) values ('1','2','211','JTA','DOMINICA','','','','','','','JUAN TUDELA ARAMBURU','JUAN TUDELA ARAMBURU\r'),('1','3','212','','MULATO','','','','','','','WILFREDO MONTALVO BERNILLA','CESAR VERA ARBAIZA\r'),('1','1','210','','II CALAMBUCO','','','','','','','CARLOS RAMIREZ CHUPICA','CARLOS RAMIREZ CHUPICA\r'),('52','7','7','JCDCH','AGRESORA-TE','YN-18021','21/03/2014','JMLL','AGRESOR','JD','AZUCAR','JOSE CARLOS DEXTRE CHACON','JOSE CARLOS DEXTRE CHACON\r'),('52','6','6','JAGT','ANTICUARIA','YN-18074','22/03/2014','AEV','PERICLES','JAGT','AMBROSIA','JOSE ALEJANDRO GOMEZ DE LA TORRE MIRANDA','JOSE ALEJANDRO GOMEZ DE LA TORRE MIRANDA\r'),('52','2','2','JOR','FILARMONIA','YN-17926','02/06/2014','JOR','RETADOR','JRM','DISCORDIA','CRIADERO JOSE ANTONIO ONRUBIA ROMERO S.A.','CRIADERO JOSE ANTONIO ONRUBIA ROMERO S.A.\r'),('52','5','5','JPT','ALGECIRAS','YN-18047','25/03/2014','AHT','SARRACENO','JPT','CATALANA','JORGE AUGUSTO PEREZ TAIMAN','JORGE AUGUSTO PEREZ TAIMAN\r'),('52','3','3','JOR','FRAGANCIA-TE','YN-17927','17/04/2014','ERM','ELEGIDO','JOR','ESCENCIA','CRIADERO JOSE ANTONIO ONRUBIA ROMERO S.A.','CRIADERO JOSE ANTONIO ONRUBIA ROMERO S.A.\r'),('52','1','1','MRA','BUENA MOZA','YN-18213','05/06/2014','JEB','IRREVERENTE','MRA','MOZA MALA','MIGUEL ARBULU ALVA','MIGUEL ARBULU ALVA\r'),('52','4','4','JCDCH','DO?A ANTONIETA','YN-17739','03/04/2014','JVDZ','NOBLE REY','JVDZ','CAPRICHO','JOSE CARLOS DEXTRE CHACON','JOSE CARLOS DEXTRE CHACON\r'),('52','8','8','JR','GENUINA','YN-17696','02/01/2014','*WF','EMBAJADOR','JR','GENEROSA','JOSE RISSO MONTES','JOSE RISSO MONTES\r'),('3','8','16','ERPB','PRECIOSA','YN-17439','23/07/2013','JEB','DANDY-TE','JRM','PRECIOSURA','ENRIQUE RIZO PATRON BAZO','ENRIQUE RIZO PATRON BAZO / HACIENDA MAMACONA\r'),('3','7','15','JR','MIRA-TE','YN-17010','10/08/2013','JEB','DANDY-TE','JRM','MARIONETA','JOSE RISSO MONTES','JOSE RISSO MONTES\r'),('3','9','17','MRA','ASOMBRADA','YN-17731','18/07/2013','JEB','IRREVERENTE','RVB','SOBERANA','MIGUEL ARBULU ALVA','MIGUEL ARBULU ALVA\r'),('3','6','14','JAGT','NUEVA PROMESA-TE','YN-17543','26/08/2013','JRM','LABRADOR','AEV','NUEVA ESPERANZA','JOSE ALEJANDRO GOMEZ DE LA TORRE MIRANDA','JOSE ALEJANDRO GOMEZ DE LA TORRE MIRANDA\r'),('3','10','18','JR','BURUNDANGA','YN-17007','01/07/2013','JEB','DANDY-TE','JR','BUENA LUZ','JOSE RISSO MONTES','JOSE RISSO MONTES\r'),('3','5','13','MRA','ALMIBARADA','YN-17786','23/10/2013','JEB','IRREVERENTE','MRA','GITANILLA','MIGUEL ARBULU ALVA','GINO GUIULFO GARCIA\r'),('3','1','9','*FJ','DIPLOMATICA','YN-17333','29/12/2013','*WF','EMBAJADOR','AEV','NUEVA ESPERANZA','FERNANDO JARQUIN PIRA','FERNANDO JARQUIN PIRA\r'),('3','2','10','JZ','BISKAIA-TE','YN-16997','03/11/2013','ERM','IDOLO','JZ','GRACIOSA','JAIME URANGA BUSTOS/CRIADERO J.J.','RAFAEL FRANCO MONTES\r'),('3','3','11','MRA','ENCANDILADA','YN-17787','02/11/2013','JEB','IRREVERENTE','MRA','TORMENTA','MIGUEL ARBULU ALVA','MIGUEL ARBULU ALVA\r'),('3','4','12','RFM','MILENARIA','YN-17334','29/10/2013','*WF','EMBAJADOR','JRM','MANDOLINA','RAFAEL FRANCO MONTES','RAFAEL FRANCO MONTES\r'),('51','2','20','R','TOMBOLA-TE','YN-17580','17/03/2013','JRM','LABRADOR','JRM','LAGRIMA','CRIADERO R S.A.C.','CRIADERO R S.A.C.\r'),('51','7','25','CBM','ARROGANCIA','YN-17530','01/01/2013','LV','ACTOR','LV','ESTAMPA','CESAR BENITES MENDOZA','CESAR BENITES MENDOZA\r'),('51','3','21','ERPB','PRETENCIOSA','YN-17203','12/02/2013','ERM','ESPONTANEO','LBL','PRETENCIOSA','ENRIQUE RIZO PATRON BAZO','ENRIQUE RIZO PATRON BAZO / HACIENDA MAMACONA\r'),('51','5','23','JCDCH','CAROZA','YN-17561','12/01/2013','ERM','ESPONTANEO','JVDZ','CAPRICHO','JOSE CARLOS DEXTRE CHACON','JOSE CARLOS DEXTRE CHACON\r'),('51','4','22','MSCRL','GRANADA II-TE','YN-17261','31/01/2013','AEV','EL PATRICIO','MSCRL','CEREZA','CRIADERO LA MAESTRANZA SCRL','CRIADERO LA MAESTRANZA SCRL\r'),('51','6','24','RCM','DO?A TITA','YN-16942','08/01/2013','CEC','VIAJERO','INP','CHICUELINA','RENZO CAROZZI MORALES/CRIADERO EL CRIOLLO','RENZO CAROZZI M/FABRIZIO Y ALESSANDRO CAROZZI S\r'),('51','1','19','AZF','FAVORITA-TE','YN-17093','07/04/2013','ERM','ESPONTANEO','AZF','FANTASIA','ABRAHAM ZAVALA FALCON','ABRAHAM ZAVALA FALCON\r'),('5','4','29','JR','MI CHINA-TE','YN-16350','12/10/2012','JEB','DANDY-TE','JRM','MICHINA','JOSE RISSO MONTES','JOSE RISSO MONTES\r'),('5','5','30','KRA','MILENARIA','YN-16815','27/07/2012','JEB','IRREVERENTE','LBL','CENTENARIA','KARL WILHELM REUSCHE ARAMBULO','MIGUEL ARBULU ALVA\r'),('5','6','31','JAGT','BRISA','YN-16766','01/07/2012','JEB','DANDY-TE','JAGT','AZAROSA','JOSE ALEJANDRO GOMEZ DE LA TORRE MIRANDA','JOSE ALEJANDRO GOMEZ DE LA TORRE MIRANDA\r'),('5','3','28','ERPB','PROMETIDA I','YN-16881','13/10/2012','JEB','DANDY-TE','JR','PROMESA','ENRIQUE RIZO PATRON BAZO','ENRIQUE RIZO PATRON BAZO / HACIENDA MAMACONA\r'),('5','1','26','MSCRL','LUNA NUEVA-TE','YN-16314','11/11/2012','JRM','LABRADOR','AECH','SE?ORITA PERU','CRIADERO LA MAESTRANZA SCRL','GINO GUIULFO GARCIA\r'),('5','2','27','MSCRL','LA MOZA','YN-16425','14/10/2012','JEB','DANDY-TE','MSCRL','SE?ORITA CAYALTI','CRIADERO LA MAESTRANZA SCRL','CRIADERO LA MAESTRANZA SCRL\r'),('6','2','20','R','TOMBOLA-TE','YN-17580','17/03/2013','JRM','LABRADOR','JRM','LAGRIMA','CRIADERO R S.A.C.','CRIADERO R S.A.C.\r'),('7','9','40','AZF','CONSISTENCIA','YN-15782','18/12/2011','JRM','PINCEL','AZF','IBIZA','ABRAHAM ZAVALA FALCON','ABRAHAM ZAVALA FALCON\r'),('7','14','45','ERPB','PROMESA','YN-16081','01/10/2011','ERM','REVOLUCIONARIO','JR','PROMESA','ENRIQUE RIZO PATRON BAZO','ENRIQUE RIZO PATRON BAZO / HACIENDA MAMACONA\r'),('7','6','37','NEC','DEIDAD-TE','YN-16060','20/01/2012','LV','ACTOR','ACL','DO?A TILA','NATALIA ESTEVES CALDERON','NATALIA ESTEVES CALDERON\r'),('7','4','35','CBM','CAPRICHOSA','YN-16899','01/03/2012','LV','ACTOR','CCC','CHICAMA','CESAR BENITES MENDOZA','CESAR BENITES MENDOZA\r'),('7','5','36','JZ','NAVARRA II-TE','YN-16917','27/01/2012','JRM','PINCEL','JZ','YERBA BUENA','JAIME URANGA BUSTOS/CRIADERO J.J.','FERNANDO JARQUIN PIRA\r'),('7','10','41','ERPB','JERARQUIA','YN-16080','16/12/2011','ERPB','JERARCA','MEAA','ALENTADORA','ENRIQUE RIZO PATRON BAZO','ENRIQUE RIZO PATRON BAZO / HACIENDA MAMACONA\r'),('7','2','33','AZF','GALLEGA - TE','YN-16357','05/05/2012','AZF','ARRIBA PERU','JRM','GALLEGA','ABRAHAM ZAVALA FALCON','FERNANDO RISSO MONTES\r'),('7','3','34','FyEP','FRONTERA-TE','YN-16195','14/04/2012','LV','ACTOR','FyEP','CHINA LINDA','FERNANDO Y ELSA PUGA','FERNANDO Y ELSA PUGA\r'),('7','11','42','AZ','PROCURADORA I','YN-17455','15/11/2011','LV','ACTOR','AZ','PROCURADORA','ALBERTO DE AZAMBUJA PASARA','ALBERTO DE AZAMBUJA PASARA\r'),('7','13','44','CFF','ROSA LUZ','YN-16174','14/10/2011','AEV','DIGNATARIO','CFF','LUZ DE ORO','CARLOS FUKUDA FUKUDA','CARLOS FUKUDA FUKUDA\r'),('7','16','47','JR','CAMELIA','YN-15773','20/07/2011','JRM','PINCEL','JRM','MAJADERA','JOSE RISSO MONTES','JOSE RISSO MONTES\r'),('7','1','32','JAGT','ANFITRIONA-TE','YN-16131','06/05/2012','JRM','LABRADOR','JRM','LUJURIA','JOSE ALEJANDRO GOMEZ DE LA TORRE MIRANDA','JOSE ALEJANDRO GOMEZ DE LA TORRE MIRANDA\r'),('7','7','38','JCDCH','INFANTA','YN-16157','14/01/2012','AEV','DIGNATARIO','AZ','REALEZA','JOSE CARLOS DEXTRE CHACON','JOSE CARLOS DEXTRE CHACON\r'),('7','8','39','JMLL','CATARINA','YN-16744','10/01/2012','JMLL','MARCIAL','JMLL','JUSTICIA','JUAN MANUEL LLANOS RODRIGUEZ','JUAN MANUEL LLANOS RODRIGUEZ\r'),('7','12','43','JAGT','AZUCENA-TE','YN-16021','10/11/2011','JRM','LABRADOR','JRM','CAPITANA','JOSE ALEJANDRO GOMEZ DE LA TORRE MIRANDA','JOSE ALEJANDRO GOMEZ DE LA TORRE MIRANDA\r'),('7','15','46','JR','BELLEZA','YN-15775','16/09/2011','JRM','PINCEL','AZF','BONANZA','JOSE RISSO MONTES','JOSE RISSO MONTES\r'),('9','10','57','JRM','LIRICA','YN-15373','01/09/2010','ERM','ELEGIDO','JRM','LIBERA','JOSE RISSO MATELLINI','ABRAHAM ZAVALA FALCON\r'),('9','7','54','JR','PERLA','YN-15367','03/12/2010','JRM','PINCEL','JRM','PERUANISIMA','JOSE RISSO MONTES','JOSE RISSO MONTES\r'),('9','3','50','FyEP','ESENCIA','YN-15747','18/03/2011','AEV','DIGNATARIO','FyEP','CHINA LINDA','FERNANDO Y ELSA PUGA','FERNANDO Y ELSA PUGA\r'),('9','2','49','ERPB','ANTOLOGIA','YN-15897','24/03/2011','RHG','CATON','ERPB','ALTIVA','ENRIQUE RIZO PATRON BAZO','ENRIQUE RIZO PATRON BAZO / HACIENDA MAMACONA\r'),('9','9','56','JR','PINTURA','YN-15368','17/10/2010','JRM','PINCEL','JR','LA DO?A','JOSE RISSO MONTES','JOSE RISSO MONTES\r'),('9','8','55','ERPB','EXCELENCIA I','YN-15679','17/11/2010','RHG','CATON','ERPB','DUQUESA','ENRIQUE RIZO PATRON BAZO','ENRIQUE RIZO PATRON BAZO / HACIENDA MAMACONA\r'),('9','1','48','JCDCH','PREMISA','YN-15699','20/04/2011','JD','PREAMBULO','JCDCH','PEPITA DEL SUR','JOSE CARLOS DEXTRE CHACON','JOSE CARLOS DEXTRE CHACON\r'),('9','4','51','JMLL','BULERIA','YN-16542','20/02/2011','MLL','ESTIRPE','HNS','ALBILLA','JUAN MANUEL LLANOS RODRIGUEZ','JUAN MANUEL LLANOS RODRIGUEZ\r'),('9','6','53','JCDCH','NI?A BELLA-TE','YN-15196','19/12/2010','RHG','CATON','AZ','REALEZA','JOSE CARLOS DEXTRE CHACON','JOSE CARLOS DEXTRE CHACON\r'),('9','13','60','JD','CENTELLA','YN-15097','25/02/2010','CCY','EMISARIO','JD','AFRICA','JORGE DYER DE LAS CASAS','JORGE DYER DE LAS CASAS\r'),('9','5','52','JTA','MATILDE','YN-16471','02/01/2011','CCY','EMISARIO','JTA','ALHELI','JUAN TUDELA ARAMBURU','JUAN TUDELA ARAMBURU\r'),('9','11','58','VHHP','MAYA','YN-16199','29/07/2010','PK','POTRILLAZO','HHP','LIA','HUGO HUERTAS DEL PINO UTRILLA','HUGO HUERTAS DEL PINO UTRILLA\r'),('9','12','59','FESA','DO?A ANDREA-TE','YN-17529','20/07/2010','MSP','TELEMACO','LV','FLOR SALVAJE','FIDEL ERNESTO SANCHEZ ALAYO','FIDEL ERNESTO SANCHEZ ALAYO\r'),('10','11','71','LAG','NOVA','YN-15060','21/09/2009','AEV','NUEVO REY','LAG','MILONGA','LUIS ALEJANDRO GONZALEZ LEOPARDI','ALFONSO VALMORE GARCIA GARCIA\r'),('10','1','61','FyEP','DIFERENCIA','YN-15604','25/02/2010','AEV','CISNE','FyEP','AVENTURA','FERNANDO Y ELSA PUGA','FERNANDO Y ELSA PUGA\r'),('10','12','72','JRM','ALEGRIA','YN-15152','08/09/2009','ERM','ESPONTANEO','JRM','CORTESIA','JOSE RISSO MATELLINI','HACIENDA SANTA ROSA S.A.C.\r'),('10','3','63','JRM','SULTANA','YN-16749','09/01/2010','ERM','ESPONTANEO','JRM','PANDORA','JOSE RISSO MATELLINI','RAFAEL FRANCO MONTES\r'),('10','5','65','FBB','ENSUE?O','YN-15011','07/01/2010','FBB','TRADICION','FBB','CANDILEJA','FERNANDO BUSTAMANTE BELAUNDE','FIDEL ERNESTO SANCHEZ ALAYO\r'),('10','6','66','AZ','FIRMEZA-TE','YN-15464','23/12/2009','AZ','REVUELO','AZ','FINURA','ALBERTO DE AZAMBUJA PASARA','ALBERTO DE AZAMBUJA PASARA\r'),('10','4','64','FESA','EMPERADORA-TE','YN-16319','08/01/2010','MSP','EMPERADOR','AEV','ROSA DEL PERU','FIDEL ERNESTO SANCHEZ ALAYO','FIDEL ERNESTO SANCHEZ ALAYO\r'),('10','13','73','JRM','HEREDERA','YN-14566','01/09/2009','ERM','ESPONTANEO','JRM','LAGRIMA','JOSE RISSO MATELLINI','JOSE RISSO MONTES\r'),('10','7','67','JCK','AROMATICA','YN-14775','20/12/2009','AV','EJECUTIVO','JD','ALOMA','JAVIER CLAUX KOECHLIN','JAVIER CLAUX KOECHLIN\r'),('10','10','70','FESA','DO?A MARINA -TE','YN-16321','23/10/2009','OSP','SOCRATES','AV','SAETA','FIDEL ERNESTO SANCHEZ ALAYO','FIDEL ERNESTO SANCHEZ ALAYO\r'),('10','2','62','FESA','DO?A LUCIANA-TE','YN-16317','21/01/2010','MSP','TELEMACO','LV','JEREZANA','FIDEL ERNESTO SANCHEZ ALAYO','FIDEL ERNESTO SANCHEZ ALAYO\r'),('10','8','68','CEC','RECUPERADA','YN-14700','13/12/2009','CCY','EMISARIO','FOX','LUNA DE MIEL','RENZO Y ROSSANA CAROZZI MORALES/CRIADERO EL CRIOLLO','RENZO CAROZZI MORALES/CRIADERO EL CRIOLLO\r'),('10','9','69','CFF','BELLA LUZ','YN-15428','05/12/2009','AZ','VENTARRON','CFF','LUZ DE ORO','CARLOS FUKUDA FUKUDA','CARLOS FUKUDA FUKUDA\r'),('11','9','82','MLM','LETICIA','YN-13935','01/07/2008','ERM','IDOLO','MLM','DIANA','MICHAEL Y LINDA MEWHINNEY','CESAR BENITES MENDOZA\r'),('11','5','78','AZF','BARCELONA','YN-14029','27/09/2008','AEV','EL PATRICIO','AZF','IBIZA','ABRAHAM ZAVALA FALCON','ABRAHAM ZAVALA FALCON\r'),('11','11','84','AHT','LUCERO','YN-14081','26/02/2008','AEV','DIGNATARIO','AHT','ESTANCIERA V','ANTONIO HUDTWALCKER TEIXEIRA','ANTONIO HUDTWALCKER TEIXEIRA\r'),('11','14','87','JZ','ZALAMANDRA','YN-13613','09/10/2007','JZ','APOLO','JZ','SALAMANCA','JAIME URANGA BUSTOS/CRIADERO J.J.','FIDEL ERNESTO SANCHEZ ALAYO\r'),('11','7','80','BC','DO?A G II','YN-13904','15/09/2008','LV','SOL BRILLANTE','BC','ALEGRIA','BELISARIO DE LAS CASAS PIEDRA','BELISARIO DE LAS CASAS D\'ONOFRIO\r'),('11','16','89','MRA','PARACAS','YN-13994','14/08/2007','AEV','DIGNATARIO','AHT','COPETINERA','MIGUEL ARBULU ALVA','CESAR BENITES MENDOZA\r'),('11','8','81','JR','GENEROSA','YN-13951','10/09/2008','MSCRL','MAGISTRADO','MSCRL','GRANADILLA','JOSE RISSO MONTES','JOSE RISSO MONTES\r'),('11','15','88','FC','PRESUMIDA','YN-13719','22/09/2007','FC','MANDATARIO','FC','ALTANERA','FERNANDO CERUTI COGORNO','HARAS EL MAYOR  S.A.\r'),('11','12','85','AZ','MICAELA','YN-14207','16/10/2007','PK','POTRILLAZO','AZ','MILENARIA','ALBERTO DE AZAMBUJA PASARA','ALBERTO DE AZAMBUJA PASARA\r'),('11','1','74','MEAA','ASIA II','YN-14374','19/05/2009','JD','CALUPE?O','MEAA','ASIA','MANUEL ENRIQUE ACU?A ALFARO','MANUEL ENRIQUE ACU?A ALFARO\r'),('11','4','77','JZ','SARASARA','YN-14089','27/10/2008','ERM','ESPONTANEO','JZ','SALAMANCA','JAIME URANGA BUSTOS/CRIADERO J.J.','FIDEL ERNESTO SANCHEZ ALAYO\r'),('11','13','86','RHM','GALA','YN-13704','11/10/2007','AV','EJECUTIVO','RHM','GARUA','ROBERTO HOYLE MC CALLUM','ROBERTO HOYLE MC CALLUM\r'),('11','2','75','MMC','VENECIANA','YN-14338','10/01/2009','SM','MARROQUI','MMC','VASCONGADA','MANUEL MAZZI CASAS','JAVIER CLAUX KOECHLIN\r'),('11','3','76','MRA','ZARZUELA','YN-14461','11/12/2008','LV','MACARENO','AHT','MARIA CAMPERA','MIGUEL ARBULU ALVA','CESAR BENITES MENDOZA\r'),('11','6','79','ARL','AZUCENA','YN-16983','15/09/2008','ABB','SAN GRACIANO','GCLP','CAPULI','ALFREDO RUZO LOPEZ DE LA FUENTE','ALFREDO RUZO LOPEZ DE LA FUENTE\r'),('11','10','83','FyEP','BRUMA','YN-14067','02/06/2008','MSCRL','CEREZO','FyEP','PECANA','FERNANDO Y ELSA PUGA','FERNANDO Y ELSA PUGA\r'),('12','4','93','LV','ACTORA','YN-13760','28/12/2006','LV','ACTOR','LV','PINCELADA','LUIS VASQUEZ NACARINO','RENZO CAROZZI MORALES/CRIADERO EL CRIOLLO\r'),('12','14','103','JFRN','SANTA INES','YN-11835','11/09/2004','MSCRL','MAGISTRADO','FNC','SANTA PATRICIA','JUAN FRANCISCO RAFFO NOVELLI / CRIADERO ALTO PRADO','ALFONSO VALMORE GARCIA GARCIA\r'),('12','1','90','JMLL','SOBERBIA','YN-14936','14/06/2007','JRM','RESPLANDOR','HNS','PERLA II','JUAN MANUEL LLANOS RODRIGUEZ','JUAN MANUEL LLANOS RODRIGUEZ\r'),('12','2','91','BSP','PRETENCIOSA','YN-14182','09/06/2007','BSP','PROMETIDO','BSP','SORPRESA','BLANCA SALCEDO DE PONCE','BLANCA SALCEDO DE PONCE\r'),('12','7','96','SRT','MAGISTRADA','YN-14172','20/09/2006','MSCRL','MAGISTRADO','AND','CANDELARIA','SANTA ROSA Y TOMABAL S.A.C.','SANTA ROSA Y TOMABAL S.A.C.\r'),('12','10','99','CCMV','JUSHAPE','YN-12463','13/08/2005','JR','SOY DEL PERU','AZ','ANASTASIA','CECILIA MANNUCCI VEGA','ALBERTO DE AZAMBUJA PASARA\r'),('12','11','100','BC','BELLA HURI','YN-12842','09/10/2004','BC','ECIJANO','BC','DECIDIDA','BELISARIO DE LAS CASAS PIEDRA','BELISARIO DE LAS CASAS D\'ONOFRIO\r'),('12','5','94','JRM','MANDOLINA','YN-13119','25/11/2006','AEV','EL PATRICIO','JRM','PRETORIANA','JOSE RISSO MATELLINI','RAFAEL FRANCO MONTES\r'),('12','12','101','JMLL','MELODISTA','YN-12518','27/09/2004','JRM','RESPLANDOR','MSP','CLAVELINA','JUAN MANUEL LLANOS RODRIGUEZ','JUAN MANUEL LLANOS RODRIGUEZ\r'),('12','3','92','SFL','ISIS','YN-13788','12/04/2007','AZ','JERARCA','CFF','SANANDA','SUMIKO ROCIO FUKUDA LENCI','SUMIKO ROCIO FUKUDA LENCI\r'),('12','6','95','JTA','LA PAYASA','YN-14286','06/10/2006','CCY','EMISARIO','JTA','AZUCENA','JUAN TUDELA ARAMBURU','JUAN TUDELA ARAMBURU\r'),('12','8','97','FBB','DO?A JIMENA','YN-12926','20/09/2006','AEV','DIGNATARIO','FBB','SU MAJESTAD','FERNANDO BUSTAMANTE BELAUNDE','FIDEL ERNESTO SANCHEZ ALAYO\r'),('12','9','98','JM','SIVANA','YN-12175','27/11/2005','CMV','REHEN','JM','LA SO?ADA','JUAN MANUEL RIZO PATRON B. E HIJAS','JUAN MANUEL RIZO PATRON B. E HIJAS\r'),('12','13','102','BRR','VI?A HUARALINA','YN-12225','24/09/2004','AHT','BOLERO','LMMP','VI?A','BELISARIO ROSAS RAZETO','BELISARIO ROSAS RAZETO\r'),('12','15','104','ByEP','CHIQUITA BONITA','YN-11561','24/09/2003','JD','CALUPE?O','JCL','MALAGUE?A','BARBARA Y ENRIQUE PRADO','BARBARA Y ENRIQUE PRADO\r'),('12','16','105','INP','SUSURRO','YN-09976','28/11/2002','MD','DIFERENTE','ABM','PERFUME DE','ISMAEL NOYA DE LA PIEDRA','ISMAEL NOYA DE LA PIEDRA\r'),('12','17','106','CN','UTOPIA','YN-09770','30/10/2000','AEV','DYANGO','CN','MINERVA','CERVECERIAS PERUANAS BACKUS S.A.A.','FIDEL ERNESTO SANCHEZ ALAYO\r'),('13','10','57','JRM','LIRICA','YN-15373','01/09/2010','ERM','ELEGIDO','JRM','LIBERA','JOSE RISSO MATELLINI','ABRAHAM ZAVALA FALCON\r'),('13','7','54','JR','PERLA','YN-15367','03/12/2010','JRM','PINCEL','JRM','PERUANISIMA','JOSE RISSO MONTES','JOSE RISSO MONTES\r'),('17','10','57','JRM','LIRICA','YN-15373','01/09/2010','ERM','ELEGIDO','JRM','LIBERA','JOSE RISSO MATELLINI','ABRAHAM ZAVALA FALCON\r'),('53','1','166','FyEP','EMPRESARIO','CN-02381','14/08/2011','FyEP','ACIERTO','MEAA','APURIMAC','FERNANDO Y ELSA PUGA','FERNANDO Y ELSA PUGA\r'),('53','4','214','GAN','SOLERO','CN-02483','02/02/2011','LB','FABULOSO','BC','SUSPIRO','GONZALO ANDRADE NICOLI','GONZALO ANDRADE NICOLI\r'),('19','1','166','FyEP','EMPRESARIO','CN-02381','14/08/2011','FyEP','ACIERTO','MEAA','APURIMAC','FERNANDO Y ELSA PUGA','FERNANDO Y ELSA PUGA\r'),('20','4','170','FESA','CANCILLER-TE','CN-02479','15/01/2011','LV','ACTOR','FESA','EMBAJADORA-TE','FIDEL ERNESTO SANCHEZ ALAYO','FIDEL ERNESTO SANCHEZ ALAYO\r'),('20','2','168','MSCRL','ODISEO-TE','CN-02343','19/03/2011','AEV','DIGNATARIO','JFRN','ALIESKA','CRIADERO LA MAESTRANZA SCRL','CRIADERO LA MAESTRANZA SCRL\r'),('20','5','171','MRA','BUJAMERO','CN-02503','03/01/2011','ERM','JUSTICIERO','MRA','TORMENTA','MIGUEL ARBULU ALVA','CESAR BENITES MENDOZA\r'),('20','7','173','JOR','GENERALIFE','CN-02540','11/10/2010','LV','ACTOR','JOR','PROMESA','CRIADERO JOSE ANTONIO ONRUBIA ROMERO S.A.','RAFAEL FRANCO MONTES\r'),('20','17','183','JRM','VENGADOR','CN-02564','28/09/2009','ERM','REVOLUCIONARIO','JRM','PIZPIRETA','JOSE RISSO MATELLINI','ABRAHAM ZAVALA FALCON\r'),('20','9','175','RBC','LUCHADOR','CN-02330','03/07/2010','ERM','EMBRUJO DE CACHICHE','RBC','PREFERIDA','RICARDO BUSTAMANTE CILLONIZ','GINO GUIULFO GARCIA\r'),('20','12','178','MRA','MALAMBO','CN-02198','21/01/2010','AV','EJECUTIVO','MRA','TORMENTA','MIGUEL ARBULU ALVA','CESAR BENITES MENDOZA\r'),('20','13','179','AZ','CENTURION-TE','CN-02416','11/01/2010','GAR','DELIRIO','LBL','CENTENARIA','ALBERTO DE AZAMBUJA PASARA','ALBERTO DE AZAMBUJA PASARA\r'),('20','15','181','BCD','DANUBIO','CN-02126','09/12/2009','AV','EJECUTIVO','BC','SUSPIRO','BELISARIO DE LAS CASAS D\'ONOFRIO','BELISARIO DE LAS CASAS D\'ONOFRIO\r'),('20','3','169','ACZ','DOCTOR','CN-02504','07/02/2011','*JAI','PRESTIGIO','CLVL','ACTRIZ','ARTURO CAVERO ZAVALA','ARTURO CAVERO ZAVALA\r'),('20','1','167','JCDCH','ARMERO','CN-02601','30/06/2011','JD','PREAMBULO','JD','ARMENIA','JOSE CARLOS DEXTRE CHACON','JOSE CARLOS DEXTRE CHACON\r'),('20','6','172','ERPB','PRIMOGENITO','CN-02402','17/12/2010','RHG','CATON','ERPB','PRIMACIA','ENRIQUE RIZO PATRON BAZO','GINO GUIULFO GARCIA\r'),('20','8','174','ERM','ESPARTANO','CN-02383','22/07/2010','ERM','LUNAREJO','ERM','ROMA','EDUARDO RISSO MONTES','GINO GUIULFO GARCIA\r'),('20','10','176','ACZ','SALVADOR','CN-02328','17/02/2010','*JAI','PRESTIGIO','CLVL','ACTRIZ','ARTURO CAVERO ZAVALA','ARTURO CAVERO ZAVALA\r'),('20','11','177','JBL','MISTERIOSO','CN-02396','05/02/2010','LV','MANDAMAS','CN','VENUS','JUAN ARTURO BRESCIA LUGON','JUAN ARTURO BRESCIA LUGON\r'),('20','14','180','JCDCH','VALEROSO','CN-02349','09/01/2010','CCY','EMISARIO','JCDCH','MOCITA DEL SUR','JOSE CARLOS DEXTRE CHACON','JOSE LUIS NOGUERA ZAVALA / ANA SLOCOVICH DE NOGUERA\r'),('20','16','182','MLM','MOVADO','CN-02476','27/11/2009','ERM','ROLEX','ERM','CELESTE','MICHAEL Y LINDA MEWHINNEY','RAFAEL FRANCO MONTES\r'),('20','18','184','JCDCH','CHOLOLOLO','CN-02229','23/09/2009','CCY','EMISARIO','JHBC','CANELA','JOSE CARLOS DEXTRE CHACON','JOSE CARLOS DEXTRE CHACON\r'),('21','9','193','JOR','TENOR','CN-01882','27/08/2007','LV','RETRATO','JOR','ESCENCIA','CRIADERO JOSE ANTONIO ONRUBIA ROMERO S.A.','CRIADERO JOSE ANTONIO ONRUBIA ROMERO S.A.\r'),('21','3','187','MRA','MALABRIGO','CN-01915','31/08/2008','CVD','DON VICENTE','CN','TRUJILLANA','MIGUEL ARBULU ALVA','CESAR BENITES MENDOZA\r'),('21','6','190','JMLL','SEDUCTOR','CN-02394','03/01/2008','MLL','ESTIRPE','GCD','RELIQUIA','JUAN MANUEL LLANOS RODRIGUEZ','JUAN MANUEL LLANOS RODRIGUEZ\r'),('21','8','192','JVDZ','DON ERNESTO','CN-01917','19/10/2007','GS','DON ANTONIO','JVDZ','SULLANERA','JORGE VILLACORTA DIAZ / CRIADERO LAZCAN','JENNY VILLAFUERTE FALCON\r'),('21','1','185','FESA','ECLIPSE-TE','CN-02235','19/10/2008','LV','SOL BRILLANTE','AEV','NOCHE LINDA','FIDEL ERNESTO SANCHEZ ALAYO','FIDEL ERNESTO SANCHEZ ALAYO\r'),('21','5','189','LSR','SUPER','CN-02446','12/03/2008','ASR','BANDOLERO','LSR','LLUVIA','LUIS JOSE  SAENZ RAEZ','LUIS JOSE  SAENZ RAEZ\r'),('21','7','191','BRR','EL MAJO','CN-02528','24/12/2007','AHT','BOLERO','BRR','MAJADERA','BELISARIO ROSAS RAZETO','BELISARIO ROSAS RAZETO\r'),('21','2','186','INP','CARLO MAGNO','CN-02083','13/09/2008','CVD','PATRIARCA','INP','SUSURRO','ISMAEL NOYA DE LA PIEDRA','ISMAEL NOYA DE LA PIEDRA\r'),('21','4','188','GCLP','JUPITER','CN-02507','03/07/2008','AV','EJECUTIVO','GCLP','RECUPERADA','GIORGIO CROLLE LORO PIANA','CESAR VERA ARBAIZA\r'),('22','3','197','DMCB','DON BARTOLO','CN-02426','15/09/2006','PK','PRIMOROSO','DMCB','CACHINA','DANIEL MEZA CUADRA BUCKLEY','DANIEL MEZA CUADRA BUCKLEY\r'),('22','5','199','JD','PALOMO','CN-01728','11/11/2005','ERB','REY SOL','JD','ZAFRA','JORGE DYER DE LAS CASAS','JORGE LUIS OTOYA CABRERA\r'),('22','4','198','FESA','MAJESTUOSO','CN-02347','30/04/2006','JRM','RETORNO','JR','MAJESTUOSA','FIDEL ERNESTO SANCHEZ ALAYO','FIDEL ERNESTO SANCHEZ ALAYO\r'),('22','6','200','CFF','DORADO','CN-02036','15/08/2005','JR','SOY DEL PERU','CFF','DORADA','CARLOS FUKUDA FUKUDA','CARLOS FUKUDA FUKUDA\r'),('22','8','213','INP','CARACOL','CN-01468','16/01/2004','AV','MALVAVISCO','INP','CARACOLETA','ISMAEL NOYA DE LA PIEDRA','GLADYS NELLY ALARCON CANCHARI\r'),('22','2','196','VCB','MI NEGRITO','CN-02050','27/11/2006','HNS','EL NEGRO','VCB','LUCUMA','VICTOR CASTRO BARBIERI','GLADYS NELLY ALARCON CANCHARI\r'),('22','7','201','CVD','PATRIARCA','CN-01971','10/05/2005','LV','JEREZANO','AZ','ACUARELA','CARLOS VICENTE VILLACORTA DIAZ','ALFONSO VALMORE GARCIA GARCIA\r'),('22','1','194','AZF','IMPACTO','CN-02074','14/03/2007','LV','SOL BRILLANTE','VGB','IBERICA','ABRAHAM ZAVALA FALCON','FIORELLA NADIA TOMATIS KORRODI\r'),('23','2','203','JyEP','PINTADO','CN-01315','02/07/2001','JyEP','PRIVILEGIO','JyEP','PERFUME','JULIO Y EDITH PESCHIERA','ISMAEL NOYA DE LA PIEDRA\r'),('23','1','202','ACZ','ALTANERO','CN-01260','14/06/2003','LV','MAGISTRAL','JAF','FIESTAS PATRIAS','ARTURO CAVERO ZAVALA','ARTURO CAVERO ZAVALA\r'),('55','5','197','DMCB','DON BARTOLO','CN-02426','15/09/2006','PK','PRIMOROSO','DMCB','CACHINA','DANIEL MEZA CUADRA BUCKLEY','DANIEL MEZA CUADRA BUCKLEY\r'),('55','1','170','FESA','CANCILLER-TE','CN-02479','15/01/2011','LV','ACTOR','FESA','EMBAJADORA-TE','FIDEL ERNESTO SANCHEZ ALAYO','FIDEL ERNESTO SANCHEZ ALAYO\r'),('26','9','115','MRA','MANDARIN','PN-10491','02/10/2013','JEB','IRREVERENTE','MRA','MALAYA','MIGUEL ARBULU ALVA','MIGUEL ARBULU ALVA\r'),('26','12','118','JOR','SOBERBIO','PN-10423','08/09/2013','AEV','EL PATRICIO','JOR','FILIGRANA','CRIADERO JOSE ANTONIO ONRUBIA ROMERO S.A.','CRIADERO JOSE ANTONIO ONRUBIA ROMERO S.A.\r'),('26','3','109','FER','EL SORO','PN-10430','23/01/2014','AEV','EL MELLIZO-TE','AV','SOBERANA I','FERNANDO RISSO MONTES','FERNANDO RISSO MONTES\r'),('26','13','119','JR','ALBOROTO','PN-09981','01/08/2013','JEB','DANDY-TE','MEAA','AVENTURA','JOSE RISSO MONTES','JOSE RISSO MONTES\r'),('26','6','112','CFF','IMPACTO','PN-10128','17/10/2013','CFF','HORUS','SFL','ISIS','CARLOS FUKUDA FUKUDA','CARLOS FUKUDA FUKUDA\r'),('26','4','110','CFF','CAMPEADOR','PN-10446','04/01/2014','JRM','LABRADOR','CFF','CAMPEADORA','CARLOS FUKUDA FUKUDA','CARLOS FUKUDA FUKUDA\r'),('26','10','116','ERPB','CADIZ','PN-10389','26/09/2013','JEB','DANDY-TE','ERPB','RONDA','ENRIQUE RIZO PATRON BAZO','ENRIQUE RIZO PATRON BAZO / HACIENDA MAMACONA\r'),('26','1','107','RCCL','AMIGO-TE','PN-10649','25/03/2014','AHT','SARRACENO','RCCL','SANTA BARBARA','RENZO CROLLE CLAUX','GIORGIO CROLLE LORO PIANA / ARTURO CAVERO ZAVALA\r'),('26','2','108','JCDCH','DON SOL-TE','PN-10521','28/01/2014','LAG','VALENTINO','AZ','REALEZA','JOSE CARLOS DEXTRE CHACON','JOSE CARLOS DEXTRE CHACON\r'),('26','5','111','JCDCH','VICTORIOSO - TE','PN-10448','01/01/2014','LAG','TRIBUNO','JD','AZUCAR','JOSE CARLOS DEXTRE CHACON','JOSE CARLOS DEXTRE CHACON\r'),('26','7','113','JAGT','AUTOR','PN-10374','11/10/2013','JEB','IRREVERENTE','JRM','LUJURIA','JOSE ALEJANDRO GOMEZ DE LA TORRE MIRANDA','JOSE ALEJANDRO GOMEZ DE LA TORRE MIRANDA\r'),('26','8','114','GBC','GRANDIOSO','PN-10557','03/10/2013','AEV','DIGNATARIO','JMLL','OSADIA','GEETA BALANI','GEETA BALANI\r'),('26','11','117','OAMS','FESTEJO','PN-10221','24/09/2013','OAMS','ALTANERO','OAMS','CANDELA','ALBERTO MASSARO SILVA','ALBERTO MASSARO SILVA\r'),('27','7','126','MRA','CAYETANO','PN-09974','05/12/2012','JEB','IRREVERENTE','MRA','MALAGA','MIGUEL ARBULU ALVA','MIGUEL ARBULU ALVA\r'),('27','5','124','JCDCH','PREFERENTE','PN-10059','17/02/2013','JEB','IRREVERENTE','JCDCH','PEPITA DEL SUR','JOSE CARLOS DEXTRE CHACON','JOSE CARLOS DEXTRE CHACON\r'),('27','3','122','GAN','CERTERO','PN-10386','15/04/2013','JMLL','AGRESOR','BC','SUSPIRO','GONZALO ANDRADE NICOLI','GONZALO ANDRADE NICOLI\r'),('27','4','123','JAGT','BARBARESCO','PN-10057','03/04/2013','JAGT','AMIR','JAGT','AMBROSIA','JOSE ALEJANDRO GOMEZ DE LA TORRE MIRANDA','JOSE ALEJANDRO GOMEZ DE LA TORRE MIRANDA\r'),('27','1','120','GAN','LABRIEGO','PN-10444','09/05/2013','JRM','LABRADOR','GAN','MARIA FIESTA','GONZALO ANDRADE NICOLI','GONZALO ANDRADE NICOLI/ASOC. TRADICIONES COSTUMBRISTAS\r'),('27','9','128','MSCRL','PALANGANO','PN-09535','26/07/2012','MSCRL','LUCUMO','CBB','PALANGANA','CRIADERO LA MAESTRANZA SCRL','CRIADERO LA MAESTRANZA SCRL\r'),('27','6','125','WPA','CORTESANO','PN-10125','22/12/2012','AV','PINTURERO','PBV','EROILA','WALTER NERY PE?A ALDEA','WALTER NERY PE?A ALDEA\r'),('27','2','121','RCM','CITADINO-TE','PN-09927','03/05/2013','LV','ACTOR','LV','CITA','RENZO CAROZZI MORALES/CRIADERO EL CRIOLLO','RENZO CAROZZI M/FABRIZIO Y ALESSANDRO CAROZZI S\r'),('27','8','127','JM','TIBETANO','PN-09800','13/09/2012','JEB','DANDY-TE','JM','SIVANA','JUAN MANUEL RIZO PATRON B. E HIJAS','JUAN MANUEL RIZO PATRON B. E HIJAS\r'),('28','2','115','MRA','MANDARIN','PN-10491','02/10/2013','JEB','IRREVERENTE','MRA','MALAYA','MIGUEL ARBULU ALVA','MIGUEL ARBULU ALVA\r'),('29','3','131','AHT','CARLO MAGNO','PN-09609','27/04/2012','AHT','RAJADIABLOS','AHT','LIME?A','ANTONIO HUDTWALCKER TEIXEIRA','ANTONIO HUDTWALCKER TEIXEIRA\r'),('29','10','138','LV','EL CAMPEADOR','PN-09540','14/09/2011','LV','ALTIVO','LV','ESTAMPA','LUIS VASQUEZ NACARINO','CESAR BENITES MENDOZA\r'),('29','2','130','GAN','LE?ADOR','PN-09769','05/05/2012','JRM','LABRADOR','BC','SUSPIRO','GONZALO ANDRADE NICOLI','GONZALO ANDRADE NICOLI\r'),('29','4','132','JR','GENTIL','PN-09511','11/03/2012','JEB','DANDY-TE','JR','GENEROSA','JOSE RISSO MONTES','JOSE RISSO MONTES\r'),('29','1','129','FC','VERBENERO','PN-10538','05/06/2012','FC','ECIJANO','FC','LA VERBENA','FERNANDO CERUTI COGORNO','FERNANDO CERUTI COGORNO\r'),('29','9','137','NVG','HEREDERO','PN-09199','14/09/2011','CEC','VIAJERO','NVG','PIEDRA ROMI','NAZARIO VILLAFUERTE GUARDIA','NAZARIO VILLAFUERTE GUARDIA/NAZARIO VILLAFUERTE FALCON\r'),('29','5','133','FESA','SUMAQ','PN-10807','19/01/2012','ERM','ELEGIDO','ERM','CELESTE','FIDEL ERNESTO SANCHEZ ALAYO','FIDEL ERNESTO SANCHEZ ALAYO\r'),('29','6','134','GBC','PEREGRINO','PN-10556','15/01/2012','MLL','FINA ESTAMPA','GBC','ARIANA','GEETA BALANI','GEETA BALANI\r'),('29','7','135','PYR','VICTORIOSO','PN-09955','30/11/2011','JJP','SOL DE PIURA','PYR','PRESUMIDA','PABLO YSAUL RIVERA CHAVEZ','ANIBAL ANTONIO LAVADO OLIVERA\r'),('29','8','136','JJP','CLAVIJO','PN-10559','20/11/2011','FPC','ENGREIDO','JJP','HERENCIA','CRIADERO JORGE JUAN PINILLOS COX','CRIADERO JORGE JUAN PINILLOS COX\r'),('30','3','131','AHT','CARLO MAGNO','PN-09609','27/04/2012','AHT','RAJADIABLOS','AHT','LIME?A','ANTONIO HUDTWALCKER TEIXEIRA','ANTONIO HUDTWALCKER TEIXEIRA\r'),('31','3','141','AZ','CORSARIO I','PN-08965','03/10/2010','PK','POTRILLAZO','RCC','COQUETA','ALBERTO DE AZAMBUJA PASARA','ALBERTO DE AZAMBUJA PASARA\r'),('31','6','144','CBM','ECLIPSE','PN-08927','06/03/2010','AV','EJECUTIVO','CCC','CHICAMA','CESAR BENITES MENDOZA','CESAR BENITES MENDOZA\r'),('31','2','140','JRM','PINTON','PN-08916','04/10/2010','ERM','ESPONTANEO','JRM','PIZPIRETA','JOSE RISSO MATELLINI','CRIADERO R S.A.C.\r'),('31','7','145','CEC','FAVORITO','PN-08444','13/12/2009','CCY','EMISARIO','PK','LA FAVORITA','RENZO Y ROSSANA CAROZZI MORALES/CRIADERO EL CRIOLLO','RENZO CAROZZI MORALES/CRIADERO EL CRIOLLO\r'),('31','10','148','FyEP','CAMINANTE','PN-08371','17/07/2009','LV','ACTOR','FyEP','CHINA LINDA','FERNANDO Y ELSA PUGA','FERNANDO Y ELSA PUGA\r'),('31','9','147','AHT','FARSANTE','PN-08376','12/08/2009','AEV','CISNE','JRM','DIFORZADA','ANTONIO HUDTWALCKER TEIXEIRA','MICHAEL FOX RUDVALL\r'),('31','11','149','FESA','EL SULTAN-TE','PN-09538','06/07/2009','MSP','TELEMACO','JZ','IRONIA','FIDEL ERNESTO SANCHEZ ALAYO','FIDEL ERNESTO SANCHEZ ALAYO\r'),('31','1','139','JM','FISCAL-TE','PN-09100','28/01/2011','LV','EXPRESO','JM','LA SO?ADA','JUAN MANUEL RIZO PATRON B. E HIJAS','JUAN MANUEL RIZO PATRON B. E HIJAS\r'),('31','4','142','JOR','SENADOR','PN-08725','01/10/2010','LV','ACTOR','JOR','LA DIVA','CRIADERO JOSE ANTONIO ONRUBIA ROMERO S.A.','CRIADERO JOSE ANTONIO ONRUBIA ROMERO S.A.\r'),('31','5','143','ACZ','TULIPAN','PN-09037','02/09/2010','*JAI','PRESTIGIO','*AR','ELEONORA','ARTURO CAVERO ZAVALA','ARTURO CAVERO ZAVALA\r'),('31','8','146','NVF','PRETENDIENTE','PN-08635','17/11/2009','MLL','ESTIRPE','NVF','PRIMOGENITA','NAZARIO VILLAFUERTE FALCON','NAZARIO VILLAFUERTE GUARDIA/NAZARIO VILLAFUERTE FALCON\r'),('32','7','156','JOR','SE?OR DE SE?ORES','PN-07898','04/08/2007','JLR','GRAN SE?OR','JOR','DIVINA','CRIADERO JOSE ANTONIO ONRUBIA ROMERO S.A.','CRIADERO JOSE ANTONIO ONRUBIA ROMERO S.A.\r'),('32','3','152','OV','CASIQUE','PN-08642','15/04/2008','FTV','PAYANDE','OV','PERFUME','OSCAR VILCHEZ CHAMOCHUMBI','CARLOS PACHECO VILLAVICENCIO\r'),('32','4','153','JFRN','DON GABRIEL','PN-08995','07/04/2008','AEV','EL PATRICIO','JFRN','MARIA MILAGROS','JUAN FRANCISCO RAFFO NOVELLI / CRIADERO ALTO PRADO','CRIADERO LA MAESTRANZA SCRL\r'),('32','2','151','ALM','EXCLUSIVO DE MALA','PN-08692','04/02/2009','LV','MANDAMAS','ALM','FINURA DE MALA','AURELIO LORET DE MOLA BOHME','AURELIO LORET DE MOLA BOHME\r'),('32','1','150','ABB','ROMANO','PN-10500','14/04/2009','AV','EJECUTIVO','JRM','AFRICANA','JOSE ALBERTO BARRENA BERROSPI','JOSE ALBERTO BARRENA BERROSPI\r'),('32','5','154','FNC','OLIVO','PN-07943','07/12/2007','MEAA','APRECIADO','FNC','ISABELLA','JOSE LUIS NORIEGA ZEGARRA / CRIADERO NORIEGA HERMANOS','JORGE FRANCISCO DE LA FLOR BARATTA\r'),('32','6','155','JLK','REFLEJO','PN-08806','16/10/2007','LV','RETRATO','JLK','MENSAJERA','JUAN LUIS KRUGER CARRION','MANUEL ANTONIO MANRIQUE FIGUEROA\r'),('33','4','160','JVDZ','SOL DEL PERU','PN-07031','17/01/2006','LV','MANDAMAS','CFF','PERRICHOLI','JORGE VILLACORTA DIAZ / CRIADERO LAZCAN','JORGE VILLACORTA DIAZ / CRIADERO LAZCAN\r'),('33','9','165','RHG','SOLIMAN','PN-05584','05/02/2002','JD','CALUPE?O','CFF','DINASTIA','RICHARD HALE GARCIA','FIDEL ERNESTO SANCHEZ ALAYO\r'),('33','6','162','LSC','CACHICHE','PN-09965','28/08/2005','VCB','KEOMA','LSC','BRUJA DE CACHICHE','LUIS FERNANDO SUAREZ CA?EDO','LUIS FERNANDO SUAREZ CA?EDO\r'),('33','7','163','*EG','EMPERADOR','PI-00314','17/03/2004','EG','MONTERO','MCD','EMPERATRIZ DE ROMA','EDIE GANDY','MICHAEL FOX RUDVALL\r'),('33','2','158','JMLL','JOSELITO','PN-08386','02/06/2006','JRM','RESPLANDOR','HNS','PERLA II','JUAN MANUEL LLANOS RODRIGUEZ','JUAN MANUEL LLANOS RODRIGUEZ\r'),('33','8','164','JD','PREAMBULO','PN-05871','02/07/2002','JD','PRETENDIDO','JD','AMBAR','JORGE DYER DE LAS CASAS','JORGE DYER DE LAS CASAS\r'),('33','3','159','FCY','BUEN MOZO','PN-07644','19/04/2006','CYU','INSURGENTE','ASR','BUGAMBILLA','FRANCO CORNO YORI','FRANCO CORNO YORI / HUGO HUERTAS DEL PINO UTRILLA\r'),('33','5','161','RML','AGUAYMANTO','PN-07275','06/11/2005','LV','ACTOR','GMC','GALERA','RAIMUNDO MORALES LLOSA','LUIS CARLOS IGLESIAS LEON\r'),('33','1','157','CYU','EXIGENTE','PN-07538','06/02/2007','CYU','INSURGENTE','CYU','ANDARITA','CARLOS YORI UMLAUFF','LUIS HUMBERTO TRAVERSO RAMIREZ\r'),('35','3','156','JOR','SE?OR DE SE?ORES','PN-07898','04/08/2007','JLR','GRAN SE?OR','JOR','DIVINA','CRIADERO JOSE ANTONIO ONRUBIA ROMERO S.A.','CRIADERO JOSE ANTONIO ONRUBIA ROMERO S.A.\r'),('35','1','141','AZ','CORSARIO I','PN-08965','03/10/2010','PK','POTRILLAZO','RCC','COQUETA','ALBERTO DE AZAMBUJA PASARA','ALBERTO DE AZAMBUJA PASARA\r'),('37','1','141','AZ','CORSARIO I','PN-08965','03/10/2010','PK','POTRILLAZO','RCC','COQUETA','ALBERTO DE AZAMBUJA PASARA','ALBERTO DE AZAMBUJA PASARA\r'),('37','3','156','JOR','SE?OR DE SE?ORES','PN-07898','04/08/2007','JLR','GRAN SE?OR','JOR','DIVINA','CRIADERO JOSE ANTONIO ONRUBIA ROMERO S.A.','CRIADERO JOSE ANTONIO ONRUBIA ROMERO S.A.\r'),('41','5','197','DMCB','DON BARTOLO','CN-02426','15/09/2006','PK','PRIMOROSO','DMCB','CACHINA','DANIEL MEZA CUADRA BUCKLEY','DANIEL MEZA CUADRA BUCKLEY\r'),('41','1','170','FESA','CANCILLER-TE','CN-02479','15/01/2011','LV','ACTOR','FESA','EMBAJADORA-TE','FIDEL ERNESTO SANCHEZ ALAYO','FIDEL ERNESTO SANCHEZ ALAYO\r'),('64','1','57','JRM','LIRICA','YN-15373','01/09/2010','ERM','ELEGIDO','JRM','LIBERA','JOSE RISSO MATELLINI','ABRAHAM ZAVALA FALCON\r'),('64','3','71','LAG','NOVA','YN-15060','21/09/2009','AEV','NUEVO REY','LAG','MILONGA','LUIS ALEJANDRO GONZALEZ LEOPARDI','ALFONSO VALMORE GARCIA GARCIA\r'),('43','1','141','AZ','CORSARIO I','PN-08965','03/10/2010','PK','POTRILLAZO','RCC','COQUETA','ALBERTO DE AZAMBUJA PASARA','ALBERTO DE AZAMBUJA PASARA\r'),('43','3','156','JOR','SE?OR DE SE?ORES','PN-07898','04/08/2007','JLR','GRAN SE?OR','JOR','DIVINA','CRIADERO JOSE ANTONIO ONRUBIA ROMERO S.A.','CRIADERO JOSE ANTONIO ONRUBIA ROMERO S.A.\r'),('45','1','207','JOR','IMPACTO','CN-02086','24/10/2008','LV','SOL BRILLANTE','JOR','LA DIVA','CRIADERO JOSE ANTONIO ONRUBIA ROMERO S.A.','CRIADERO JOSE ANTONIO ONRUBIA ROMERO S.A.\r'),('45','2','195','JMLL','SATURNO','CN-02210','17/02/2007','JRM','RESPLANDOR','','ADINERADA CAYALTI','JUAN MANUEL LLANOS RODRIGUEZ','JUAN MANUEL LLANOS RODRIGUEZ\r'),('45','3','197','DMCB','DON BARTOLO','CN-02426','15/09/2006','PK','PRIMOROSO','DMCB','CACHINA','DANIEL MEZA CUADRA BUCKLEY','DANIEL MEZA CUADRA BUCKLEY\r'),('46','2','57','JRM','LIRICA','YN-15373','01/09/2010','ERM','ELEGIDO','JRM','LIBERA','JOSE RISSO MATELLINI','ABRAHAM ZAVALA FALCON\r'),('46','1','205','FyEP','PROLIJA','YN-13005','19/04/2006','AEV','DIGNATARIO','FyEP','CHINA LINDA','FERNANDO Y ELSA PUGA','FERNANDO Y ELSA PUGA\r'),('47','3','141','AZ','CORSARIO I','PN-08965','03/10/2010','PK','POTRILLAZO','RCC','COQUETA','ALBERTO DE AZAMBUJA PASARA','ALBERTO DE AZAMBUJA PASARA\r'),('47','1','208','JVDZ','DON LUIS','PN-07489','28/06/2007','LB','FABULOSO','JVDZ','FLOR DE AZPITIA','JORGE VILLACORTA DIAZ / CRIADERO LAZCAN','JORGE VILLACORTA DIAZ / CRIADERO LAZCAN\r'),('47','2','165','RHG','SOLIMAN','PN-05584','05/02/2002','JD','CALUPE?O','CFF','DINASTIA','RICHARD HALE GARCIA','FIDEL ERNESTO SANCHEZ ALAYO\r');

/*Table structure for table `tournaments` */

DROP TABLE IF EXISTS `tournaments`;

CREATE TABLE `tournaments` (
  `id` int(10) unsigned NOT NULL AUTO_INCREMENT,
  `description` varchar(200) NOT NULL,
  `date_begin` date DEFAULT NULL,
  `date_end` date DEFAULT NULL,
  `type` enum('jury','wjury') NOT NULL DEFAULT 'jury',
  `status` enum('inactive','active','journal','final','deleted') NOT NULL DEFAULT 'inactive',
  PRIMARY KEY (`id`)
) ENGINE=InnoDB AUTO_INCREMENT=3 DEFAULT CHARSET=utf8;

/*Data for the table `tournaments` */

insert  into `tournaments`(`id`,`description`,`date_begin`,`date_end`,`type`,`status`) values (1,'XXXVII CONCURSO DEPARTAMENTAL DEL CABALLO PERUANO DE PASO','2015-11-06','2015-11-08','jury','final');

/*Table structure for table `users` */

DROP TABLE IF EXISTS `users`;

CREATE TABLE `users` (
  `id` int(10) unsigned NOT NULL AUTO_INCREMENT,
  `names` varchar(50) NOT NULL,
  `lastname` varchar(80) NOT NULL,
  `user` varchar(15) NOT NULL,
  `password` varchar(100) NOT NULL,
  `login` tinyint(1) unsigned NOT NULL,
  `remember_token` varchar(50) DEFAULT NULL,
  `profile` enum('admin','commissar','jury','operator','general_commissar') NOT NULL,
  `status` enum('active','inactive') NOT NULL DEFAULT 'active',
  PRIMARY KEY (`id`)
) ENGINE=InnoDB AUTO_INCREMENT=8 DEFAULT CHARSET=utf8;

/*Data for the table `users` */

insert  into `users`(`id`,`names`,`lastname`,`user`,`password`,`login`,`remember_token`,`profile`,`status`) values (1,'Miguel','Pazo Snchez','admin','$2y$10$4H4J2nPfxtfujPYxdcqAROboWri0X2C2La1FJY9KEQ6nY8TwIhS2e',0,'H7ez3W5RgesO8db4osLxEJymtFwbd1pfFOuSYAT5Nu9KkPQitx','admin','active'),(2,'Jose','Canario','comisario','$2y$10$jj9x0cNGKCb4YhnFzvSXZ.giSRpcpzT5LP8CcCQ.Az7l8CHNXWtom',0,'Ni18MUHYqeNBRcW52vpqqfqqc8UbNlqDGcphXIcJhbjTvX53yE','commissar','active'),(3,'Roque','Benavides','jurado1','$2y$10$ZtAzyg6gtEH72hw6GpRUwOgOvcU87N4duubTA2pK7Eo78kHSaxVIi',0,'xoibyx91cpJDnnLmNOIfZb3TBd3gwhArcmZYWyesjUW38hAThS','jury','active'),(4,'Ernesto','Roca','jurado2','$2y$10$8fkJzO2lkPqx3egjIjGs1O8Vidti87xFDzmEwKAKCEoc4UQlKvI9a',0,'FSxtisDstb4WidlMrYnLFQA9qlMQ9yOK8Ltef8tyCPyiAbeJnl','jury','active'),(5,'Luis Pablo','Vasquez','jurado3','$2y$10$4xwAE8n0d2c54cWdmt5RLurNiHk9hCIKw19ktKbmmoOXD15K5G.Aq',0,'AA1936hXh6qxvY2naBU8Id2mDrmRHsRMGu1xYTynwS3plnBzHf','jury','active'),(6,'Miguel','Pazo','oper1','$2y$10$xPvEW6GhjsdO5o49ff1wJ.9EeNYrTKqcPqWFKLmHBty412BBUf44u',0,'piNgwg0hsOH89TvC0pQNVGWqJuEbpfxyCxcpLFiiYWZaGYNkvN','operator','active'),(7,'miguel','pazo','gcomisario','$2y$10$9VAlEPyT2z6plFO/HcxziuCTyraI6bdN./MMzTvyt4YBS3qm.NTtq',1,NULL,'general_commissar','active');

/*Table structure for table `animal_report` */

DROP TABLE IF EXISTS `animal_report`;

/*!50001 DROP VIEW IF EXISTS `animal_report` */;
/*!50001 DROP TABLE IF EXISTS `animal_report` */;

/*!50001 CREATE TABLE  `animal_report`(
 `id` int(10) unsigned ,
 `code` varchar(20) ,
 `name` varchar(60) ,
 `birthdate` varchar(10) ,
 `prefix` varchar(20) ,
 `breeder` varchar(201) ,
 `owner` varchar(201) ,
 `mom_prefix` varchar(20) ,
 `mom_name` varchar(60) ,
 `dad_prefix` varchar(20) ,
 `dad_name` varchar(60) 
)*/;

/*Table structure for table `animal_report_short` */

DROP TABLE IF EXISTS `animal_report_short`;

/*!50001 DROP VIEW IF EXISTS `animal_report_short` */;
/*!50001 DROP TABLE IF EXISTS `animal_report_short` */;

/*!50001 CREATE TABLE  `animal_report_short`(
 `id` int(10) unsigned ,
 `name` varchar(60) ,
 `prefix` varchar(20) ,
 `names` varchar(100) ,
 `lastnames` varchar(100) 
)*/;

/*View structure for view animal_report */

/*!50001 DROP TABLE IF EXISTS `animal_report` */;
/*!50001 DROP VIEW IF EXISTS `animal_report` */;

/*!50001 CREATE ALGORITHM=UNDEFINED DEFINER=`root`@`localhost` SQL SECURITY DEFINER VIEW `animal_report` AS select `a`.`id` AS `id`,`a`.`code` AS `code`,`a`.`name` AS `name`,date_format(`a`.`birthdate`,'%d-%m-%Y') AS `birthdate`,`c`.`prefix` AS `prefix`,trim(concat(if(isnull(`c`.`names`),'',`c`.`names`),' ',if(isnull(`c`.`lastnames`),'',`c`.`lastnames`))) AS `breeder`,trim(concat(if(isnull(`e`.`names`),'',`e`.`names`),' ',if(isnull(`e`.`lastnames`),'',`e`.`lastnames`))) AS `owner`,`mom`.`prefix` AS `mom_prefix`,`mom`.`name` AS `mom_name`,`dad`.`prefix` AS `dad_prefix`,`dad`.`name` AS `dad_name` from ((((((`animals` `a` left join `animal_agent` `b` on(((`b`.`animal_id` = `a`.`id`) and (`b`.`type` = 'breeder')))) left join `agents` `c` on((`c`.`id` = `b`.`agent_id`))) left join `animal_agent` `d` on(((`d`.`animal_id` = `a`.`id`) and (`d`.`type` = 'owner')))) left join `agents` `e` on((`e`.`id` = `d`.`agent_id`))) left join `animal_report_short` `mom` on((`mom`.`id` = `a`.`mom`))) left join `animal_report_short` `dad` on((`dad`.`id` = `a`.`dad`))) */;

/*View structure for view animal_report_short */

/*!50001 DROP TABLE IF EXISTS `animal_report_short` */;
/*!50001 DROP VIEW IF EXISTS `animal_report_short` */;

/*!50001 CREATE ALGORITHM=UNDEFINED DEFINER=`root`@`localhost` SQL SECURITY DEFINER VIEW `animal_report_short` AS select `a`.`id` AS `id`,`a`.`name` AS `name`,`c`.`prefix` AS `prefix`,`c`.`names` AS `names`,`c`.`lastnames` AS `lastnames` from ((`animals` `a` left join `animal_agent` `b` on(((`b`.`animal_id` = `a`.`id`) and (`b`.`type` = 'breeder')))) left join `agents` `c` on((`c`.`id` = `b`.`agent_id`))) */;

/*!40101 SET SQL_MODE=@OLD_SQL_MODE */;
/*!40014 SET FOREIGN_KEY_CHECKS=@OLD_FOREIGN_KEY_CHECKS */;
/*!40014 SET UNIQUE_CHECKS=@OLD_UNIQUE_CHECKS */;
/*!40111 SET SQL_NOTES=@OLD_SQL_NOTES */;
